"path","bytes","sha256","class","git_policy"
".cursor/__pycache__/g8_matpeek.cpython-312.pyc","8197","2027fbc84498e9617078c902c830ca691ab9cec346f178d8d570fd9a12dd5766","TRANSIENT_IGNORED","HASH_ONLY"
".cursor/__pycache__/matread.cpython-312.pyc","9550","dcfd7ea29d4ef7a43bc687cb8c3e17e3930a43bd0646e2a785b7cfe68246cc79","TRANSIENT_IGNORED","HASH_ONLY"
".cursor/cli.json","1244","feb141a7528a91a6d5d00155fbcd616ec04cdc464f7617a4da652c55a9d30592","DOCUMENT_OR_METADATA","TRACK"
".cursor/dump.py","1825","229fd66916b2c28d738130dc1db9557532036926a268a6c1e045b0fe82131886","SOURCE","TRACK"
".cursor/fmtcheck.py","3606","d36eb2351d60ec2752597df1e80c300eb86b1baafb8d6ae8fefb22e44a070230","SOURCE","TRACK"
".cursor/g8_matpeek.py","4865","27af8a46393f4207d2f2293f69510bd4ab557a691ce5cc1193b886522ccfcb96","SOURCE","TRACK"
".cursor/matread.py","4380","72b5b292e023159a17af1712de194da7d994ca20bc177932fce6095f580ec2ff","SOURCE","TRACK"
".cursor/mcheck.py","5500","01839b3c98333bb08ae3cf2c7d78cfad730d75cae1dc430f27ac7d3395dc373e","SOURCE","TRACK"
".cursor/pngcrop.py","3444","39956d3e573685a993f70e093b5177a0874fdae04f8ef78ab7079fb536b447f9","SOURCE","TRACK"
".gate8_r10_course_offset/__pycache__/mat5.cpython-312.pyc","9003","d8f4f3af31801df2a0121bcfa2eff92888d24676f1ac888890750bfc967cefc6","TRANSIENT_IGNORED","HASH_ONLY"
".gate8_r10_course_offset/__pycache__/proto.cpython-312.pyc","12256","d5a2b43a253442e09ef574d1a819c3eaaa2565a3eff23c6e377ceaca7ae5f478","TRANSIENT_IGNORED","HASH_ONLY"
".gate8_r10_course_offset/mat5.py","4795","86bba69bff4ba1a22823feecd930bd8eb53285df48363bf4e7edd37e6a3b3911","TRANSIENT_IGNORED","HASH_ONLY"
".gate8_r10_course_offset/proto.py","6237","c68600b6b611857f89170b9c7034dc5dacd56f878d92b3cb0d0493ba80787b65","TRANSIENT_IGNORED","HASH_ONLY"
".gate8_r10_shadow/fp.py","1045","d21d126cd45350faa25aa2416468a5ee35c8f0f90afe86c2b4bac8bcdb9eb95e","TRANSIENT_IGNORED","HASH_ONLY"
".gate8_r10_shadow/matdump.py","6150","30b090f6a48ffd5693debc099b5b53dc32930b8eacf26534ecc62522fa74241a","TRANSIENT_IGNORED","HASH_ONLY"
".gate8_r10_shadow/seam_dump.txt","84325","0166334cbfe89c8258c7ad29816cd1ce6dd6a4c78f76b34b7a68853137420516","TRANSIENT_IGNORED","HASH_ONLY"
".gate8_r10_shadow_probe/__pycache__/matdump.cpython-312.pyc","8847","9c6f1d0ffb0dcc6fd8670d3f505d7cbb1af020695d04f5b84eb975b20142ac29","TRANSIENT_IGNORED","HASH_ONLY"
".gate8_r10_shadow_probe/cols.py","532","80e542e1c441eabf9d01f4f6f111f3d7926d7cc2f1c2fc339f9317533f3d36d5","TRANSIENT_IGNORED","HASH_ONLY"
".gate8_r10_shadow_probe/fp.py","882","30515abd2ae4a8d589c80781db1b894ee4e686ce7cb663c113d8a7372923bc52","TRANSIENT_IGNORED","HASH_ONLY"
".gate8_r10_shadow_probe/fp2.py","925","526b8516da8a06466132c00eb8a803bf8a2ced20cc8fc5ec83d542e2895d8523","TRANSIENT_IGNORED","HASH_ONLY"
".gate8_r10_shadow_probe/matdump.py","5301","d22d181be1ce9b6b8998df38e9f4381eec5e27b634a74a94d0a305e37498eed9","TRANSIENT_IGNORED","HASH_ONLY"
".gate8_r10_shadow_probe/probe.py","7011","9aea4c80c27e43b084d71f614e49c718b80ee3063083a03e1fbe8840e1e68965","TRANSIENT_IGNORED","HASH_ONLY"
".gate8_r10_shadow_probe/probe2.py","1140","0218d47f4cba2ffecdbbd3b8049f6b5fe271bff5f8cb944faabd8702e4641794","TRANSIENT_IGNORED","HASH_ONLY"
".gate8_r10_shadow_probe/probe3.py","8684","6a862f7b3028faa505582420716b8bc36460b4159dfa004ef0ef52cab98dc991","TRANSIENT_IGNORED","HASH_ONLY"
".gate8_seam/__pycache__/matread.cpython-312.pyc","10490","ade2bea1c885ab746b49305baf6e9d64c389200727158cc4c6bb01a372e4dcbf","TRANSIENT_IGNORED","HASH_ONLY"
".gate8_seam/__pycache__/mcheck.cpython-312.pyc","4440","5680335938cafb505b78b9815a181812d41029bccc1a10cb5b9dd8bc999913f7","TRANSIENT_IGNORED","HASH_ONLY"
".gate8_seam/__pycache__/render.cpython-312.pyc","7930","01d54f7b3955f75348e42b2ad12f99fed57dc4abcc723eaad1cbaeffbd7eb25f","TRANSIENT_IGNORED","HASH_ONLY"
".gate8_seam/make_overview.py","9207","adca245cbfc3a0f7babb3e5800bff6b348de56e172cf50531f56c8d3f63725f0","TRANSIENT_IGNORED","HASH_ONLY"
".gate8_seam/matread.py","6581","ac7d1b63aff873494ab111c73fe20925ed9bd94a9150134b38620ba76f43d96b","TRANSIENT_IGNORED","HASH_ONLY"
".gate8_seam/mcheck2.py","3157","27f679b868ded1dc4b04bf3ab1ba2e71dde6789d7ce4cd2ae89eb2100c6beab5","TRANSIENT_IGNORED","HASH_ONLY"
".gate8_seam/render.py","4191","8de62035139d9efc47ae7b869df2b8a9eca16a0819fd19f61f9fc77689c560c5","TRANSIENT_IGNORED","HASH_ONLY"
".gate8_shadow_sweep/__pycache__/matpeek.cpython-312.pyc","7265","76adb06bc70cf1356ff82dedebe4871975e341f2ab5bd5f76cd3e54fe5a38abd","TRANSIENT_IGNORED","HASH_ONLY"
".gate8_shadow_sweep/audit_dump.txt","21061","38b79c4139a3be51a7d063c109926d9999859c2c792d5dce66a5a0c417f3f7c7","TRANSIENT_IGNORED","HASH_ONLY"
".gate8_shadow_sweep/audit_full.txt","18012","275f3d114c9af91aaf989a9b418c7b6242524010f9885e80db719ae9c13ca4da","TRANSIENT_IGNORED","HASH_ONLY"
".gate8_shadow_sweep/matfull.py","1372","5331174b2e3e2b2ef4b476ce35a8cdbe1f9a047c3e28e5b9b23fa1a72d4c002b","TRANSIENT_IGNORED","HASH_ONLY"
".gate8_shadow_sweep/matpeek.py","3961","3f6b575f0a18b99daacafdcaf53e587bbf0f629e8ccdaf6b19f61a5ef253d85c","TRANSIENT_IGNORED","HASH_ONLY"
".gate8_shadow_sweep/recorded.py","2774","5d42229ad1065e71f6ab982427b361bc04f3b697aa6ec0a9ba0fb7d6fb68bb88","TRANSIENT_IGNORED","HASH_ONLY"
".gate8_shadow_sweep/sweep.lock","26","fea1a7e2c7b30005cee118f4cff886e1be8479d59e20b3796476a65e44f4821c","TRANSIENT_IGNORED","HASH_ONLY"
".gate8_yaw_dim_audit/__pycache__/matread.cpython-312.pyc","10724","59ca1ab2a486491ae2b9f59f4347ff120514849e15d5d6e6842c9b2394f8f6be","TRANSIENT_IGNORED","HASH_ONLY"
".gate8_yaw_dim_audit/dump_cols.py","1215","0571230967471be65bcb8c013eecc8142b95d815a54c453772385f64aa9011b9","TRANSIENT_IGNORED","HASH_ONLY"
".roll_closure_bak/continuous_path_tracking.m","9833","bd73c305d5e4fc89668091a3b28de944889d85e7e8f44abc9e61f3801e0331d0","TRANSIENT_IGNORED","HASH_ONLY"
".roll_closure_bak/controller_law.m","8216","763b3a0f33bff346fe99c6dcc44f8035ae04b269e9fa2a1639d7d390b1ca3a55","TRANSIENT_IGNORED","HASH_ONLY"
"_ref_github_underwater777_vehicle_dynamics.m","4382","cafd7fab7e8e31083cf370ee30e055681441950a2eb4f9774f228c7e3747f959","SOURCE","TRACK"
"build_pitch_trim_table.m","7420","283b579f24df06c122d209aed64c5c338138eeb7c5ebc131bb8a807210e664cf","SOURCE","TRACK"
"closed_loop_actuator_realism_case.m","3934","aca8998b3a2dcb0336494420ebfb9e9431e1f2c1659faf341d5ebb7520310b99","SOURCE","TRACK"
"closed_loop_actuator_realism_harness_fix_case.m","4132","5e41d1db1ffe9f1e01beed120b8b4686e932fa0c79b102bd1f476b903d2cb5a9","SOURCE","TRACK"
"compute_path_following_metrics.m","11604","6d3c2e77059d451056304aa61d86c55f78dd8367579c58ba40a20ea708bada05","SOURCE","TRACK"
"compute_pitch_window_metrics.m","5277","fa5919cc783f4d9e0a286d93938d5ec688b6cdb7481f3f6f9dcb675a14f74b94","SOURCE","TRACK"
"continuous_path_tracking.m","10845","e490453b094f2049dcdabe9a31c3eb628e3740fc8c6137b4fa86add7cdf0641b","SOURCE","TRACK"
"continuous_path_tracking_propulsion.m","15861","2e754b06fbf00b03469dd353030948ecdc42c28193a8dc1cd1e44194638e18ac","SOURCE","TRACK"
"controller_codegen_init.m","1885","85eeb0e182683933241558a7df5e80e61b4b27a1bcc28fd88be2f0f52576c153","SOURCE","TRACK"
"controller_codegen_reset.m","583","8fb42aaf935d1a607d298cc4071b4de6de471a7e078d87412241ad09f24c4a01","SOURCE","TRACK"
"controller_codegen_step.m","7479","3cca4dc9c94bc3a9a5ec7c6524231b3716571e3156792a96828e88c02aef82f8","SOURCE","TRACK"
"controller_law.m","9402","16b7c20a14f1a1afcc3479351edee66eadecf4d134ed7d17e9e1d6986d9df890","SOURCE","TRACK"
"controller_law_trimmed.m","1123","8a5d83409c71a526d43cc76cd132d1b03adbda30e7b55cc2b320ecb164fd9db9","SOURCE","TRACK"
"diag_pitch_chatter.m","49033","af04fbd6d7db2723f3786767c03c47c0cafbb6607dc62a0462ea062fce60bf46","SOURCE","TRACK"
"diag_tur25_bias.m","26766","22489c8ff3f7b2aa9ac1008b496f4dc6ab03cbf69a99c9070f34b35a6a96c1e7","SOURCE","TRACK"
"extract_pitch_subsystem.m","609","9fcad71c188fe3a36abe84714446013927ad2a3e73d02dad24a9db911f3037f2","SOURCE","TRACK"
"find_pitch_trim.m","2303","6cdacd51ad9d0c25f8aee64707a953d706f11ca65188bf92ea59145ad5f6db52","SOURCE","TRACK"
"find_speed_trim.m","1356","b2c54e06f18a254ae83b18fd004eb22e16a48a2656f0469f116bd8341be15354","SOURCE","TRACK"
"gate8_fig_main.m","7725","99dda15bc7064506f9fb3b2b7a847c258dc2d70a5b20277a8cda1d54427df0d6","SOURCE","TRACK"
"gate8_fig_qa.m","3576","12e6bf3134680503d090b8132f1163c68f9058338072d1516d545d9e14df50dd","SOURCE","TRACK"
"gate8_r10_yaw_feasibility_report.m","46381","4808c8eb4348b2f7058dee918835f29371f237e4346bb8a604d2d3e005fa7fe4","SOURCE","TRACK"
"gate8_r10_yaw_feasibility_trim.m","10920","c89c55f1bf5b548073514cc575577bb00dc22f832339dd474f78df5708ea987b","SOURCE","TRACK"
"gate8_shadow_plant_seam.m","4909","d0e2c64f29a51142c48dc71aabfae40871ce1fa57f8f859a8668e3dd84a059ef","SOURCE","TRACK"
"gate8_write_md.m","13065","fbc1e5c3f22fdde0d7b645d6b645e895db00f4c48dbb7749801c0ec0efc6fdb0","SOURCE","TRACK"
"gate8_yaw_term_audit_core.m","22570","edbf36097ce7ee280ffd888e1ae5e9d71e82d4f4285edff5f8f31fbc69fdd01a","SOURCE","TRACK"
"generate_balanced_helical_path.m","564","8773ecbebc7c12d6153b900913abf7a5e8c6847919a0ff15d5a315e8a8f837c1","SOURCE","TRACK"
"guidance_law.m","14601","2d70cea916107649132ea80eba13cd2c5a3730163f10ebc3fdafb1026513eec3","SOURCE","TRACK"
"guidance_law_depth_gamma_structural.m","19564","5348486572ce59ff39cdcc1c4971ec17302f6837ce72d43e23de4355b438fa40","SOURCE","TRACK"
"guidance_law_depth_gamma_structural_attempt3.m","21278","3e625ffbabaabb68f0152ba02cf699e4d7d69bedd9286c5ef832beeb2bf09b2c","SOURCE","TRACK"
"guidance_law_depth_gamma_structural_blocker_fix.m","20300","fdf02c28a54251b3c10943dd8c55b7b70800c033a4f4adf873603d2bce144213","SOURCE","TRACK"
"guidance_law_depth_i_ablation.m","14966","ddc9a1cc4cc1b74e26164002f284078e359acfe3e77df2b575a6d39eea47cf5f","SOURCE","TRACK"
"guidance_law_depth_ndo.m","14902","d1ff7c31d29b45937faf9b3836fdf8aa23e0677285bb0c548fa9b5c87718df27","SOURCE","TRACK"
"guidance_law_depth_p_backoff.m","15093","6f4d07fc71ae1ae36f69242daf92de7e14ffa2ed59e10a49f5e170096d61b824","SOURCE","TRACK"
"guidance_law_depth_to_gamma.m","15819","92c88096976032caf432693faa71c9c2a2a1934c74faf6c9f7337883dd69386d","SOURCE","TRACK"
"guidance_law_feasibility_governor.m","17554","c0493cb67b7f9eb804da998629650e8630ff82f98ea529bd00573ceb1312b114","SOURCE","TRACK"
"guidance_law_trim_alpha_ff.m","15106","a7d431465c615ccfa5c123ca60b54022b6e9f7417f7c96278b39c5233e5cb6c6","SOURCE","TRACK"
"guidance_law_trim_alpha_ff_cosine_softstart.m","17381","7760f02b08dc95bd0580f9adfd33fd1d59e0c73fae0feb22f0dfe9cdf47bbb2c","SOURCE","TRACK"
"guidance_law_trim_alpha_ff_rate_limit.m","15852","8a4996a570f755d0b8ff8dce168d135d4baa4d1a00166e3925f9c0c5e7d81cd1","SOURCE","TRACK"
"guidance_law_water_current_admission_governor.m","5095","f76bc9962673d006e5b7c0764142bfdf83c177965d2dfb28e6525999afe29a98","SOURCE","TRACK"
"guidance_law_water_current_arc_governor.m","3572","95dff1dd523d6178fe088f5dd34563986d7a2f70ed56915e3df467d58805484b","SOURCE","TRACK"
"init_parameters.m","4205","09803f4956b64227403919229781086c367e620f5736cfd680d1b15081237a9a","SOURCE","TRACK"
"isolated_online_rudder_residual_monitor.m","6475","c002a7dc1a8b70cfcebbd24e859acfacd467a25a819587651b718261ea610afb","SOURCE","TRACK"
"navigation_multirate_ekf_availability.m","72784","248d723a2141ecd067b8d768549febb471d3878636622504ada261d8516b1c20","SOURCE","TRACK"
"navigation_multirate_ekf_baseline.m","54872","e853ff6527bd1e5d00f94474bcf9cb808d582ecc981e77f56cbb446d5f8c5606","SOURCE","TRACK"
"navigation_multirate_sensor_chain.m","38787","06f849714debb80b3506dc8ea2667f4dc16b3b8d12d49de51dc757c11e214f8c","SOURCE","TRACK"
"numerical_linearize_auv.m","1637","8f84e8388d430615cdc35c36ceae6abdf55c3c9ec5ac26af1f6a40a3d797b5b2","SOURCE","TRACK"
"plot_simulation_results.m","5751","0bb00f0c1b30c939af1f9e9d048330d9ea70fc2419e14286f457ad0a451da40b","SOURCE","TRACK"
"propulsion_power_compute_case.m","14252","cd2de2ddd9cb376a6b311751b4d5447597493698649f8301ed6ab90cbd690b96","SOURCE","TRACK"
"README.md","1179","e9dc4c73e33877e60083b02578666c11fb42d951a915cdb3b847451f7e392252","DOCUMENT_OR_METADATA","TRACK"
"run_actuator_dynamics_realism_baseline.m","29077","5a942f2ee1eacd40c040a270bceeba8932d7ccaf17378bedbd0106e5f075cf15","SOURCE","TRACK"
"run_actuator_rudder_deadband_stub.m","26344","d4e554172a8fea30f37c9b583572c273cafbb1277dafb7d8780b8c7b5fb6c7cf","SOURCE","TRACK"
"run_actuator_telemetry_separability.m","44532","7a06b4fa91d740506e9250a2ca43412966f5847062b88a731f272d675d7e1058","SOURCE","TRACK"
"run_alpha_comp_speed_hold_benchmark.m","45710","0857d670772e1b1ece216af02aec0401e01a7da74095e9eb53f80e1bdb9f5b97","SOURCE","TRACK"
"run_alpha_cosine_softstart.m","62165","d082c1ef62a6763513bec335aad680c19dcce79bfbb51b42446b7b563a019761","SOURCE","TRACK"
"run_alpha_depth_i_ablation.m","50951","cbfe2af6763e76867691a402b2d36f81894cb8e200fc43fce92654d3337be11a","SOURCE","TRACK"
"run_alpha_depth_p_backoff.m","52036","1c356ca628dfc38c1b49e2e1cd3c9c99fdd9c5c1b5af08b571fb7581ba1f5408","SOURCE","TRACK"
"run_auv_visual_evidence_pack.m","37731","69c5ca425fe3bea769386f42b7117ce73b1b1cad11f35c00346c7ba49726bc93","SOURCE","TRACK"
"run_bounded_current_hook.m","36342","15967e07c9710bd4bb31d6e35e513dffc48a089cb3b048373a991054a1a40e4b","SOURCE","TRACK"
"run_cg2a_controller_explicit_state_prototype.m","16864","f855771bc391dfff36c9f69f7fa0a4873e7366b0c52c6bda952f94afc6e8bb72","SOURCE","TRACK"
"run_cg2a_controller_golden_parity_capture.m","28517","21b82ab5b58c8b7a295eecf19ab4f9bcd8c5fd88bc6ed469a8bacbd95ab4b5cd","SOURCE","TRACK"
"run_cg2b_guidance_golden_parity_capture.m","35433","f6546332e69a5fdc02809b30cb62bd1ca8f65ac3633667b45e726901c8b7c360","SOURCE","TRACK"
"run_closed_loop_actuator_realism.m","12093","10a5fe2a8f13fc1178d5382b3f11f8cf485489f7a488c003aead65e793bfd894","SOURCE","TRACK"
"run_closed_loop_actuator_realism_harness_final_attempt3.m","25381","c42c65b5126f9d85028dbef6f0a3f2cfd1de1c0fb23270cc6708dff278a7c6b1","SOURCE","TRACK"
"run_closed_loop_actuator_realism_harness_fix.m","23384","ab18f2bc0487bfb476b4256d79b4c9792649fcfc47c3b6cadc4e375c5cb9605c","SOURCE","TRACK"
"run_combined_6dof_disturbance_baseline.m","55729","7dc399ffc9906ada69e4051ee086d66d760cc854c5306c09760048ad63811274","SOURCE","TRACK"
"run_crab_current_ff_candidate.m","57506","67bdffc8e0673aac5a4a5720c794f1694d4580ee3466c6ac4a2d0e2f7761e25b","SOURCE","TRACK"
"run_ctrl_obs_audit.m","28649","46658f28ec9f25b39ba7bb78b610c27ceda0d97d82d74e1095f383671611d144","SOURCE","TRACK"
"run_current_observer_bias_latency.m","35261","c1bf407e147e8f03af9a85d0c0455b3e9e7704146f1889eeef0059078fe6b5a7","SOURCE","TRACK"
"run_current_observer_ideal.m","22278","d97356d7311e81dce008b066f73a9690edee381c1e0e0c3844a42ba4ce3bc26e","SOURCE","TRACK"
"run_current_observer_noise.m","28014","2f9d660ffee49a57fe1c7a759996201b82eeee021a68e434e331f89b30424730","SOURCE","TRACK"
"run_depth_gamma_coupled_plant_id.m","35927","9e15e500b6fa7360ee648c29801c5ebccc83532288dbdadc6242153880ae205d","SOURCE","TRACK"
"run_depth_gamma_speed_scheduled_id_extension.m","50075","951fc3fd13a6a46c61f78218984e56bcf15f32142fe1c881bf14c9c24b665eb9","SOURCE","TRACK"
"run_depth_gamma_structural_attempt3.m","66499","9ac936056dd3bdcc94e423c5bda63e6849ab78a77775b29e0d21efec2506ee6c","SOURCE","TRACK"
"run_depth_gamma_structural_blocker_fix.m","63660","8e4161c4d5f4c158d68f1f026cdb7c8981e4415fe9b8de8e877d70e0e32906b8","SOURCE","TRACK"
"run_depth_gamma_structural_gate.m","57421","259f020628666f9d8c139c3898c293699151af939c5d7ca4494c20a56abdb24e","SOURCE","TRACK"
"run_depth_ndo_candidate.m","76266","e505493b96b959ef0a6da57c2c8ddd6f049f4578709ac4ef206b06887cef64d3","SOURCE","TRACK"
"run_depth_outer_baseline.m","57988","824efb394cbb5cb628eccdd482a1073a07fa3560c13e23c537fdbb54ae9c7006","SOURCE","TRACK"
"run_depth_to_gamma_candidate.m","73250","cd13a8dc80c3c44128ee49da7e35abbd979977d440ee1af7f9a6720501a681d4","SOURCE","TRACK"
"run_elevator_pulse_audit.m","25311","2cd44276d59e05cde46c1e30657c5554431236af63c4c99ba59068ebebe80a13","SOURCE","TRACK"
"run_gamma_indi_scaffold.m","27188","d59436ea6cb1d0ed5f7c1dbc2f8c3ec524d21a3d87c5d87b09b7705fe147ae78","SOURCE","TRACK"
"run_gate7_fdir_acceptance_criterion_repair.m","92171","47e266835252a12506c4bccb56d9200dbb1835dcc7fa0efbcb8aab38922bd78e","SOURCE","TRACK"
"run_gate7_mission_manager_fail_silent_sim.m","81992","15a679b95b8c65b0212845842a4d88d30cab6706d9c5e8843ed9b88525205e59","SOURCE","TRACK"
"run_gate8_actuator_order_scan_repair.m","121098","3cd2d32665e0d97c225caffb78005b77bbc09078f6fe7bd4feb530745ca1f730","SOURCE","TRACK"
"run_gate8_frozen_cell_plant_seam_closure.m","75675","ecc965d2607e34fd3e944b1a4ee8f5b8a7d4f5b3baf96a577bf00db6f615c0c3","SOURCE","TRACK"
"run_gate8_monte_carlo_independent_priors.m","77885","775a64f6e1486454f8d36b008e94e7d0fb79b5102ae29c883dd1dd5601add95c","SOURCE","TRACK"
"run_gate8_r10_closed_loop_rail_origin_localisation.m","100308","b534383295d5f147ada5568765f315d74689553a14d636f052c20c5c286d8fa4","SOURCE","TRACK"
"run_gate8_r10_guidance_course_reference_offset_identification.m","75782","1426bc293e854ce87acc10e07ba1f6af88653eb5a99c910c9959fa14bd483441","SOURCE","TRACK"
"run_gate8_r10_guidance_signal_log_closure.m","85338","48aff1f0d406c2e619e5496cc6f70ba8328d79b2ce5d59d894d8a731f9e735d2","SOURCE","TRACK"
"run_gate8_r10_rail_aware_yaw_feasibility_envelope.m","73155","5883fec8eab84eefd1bdc6b16ef647c67078478a16fc545c86844462544fdde0","SOURCE","TRACK"
"run_gate8_r10_shadow_course_reference_offset_probe.m","45364","37bd074a91a95d7dd3ad7fbda8512b55630e33756781bd6712160fc816f58273","SOURCE","TRACK"
"run_gate8_r10_yaw_authority_coordinated_shadow_sweep.m","74426","15f7f80d767049e84102288795320cdc2b08bf23f7f647def3b30187d028bd7b","SOURCE","TRACK"
"run_gate8_r10_yaw_term_dimensional_consistency_audit.m","36351","b896b3d71e0f5e70570d5adffb8144c20d1de156429ac53e089c9baa81b7524a","SOURCE","TRACK"
"run_gate9_simulation_rc_assessment.m","86244","70d080bdcee792fc503b3550a2aea128385bf3a5100616dbbc54d864237b1a7a","SOURCE","TRACK"
"run_guidance_mission_baseline.m","59032","e49ff57d97858d813eab40f9f084628e872f7d223b3c9d9a5e3c879c504c840e","SOURCE","TRACK"
"run_guidance_transition_shaper.m","60537","47832187db3e960707360c50ca6b4af3ebee621709ceeba3a9fa20b5b646b7ad","SOURCE","TRACK"
"run_helix_r10_yaw_pitch_envelope.m","34848","8ebf834601e2cff7d7367097824c4f848c37ef0611ea5ff2f3b7f452eeb6aa0d","SOURCE","TRACK"
"run_helix_r75_yaw_pitch_track.m","26913","6510a60d15b94f715e76da1f356ecb603245fafb561bac55e724bcedebf33e00","SOURCE","TRACK"
"run_helix_r8_yaw_pitch_envelope.m","29452","dacfc5ffe810f4631cd0603a770799bdd43505b0f998630e7d9822f036cb8168","SOURCE","TRACK"
"run_helix_yaw_pitch_track.m","24368","db816390d602285aa554813c0b931872a4e6f71e31d62d90f52054fe252289e3","SOURCE","TRACK"
"run_isolated_online_rudder_residual_monitor.m","20263","1b97a2b6bacf8d7083db40ddd255d702ba86be892c843c1feb1eb64eb235784c","SOURCE","TRACK"
"run_local_ss_climb.m","27656","a9305b7bd6f4b7073252761be2302f854aa78d5b5d60ce22fb7b02040ec271f7","SOURCE","TRACK"
"run_local_ss_level.m","20649","a3a5b2592e753fc95f3990bd1e4213c079836b628ad5f30df3c3ff83457c191b","SOURCE","TRACK"
"run_lqr_lqi_pitch_benchmark.m","31420","1b97942c97a1652ce2b63458e2b06704b691ee3327061eae6721308f77357074","SOURCE","TRACK"
"run_metric_rescore.m","15794","8b8ada40c8170c157ce738ea5e0d8d1ce0c105bc91066945770f1e63a3e2dc9b","SOURCE","TRACK"
"run_nav_availability_outage_stress.m","136165","189a3056e8079eec4a3be7c0b1a00612af7c51e91a421c50471842d16b104464","SOURCE","TRACK"
"run_nav_availability_outage_validation.m","155821","ecdfa8301896a89a5cf9523e427db38d2654f8ee9fc7c5802e8cb978d57de7e5","SOURCE","TRACK"
"run_nav_multirate_ekf_baseline.m","76131","f3341fa5029ccced1408b1452bb8bca7e4afb74a6784a8e254a546f981bab893","SOURCE","TRACK"
"run_nav_multirate_ekf_baseline_repair.m","105179","5c48a813a5e56419b00685961c9fa1a2f677d74b960d4d156add969c2f25d0e4","SOURCE","TRACK"
"run_nav_multirate_sensor_chain.m","54788","2c291032b66a30d0a0a78d28d43117bcb6fc33e0b957d21cff6bd62847c135bc","SOURCE","TRACK"
"run_nav_multirate_sensor_chain_validation.m","97106","3f2a3173880271f9888e44f0c7a02ae7d7fdb8279674d0815a0fdf486c8fb05e","SOURCE","TRACK"
"run_outer_gamma_adrc_scaffold.m","36074","f436ba3f7efbeeca3ba15e268fdcb8077224ae5f2fcfac991d6b2da31e7cb873","SOURCE","TRACK"
"run_outer_gamma_indi_audit.m","32200","196e48a8111f9802fa99a50089301c041c977fad3338daf9afb2cf0edd87d260","SOURCE","TRACK"
"run_outer_gamma_pi_scaffold.m","32568","8a026556730d5aec067a554eecca7b453869375ce6b46a6a315301eb7c0ce247","SOURCE","TRACK"
"run_path_suite.m","15775","0f756fe5392665851c7dcd1977f8c738d4ddf1f5cecb0b4583f80568036c7233","SOURCE","TRACK"
"run_pitch_climb_ff_regression.m","18835","5a98778209ec835019630c82bef725d07070b7bc917ccd7272d12e6a64fd428c","SOURCE","TRACK"
"run_pitch_flightpath_semantics_audit.m","38480","ed980bbea93893ac89b4c1241ff516c5b727442b2180eaef3833196b7a4677da","SOURCE","TRACK"
"run_pitch_x_track.m","15969","09f6929a7002a574d5c3046beb4efe3b7daf91a8006b1d62a05517224e512d07","SOURCE","TRACK"
"run_pitch_xz_bumpless_de_init.m","15468","21694930a9de5416fda1a71ba67823708d898b35b35f64c848a104ac67bf3762","SOURCE","TRACK"
"run_pitch_xz_climb_trim_ff.m","18732","6de409fe8f06b4fe5c3a67eea73787d2509bb8dcf73c067a51749b74a3888749","SOURCE","TRACK"
"run_pitch_xz_internal_attrib.m","26788","d3722be93829a2a75c12db30b197b88fdf28871fe544fa95daaef0d6d6586158","SOURCE","TRACK"
"run_pitch_xz_track.m","20084","2684a2df1a0023870ef9d503edda135875317ab590e22119ade9c08861b071b7","SOURCE","TRACK"
"run_pitch_xz_warmstart_i.m","19796","2d7f3b433f448bd8525b5ae9c69e2cff24920ee5d835c43aadde6f1e4b077957","SOURCE","TRACK"
"run_pitch_xz_window_audit.m","22767","39ca004354b3c073a9b4ff4728453eed6b4bddc40d4046c1711546f30524213b","SOURCE","TRACK"
"run_pitch_yaw_closure.m","30787","bc6184dc16a6816d4dccdd0bc6bfe01ee1e4fc68ba426235231c3535b171aada","SOURCE","TRACK"
"run_pitch_yaw_final_closure.m","43412","1b481819231c6f17568067b05482c1b57fe5b46f990ee2b11fe74ed7fb3a20df","SOURCE","TRACK"
"run_propulsion_power_compute_baseline.m","83523","384fcf723cd81dfb0d6d0f0eef44741dfdfdad17f17a5bb642a7c41485fbb188","SOURCE","TRACK"
"run_propulsion_power_compute_parity_fix.m","83173","18b0f2807ed5e4027412d93b92b4591c85a999e0d0fc487d760538cba6d3b93a","SOURCE","TRACK"
"run_r75_yaw_internal_attrib.m","28353","a9245ea0defee58d07ca1de56938f6a894deadfa9f2802d7f6dcab5e2ce0c562","SOURCE","TRACK"
"run_real_time_power_integrity_contract.m","75693","b6135f8110361827099bbf9c643518891304aeda525154b6489052442b5d32b1","SOURCE","TRACK"
"run_roll_baseline_audit.m","49075","1797390a23840c33fec3c5ddbc15254b8e714c40e501992604ca01fa4f18255b","SOURCE","TRACK"
"run_roll_production_closure.m","33114","88a94ce1157f5dd3d402cac7b3d305dcf862fb26421ec741325698fb37511d74","SOURCE","TRACK"
"run_roll_trim_relative_audit.m","37432","a918e727e1a78b42e76f906fe6ad2239dc9bbc9759f5690842ce4f19dccca9cf","SOURCE","TRACK"
"run_rudder_cusum_detector.m","40097","2cd340404339891e90048747e7781fb1296d6fef151f5f58835f79fe5c5cb8e3","SOURCE","TRACK"
"run_rudder_fault_baseline.m","39394","a3bd6ccc4f21439a039bc9c42c16e3d525628c8794697c30fffbe285da06942d","SOURCE","TRACK"
"run_rudder_fault_mag_speed_coverage.m","44317","e3068ac468ce81ccf67f6aa481ef13628710a582003c660727cadedc6ff46998","SOURCE","TRACK"
"run_rudder_monitor_noise_delay_stress.m","30316","a424d0c19332c47351f3c3a4e41b957a1d91f5fdc231626d2a5014e97d08c41e","SOURCE","TRACK"
"run_rudder_residual_detector_feasibility.m","28252","ff765a8b56f90ca2623a35efe7a5f304d6f61281c2ab34e75a9d8b54d4f2bfda","SOURCE","TRACK"
"run_sensor_noise_current_audit.m","32864","70cdedf557315eb71ac6cab2ca884ed20a5bd58a35688328381aff4e77c540f6","SOURCE","TRACK"
"run_speed_aware_roll_coupling_audit.m","40330","571d46f3211812a4347bb35cf85ec8464df73b88c32fe08ea13dce82ad894d76","SOURCE","TRACK"
"run_speed_baseline_audit.m","47252","4f218e462fbf3887e11430659d815f792e1d26fd9e067328f86de8750d776038","SOURCE","TRACK"
"run_speed_envelope_audit.m","49656","06c5ebbc68d3c94c6f72cf30466ece32045812affd55dc6b7b87dc954b4e18fa","SOURCE","TRACK"
"run_speed_pi_ff_benchmark.m","47333","78204507764d48c25357451076f918c365c30842bc148f5d33b0f28753b98c6a","SOURCE","TRACK"
"run_ss_validation.m","24628","958328d040b2ed8df28f1b75a063e9cc75bc3d2ec4fae364e0420c4891662c54","SOURCE","TRACK"
"run_thrust_trim_u15_audit.m","35038","c7e8c978fb2ec6db6ac9a82c6289439ffa93b445e7b321a7c9d89c9fcf47557f","SOURCE","TRACK"
"run_trim_alpha_ff_benchmark.m","55981","382dcada7171b0c421f65acc40b0d1eac6062dd88e39320b87f6c8e1642e0597","SOURCE","TRACK"
"run_trim_alpha_ff_rate_limit.m","58101","e3e2cbd4ec0a6a5802b5e91937d32115917f01d9c727f4596852a3cb745eeffa","SOURCE","TRACK"
"run_trim_alpha_schedule_id.m","31706","5fcfe68df856188b301b8b50b63dfd90b7dbe3ff28d01693f208dbbbd974cf9e","SOURCE","TRACK"
"run_trim_alpha_transient_gate_audit.m","51960","2b521a05b9057f92c58a534b7fede8e7286cc58d0704fb965b5bedc339127275","SOURCE","TRACK"
"run_trim_alpha_two_repeat_closure.m","64052","043527c54bb14ff41d83ece22755e9b8a85f0f2a0ccb9effc38198bdc28f3c56","SOURCE","TRACK"
"run_trim_operating_points.m","31191","f7dffac1eb7457e3a93add3f9e5157e9d3b88ceb7e3d25f1234ce77642629a29","SOURCE","TRACK"
"run_tur12_stage.m","1545","57ec9c5dae35171c268532a617838a9e06aca59f380898dbb8d4b7bcea14c48d","SOURCE","TRACK"
"run_tur3_stage.m","7306","db0c4c0abf95ec3119bbcc65c834b8548d925924b185ba5d11287324d2ec26ed","SOURCE","TRACK"
"run_tur4a.m","12812","056f399c4e75f919a8c6fb00fb6b7564dbc89326c9b226b237a8c5c6975a9641","SOURCE","TRACK"
"run_tur5a.m","14610","4cb481f9e0eb1a4946d519e2556304df09719018d02527696e55e9f35928cdc3","SOURCE","TRACK"
"run_tur5b.m","25911","0e2397a7a95086a7c7b6966f74f3f9d0d1c865f0faee648556e5674f6ae8b045","SOURCE","TRACK"
"run_vertical_audit.m","26925","2397881e3062810f492462671481b6ca783b7b1c418bdba7dd5b5d3ea552de52","SOURCE","TRACK"
"run_water_current_admission_governor.m","23220","71f1ad3203948239d5707a755d40ca5308800418697bfedab685984a33aa482f","SOURCE","TRACK"
"run_water_current_admission_governor_rerun.m","565","ec070ca12ac838c991911d500ee604b83f7563e666121cf58a2408c3d75ee184","SOURCE","TRACK"
"run_water_current_arc_governor.m","18562","c2ed25211d57a1cabbb987956fb8194c4889c43ba966b6f625adc7e96be8ec7b","SOURCE","TRACK"
"run_water_current_feasibility_map.m","19316","6fa8fdcaad1051058000840483eca82b249a730011866f6da1a441c3c5aca54b","SOURCE","TRACK"
"run_water_current_reference_governor.m","22028","cc8db48c9b57b9309a7eb4ed05591a6c9dbd9de1bba9d014dfe797881e37a448","SOURCE","TRACK"
"run_yaw_r75_radial_diag.m","39723","69779321c2fc8bda229c7a51941edfe82a5b18c9273d1fc3726e46dca5d2aeea","SOURCE","TRACK"
"run_yaw_roll_damping_backoff.m","37759","9f06c6fbd7f2cf6c7daef3e8a5e347f8288e97df9cfb6e54a5336617dccf4289","SOURCE","TRACK"
"run_yaw_roll_damping_benchmark.m","34801","fdf3a2d3c02f8cb10bf9b66ea7d9762bd8b474ded0429fe79a2b81499c2be753","SOURCE","TRACK"
"shadow_r10/__pycache__/fmtcheck.cpython-312.pyc","4800","d81d8836063d0d53b0d17ea3763a81950d7a76c184f888cbdb5c5242f82061b0","TRANSIENT_IGNORED","HASH_ONLY"
"shadow_r10/__pycache__/matread.cpython-312.pyc","5687","9afc36dddb36b9481a5384ecb9b1a5daa78b5bea60ff5d4a0c374b07ad1115d8","TRANSIENT_IGNORED","HASH_ONLY"
"shadow_r10/__pycache__/mcheck.cpython-312.pyc","4508","e91685d7ead2c1ed6a97e18f3a285916094a450c004e2f3b8c966c89a162cb86","TRANSIENT_IGNORED","HASH_ONLY"
"shadow_r10/fmtcheck.py","3686","470a2bf33270260d1cf7bd11374765a201a9608eaa99c2ced3077e715627de7a","TRANSIENT_IGNORED","HASH_ONLY"
"shadow_r10/matread.py","3409","c3929051e4c9aee9adfdd38102e6cb87b5b0e391f600fc6b1d60575789d64157","TRANSIENT_IGNORED","HASH_ONLY"
"shadow_r10/mcheck.py","3968","384404ed1ff8cfb2ba9b7a1758e9ecc8eee27b996d8a3c666e120e68c3c11f43","TRANSIENT_IGNORED","HASH_ONLY"
"simulate_open_loop_constant_input.m","2008","9789e1c872017813c9c63f7c883b21798aa7548f2b44f4ef0e24da99ad413824","SOURCE","TRACK"
"suite_results/01_x_line.png","93794","404cdcc66d995c348529ce2225e73b58fc72b3c07804f7ad7a44b00942b174e7","GENERATED_EVIDENCE","HASH_ONLY"
"suite_results/02_xz_line.png","104726","b2c793b364da3a2a94e26ccb5ad0d6b8fec9c8b6c69b42a0f0fae858bc2c5412","GENERATED_EVIDENCE","HASH_ONLY"
"suite_results/03_circle.png","113487","232fd00564b3fa0c73d34cfdf8103ef838183cde291a288f0ac7bc251fe4f3f4","GENERATED_EVIDENCE","HASH_ONLY"
"suite_results/04_helix.png","126567","8daae4a1a8c9b2cdcabaf8f970a36935f7b44a479aee6d1abc141e2540024d1c","GENERATED_EVIDENCE","HASH_ONLY"
"suite_results/ACTUATOR_BENCH_HIL_ACCEPTANCE_PLAN.md","29370","fc4e21cef79933e67731b61c050c3ba13f70d06c8caaa52d7cd81aaef59775d5","DOCUMENT_OR_METADATA","TRACK"
"suite_results/ACTUATOR_DYNAMICS_REALISM_BASELINE.mat","217297","8374da7cb6d7363983fa5bef1c2bf5fd98de75a748dbc2c0dbaa886c63f35784","GENERATED_EVIDENCE","HASH_ONLY"
"suite_results/ACTUATOR_DYNAMICS_REALISM_BASELINE.md","3744","4083b2fa883bfc2dc9a14b90550139dee5c301d43da7892d946bb642e34b51de","DOCUMENT_OR_METADATA","TRACK"
"suite_results/ACTUATOR_DYNAMICS_REALISM_BASELINE.png","310374","d4aa744e26e84c85614a7c3770cebac918a3009f83d61496bdaf2a37d07dba70","GENERATED_EVIDENCE","HASH_ONLY"
"suite_results/ACTUATOR_FEEDBACK_TELEMETRY_ICD.md","23367","689a7b9f113376eeb1e6df7a017fd2d0948175b4d254cca9c30bba2506922565","DOCUMENT_OR_METADATA","TRACK"
"suite_results/ACTUATOR_RUDDER_DEADBAND_STUB.mat","149764","fc3ef009fc87c6858160df6b9af5e44202ceb3a5159bfab290a5ccd78ae1f496","GENERATED_EVIDENCE","HASH_ONLY"
"suite_results/ACTUATOR_RUDDER_DEADBAND_STUB.md","3622","501de4e6c4d995af1b2f5d34b2fb11f3f28674632f3c0e4c03985e50f1983367","DOCUMENT_OR_METADATA","TRACK"
"suite_results/ACTUATOR_RUDDER_DEADBAND_STUB.png","337341","07178385664ce28c92c458bde1fdd0bc8da08b1f83f54d1af0203cc1434a18ba","GENERATED_EVIDENCE","HASH_ONLY"
"suite_results/ACTUATOR_TELEMETRY_SEPARABILITY.mat","169656","f55363f7ec6861fc151ff429e29b2478eadfbeebdf531b72c8ffe018d2ba0d76","GENERATED_EVIDENCE","HASH_ONLY"
"suite_results/ACTUATOR_TELEMETRY_SEPARABILITY.md","5812","ffd9cd6b8abd619aba2fa683beaaecd121f85cb354cbd9795f67e2b42b72cfc9","DOCUMENT_OR_METADATA","TRACK"
"suite_results/ACTUATOR_TELEMETRY_SEPARABILITY.png","58569","728e9d04ec28b8a79f6bfd89aa8ef1e3f21f2da7eab4b88ceb36eba2984b56a5","GENERATED_EVIDENCE","HASH_ONLY"
"suite_results/AGENT_HANDOFF.md","1564","7b363aaa3006c162edd8b56326e7c15e1ed86171c4a16d966f801e63c0cf6ad0","DOCUMENT_OR_METADATA","TRACK"
"suite_results/ALPHA_COMP_SPEED_HOLD_BENCHMARK.mat","2479077","50d40adc053f8fd03ee235430c8a546b886f8967c6a825b4d9e655fe6ebc7d59","GENERATED_EVIDENCE","HASH_ONLY"
"suite_results/ALPHA_COMP_SPEED_HOLD_BENCHMARK.md","4465","6d9f14839b5f72cf5bd2653a2ce3fd10d56d9e60a80c7aeb8c316efbd9cee55a","DOCUMENT_OR_METADATA","TRACK"
"suite_results/ALPHA_COMP_SPEED_HOLD_BENCHMARK.png","184773","403d918eabe572ce3cd6f74b9219dfdccc9a7599286bfc96ae15410d93daeec1","GENERATED_EVIDENCE","HASH_ONLY"
"suite_results/ALPHA_COSINE_SOFTSTART.mat","3460194","e958d4e898d0b457a3e80a7fd683c7055acb4ee9de2743cf77ba4a67f485b64d","GENERATED_EVIDENCE","HASH_ONLY"
"suite_results/ALPHA_COSINE_SOFTSTART.md","6612","e05a5283f8f20d0e1c0c1803ec298052b744869e8640ff4d99cb3fc1efbe59c2","DOCUMENT_OR_METADATA","TRACK"
"suite_results/ALPHA_COSINE_SOFTSTART.png","261611","d263f744c076766ad6896117b96d0c464859e831617c2c6176ed9efaddb2a371","GENERATED_EVIDENCE","HASH_ONLY"
"suite_results/ALPHA_DEPTH_I_ABLATION.mat","3444582","0ec5c59081d3e711b933c24cf20dd6a492a60524002bed9247cf7c89b42364c3","GENERATED_EVIDENCE","HASH_ONLY"
"suite_results/ALPHA_DEPTH_I_ABLATION.md","4365","8e7d7032ac47cfc421ba7e3133e55862d55c40c11ce7a301656024509e93d091","DOCUMENT_OR_METADATA","TRACK"
"suite_results/ALPHA_DEPTH_I_ABLATION.png","186268","f3ceae84b7a5fabfb858f96070f6625877b87dc7cf04189d98c8d00e1968c62f","GENERATED_EVIDENCE","HASH_ONLY"
"suite_results/ALPHA_DEPTH_P_BACKOFF.mat","3427753","35d0503ef95d142a300513f56d815c8a0f05efec34c9b4b526283f2e6f149e07","GENERATED_EVIDENCE","HASH_ONLY"
"suite_results/ALPHA_DEPTH_P_BACKOFF.md","4477","81ed30f442904adf571228dbeb39f2374e3371544501bcd57b527424bf6b3db3","DOCUMENT_OR_METADATA","TRACK"
"suite_results/ALPHA_DEPTH_P_BACKOFF.png","188778","98749daf3d0fcf90276f7f18fd0162efa1f4069654613c18400c66e636a0fc0b","GENERATED_EVIDENCE","HASH_ONLY"
"suite_results/audit_x_line.png","88695","5a446b1fe6c7a4d8b6ad053dd8a1474f3fd8534ada29a7993d8398f86faefbf2","GENERATED_EVIDENCE","HASH_ONLY"
"suite_results/audit_xz_line.png","92940","c1447ee436d9499f4b82c65c33215eca207fe1e592a9677cc9390b198675958f","GENERATED_EVIDENCE","HASH_ONLY"
"suite_results/AUTONOMOUS_EXECUTION_POLICY.md","46700","054e5da72860494f2606d6be50df2aeb602d6d0af6f94dcf08c0e554df9c7a29","DOCUMENT_OR_METADATA","TRACK"
"suite_results/AUV_MISSION_COMPUTER_INTERFACE_REQUIREMENTS.md","13422","2155cbe80692270f48ce15fadbd79273cbb0bf24a34d774c76c4d89a4c253497","DOCUMENT_OR_METADATA","TRACK"
"suite_results/AUV_REALISM_AND_VISUAL_VALIDATION.md","98767","0bcd4f60880d39e361c37e27676860057fc5b584de6b0700362b05b03fb61bd5","DOCUMENT_OR_METADATA","TRACK"
"suite_results/AUV_REALIZATION_READINESS_PLAN.md","127933","65879d01c531b5e96f8f93beb9c0d2f41b133d48f6402de8dd15559157383120","DOCUMENT_OR_METADATA","TRACK"
"suite_results/AUV_VISUAL_EVIDENCE_PACK.mat","4726064","4e2276d449b4e7afdabae1576bff51bbb22dac33eb5b09f637af5cbf21258e93","GENERATED_EVIDENCE","HASH_ONLY"
"suite_results/AUV_VISUAL_EVIDENCE_PACK.md","3869","b062765b647b6f6541cc830a44be8a3c2ea8cb681512621f2cb2cf98d10bec21","DOCUMENT_OR_METADATA","TRACK"
"suite_results/AUV_VISUAL_EVIDENCE_PACK.png","173146","03afcb096510327d55729eee84edb38ae656c0713003ba0359aded7c9a49e7c0","RELEASE_CRITICAL_BINARY","TRACK"
"suite_results/AUV_VISUAL_EVIDENCE_PACK_00_overview.png","173146","03afcb096510327d55729eee84edb38ae656c0713003ba0359aded7c9a49e7c0","RELEASE_CRITICAL_BINARY","TRACK"
"suite_results/AUV_VISUAL_EVIDENCE_PACK_01_path_cte.png","144995","012a076f926e1db47c6963e60b6f391ac14439026edc099ea3702e8b1460bbd1","RELEASE_CRITICAL_BINARY","TRACK"
"suite_results/AUV_VISUAL_EVIDENCE_PACK_02_attitude.png","139466","5949997bec684b43a4fdb8ac153e32046b46d5c66eeac2d401494500ee283cfb","RELEASE_CRITICAL_BINARY","TRACK"
"suite_results/AUV_VISUAL_EVIDENCE_PACK_03_kinematics.png","163538","efd5811e44383509c21500388e101eef988b676e3c5bd95a6a27bbb7132bddb9","RELEASE_CRITICAL_BINARY","TRACK"
"suite_results/AUV_VISUAL_EVIDENCE_PACK_04_actuators.png","230000","71b471b1c6105e41250e486d9de2c6c387f087c9a8d3e0742fc6e38dbbd0a7a0","RELEASE_CRITICAL_BINARY","TRACK"
"suite_results/AUV_VISUAL_EVIDENCE_PACK_05_rates_roll.png","192162","23bb669d8456dd012de6b67b5f3bdfe7fd95e6756dd2d6a2daa3343e151b0880","RELEASE_CRITICAL_BINARY","TRACK"
"suite_results/AUV_VISUAL_EVIDENCE_PACK_06_cusum_fault.png","142189","dbf7fe7bde2217b903c7bb7b11198a5c40a6ce6af899beefce98950685287b91","RELEASE_CRITICAL_BINARY","TRACK"
"suite_results/BOUNDED_CURRENT_HOOK.mat","2625425","e48efb480873dd6f7c9e9c5bffe79568dd3e6f02911d37ad6bc9dce558ce9329","GENERATED_EVIDENCE","HASH_ONLY"
"suite_results/BOUNDED_CURRENT_HOOK.md","4003","f45a4008f70e1ebe1ecb9bf3c36dea26874f65b94cc0be4099611b179e688286","DOCUMENT_OR_METADATA","TRACK"
"suite_results/BOUNDED_CURRENT_HOOK.png","185252","f51f0e207ef2e5c1fbf420aef097a6b77fa891c0fbeacad6dd987b0cda9735d8","GENERATED_EVIDENCE","HASH_ONLY"
"suite_results/CG_CODEGEN_STATUS.md","12480","0e0c0734d1be73bc363b789b409c020473e9725ec64b7958da9f27213d90c43f","DOCUMENT_OR_METADATA","TRACK"
"suite_results/CG_PRE0_TOOLCHAIN_CAPABILITY.md","10204","6d41d91cd1138b4b250a6dc771ca9ca6c3b8bc1a4f74bc4c3b12fe61b1127dca","DOCUMENT_OR_METADATA","TRACK"
"suite_results/CG0_CODEGEN_BOUNDARY.md","8937","2f4731962f1634fa8bfe92876971f7693efd6b5742057a65781b0bcad39ea5d2","DOCUMENT_OR_METADATA","TRACK"
"suite_results/CG0_CODEGEN_MANIFEST.csv","28054","6d639dc428d0bcc093d9212e3bc1510823a8b624389cd595fd60ba67610f786b","DOCUMENT_OR_METADATA","TRACK"
"suite_results/CG1A_CONTROLLER_STATIC_CODEGEN_COMPATIBILITY.md","20240","6e01136f7caf699bf3e157248f531bf98a8353d81f6eae393928d90b2250fb5e","DOCUMENT_OR_METADATA","TRACK"
"suite_results/CG1B_GUIDANCE_STATIC_CODEGEN_COMPATIBILITY.md","26166","4ce416053d2b7a837a0ffb322d1b86ef8e892bd8747f7b18e9c170a60e7285fb","DOCUMENT_OR_METADATA","TRACK"
"suite_results/CG1C_NAV_FDIR_RUNTIME_BOUNDARY.md","20779","77cf88ec235fb7248193dfbc1467dc9cb66f9902ceb51f46cef78ddc05362e74","DOCUMENT_OR_METADATA","TRACK"
"suite_results/CG2A_CONTROLLER_EXPLICIT_STATE_PROTOTYPE.md","4413","6cc220d2aaabb5f070276a61d466fa3bd7264c0e6c9abcb28fe638485f4760da","DOCUMENT_OR_METADATA","TRACK"
"suite_results/CG2A_CONTROLLER_GOLDEN_PARITY_CAPTURE.md","5072","7d6d98658414c0f2a36c294b67d81bf26bbdc0f7e23c170952d6b8e223415f34","DOCUMENT_OR_METADATA","TRACK"
"suite_results/CG2A_CONTROLLER_GOLDEN_V1.json","2565","36cb0c17aa3feb041e5bf1dc64da1bddcad8075a1eb6dfa612a5291d00c98fa8","DOCUMENT_OR_METADATA","TRACK"
"suite_results/CG2A_CONTROLLER_GOLDEN_V1.mat","11047","37e90e07454e2f87a8451b5966c39346129ab2fe19fcf260f9e220677e9563c8","RELEASE_CRITICAL_BINARY","TRACK"
"suite_results/CG2B_GUIDANCE_GOLDEN_PARITY_CAPTURE.md","5962","aefe79e18e14f04ada1171db4c877c52c7f7ccc2b69bd675f3d8d08b99397d7f","DOCUMENT_OR_METADATA","TRACK"
"suite_results/CG2B_GUIDANCE_GOLDEN_V1.json","3439","991610af753440928d647526164442e3ecc27bfe41582299896e2bd454114bd5","DOCUMENT_OR_METADATA","TRACK"
"suite_results/CG2B_GUIDANCE_GOLDEN_V1.mat","8349","726dc2e799cb538b8d98cc8ca2092aaace3e2304cfc2972e65b7e68c5e215240","RELEASE_CRITICAL_BINARY","TRACK"
"suite_results/CLOSED_LOOP_ACTUATOR_HARNESS_FINAL.mat","987","5bacefa0e07fee87f5ab70c2317ffe91b0bf44f71144a68de945f779a0e9f62b","GENERATED_EVIDENCE","HASH_ONLY"
"suite_results/CLOSED_LOOP_ACTUATOR_HARNESS_FINAL.md","1667","13e0c80a82b06994e8d9e82e91bc685d121f9c5e0ec2856aee098e2b924f2629","DOCUMENT_OR_METADATA","TRACK"
"suite_results/CLOSED_LOOP_ACTUATOR_HARNESS_FINAL.png","121692","33b35d72c9803c723aa8c018286f446de68915922c61891c5cce03864bd61ed6","GENERATED_EVIDENCE","HASH_ONLY"
"suite_results/CLOSED_LOOP_ACTUATOR_HARNESS_FIX.mat","699","21a35031c9a2350ee773ffb6a499551ac4331170c943d2bb0935d993a3236f00","GENERATED_EVIDENCE","HASH_ONLY"
"suite_results/CLOSED_LOOP_ACTUATOR_HARNESS_FIX.md","1163","cc45c67a71e7e9c847fab2d316a6759af26db62faf81e4b6e920260d3642ff30","DOCUMENT_OR_METADATA","TRACK"
"suite_results/CLOSED_LOOP_ACTUATOR_HARNESS_FIX.png","92048","b0daaa23510aed19b73d6a03bf2911afeedda42580ee7c792f40473bd4747cc4","GENERATED_EVIDENCE","HASH_ONLY"
"suite_results/CLOSED_LOOP_ACTUATOR_REALISM.mat","8377759","b2a65812c87415841c9f63de195174262ebe81d843d94fc8560785b1a2c897e9","GENERATED_EVIDENCE","HASH_ONLY"
"suite_results/CLOSED_LOOP_ACTUATOR_REALISM.md","10315","233c8f2e911ba45d2761caf7911cb899d1f0f5e162e63f9e74006bb874f3bde7","DOCUMENT_OR_METADATA","TRACK"
"suite_results/CLOSED_LOOP_ACTUATOR_REALISM.png","103471","21d54bd67b472db9fc21137a7a6dc6a80af25aef01da0e081ac0edeacf0ca272","GENERATED_EVIDENCE","HASH_ONLY"
"suite_results/CODEX_PLAN_LASTMSG.md","416","2db587cab58cae48e8623e77f372ce223a864238bf9222e43bc0008e1d049884","DOCUMENT_OR_METADATA","TRACK"
"suite_results/CODEX_VERTICAL_PLAN.md","43101","000ba87721bb75846690d0f4325aad6c58070c0831cb9c199e240b53b6e7931c","DOCUMENT_OR_METADATA","TRACK"
"suite_results/COMBINED_6DOF_DISTURBANCE_BASELINE.mat","9471396","5a22e14f2a8ca727e03018d4a64c1e6da9e1f694bf983c4a9a815932c1fe1451","GENERATED_EVIDENCE","HASH_ONLY"
"suite_results/COMBINED_6DOF_DISTURBANCE_BASELINE.md","4100","c2d9fd8a7eab781b7356301d784d5ffe7e0f048bd9f57920d7e6ea74f88a70b2","DOCUMENT_OR_METADATA","TRACK"
"suite_results/COMBINED_6DOF_DISTURBANCE_BASELINE.png","206079","3cc22caea0230c91def465d128b539368c7128d494cb8689afc1f44cf64ce017","GENERATED_EVIDENCE","HASH_ONLY"
"suite_results/CRAB_CURRENT_FF_CANDIDATE.mat","2539382","521023aaf5fb534a63429ab1d3af7b92a4b39383da6b7297560e0a8320edf403","GENERATED_EVIDENCE","HASH_ONLY"
"suite_results/CRAB_CURRENT_FF_CANDIDATE.md","4103","2ca831d983ea0ae7ba7ae2ca221ac837460254f0499ff90bafd012d4ba6db63f","DOCUMENT_OR_METADATA","TRACK"
"suite_results/CRAB_CURRENT_FF_CANDIDATE.png","205018","42579d54c4fab72a0c082813e5b7332deef143824506800739a2b922f6b3521a","GENERATED_EVIDENCE","HASH_ONLY"
"suite_results/CRAB_CURRENT_FF_CANDIDATE_run.log","2338","04937cfce1c4ce63d999ce6a67b7d96b14ba16be9212037ccb475aca050f3fe0","GENERATED_EVIDENCE","HASH_ONLY"
"suite_results/CTRL_OBS_AUDIT.mat","35225","12798e7d521b25ab23f22b2bb172e6c41cfacb598ea8d40fcc9a577b811d8367","GENERATED_EVIDENCE","HASH_ONLY"
"suite_results/CTRL_OBS_AUDIT.md","21436","9651eaa0873dfd6a5ad82108854a8429e296a23baa23e5fab17a0f373822ec2e","DOCUMENT_OR_METADATA","TRACK"
"suite_results/CTRL_OBS_AUDIT.png","179941","6efcc7cef701eb77916404d098dd060ea46d8e92d37892b52384f953916a0695","GENERATED_EVIDENCE","HASH_ONLY"
"suite_results/CURRENT_OBSERVER_BIAS_LATENCY.mat","970433","901cccfcb8463c6c3772a69d79584025f13b108545bc4a88777723d486020cdf","GENERATED_EVIDENCE","HASH_ONLY"
"suite_results/CURRENT_OBSERVER_BIAS_LATENCY.md","5431","314abc76dbc503f43b8a36fedc1c90ab007f3441448bee15b4255852600e0f12","DOCUMENT_OR_METADATA","TRACK"
"suite_results/CURRENT_OBSERVER_BIAS_LATENCY.png","268667","3936af046466236dc046d51046231d3055aa59124a30b63b1ae6a62553310227","GENERATED_EVIDENCE","HASH_ONLY"
"suite_results/CURRENT_OBSERVER_IDEAL.mat","487514","298f7d6716521af53ae6b09a802386183cc896ca20b69741b1862111f678d514","GENERATED_EVIDENCE","HASH_ONLY"
"suite_results/CURRENT_OBSERVER_IDEAL.md","3811","e1f5e8645da4c0a4fabef6a0a18b938469ec4b47e6e51895c4b41a6f91aa3bf4","DOCUMENT_OR_METADATA","TRACK"
"suite_results/CURRENT_OBSERVER_IDEAL.png","160437","432f17f461dd2e1778db940f315e725b31686fde5ee092275ced477c23cc6d5f","GENERATED_EVIDENCE","HASH_ONLY"
"suite_results/CURRENT_OBSERVER_NOISE.mat","946029","caa5ee761de7c6f6bd04f0d72d2084b655846447f9b12d2ae30c25656acc669c","GENERATED_EVIDENCE","HASH_ONLY"
"suite_results/CURRENT_OBSERVER_NOISE.md","3949","d4fa5917228d16216ff20c719231a8cb98a7bc74cbc1f9277ea920edf2fd4fb2","DOCUMENT_OR_METADATA","TRACK"
"suite_results/CURRENT_OBSERVER_NOISE.png","269816","494594746e185c41a8d58b8314dddc87580d2506bb111394b24ba9747c9b4071","GENERATED_EVIDENCE","HASH_ONLY"
"suite_results/DEPTH_GAMMA_COUPLED_PLANT_ID.mat","101190","975c4dc2af1e5bf3a3bd63d247859b66065fd7cc655d0f031298b08dcad2e087","GENERATED_EVIDENCE","HASH_ONLY"
"suite_results/DEPTH_GAMMA_COUPLED_PLANT_ID.md","11635","4b10f3a13de38736912ac071f74ab4d7698fb0e913e53dda71e9ec02c83f3ff2","DOCUMENT_OR_METADATA","TRACK"
"suite_results/DEPTH_GAMMA_COUPLED_PLANT_ID.png","215182","b2c659ca440389c0a39e748a46a4ef7020c170caf9edf40ceb52fa858afa968a","GENERATED_EVIDENCE","HASH_ONLY"
"suite_results/DEPTH_GAMMA_SPEED_SCHEDULED_ID.mat","169559","c2aba299e0b24cf36caef9ab5106991b2e4daee477456a9b7df130fad58722c0","GENERATED_EVIDENCE","HASH_ONLY"
"suite_results/DEPTH_GAMMA_SPEED_SCHEDULED_ID.md","30192","10ac1b6af0ef73cf2be88af982aba33745e1550cef1b10d8d111efb7bb05031a","DOCUMENT_OR_METADATA","TRACK"
"suite_results/DEPTH_GAMMA_SPEED_SCHEDULED_ID.png","255526","e95c49e8b3d3fef72d7c9fec2eb33807ca75031a327cd0739edb01ed56bd91cc","GENERATED_EVIDENCE","HASH_ONLY"
"suite_results/DEPTH_GAMMA_STRUCTURAL_ATTEMPT3.mat","640724","0365dcfdc3f5e6d2190e15e10061ac48d1b101d405e562cee7dcafb972dd5456","GENERATED_EVIDENCE","HASH_ONLY"
"suite_results/DEPTH_GAMMA_STRUCTURAL_ATTEMPT3.md","7704","85a49a709b6c5106581b547348bf7b6ccc85255e5eff2da225ec01d3b94bc677","DOCUMENT_OR_METADATA","TRACK"
"suite_results/DEPTH_GAMMA_STRUCTURAL_ATTEMPT3.png","121821","42ba61ada4c264bd7ae2b8aee057fcc8f4ee8a7cbb1537da58355a3282982765","GENERATED_EVIDENCE","HASH_ONLY"
"suite_results/DEPTH_GAMMA_STRUCTURAL_BLOCKER_FIX.mat","564995","5568634592d77e9f300bc203848aa0541063dcf9e3a6f171f14702bb905617c6","GENERATED_EVIDENCE","HASH_ONLY"
"suite_results/DEPTH_GAMMA_STRUCTURAL_BLOCKER_FIX.md","7198","1607abbedfc2fe1587695cecf16a96dd356478fd42d994db486749737d0f4df3","DOCUMENT_OR_METADATA","TRACK"
"suite_results/DEPTH_GAMMA_STRUCTURAL_BLOCKER_FIX.png","120707","80a8d0a9f29bd8633f94001a501956023472c7c8d11ceeb6c415968f3aee2f31","GENERATED_EVIDENCE","HASH_ONLY"
"suite_results/DEPTH_GAMMA_STRUCTURAL_BLOCKER_FIX_run.log","19080","13c4fca613457a7d64a693012f24133bdc18d84f588c08af00af7ed07e3977f1","GENERATED_EVIDENCE","HASH_ONLY"
"suite_results/DEPTH_GAMMA_STRUCTURAL_GATE.mat","449178","a881554599e93655ab8c7addc2be4c579a0c010dad316cdbf05aeeb4b17c02a4","GENERATED_EVIDENCE","HASH_ONLY"
"suite_results/DEPTH_GAMMA_STRUCTURAL_GATE.md","6099","53b139717f832096f3afa4d90c85be7664c8e26e6a1c3ea8a6e9f0a627d03cd8","DOCUMENT_OR_METADATA","TRACK"
"suite_results/DEPTH_GAMMA_STRUCTURAL_GATE.png","108553","edf693f0b6be4cb6856de11c5babc8cc9bd217f9b1779e5025818507d08b5835","GENERATED_EVIDENCE","HASH_ONLY"
"suite_results/DEPTH_NDO_CANDIDATE.mat","2501965","49664af08c20363641724983579182d3143ff23d9af3ad38f0675991fbbe381f","GENERATED_EVIDENCE","HASH_ONLY"
"suite_results/DEPTH_NDO_CANDIDATE.md","6000","e38fbecc56bf8bab1f0a0646c99548e0b5fb646b50f41df11b905f6090ad4487","DOCUMENT_OR_METADATA","TRACK"
"suite_results/DEPTH_NDO_CANDIDATE.png","235835","db72884d51278d6989a93d109ce0f8cd00503a3d08a5fe5f885d3e04f5e0e488","GENERATED_EVIDENCE","HASH_ONLY"
"suite_results/DEPTH_OUTER_BASELINE.mat","1169682","953449e0f019e42410c56968568c450fb9d8db3c28146e703d8163a9e6a5175f","GENERATED_EVIDENCE","HASH_ONLY"
"suite_results/DEPTH_OUTER_BASELINE.md","7117","99508952275b0ec0a8b8f597e5c6c68a13fabc439b0d47bca250eb8dc24af5b7","DOCUMENT_OR_METADATA","TRACK"
"suite_results/DEPTH_OUTER_BASELINE.png","221189","b32a7e2b215df0892c3e12d280a367bafc520fb8e31c8a1abb25645a0ad36c35","GENERATED_EVIDENCE","HASH_ONLY"
"suite_results/DEPTH_TO_GAMMA_CANDIDATE.mat","2306455","dcd38e9f0c1a0fba64ba31809b1e99532257a4bb715a61e9a7437a819757fb33","GENERATED_EVIDENCE","HASH_ONLY"
"suite_results/DEPTH_TO_GAMMA_CANDIDATE.md","5344","43526e03ac6d7acdf4b8ac81e02d104cacd2c3fd5905af91804ca533dde81efc","DOCUMENT_OR_METADATA","TRACK"
"suite_results/DEPTH_TO_GAMMA_CANDIDATE.png","227280","e447da8a80d01001ea8242a223a89437be49842bca7f383e85b620f16edd890d","GENERATED_EVIDENCE","HASH_ONLY"
"suite_results/DIAG_ANSWERS.md","4058","a270efacba7311f74edafc79d88cae91af043ee5dee72d1c2abbeb50b8f90b53","DOCUMENT_OR_METADATA","TRACK"
"suite_results/diag_circle_yawrate.png","100885","56d74156d4d432aad674c5a7308d2db1409eb459650ad55ef40e4703a28e5aa4","GENERATED_EVIDENCE","HASH_ONLY"
"suite_results/diag_moments.png","84753","71b5ae6f403535bb70c13ccd48aaf5175d96000c95fa232edd818fe8b8dd17dc","GENERATED_EVIDENCE","HASH_ONLY"
"suite_results/diag_x_baseline.png","136369","f209c5214f70bf827c30231ab46d92b4325426c95fb422964a6e0eab93a83ca1","GENERATED_EVIDENCE","HASH_ONLY"
"suite_results/diag_x_dt_half.png","84771","f50c05479906a87ffd6292a20d0cbcc507048e76eaaeedb62d9abc95904bd85e","GENERATED_EVIDENCE","HASH_ONLY"
"suite_results/diag_x_Ki0.png","90321","9ca4eab7c2c91080b25fc2df1691f0428c50a1e0c520768519fc6d36a8bd4343","GENERATED_EVIDENCE","HASH_ONLY"
"suite_results/elevator_pulse_audit.mat","431522","0ac0e3f9368b8680745ef595c890500b9f8fcb9ab7212ed0af66bf5c14a6dbe9","GENERATED_EVIDENCE","HASH_ONLY"
"suite_results/elevator_pulse_png/u0.8_de+1.0_lam0.00.png","37240","1faa847386cf87660660ca3de80ac0f4406e10abc56af195126dad2f07b27029","GENERATED_EVIDENCE","HASH_ONLY"
"suite_results/elevator_pulse_png/u0.8_de+1.0_lam0.25.png","37264","93ab3b528019bc38b4d942f361779fa6a754ffbe4004f74fcb4f66bfbc2cb322","GENERATED_EVIDENCE","HASH_ONLY"
"suite_results/elevator_pulse_png/u0.8_de-1.0_lam0.00.png","37253","04c980268668e07d644fc38bc3a5a2e0d3e045018bd0a7f23389b372fa8c099e","GENERATED_EVIDENCE","HASH_ONLY"
"suite_results/elevator_pulse_png/u0.8_de-1.0_lam0.25.png","37378","0548e2bb83e4f6c91c51c102e9ab6547fee6d03d42d2d5e1d59e5f83f92db82e","GENERATED_EVIDENCE","HASH_ONLY"
"suite_results/elevator_pulse_png/u1.5_de+1.0_lam0.00.png","34330","419a0104ff72fc2fdb4d72e45a3d1a60086697057b425662f9732e17cb69330f","GENERATED_EVIDENCE","HASH_ONLY"
"suite_results/elevator_pulse_png/u1.5_de+1.0_lam0.25.png","37746","40aaf0665bf4dee46cb1c956b5cf04606320377977d3fb4a8259540502233232","GENERATED_EVIDENCE","HASH_ONLY"
"suite_results/elevator_pulse_png/u1.5_de-1.0_lam0.00.png","34711","bebf9379da879c8095e352e86d05406020a17f6b4ff98d80294a1e0d708e3031","GENERATED_EVIDENCE","HASH_ONLY"
"suite_results/elevator_pulse_png/u1.5_de-1.0_lam0.25.png","36077","e3194997bba796e687aca700fbe39f8a740795a6477cc154290032ca9c506e33","GENERATED_EVIDENCE","HASH_ONLY"
"suite_results/elevator_pulse_png/u2.0_de+1.0_lam0.00.png","33684","9cc7dd140cccc1ffb8175b14c1bb65ab3486c2da33fdb4f3b1e28385d732c8d5","GENERATED_EVIDENCE","HASH_ONLY"
"suite_results/elevator_pulse_png/u2.0_de+1.0_lam0.25.png","36932","9c976c0db5522415b184499740e47295a0246f31398681f8c0bf3977aa3466f6","GENERATED_EVIDENCE","HASH_ONLY"
"suite_results/elevator_pulse_png/u2.0_de-1.0_lam0.00.png","33676","eb72bcfadc4ceabe3804f024e67713ce4cf60a64ef95e3e672fd9255100a2fbe","GENERATED_EVIDENCE","HASH_ONLY"
"suite_results/elevator_pulse_png/u2.0_de-1.0_lam0.25.png","36810","a9718c442510749cd35b49b579fbc524765576ce1264e42b7e6dd2af9defd558","GENERATED_EVIDENCE","HASH_ONLY"
"suite_results/FAULT_ISOLATION_SAFE_MODE_REQUIREMENTS.md","15805","65e20e0d26c7a6852339bf8066b4b7f267b70ba4064d26e0fa90e4cdec32eae8","DOCUMENT_OR_METADATA","TRACK"
"suite_results/FINAL_TRACKING_HELIX_R10.png","168174","4bcba975101647708baf1b422afb7f6a9d3907787ae4f7f916e6e55083ec537f","RELEASE_CRITICAL_BINARY","TRACK"
"suite_results/FINAL_TRACKING_X.png","111940","a989dbd8552e7e1e5440e90360b33a932259e8e20e6eab255dcb2be4125d0c5f","RELEASE_CRITICAL_BINARY","TRACK"
"suite_results/FINAL_TRACKING_XZ.png","104595","6461e6f929f342e817369a7f498518f461a492e42a39ceaceb5cc98725a700cb","RELEASE_CRITICAL_BINARY","TRACK"
"suite_results/GAMMA_INDI_SCAFFOLD.mat","935760","5077f5cb6f7b809fba7e8170e95c8e6c2350afd24a8ba39abd7e88e0ed4a29aa","GENERATED_EVIDENCE","HASH_ONLY"
"suite_results/GAMMA_INDI_SCAFFOLD.md","3927","262fb0d0002c11e0facc7bab55e1bf2431b7a443ef510ff043d00839c80f18e5","DOCUMENT_OR_METADATA","TRACK"
"suite_results/GAMMA_INDI_SCAFFOLD.png","165560","0dd0c5c696595c6330c367267a87b985ad812c37dd5228a20ac4fc50ed591e38","GENERATED_EVIDENCE","HASH_ONLY"
"suite_results/GATE7_FDIR_ACCEPTANCE_CRITERION_REPAIR.mat","723780","72b69329326afda2b7f7b1f1c25ef18867d46d01526502b89792b7f8482851fe","GENERATED_EVIDENCE","HASH_ONLY"
"suite_results/GATE7_FDIR_ACCEPTANCE_CRITERION_REPAIR.md","30737","248b3167e1888fc474c67730d9e85ab58750462f709e8b680c3193780a84962a","DOCUMENT_OR_METADATA","TRACK"
"suite_results/GATE7_FDIR_ACCEPTANCE_CRITERION_REPAIR.png","139460","fa35f63217f65d0e3f095c2ea03f9289f611048b45e908388cc9d98da8ae1754","GENERATED_EVIDENCE","HASH_ONLY"
"suite_results/GATE7_FDIR_ACCEPTANCE_CRITERION_REPAIR_run.log","4296","73948f94544194393cef822aa91f2467ec53807d29e24b37f8a9af3633c80088","GENERATED_EVIDENCE","HASH_ONLY"
"suite_results/GATE7_MISSION_MANAGER_FAIL_SILENT_SIM.mat","720858","4c52ae50f588c7d33e0f5cf74141de7b49ea86577ffbb6d5b7a7178262ed4121","GENERATED_EVIDENCE","HASH_ONLY"
"suite_results/GATE7_MISSION_MANAGER_FAIL_SILENT_SIM.md","27042","3e3cb3e149555d4bc3f39345b1a820b6903b50958b11ae6c84fe7166828d53b4","DOCUMENT_OR_METADATA","TRACK"
"suite_results/GATE7_MISSION_MANAGER_FAIL_SILENT_SIM.png","130828","684cf4442a865cf2cd083e9800ead6b95fa30eb3fa79e5fe73ec95107c578501","GENERATED_EVIDENCE","HASH_ONLY"
"suite_results/GATE7_MISSION_MANAGER_FAIL_SILENT_SIM_run.log","3724","33f11e5ee293a33d3ba2fd08253d8811353357db8f4fb4c3df6ea91ebaab1e67","GENERATED_EVIDENCE","HASH_ONLY"
"suite_results/GATE8_ACTUATOR_ORDER_SCAN_REPAIR.mat","1027924","457a8dee381e98460ea764ea4697594c109dd4c926ebdbaf9823acdcfbbd0388","GENERATED_EVIDENCE","HASH_ONLY"
"suite_results/GATE8_ACTUATOR_ORDER_SCAN_REPAIR.md","47755","c639445dd5876cc99804b2f99c20e11d724eb01aee3c5c7196462f0b3dbbf665","DOCUMENT_OR_METADATA","TRACK"
"suite_results/GATE8_ACTUATOR_ORDER_SCAN_REPAIR.png","223511","7539f6fee489df8756322f28199c46aab05ebf394536a3ff1665fca8fe889865","GENERATED_EVIDENCE","HASH_ONLY"
"suite_results/GATE8_ACTUATOR_ORDER_SCAN_REPAIR_01_verification.png","54953","c891ad68c3e02ed59b9af7a754b9028570661a9721d2ddb2500cb03859fe9059","GENERATED_EVIDENCE","HASH_ONLY"
"suite_results/GATE8_ACTUATOR_ORDER_SCAN_REPAIR_02_limiter_order.png","78300","4bd2d241af350ff3719c6cdf83992c04ca9d9e9f44949333b3108696bcb0ed7e","GENERATED_EVIDENCE","HASH_ONLY"
"suite_results/GATE8_ACTUATOR_ORDER_SCAN_REPAIR_03_rail_evidence.png","128538","9468e41a5fa7460c9b3f5c97d0f86bd08b6e6d518b254747a60a5a1bc888b0ce","GENERATED_EVIDENCE","HASH_ONLY"
"suite_results/GATE8_ACTUATOR_ORDER_SCAN_REPAIR_04_truth_measured_power.png","174721","cdefa0b110a250e4cd75c1f6493c62283f8e2383670cd0f3b549be9777e51311","GENERATED_EVIDENCE","HASH_ONLY"
"suite_results/GATE8_ACTUATOR_ORDER_SCAN_REPAIR_05_sensitivity.png","48981","2db225afe29811f9d5fab7e02ece83d1aaccf149ff3adb905ab9c1ffb6794d7a","GENERATED_EVIDENCE","HASH_ONLY"
"suite_results/GATE8_ACTUATOR_ORDER_SCAN_REPAIR_06_visual_qa.png","120104","2421526199821ef8c039db38bbee72b95dd0b144c2a3995e912f9bb5e6ab27f0","GENERATED_EVIDENCE","HASH_ONLY"
"suite_results/GATE8_ACTUATOR_ORDER_SCAN_REPAIR_run.log","15368","f50aebf7f77ee3858314cee26a508926316c03d01b920dc27f91d850c37e9cb8","GENERATED_EVIDENCE","HASH_ONLY"
"suite_results/GATE8_FROZEN_CELL_PLANT_SEAM_CLOSURE.mat","33143","d5dcc2dee584f45366bae1b8d1350e9b62164435623bd31972d11010a182d402","GENERATED_EVIDENCE","HASH_ONLY"
"suite_results/GATE8_FROZEN_CELL_PLANT_SEAM_CLOSURE.md","34913","afd568f23ec5c623edfffe8ecb73e3b9245a93273780cda695042e03bbfb9243","DOCUMENT_OR_METADATA","TRACK"
"suite_results/GATE8_FROZEN_CELL_PLANT_SEAM_CLOSURE.png","37902","51678e3cc1761d061f07d517fdb08742af23db8935d6c51260fff52af403a975","GENERATED_EVIDENCE","HASH_ONLY"
"suite_results/GATE8_FROZEN_CELL_PLANT_SEAM_CLOSURE_01_gates.png","116533","019c5148f9f1763c047877ecdb1df63ec63d8abe08c3ea2455bc551398210d47","GENERATED_EVIDENCE","HASH_ONLY"
"suite_results/GATE8_FROZEN_CELL_PLANT_SEAM_CLOSURE_02_cell_geometry.png","86893","928efe19c71b5fd612b0b8274ae2f106d65e5d0821b04270d63c2622f09a2673","GENERATED_EVIDENCE","HASH_ONLY"
"suite_results/GATE8_FROZEN_CELL_PLANT_SEAM_CLOSURE_03_plant_seam.png","98912","5ffc9a8d536e52e949e330712e94b2dac8b84c02e3e866d96a1ac854455fd52c","GENERATED_EVIDENCE","HASH_ONLY"
"suite_results/GATE8_FROZEN_CELL_PLANT_SEAM_CLOSURE_04_rail_evidence.png","38923","83172495823c991c1adf565652bb0ac548d92e0ea96739b0193218676df9606b","GENERATED_EVIDENCE","HASH_ONLY"
"suite_results/GATE8_FROZEN_CELL_PLANT_SEAM_CLOSURE_05_distributions.png","97959","f9dc88089c0a7f9f29cecf6bdc2119bfbfc8816b8f846fe13673c3d46cb07918","GENERATED_EVIDENCE","HASH_ONLY"
"suite_results/GATE8_FROZEN_CELL_PLANT_SEAM_CLOSURE_06_prior_exercise.png","78967","49aa09004a10daa575dafb6ac19ccb9886ae8fe590cef1f257497d21bf33a83e","GENERATED_EVIDENCE","HASH_ONLY"
"suite_results/GATE8_FROZEN_CELL_PLANT_SEAM_CLOSURE_run.log","6588","3a163969c023653c2f0e1a03602c2ca8ad093b03e321fe88638a35cee6261fc3","GENERATED_EVIDENCE","HASH_ONLY"
"suite_results/GATE8_MONTE_CARLO_INDEPENDENT_PRIORS.mat","1012850","f5dbf15cf0147898516335ece5a6c4575c47dfe3f029ed57870eb65cba9fec62","GENERATED_EVIDENCE","HASH_ONLY"
"suite_results/GATE8_MONTE_CARLO_INDEPENDENT_PRIORS.md","37502","08110ecb9dc2faee98899f9f7cafc03079359bbb93b43fecf0646c85a9407aed","DOCUMENT_OR_METADATA","TRACK"
"suite_results/GATE8_MONTE_CARLO_INDEPENDENT_PRIORS.png","220002","990ddb789ba8698029badccad9bcfcecef0ce1cb20b031c19174fd1e3a1c6f66","GENERATED_EVIDENCE","HASH_ONLY"
"suite_results/GATE8_MONTE_CARLO_INDEPENDENT_PRIORS_01_parity_replay.png","31220","e470018d33018b67c5fbb21c3b47e008f453bc9cbc85ae0f641c5e7fd2825b74","GENERATED_EVIDENCE","HASH_ONLY"
"suite_results/GATE8_MONTE_CARLO_INDEPENDENT_PRIORS_02_pass_probability.png","23422","1e037a927636f642cd133cbeb4dd8658b3bb59694a2c0c70a2531ac47788d6d1","GENERATED_EVIDENCE","HASH_ONLY"
"suite_results/GATE8_MONTE_CARLO_INDEPENDENT_PRIORS_03_truth_measured_power.png","169784","4b47efd76e358936ccca2eceffc8b1555543904c86755472de49816bed79e63f","GENERATED_EVIDENCE","HASH_ONLY"
"suite_results/GATE8_MONTE_CARLO_INDEPENDENT_PRIORS_04_sensitivity.png","46968","1ec77a2e72d6b12243a4fe544f265335539df9bebc664c025a576981e61baee8","GENERATED_EVIDENCE","HASH_ONLY"
"suite_results/GATE8_MONTE_CARLO_INDEPENDENT_PRIORS_run.log","13425","1e45b23adf9fce48cd84056ac9f70eadc339a5dacb23a761e1a40ce24691484a","GENERATED_EVIDENCE","HASH_ONLY"
"suite_results/GATE8_R10_CLOSED_LOOP_RAIL_ORIGIN_LOCALISATION.mat","271512","944bcc87cd212b918958fa9046371280d8f5f4cc98c03065e7036a6f328d2a8d","GENERATED_EVIDENCE","HASH_ONLY"
"suite_results/GATE8_R10_CLOSED_LOOP_RAIL_ORIGIN_LOCALISATION.md","28147","e8a8c24f16397b8696fd38945afa0f09ea7efba8fa16174f3a17c49d1b3a6f18","DOCUMENT_OR_METADATA","TRACK"
"suite_results/GATE8_R10_CLOSED_LOOP_RAIL_ORIGIN_LOCALISATION.png","338620","9159e9eb9d18d23656a538613fd85204681ff91b0b22962554e29304cdd0790a","GENERATED_EVIDENCE","HASH_ONLY"
"suite_results/GATE8_R10_CLOSED_LOOP_RAIL_ORIGIN_LOCALISATION_01_reproduction_and_closure.png","122627","c4b4679f0ab71f1ef768a0cb24a7e169370d764f2b3f73d1bc5716b81a89d720","GENERATED_EVIDENCE","HASH_ONLY"
"suite_results/GATE8_R10_CLOSED_LOOP_RAIL_ORIGIN_LOCALISATION_02_visual_qa.png","85100","05fe36ef13b639e4ba69a8ccc9c15f4e8064ea3c1fe0821543f4a55fa8ee5fd3","GENERATED_EVIDENCE","HASH_ONLY"
"suite_results/GATE8_R10_CLOSED_LOOP_RAIL_ORIGIN_LOCALISATION_run.log","3081","a1de443e1f577c21e3ff290d6962bc4458948db2b5cd928be33f4afed126517f","GENERATED_EVIDENCE","HASH_ONLY"
"suite_results/GATE8_R10_GUIDANCE_COURSE_REFERENCE_OFFSET_IDENTIFICATION.mat","31749","02c8ff443f230e75296bfdb998e8ad74c50ac9afad864cab164f51c7f1eb3ef6","GENERATED_EVIDENCE","HASH_ONLY"
"suite_results/GATE8_R10_GUIDANCE_COURSE_REFERENCE_OFFSET_IDENTIFICATION.md","35272","bd827e5ab4a911c7c0629048bc8f0876df4ca09c765b2b5f742eff13b4bc87c7","DOCUMENT_OR_METADATA","TRACK"
"suite_results/GATE8_R10_GUIDANCE_COURSE_REFERENCE_OFFSET_IDENTIFICATION.png","243405","c202cea76e502a6bd207ecdfb947bf4566f6edbd804c0c283466c48fd608ad58","GENERATED_EVIDENCE","HASH_ONLY"
"suite_results/GATE8_R10_GUIDANCE_COURSE_REFERENCE_OFFSET_IDENTIFICATION_QA.png","115894","82333d0b4c80fffaa4a3f5b3bb59b17941b874eafad15bd5291c3aee5b76f4c7","GENERATED_EVIDENCE","HASH_ONLY"
"suite_results/GATE8_R10_GUIDANCE_COURSE_REFERENCE_OFFSET_IDENTIFICATION_run.log","3007","5496ff29a5adaba7891dc3f3bf47764d48c157993dd48c8aa5f2eb629f110878","GENERATED_EVIDENCE","HASH_ONLY"
"suite_results/GATE8_R10_GUIDANCE_SIGNAL_LOG_CLOSURE.mat","305645","8e95cf07115dde6743ee8563f1efa4107d278ddc69872c3b5cd4be635cc67206","GENERATED_EVIDENCE","HASH_ONLY"
"suite_results/GATE8_R10_GUIDANCE_SIGNAL_LOG_CLOSURE.md","19892","ed155f20a72a3148ace7bd51cca4ab8722d50abe9bd2d3d6ed383063152910b9","DOCUMENT_OR_METADATA","TRACK"
"suite_results/GATE8_R10_GUIDANCE_SIGNAL_LOG_CLOSURE.png","228836","dad1f080cd211bec62588712de4a66bfc9840109f855566f6d156e65b1e48581","GENERATED_EVIDENCE","HASH_ONLY"
"suite_results/GATE8_R10_GUIDANCE_SIGNAL_LOG_CLOSURE_qa.png","94820","26a2a6f9a01151e0b93d07697acd7a031e43f47294779a920a8e9825691ef12f","GENERATED_EVIDENCE","HASH_ONLY"
"suite_results/GATE8_R10_GUIDANCE_SIGNAL_LOG_CLOSURE_run.log","4341","85f837799c18b09698e045369f2ad82bb364ce51eaef815f0f880257e8c8a214","GENERATED_EVIDENCE","HASH_ONLY"
"suite_results/GATE8_R10_RAIL_AWARE_YAW_FEASIBILITY_ENVELOPE.mat","48907","bb3aa16e91804e238172d5e457315aee20253c0349c4d68b1fa5ca0b6ae81890","GENERATED_EVIDENCE","HASH_ONLY"
"suite_results/GATE8_R10_RAIL_AWARE_YAW_FEASIBILITY_ENVELOPE.md","27897","c8e8179d20ecdbae85a930d6c925e06bdf425a72040a9234b26df329f67e5272","DOCUMENT_OR_METADATA","TRACK"
"suite_results/GATE8_R10_RAIL_AWARE_YAW_FEASIBILITY_ENVELOPE.png","94762","ec70378667a5b451634d80941d31a983743346caab94ca0abfc0280a94b137f1","GENERATED_EVIDENCE","HASH_ONLY"
"suite_results/GATE8_R10_RAIL_AWARE_YAW_FEASIBILITY_ENVELOPE_01_trim_states.png","85188","6682b57d324985c94ba71ae0b0b0151e6422103a50309b8a007e2ef7a4ed440c","GENERATED_EVIDENCE","HASH_ONLY"
"suite_results/GATE8_R10_RAIL_AWARE_YAW_FEASIBILITY_ENVELOPE_02_feasibility_map.png","26331","0f4d7ae82f38f7e4b509caeecface080dc1502442d80e1a810437a8f600721b2","GENERATED_EVIDENCE","HASH_ONLY"
"suite_results/GATE8_R10_RAIL_AWARE_YAW_FEASIBILITY_ENVELOPE_03_solver_quality.png","100565","519bb05e55b658f739e16daafb3e2833c764c4938515a079df8a5a7c5211a02d","GENERATED_EVIDENCE","HASH_ONLY"
"suite_results/GATE8_R10_RAIL_AWARE_YAW_FEASIBILITY_ENVELOPE_04_evidence_cross_check.png","29144","d85b9202306d2fde78dfa1618d17a5061dc12a60c56158638d29b3d003afd515","GENERATED_EVIDENCE","HASH_ONLY"
"suite_results/GATE8_R10_RAIL_AWARE_YAW_FEASIBILITY_ENVELOPE_run.log","7402","a231cbcbcf233ae198b9f0026eb4e8b75455c61218d0c2aed91ef68114161d6f","GENERATED_EVIDENCE","HASH_ONLY"
"suite_results/GATE8_R10_SHADOW_COURSE_REFERENCE_OFFSET_PROBE.mat","95201","b059b5c5754f7fc8e66446bdf433a168e878f5ef3f0616d3c506c7f4af61a749","GENERATED_EVIDENCE","HASH_ONLY"
"suite_results/GATE8_R10_SHADOW_COURSE_REFERENCE_OFFSET_PROBE.md","10830","e8f3066d42c7ca6d14a4f5782badf6880b069f8693b269019c692bed720e8651","DOCUMENT_OR_METADATA","TRACK"
"suite_results/GATE8_R10_SHADOW_COURSE_REFERENCE_OFFSET_PROBE.png","192615","790510e568d2fc3af2b7ec3667df72bb5daf5675c01adc5e17af007a96479f64","GENERATED_EVIDENCE","HASH_ONLY"
"suite_results/GATE8_R10_SHADOW_COURSE_REFERENCE_OFFSET_PROBE_qa.png","140580","cf03c38b3f60719b48bf0b71fc6854f83ee914f7c343ed0f1d62ac7134e0cbc5","GENERATED_EVIDENCE","HASH_ONLY"
"suite_results/GATE8_R10_SHADOW_COURSE_REFERENCE_OFFSET_PROBE_run.log","4910","c4e6c5b831f1cae93681be2f50faeb74c49b6a01b9df1cf8dd13f538342c4655","GENERATED_EVIDENCE","HASH_ONLY"
"suite_results/GATE8_R10_YAW_AUTHORITY_COORDINATED_SHADOW_SWEEP.mat","169819","44ee83e08c2fc31247869c964e0e35f615f916b0f4ec8dccc8c4f2b85dd5b833","GENERATED_EVIDENCE","HASH_ONLY"
"suite_results/GATE8_R10_YAW_AUTHORITY_COORDINATED_SHADOW_SWEEP.md","25506","ed917e7af4d4e6688c4003ba813cf4281c171500b7a7db29eb3e6e85feb80bea","DOCUMENT_OR_METADATA","TRACK"
"suite_results/GATE8_R10_YAW_AUTHORITY_COORDINATED_SHADOW_SWEEP.png","331124","2ff952383af7bb1fb5019170695207a5f6ccda2e7858e8925c2ebd459aff76ce","GENERATED_EVIDENCE","HASH_ONLY"
"suite_results/GATE8_R10_YAW_AUTHORITY_COORDINATED_SHADOW_SWEEP_02_visual_qa.png","172435","4e5e05440f5af14016303f454818fd8ae5ccc85ee02dbb332f5fd3e1fdfe9b79","GENERATED_EVIDENCE","HASH_ONLY"
"suite_results/GATE8_R10_YAW_AUTHORITY_COORDINATED_SHADOW_SWEEP_run.log","3025","047d9d37675a203a1a4829df7bb82047242046f5ca0b2ac987a81d1d89826638","GENERATED_EVIDENCE","HASH_ONLY"
"suite_results/GATE8_R10_YAW_TERM_DIMENSIONAL_CONSISTENCY_AUDIT.mat","194818","5fef7b9a121fccb047bb907c733d0c60c64568aa05a3f51931129e3ed67529a1","GENERATED_EVIDENCE","HASH_ONLY"
"suite_results/GATE8_R10_YAW_TERM_DIMENSIONAL_CONSISTENCY_AUDIT.md","33717","01020f377755e0edc1fa9aa161d6dfed3cdeec7ca43002c0851db83d03d23f81","DOCUMENT_OR_METADATA","TRACK"
"suite_results/GATE8_R10_YAW_TERM_DIMENSIONAL_CONSISTENCY_AUDIT.png","328683","719806ee55596c6dbb5d1fa71484ac97e4dde3fc18de844486200e09810bec74","GENERATED_EVIDENCE","HASH_ONLY"
"suite_results/GATE8_R10_YAW_TERM_DIMENSIONAL_CONSISTENCY_AUDIT_02_visual_qa.png","254298","7f9bc3e6647bdff99ba8ccd21bacdee98548b691e0d6df342cbb6012c3a6885c","GENERATED_EVIDENCE","HASH_ONLY"
"suite_results/GATE8_R10_YAW_TERM_DIMENSIONAL_CONSISTENCY_AUDIT_run.log","5268","63fd0bbebe7691cdd4ce9d0dcf4ac1ea17e6c1593051cdd0d88a1c6bd722eda4","GENERATED_EVIDENCE","HASH_ONLY"
"suite_results/GATE9_SIMULATION_RC_ASSESSMENT.mat","15086548","1889e3a396e27ad8ee70c202d1cace15a6486cbb062fd5d9624086bbab5013cb","GENERATED_EVIDENCE","HASH_ONLY"
"suite_results/GATE9_SIMULATION_RC_ASSESSMENT.md","117939","e6f260e4d1defbc0fdf620e8a084bd15f1d89d491d5523672e6fd32bcdbfae30","DOCUMENT_OR_METADATA","TRACK"
"suite_results/GATE9_SIMULATION_RC_ASSESSMENT.png","201231","8fb41ca00ca204d693f6029081d0a04570d825288e169ba19a375a21b7abb3e5","GENERATED_EVIDENCE","HASH_ONLY"
"suite_results/GATE9_SIMULATION_RC_ASSESSMENT_qa.png","109593","d8b51cc11e78b70618a8292b7e84076373c0cd93158ec4a7beba6451bdd63ef7","GENERATED_EVIDENCE","HASH_ONLY"
"suite_results/GATE9_SIMULATION_RC_ASSESSMENT_run.log","8636","2cf3128c7889eae7086a38722b1acb20344892d48b189b42a413eb12c2543d3c","GENERATED_EVIDENCE","HASH_ONLY"
"suite_results/GATE9B_FAST_WHOLE_CODE_EMBEDDED_GAP_AUDIT.md","65041","824055cb64e7defcb52df5f79f690a30f31c2f6c3116c625975cdde4c4dc76da","DOCUMENT_OR_METADATA","TRACK"
"suite_results/GUIDANCE_MISSION_BASELINE.mat","1477558","d2e019ec3b2abdae28439e512078e89c94ac9d6e7b11628c60068921383f682a","GENERATED_EVIDENCE","HASH_ONLY"
"suite_results/GUIDANCE_MISSION_BASELINE.md","7574","ede0437e0c5e33f9f2b853b0448e4dae9ca6f9b55048d91a0256a1e80169393f","DOCUMENT_OR_METADATA","TRACK"
"suite_results/GUIDANCE_MISSION_BASELINE.png","235148","f86264a2ebc916b4dd2b7b70eecb20b5057d4cf0a38c89e47d9099b5e4425578","GENERATED_EVIDENCE","HASH_ONLY"
"suite_results/GUIDANCE_TRANSITION_SHAPER.mat","2093657","ad67cd31c8ef1aee78124aa9c4fcffb77af38c4fb806b985902e4140ff02cf94","GENERATED_EVIDENCE","HASH_ONLY"
"suite_results/GUIDANCE_TRANSITION_SHAPER.md","7941","c2a0161b75e6d77a7bb2b8526198575ac85462bafa820a4727d57582fc8e0976","DOCUMENT_OR_METADATA","TRACK"
"suite_results/GUIDANCE_TRANSITION_SHAPER.png","234595","6a9d9e0368a8fe5ab67948b6e267332e671b8d896022bddd2fc3e5a5450fa167","GENERATED_EVIDENCE","HASH_ONLY"
"suite_results/HANDOFF_T25.md","2670","baa70dbf17f4611e88fa86e1fa2028e546a20e955b2d318d55b02fd4ca733bd6","DOCUMENT_OR_METADATA","TRACK"
"suite_results/HELIX_R10_YAW_PITCH_ENVELOPE.mat","467767","3954af1adc067d67999a31a617d96b32fd4c257b2f1d99cf804ecc3664ee28cd","GENERATED_EVIDENCE","HASH_ONLY"
"suite_results/HELIX_R10_YAW_PITCH_ENVELOPE.md","4087","14b6f1fd472f37bcec749302b2fa7adb8bd9d0465a1fdeb81eceeecb3754869a","DOCUMENT_OR_METADATA","TRACK"
"suite_results/HELIX_R10_YAW_PITCH_ENVELOPE.png","197564","5d40d03c460ccb5110f243b37ba3425108e1ced7b1764030cab33ad529c5dfd8","GENERATED_EVIDENCE","HASH_ONLY"
"suite_results/HELIX_R75_YAW_PITCH_TRACK.mat","464987","3596dea1fba927a4cd89d3b8e86115255fed4639fe11fa228a885e1d44927ca2","GENERATED_EVIDENCE","HASH_ONLY"
"suite_results/HELIX_R75_YAW_PITCH_TRACK.md","3321","4cbbeca9c10ac6760d0b8cbebb7c1661916c4564c4cd53fd042ca006d3c04a9f","DOCUMENT_OR_METADATA","TRACK"
"suite_results/HELIX_R75_YAW_PITCH_TRACK.png","192795","fe923dc9d7eb72592414d6fb4ee4ccec4548471135a2dcb9c2e53b56df2e3cd3","GENERATED_EVIDENCE","HASH_ONLY"
"suite_results/HELIX_R8_YAW_PITCH_ENVELOPE.mat","465826","34bbcf53a7407472331e262143c6bb38d9d382169d3f45166d7611ae9a01a95a","GENERATED_EVIDENCE","HASH_ONLY"
"suite_results/HELIX_R8_YAW_PITCH_ENVELOPE.md","3639","780b5e2dbae8f98f77b8cfa53a595d9346d47b68cce60f9824b7fbfb52682082","DOCUMENT_OR_METADATA","TRACK"
"suite_results/HELIX_R8_YAW_PITCH_ENVELOPE.png","191962","1936e18b9356a3c898fcdd3beb21cfa19638ae69f0560c4545b16d70ed9c9bbc","GENERATED_EVIDENCE","HASH_ONLY"
"suite_results/HELIX_YAW_PITCH_TRACK.mat","464832","43414d2c21ddbf7ebcae5d1a732545e1a68455c24a14aad8b67b01562566700a","GENERATED_EVIDENCE","HASH_ONLY"
"suite_results/HELIX_YAW_PITCH_TRACK.md","3366","7ce22e0fcf69a77129f2ed644630caf852333a94adf7d0c94ec21ac5cefe589d","DOCUMENT_OR_METADATA","TRACK"
"suite_results/HELIX_YAW_PITCH_TRACK.png","194999","1ba42ffd7242af768bbf14c81c261a0cf3742b801df3d650545157694199c5da","GENERATED_EVIDENCE","HASH_ONLY"
"suite_results/ISOLATED_ONLINE_RUDDER_RESIDUAL_MONITOR.mat","297130","b6bfa084021a88860f82e559f4c5827016157556e3e4d50a920bddf2653a62a1","GENERATED_EVIDENCE","HASH_ONLY"
"suite_results/ISOLATED_ONLINE_RUDDER_RESIDUAL_MONITOR.md","3064","2b0984cd3d64f6b4f48746e081fb7f703689b74ff2872d645dc3c09f5a4541e1","DOCUMENT_OR_METADATA","TRACK"
"suite_results/ISOLATED_ONLINE_RUDDER_RESIDUAL_MONITOR.png","174086","aca77b32d92b0a7f899112503dcbf6f88f81c99c8e596547d6624b3277c50219","GENERATED_EVIDENCE","HASH_ONLY"
"suite_results/LOCAL_SS_CLIMB.mat","8450","6f20b231a9aec2f5ddbd25a5082dc1ab1e440105a20677c98f0b22e07bf8dd66","GENERATED_EVIDENCE","HASH_ONLY"
"suite_results/LOCAL_SS_CLIMB.md","10970","be5c17d9949c40e63293bccd87ce9c2b3557b60b6bde0a3a819ee393f7acb414","DOCUMENT_OR_METADATA","TRACK"
"suite_results/LOCAL_SS_CLIMB.png","153094","be056ad3c1c0012379057825786688d0c1cf7c1fc8dff281cfb70dde79bb069b","GENERATED_EVIDENCE","HASH_ONLY"
"suite_results/LOCAL_SS_LEVEL.mat","6325","1b9c1109ab4f622fe3aeae7f371057a247125cfdf9f80d688006b059916fad12","GENERATED_EVIDENCE","HASH_ONLY"
"suite_results/LOCAL_SS_LEVEL.md","8401","1d86c9ed1e1c72bf8e7501c27fb4e4679d830cc7c1b2021498ef5ff93790a081","DOCUMENT_OR_METADATA","TRACK"
"suite_results/LOCAL_SS_LEVEL.png","100937","50c53b1d2a88f2f661f35fe5eed2a07c229cc9ba572ba9c00487e6ff4be02089","GENERATED_EVIDENCE","HASH_ONLY"
"suite_results/LQR_LQI_PITCH_BENCHMARK.mat","91210","7d5ac6ecedb3605bb0b75e390cb49bd44465aea67462f3efb340998492b1a0c7","GENERATED_EVIDENCE","HASH_ONLY"
"suite_results/LQR_LQI_PITCH_BENCHMARK.md","5150","deb46617767feba32c772542a9911225acea55740dd40fe23e9f491e38b3f07c","DOCUMENT_OR_METADATA","TRACK"
"suite_results/LQR_LQI_PITCH_BENCHMARK.png","139726","e3e8b8ead3f9c4a32b5a57ee044e38505d25f00ef32ac42d36470da9abe82da4","GENERATED_EVIDENCE","HASH_ONLY"
"suite_results/METRIC_RESCORE.md","3693","21fb7550ec3ceaa65866ade807d0c2f375c750ef138d5207e52e01b18e96d68e","DOCUMENT_OR_METADATA","TRACK"
"suite_results/NAV_AVAILABILITY_OUTAGE_STRESS.mat","13376162","b86bc96247a6f1d86bf292c020a5d86579a4a4b9ca518abfd492f441fca0a6bd","GENERATED_EVIDENCE","HASH_ONLY"
"suite_results/NAV_AVAILABILITY_OUTAGE_STRESS.md","52674","573d0bd17f19599a95991493103f5783eb3015421757eef070993c23c0ea1049","DOCUMENT_OR_METADATA","TRACK"
"suite_results/NAV_AVAILABILITY_OUTAGE_STRESS.png","451483","586caae22cec8984681c7be5cb6cbc0169dce0757e61ddf7198da82eab19018a","GENERATED_EVIDENCE","HASH_ONLY"
"suite_results/NAV_AVAILABILITY_OUTAGE_STRESS_run.log","6739","7299b02e5d4fac880c4f0ed61a9a28fbf34827515b8e294c404cd86e66b19862","GENERATED_EVIDENCE","HASH_ONLY"
"suite_results/NAV_AVAILABILITY_OUTAGE_STRESS_VALIDATION.mat","13586346","5bdf187d54c8aa4e888967758afd7c7f18e4ed568eaa155d0958b85071972076","GENERATED_EVIDENCE","HASH_ONLY"
"suite_results/NAV_AVAILABILITY_OUTAGE_STRESS_VALIDATION.md","47869","117e1ae7f9232eee0e4bc605d24f2d48ef304168cb2ea27d72712d4647240cd2","DOCUMENT_OR_METADATA","TRACK"
"suite_results/NAV_AVAILABILITY_OUTAGE_STRESS_VALIDATION.png","435083","0b89380120c42e15b75a1a852124b4eb733108a2fb766a822470568aefddff16","GENERATED_EVIDENCE","HASH_ONLY"
"suite_results/NAV_MULTIRATE_EKF_BASELINE.mat","6495676","bd05cf6c21dc40d7993a67850fd7b672cdb6fa303e32fbf4e5ad994e91c25168","GENERATED_EVIDENCE","HASH_ONLY"
"suite_results/NAV_MULTIRATE_EKF_BASELINE.md","25111","ec928eaedc9f77181248f1e44e1d7b0c983c29b14c2e64e1ac171bced07a2fb5","DOCUMENT_OR_METADATA","TRACK"
"suite_results/NAV_MULTIRATE_EKF_BASELINE.png","486613","539b58862e117d5de110e7eaefe38ae42c5a92221326e0393e6fe2e30e9743e0","GENERATED_EVIDENCE","HASH_ONLY"
"suite_results/NAV_MULTIRATE_EKF_BASELINE_REPAIR.mat","6728748","288bdb5033916569bceaaf7701c754cc38435b84ba1df688db82ea72ef8d7f84","GENERATED_EVIDENCE","HASH_ONLY"
"suite_results/NAV_MULTIRATE_EKF_BASELINE_REPAIR.md","32318","9f3b5eec2275b7cb4069450d92b8bc8c0169f809e027dd86d2434acdbb6155f0","DOCUMENT_OR_METADATA","TRACK"
"suite_results/NAV_MULTIRATE_EKF_BASELINE_REPAIR.png","494437","2f9ba005c0d8ac2e9abf450be50f6c8ce6fa3a1003333a8a1dff93681a81a1c3","GENERATED_EVIDENCE","HASH_ONLY"
"suite_results/NAV_MULTIRATE_EKF_BASELINE_run.log","2167","431dbf5278858f9de446831fd74bc392aeff268145b01c8af6ab369a2c20d621","GENERATED_EVIDENCE","HASH_ONLY"
"suite_results/NAV_MULTIRATE_SENSOR_CHAIN.mat","327189","0a32ba05a092beec2f9bfedaeebf173f9f15aef071d161cc05d45fda9877d060","GENERATED_EVIDENCE","HASH_ONLY"
"suite_results/NAV_MULTIRATE_SENSOR_CHAIN.md","19275","76d9362861c6753a0167a352d5daee7b23e44a578b9402c75a2e508c6af9cfa4","DOCUMENT_OR_METADATA","TRACK"
"suite_results/NAV_MULTIRATE_SENSOR_CHAIN.png","266183","ff0a6dc34ba078331354e022b83a10afb3a7271e4939a7aa1b5418f80df16adc","GENERATED_EVIDENCE","HASH_ONLY"
"suite_results/NAV_MULTIRATE_SENSOR_CHAIN_VALIDATION.mat","330935","bae0f5da8a4d0a439561580692c0b54851f41a1d0fe3ee06c09fd51f846e41b4","GENERATED_EVIDENCE","HASH_ONLY"
"suite_results/NAV_MULTIRATE_SENSOR_CHAIN_VALIDATION.md","21456","799382120745fa5bbf6be0472dc6b16d320e71a9c6d2b09b9f76046effc53a2e","DOCUMENT_OR_METADATA","TRACK"
"suite_results/NAV_MULTIRATE_SENSOR_CHAIN_VALIDATION.png","306032","c91f6ef348c33d7f863d6e55910ba57fcec579c8b8708607a69c6bd8b7c6d7d5","GENERATED_EVIDENCE","HASH_ONLY"
"suite_results/OUTER_GAMMA_ADRC_SCAFFOLD.mat","765759","5e3ad94a3e92e7aa5502444fa9a6355a18853bcebbe75ca7fb56f1a8b3f37536","GENERATED_EVIDENCE","HASH_ONLY"
"suite_results/OUTER_GAMMA_ADRC_SCAFFOLD.md","5542","29fcb69093c42aa8c87bf80f320ed233a4afd40b72d52968140a158d8dd051a8","DOCUMENT_OR_METADATA","TRACK"
"suite_results/OUTER_GAMMA_ADRC_SCAFFOLD.png","153129","8ff31812bf634ce97eef433b8365e552bfd9cc62de8b006e020f11bdbc1dd331","GENERATED_EVIDENCE","HASH_ONLY"
"suite_results/OUTER_GAMMA_INDI_AUDIT.mat","56160","fe3072edeb95326db55001d3222a33089e86590772309c30c6497e83bdec8b36","GENERATED_EVIDENCE","HASH_ONLY"
"suite_results/OUTER_GAMMA_INDI_AUDIT.md","7248","315b3abdf93574be9563a0b8810c0ab3f073aa285d02dcbb86a52010454379c5","DOCUMENT_OR_METADATA","TRACK"
"suite_results/OUTER_GAMMA_INDI_AUDIT.png","108480","8c7522de91ad1cbcb0f6f0d99fef7a881027df16ad85c0385301abccf754e5c2","GENERATED_EVIDENCE","HASH_ONLY"
"suite_results/OUTER_GAMMA_PI_SCAFFOLD.mat","744598","00ef9e9e50dbf29567cde2065c5b4e2244b7d87cbf0a450a1a8715e4ca655470","GENERATED_EVIDENCE","HASH_ONLY"
"suite_results/OUTER_GAMMA_PI_SCAFFOLD.md","4861","44b0ef0a5f1c0be129b19a17c3ca2197c3dcb1e45a5b11efdba42f31bbdeeaf5","DOCUMENT_OR_METADATA","TRACK"
"suite_results/OUTER_GAMMA_PI_SCAFFOLD.png","148188","6e549326e5d5c9f10fb2b297bce626882cbd2dd1a38388ca4d579bcf2d55b061","GENERATED_EVIDENCE","HASH_ONLY"
"suite_results/PITCH_CLIMB_FF_REGRESSION.mat","177036","0ba79309cb38b0134683a7c615f983aeae5c0d95dd2475ca3dc2b05494148373","GENERATED_EVIDENCE","HASH_ONLY"
"suite_results/PITCH_CLIMB_FF_REGRESSION.md","2741","b1e1f6350d2d034be77aa7cdf88090a0a26ee84638f70d23ec1f72405d0027dc","DOCUMENT_OR_METADATA","TRACK"
"suite_results/PITCH_CLIMB_FF_REGRESSION.png","194568","8a3ce97fa4dfe33590e46097ebbeb1c37fd0af028f7ed76d2b048d83c138d199","GENERATED_EVIDENCE","HASH_ONLY"
"suite_results/PITCH_CLOSURE.md","2601","edb1e40d7504bb997c59385250a9bbb3340a2cac0c8464a88d7bc146b9fd1882","DOCUMENT_OR_METADATA","TRACK"
"suite_results/PITCH_CONTROL_RESEARCH_LOG.md","123792","9f7042dfa96d8f1d5b3ad57beea715bd9cec2e9e99d0eb5343478b0442f1b71f","DOCUMENT_OR_METADATA","TRACK"
"suite_results/PITCH_FLIGHTPATH_SEMANTICS_AUDIT.mat","818570","34fc869dfddfce6fb3e49d3e56adc56430825aa14013d43b4dff072945bbdbf0","GENERATED_EVIDENCE","HASH_ONLY"
"suite_results/PITCH_FLIGHTPATH_SEMANTICS_AUDIT.md","7076","27a9d67863fca033b178cafb32ba52c67133509aa341813bb0d8cb17be2aaa00","DOCUMENT_OR_METADATA","TRACK"
"suite_results/PITCH_FLIGHTPATH_SEMANTICS_AUDIT.png","183618","f769c9d0bc964593f4395205adb1dd877938a22b3ed8bbfda08dda576b560e06","GENERATED_EVIDENCE","HASH_ONLY"
"suite_results/PITCH_X_TRACK.mat","69715","3066cdb027d76e465012c697b5d80c473f9789fbb476160c95b6253000e57bdb","GENERATED_EVIDENCE","HASH_ONLY"
"suite_results/PITCH_X_TRACK.md","1800","d4cb6c0817a27244d8805205fd4a8db89b75114db83988e9a8b54890851fc882","DOCUMENT_OR_METADATA","TRACK"
"suite_results/PITCH_X_TRACK.png","139057","9895b491bca715eb0066652aa4cb9c103f12fc33b6543509b338514453f451ef","GENERATED_EVIDENCE","HASH_ONLY"
"suite_results/PITCH_XZ_BUMPLESS_DE_INIT.mat","114710","6af5f276b59d084981e785da384fa0a2ddcf0c31702b2d8565fd8bb9a9c34c6e","GENERATED_EVIDENCE","HASH_ONLY"
"suite_results/PITCH_XZ_BUMPLESS_DE_INIT.md","2612","bc95be25bd3bad7106823418e2e211ade109121043ad6c74aeb012ca3c9d5f49","DOCUMENT_OR_METADATA","TRACK"
"suite_results/PITCH_XZ_BUMPLESS_DE_INIT.png","108539","43ed04d0ab24a23df82f2692cb066e880e501a8fe25a13e213ffc79b0c22e89b","GENERATED_EVIDENCE","HASH_ONLY"
"suite_results/PITCH_XZ_CLIMB_TRIM_FF.mat","128015","bfcc84fb62a6e774bfb0b8fe1b15a5e12b7aa0fdaee691762413844f4d1f81c6","GENERATED_EVIDENCE","HASH_ONLY"
"suite_results/PITCH_XZ_CLIMB_TRIM_FF.md","3239","26f3ab1b56068273d7f4588283a71a50aaf553657c10f0954924ae368a9704ea","DOCUMENT_OR_METADATA","TRACK"
"suite_results/PITCH_XZ_CLIMB_TRIM_FF.png","153620","caed13e266924ca9c4f7b9d5f090fa9d6d259bddb2333c5d118c2af85e16a0d9","GENERATED_EVIDENCE","HASH_ONLY"
"suite_results/PITCH_XZ_INTERNAL_ATTRIB.mat","165495","1268fce874ec8a9a3e4a47269a8a088a6f722b14aa9381715550d22e52ea4d9c","GENERATED_EVIDENCE","HASH_ONLY"
"suite_results/PITCH_XZ_INTERNAL_ATTRIB.md","3599","20f9c879f734600d70cf4bae179a524ed567b3ab332d75fc30b4ab42d49719d5","DOCUMENT_OR_METADATA","TRACK"
"suite_results/PITCH_XZ_INTERNAL_ATTRIB.png","184562","8822d38d06e941dcc0bff1a8edf388ecc1c6a97072518d3cc7b63c96c9233395","GENERATED_EVIDENCE","HASH_ONLY"
"suite_results/PITCH_XZ_TRACK.mat","201247","814975701744e1fb635d479cdebb260a43aad06d5d50d41307561abe568fa3b4","GENERATED_EVIDENCE","HASH_ONLY"
"suite_results/PITCH_XZ_TRACK.md","3071","6ca9b739df36c74b5c4ffd8220017d1ccecd884cc07e9f23ce361f1e5dba8203","DOCUMENT_OR_METADATA","TRACK"
"suite_results/PITCH_XZ_TRACK.png","186723","9c2aaa8e286a223661e7e309d9e33d6eef9e4281dabdc2a8767e95fc1a2d3d66","GENERATED_EVIDENCE","HASH_ONLY"
"suite_results/PITCH_XZ_WARMSTART_I.mat","127052","fa5f4951b67d277c6a09cfd92650f37b4f4680c65d48b60f73a85866b0d70501","GENERATED_EVIDENCE","HASH_ONLY"
"suite_results/PITCH_XZ_WARMSTART_I.md","3138","3ed2c376dc8d03800033c1c42e5f1ca50a0413d0df6e1edaf716d2e24bd1f368","DOCUMENT_OR_METADATA","TRACK"
"suite_results/PITCH_XZ_WARMSTART_I.png","152472","37c01c531e96aac00708f0c79f13d1b5ec311f8d0cf8818e72593c4900fd8bb8","GENERATED_EVIDENCE","HASH_ONLY"
"suite_results/PITCH_XZ_WINDOW_AUDIT.mat","135712","c73425c6a1bf02c3260a849c9cf90f13c92d67b5d0021b3b5c15c660c7aa6dad","GENERATED_EVIDENCE","HASH_ONLY"
"suite_results/PITCH_XZ_WINDOW_AUDIT.md","4609","173a5e566545bab0c11349546e9b1160a8491fa4a4fd99d8c6940719cec50913","DOCUMENT_OR_METADATA","TRACK"
"suite_results/PITCH_XZ_WINDOW_AUDIT.png","122288","11926cf5fbc10b4ecdeefa1422f34f101262538fa5d0c6e4ea33044c4cbd9db4","GENERATED_EVIDENCE","HASH_ONLY"
"suite_results/PITCH_YAW_CLOSURE.md","5263","7ace7cfc861ecd2ef6c9cb5580e19567f28df4b7135634721319b8c3c6d68d40","DOCUMENT_OR_METADATA","TRACK"
"suite_results/pitch_yaw_closure.mat","1265617","5d9c8ef4495fe1d933a37c4e63788c35cece13f7912962cbf435d3b2a8f08c48","GENERATED_EVIDENCE","HASH_ONLY"
"suite_results/pitch_yaw_closure_log.txt","6810","24fd922920085c4f0a0a205f9705ec295fcf0976b45a5d2441407b36b1103a29","DOCUMENT_OR_METADATA","TRACK"
"suite_results/PLANT_VERTICAL_TABLE.md","4629","7bdf8b9614916d6d8590059b960a72068e68f8670a379f75543e8092c495251c","DOCUMENT_OR_METADATA","TRACK"
"suite_results/PROPULSION_POWER_COMPUTE_BASELINE.mat","12488010","f7c1ce74098c0f5a621cac9c34923e684a4d153a1f45a985f5861d96818c7868","GENERATED_EVIDENCE","HASH_ONLY"
"suite_results/PROPULSION_POWER_COMPUTE_BASELINE.md","25236","6f169bfac56de0416840f8abd6360f194ccf60c618576f31ae54a973f18d8491","DOCUMENT_OR_METADATA","TRACK"
"suite_results/PROPULSION_POWER_COMPUTE_BASELINE.png","235763","c70616f2bcf48d6fcaffef8efa82f7826859d5a5f4db23c7c2973cf71f3e7fc7","GENERATED_EVIDENCE","HASH_ONLY"
"suite_results/PROPULSION_POWER_COMPUTE_BASELINE_run.log","6066","c3f476c68b1ac7e1b4d4a0138246fe1c1c0b10d8acdf994c9d48cc443bb33811","GENERATED_EVIDENCE","HASH_ONLY"
"suite_results/PROPULSION_POWER_COMPUTE_PARITY_FIX.mat","3274552","338671b92f2de44c157cf15c12ec949f8c6ee0d6e6da4e45ca6f7af29b17fc6f","GENERATED_EVIDENCE","HASH_ONLY"
"suite_results/PROPULSION_POWER_COMPUTE_PARITY_FIX.md","14965","aa15db3b2b041b6aefaf664cd3cec65043aa8b936bd67dddb76081702c27b839","DOCUMENT_OR_METADATA","TRACK"
"suite_results/PROPULSION_POWER_COMPUTE_PARITY_FIX.png","193447","8dfa54a394a5137cfb40441b4ff1619c0796f101c962cca2bb722f65daf088cd","GENERATED_EVIDENCE","HASH_ONLY"
"suite_results/PROPULSION_POWER_COMPUTE_PARITY_FIX_run.log","30901","76963c4c3c95d88c42c9027573532d9963b805457be3396f4446d7e95ca3b174","GENERATED_EVIDENCE","HASH_ONLY"
"suite_results/R75_YAW_INTERNAL_ATTRIB.mat","1403682","0f32dcf10ba883c411a50020beb67948f0dddc4e4a330801ec89d60a4b8fd2d3","GENERATED_EVIDENCE","HASH_ONLY"
"suite_results/R75_YAW_INTERNAL_ATTRIB.md","3516","fbeb9f22aa39cc0616040ccdbb08e59ecd78c8ff9176000daa56511dc818175b","DOCUMENT_OR_METADATA","TRACK"
"suite_results/R75_YAW_INTERNAL_ATTRIB.png","188842","2ba924a86e9b03010ffc48b897633a5c5742c591b73152c20a205adf3e52056a","GENERATED_EVIDENCE","HASH_ONLY"
"suite_results/R75_YAW_SMOOTHNESS_BASELINE.csv","855668","00432ad1d921d827d8556ea13965662c75f1f49d4f6ba0cef34bcbee7c011550","DOCUMENT_OR_METADATA","TRACK"
"suite_results/R75_YAW_SMOOTHNESS_BASELINE.mat","1059671","2020094b51fcbe876a8007294a0e78f518b6eb62ac40a9eb5fec0392d1da53d9","GENERATED_EVIDENCE","HASH_ONLY"
"suite_results/R75_YAW_SMOOTHNESS_BASELINE.md","4390","bb2acb3328204fb6a81d297d6208b1813ce1ff3d71ff35cf3d1764145c322ad1","DOCUMENT_OR_METADATA","TRACK"
"suite_results/R75_YAW_SMOOTHNESS_BASELINE.png","168146","e2bf081c126c10113d4c6f8e132706a7a495707dc217551c1407c5384fe7fa2a","GENERATED_EVIDENCE","HASH_ONLY"
"suite_results/REAL_TIME_POWER_INTEGRITY_CONTRACT.mat","419060","c177a08715e4a009b21b57f6b5bf53e7f197db5cc7c52deff4bdb94cd53daf22","GENERATED_EVIDENCE","HASH_ONLY"
"suite_results/REAL_TIME_POWER_INTEGRITY_CONTRACT.md","22826","759760d2879f797ca7f68775669898f929597c22950f0463780798b18ad0cf4f","DOCUMENT_OR_METADATA","TRACK"
"suite_results/REAL_TIME_POWER_INTEGRITY_CONTRACT.png","147892","b3051aa2131a71153f141fb37787c429b3c9c5baf3557e7b39f40d1c4846910b","GENERATED_EVIDENCE","HASH_ONLY"
"suite_results/RESULT.md","2368","dc2879aa7a95ca2997cb58344167e9c0e438973365523b3cecba8ebd0a6b09ae","DOCUMENT_OR_METADATA","TRACK"
"suite_results/ROLL_BASELINE_AUDIT.mat","401315","9c45675a5892f07e384ef98cf4f18f9b244f16221f234f3f7096c440d390f35d","GENERATED_EVIDENCE","HASH_ONLY"
"suite_results/ROLL_BASELINE_AUDIT.md","6380","ffabf902e8687d44db6769798cb306b62c4b75450cd951b07b1e9ef90b6dd181","DOCUMENT_OR_METADATA","TRACK"
"suite_results/ROLL_BASELINE_AUDIT.png","129463","2b7d7c45021244080fdfc89dc7e71fa323737ac01315aa5dcd00f99a4e5f21f3","GENERATED_EVIDENCE","HASH_ONLY"
"suite_results/ROLL_PRODUCTION_CLOSURE.mat","668348","2bc2e9e33aa9a2ce92f7d11eceed5f38ca06111f3ae9ac08142ceb8256c7b051","GENERATED_EVIDENCE","HASH_ONLY"
"suite_results/ROLL_PRODUCTION_CLOSURE.md","4696","02183fe9be50290a3c1667bfcf81ac5d2a01a93b03177446c875fae6f2ea4162","DOCUMENT_OR_METADATA","TRACK"
"suite_results/ROLL_PRODUCTION_CLOSURE.png","185882","6648e01711bc29bc7e0bb4f666324c76c423366c60d46dc919700c1c5253857c","GENERATED_EVIDENCE","HASH_ONLY"
"suite_results/ROLL_TRIM_RELATIVE_AUDIT.mat","67015","490e29051e2ea7e0592e52ddd26c51beaa2bba9f4fa17db8bc44a418a144e0d5","GENERATED_EVIDENCE","HASH_ONLY"
"suite_results/ROLL_TRIM_RELATIVE_AUDIT.md","5197","a15882f6b9cac1e4225a0b50d4ff4a1130a4a0c1f516d2c5785fe95243212db6","DOCUMENT_OR_METADATA","TRACK"
"suite_results/ROLL_TRIM_RELATIVE_AUDIT.png","148354","7a23cc440fba47d28176c749fd52f733382a90c78e028b78ee70baa01c88e781","GENERATED_EVIDENCE","HASH_ONLY"
"suite_results/RUDDER_CUSUM_DETECTOR.mat","4348040","968583f48374cfbd808d4db75a335e082530a934d0871c60d933a9206ad6825e","GENERATED_EVIDENCE","HASH_ONLY"
"suite_results/RUDDER_CUSUM_DETECTOR.md","5360","c04885ea6c6f38ffb7c89b9b33b28ff89ef1bf208ce0a1e32b4cb24cce8c6852","DOCUMENT_OR_METADATA","TRACK"
"suite_results/RUDDER_CUSUM_DETECTOR.png","89566","fed4d85f1f245a1d8210d80e20ae536fa5359ea105a92bc58c4a8a7d3a145e19","GENERATED_EVIDENCE","HASH_ONLY"
"suite_results/RUDDER_FAULT_BASELINE.mat","1864822","2fa20f120f726c3f031e2ae6d2be4dab0782a3048d99a0de86733b7e1947755a","GENERATED_EVIDENCE","HASH_ONLY"
"suite_results/RUDDER_FAULT_BASELINE.md","4495","faad078952f1fcabae554aca9b4769888904532b63428d56686de6453955dd22","DOCUMENT_OR_METADATA","TRACK"
"suite_results/RUDDER_FAULT_BASELINE.png","149939","a6812a3d0d6e9794c3eafd14395af5f29e641416cc6432f623c6c542ebbf42f4","GENERATED_EVIDENCE","HASH_ONLY"
"suite_results/RUDDER_FAULT_MAG_SPEED_COVERAGE.mat","1850190","2e6126e66596a1bb9e8822f8f3c08fe5719f6d94d5db6cb3f67ac1b9a2b3fd0f","GENERATED_EVIDENCE","HASH_ONLY"
"suite_results/RUDDER_FAULT_MAG_SPEED_COVERAGE.md","5771","c46b8492788a0362cde8513924382e3f5415370ef93931712c74e59a58342cf4","DOCUMENT_OR_METADATA","TRACK"
"suite_results/RUDDER_FAULT_MAG_SPEED_COVERAGE.png","169404","c73dd05312a7542afed2b3e486489d812252f324d62d22b8a71ee341bd78ae6c","GENERATED_EVIDENCE","HASH_ONLY"
"suite_results/RUDDER_MONITOR_NOISE_DELAY_STRESS.mat","919802","3cda3f2ce43959232771bf2b82abacee2d67465e55ed73f68a69983378e20345","GENERATED_EVIDENCE","HASH_ONLY"
"suite_results/RUDDER_MONITOR_NOISE_DELAY_STRESS.md","6611","a1381b4305a2cdec5dfb9b3f57abfabca3ad507fc03d3c0205a7b739893ae2d8","DOCUMENT_OR_METADATA","TRACK"
"suite_results/RUDDER_MONITOR_NOISE_DELAY_STRESS.png","106777","2bbf47ac088b7164710cc35ecf568ef5c03fa0cddbccef7cf3367a1afeaebde0","GENERATED_EVIDENCE","HASH_ONLY"
"suite_results/RUDDER_RESIDUAL_DETECTOR_FEASIBILITY.mat","807079","bccf324f70bb386c480c4a2b4e9e510c65cdb4064b54889c536d924f6b1d00a6","GENERATED_EVIDENCE","HASH_ONLY"
"suite_results/RUDDER_RESIDUAL_DETECTOR_FEASIBILITY.md","5549","9ca06c8934e842b6b83a787fb71ce2b73590645dfa622b37e05dad896f89f78c","DOCUMENT_OR_METADATA","TRACK"
"suite_results/RUDDER_RESIDUAL_DETECTOR_FEASIBILITY.png","221755","f177c20744fc16f1217df6b69b21f63052fbd8581c7f25ac504a8fd425770c47","GENERATED_EVIDENCE","HASH_ONLY"
"suite_results/SENSOR_NOISE_CURRENT_AUDIT.mat","394224","85bc6b18f47dfa01224c813b5c8c6269f656e25e1e69e897ee63ac3708a3c2d2","GENERATED_EVIDENCE","HASH_ONLY"
"suite_results/SENSOR_NOISE_CURRENT_AUDIT.md","7693","945a9eb5e73441621a6e18d5f833c5537ec80dff930f628c360450aecb0b8a3c","DOCUMENT_OR_METADATA","TRACK"
"suite_results/SENSOR_NOISE_CURRENT_AUDIT.png","157380","d0c603f222e632d0099fa7961708bfee53c936e443ae4710e7f173f7bb596346","GENERATED_EVIDENCE","HASH_ONLY"
"suite_results/SPEED_AWARE_ROLL_COUPLING_AUDIT.mat","404269","4ea3eca48896aa14da262280ff0c808e67c90b6efdb13072379f261a07243212","GENERATED_EVIDENCE","HASH_ONLY"
"suite_results/SPEED_AWARE_ROLL_COUPLING_AUDIT.md","5183","8b064d551100d82c61a4c9fee3e2ff1e8c93ef9940205cd00a6c1e1778dd67ca","DOCUMENT_OR_METADATA","TRACK"
"suite_results/SPEED_AWARE_ROLL_COUPLING_AUDIT.png","243595","9bf6563f20091c7164a66bbd0f84191e3e12ed5e5e5c57bc29f9cf2e9db2bafd","GENERATED_EVIDENCE","HASH_ONLY"
"suite_results/SPEED_BASELINE_AUDIT.mat","1318797","c94b5082cec3208ce5d5cfde6b74e7014eef9346c9c8b062617a0c90b3bf3373","GENERATED_EVIDENCE","HASH_ONLY"
"suite_results/SPEED_BASELINE_AUDIT.md","3715","83a6d50086c6a5a64b4c0ff12c0c69f51461912d77639332a822de83797f171d","DOCUMENT_OR_METADATA","TRACK"
"suite_results/SPEED_BASELINE_AUDIT.png","165670","5003696414952883a83d7eb1876ada93e5b3afa6c32779c71fd0a9b3dfd13f23","GENERATED_EVIDENCE","HASH_ONLY"
"suite_results/SPEED_ENVELOPE_AUDIT.mat","3954280","85125f16c6e76ff804c27f6ad4d343c72cfbbee9b11140e18c763c35a52c7304","GENERATED_EVIDENCE","HASH_ONLY"
"suite_results/SPEED_ENVELOPE_AUDIT.md","6011","c030e59790e7c79b59d99d5ccc82307815ac393ba688173cf8568f3c38cb7c02","DOCUMENT_OR_METADATA","TRACK"
"suite_results/SPEED_ENVELOPE_AUDIT.png","144402","d8f56c83a6b64422514282c728fcf9b6e7d5fa49988a30ec82e2d1270fba3b5e","GENERATED_EVIDENCE","HASH_ONLY"
"suite_results/SPEED_ENVELOPE_AUDIT_run.log","12122","8c4791da05b5a9c326d3481226cdcd850986ea2e16a240c307e0e33230561ec8","GENERATED_EVIDENCE","HASH_ONLY"
"suite_results/SPEED_PI_FF_BENCHMARK.mat","1346488","23abf4ee8efe95a9b5eed882e36a64a9f6406f780f6fd6b251d74c85402244d9","GENERATED_EVIDENCE","HASH_ONLY"
"suite_results/SPEED_PI_FF_BENCHMARK.md","4636","d8d4612313a79ac6ad6666d639d9a8c9adfec78736b1b53284aa8700e92261be","DOCUMENT_OR_METADATA","TRACK"
"suite_results/SPEED_PI_FF_BENCHMARK.png","231448","723cce5576c3190ede9c62f539a7c17cb2b2519184782c83ac1b7f91cd57ad3d","GENERATED_EVIDENCE","HASH_ONLY"
"suite_results/SS_VALIDATION.mat","230503","018aae57b459675f1e08ad25ac1baf4da60179f126c04d0cbb2b6f32d000ccb9","GENERATED_EVIDENCE","HASH_ONLY"
"suite_results/SS_VALIDATION.md","6598","adbcc9de293e7be5d024febf07bfb132453bc06b1fe1bf036c42712f7fec64c1","DOCUMENT_OR_METADATA","TRACK"
"suite_results/SS_VALIDATION.png","179664","f5ed9a865bd6981460311efee3247569fe0d3de28a63bd79893412f44ad8526d","GENERATED_EVIDENCE","HASH_ONLY"
"suite_results/STATE_SPACE_MODEL_AUDIT.md","100705","7b4300e40cf58db70b0a6f7f320a05dc625c4e111f8702b7e098fb8065aee0ca","DOCUMENT_OR_METADATA","TRACK"
"suite_results/summary.txt","4824","9c218d83e4ca8c6e436fc0eb5c73e4f9a7f74a95d6675e4693fea5587e06eb5e","DOCUMENT_OR_METADATA","TRACK"
"suite_results/summary_baseline_rescore.txt","4824","9c218d83e4ca8c6e436fc0eb5c73e4f9a7f74a95d6675e4693fea5587e06eb5e","DOCUMENT_OR_METADATA","TRACK"
"suite_results/T1A_matlab_log.txt","24756","9aa2a4838e3b46ef46ae1a9c60e8d9535a3ace1e52a90e6b583bdc41175309c4","DOCUMENT_OR_METADATA","TRACK"
"suite_results/T1A_RESULTS.md","2170","cb31fa98b5a517ce7e17c0426444f66408ae16e08c945a35b8e2d6c0bc3b7d3a","DOCUMENT_OR_METADATA","TRACK"
"suite_results/T1A_run1_summary.txt","1193","7b806fd23806c89edcee88cb79f326e3581cc579b6241cdf1a790ecc026996d5","DOCUMENT_OR_METADATA","TRACK"
"suite_results/T1A_run2_summary.txt","1193","7b806fd23806c89edcee88cb79f326e3581cc579b6241cdf1a790ecc026996d5","DOCUMENT_OR_METADATA","TRACK"
"suite_results/T1A_runs.mat","1129","2eb948f7faf9da347c9a484a3bb9801af50ad0f9a603f18f3b553a2476ccc211","GENERATED_EVIDENCE","HASH_ONLY"
"suite_results/T1B_matlab_log.txt","30140","fb707a9df58268743cd43be191ea8d6b7eebecdc428a61f7cc2c60b938831444","DOCUMENT_OR_METADATA","TRACK"
"suite_results/T1B_RESULTS.md","1308","e94a88618517f18fd19746373253abbf510c75e43305806b12a1d09315784e4f","DOCUMENT_OR_METADATA","TRACK"
"suite_results/T1B_run1_summary.txt","1194","1503640fe40266ef91be1c6f1c3097279b0b3f4cb615bebe16541d16e277286f","DOCUMENT_OR_METADATA","TRACK"
"suite_results/T1B_run2_summary.txt","1194","1503640fe40266ef91be1c6f1c3097279b0b3f4cb615bebe16541d16e277286f","DOCUMENT_OR_METADATA","TRACK"
"suite_results/T1B_runs.mat","1128","ae09734523ae63879c88249d57cd8d45fc27c377899e9882ecf08aa7775f0874","GENERATED_EVIDENCE","HASH_ONLY"
"suite_results/T25_DIAG.md","2750","9c4d5f1aa6c4244c1e6ea4a42cbdbfbb9ed6ca50892b693e70f4e9959e2a18a1","DOCUMENT_OR_METADATA","TRACK"
"suite_results/T25_diag_results.mat","190233","228dfc47ba5535323dfcbeb536a43dd7cb1fcbd944c5b114f0c44defc8477c38","GENERATED_EVIDENCE","HASH_ONLY"
"suite_results/T25_suite_results.mat","1231","e44dcc9252a0f1f005121e3999887b782607b5e0a599d7e1d6af5c3922e96410","GENERATED_EVIDENCE","HASH_ONLY"
"suite_results/T25_SUMMARY.md","3687","4b8637b9616a0348720d401c8f089ab6d27d7d1bba08f9b61a54bf7ffe8bd436","DOCUMENT_OR_METADATA","TRACK"
"suite_results/T25_testA_level.png","52971","49995fd46f37366b0b2aef90bf4a8ad1389b49a483e28a497feb7448eca100fa","GENERATED_EVIDENCE","HASH_ONLY"
"suite_results/T25_testB_symmetry.png","33118","afec064d724c97a90a718080f69f733b14b049c819a561c4b3724d2bb5ef3246","GENERATED_EVIDENCE","HASH_ONLY"
"suite_results/T25_testC_Ki_ablation.png","43017","de27e6d0c020c7201dff20f3d7e7ece814a5df18f65744cd92f44b25f1fd2267","GENERATED_EVIDENCE","HASH_ONLY"
"suite_results/T25_testD_compare.png","95663","db74eb60c0e82d8d9f498ad96e6bc4f5b7e373992dfd7913b720cc07995f7f9f","GENERATED_EVIDENCE","HASH_ONLY"
"suite_results/T25_verify_run.log","1761","96fc6f9dc081eb9a208493d44fb9da46ba86b8144e7d96206e085db686163680","GENERATED_EVIDENCE","HASH_ONLY"
"suite_results/T25_verify_trim.txt","397","2ad7f7e482a9c281e519ab986e0b4481ad1346695a95f4dfa0282d0a4b277b0c","DOCUMENT_OR_METADATA","TRACK"
"suite_results/T2A_matlab_log.txt","32664","ccb2297eb42a8a988e9ecb02cdfd6973a8ede5da76bf39b64c5c7da959cd5ba5","DOCUMENT_OR_METADATA","TRACK"
"suite_results/T2A_RESULTS.md","1177","382565bbfbf5c2a28d4cae4d2cc8a6a4269e2be815723d31c50540095b7a3f59","DOCUMENT_OR_METADATA","TRACK"
"suite_results/T2A_run1_summary.txt","1737","e2685eba33fa606bf9ec931d409d636b2f6a775dd1868b3b1fae46176b0e4894","DOCUMENT_OR_METADATA","TRACK"
"suite_results/T2A_run2_summary.txt","1737","e2685eba33fa606bf9ec931d409d636b2f6a775dd1868b3b1fae46176b0e4894","DOCUMENT_OR_METADATA","TRACK"
"suite_results/T2A_runs.mat","1811","61feebec17e869dd0eeef03aa4494f04a64fc6b8ad4911ebecfe8e74a787966e","GENERATED_EVIDENCE","HASH_ONLY"
"suite_results/T2B1_matlab_log.txt","17460","0ee395a25f667f0ee049ff5347ad8cf17531c2a133efd34378189b9409eb88bf","DOCUMENT_OR_METADATA","TRACK"
"suite_results/T2B1_RESULTS.md","472","17d0cd53f88b4e8f050575e6c083d1809afa4b614312b40663c46754e86acb2d","DOCUMENT_OR_METADATA","TRACK"
"suite_results/T2B1_run1_summary.txt","2301","ac951f197dbe91618ac006af5775788872693332d79b17e1781d781828555b27","DOCUMENT_OR_METADATA","TRACK"
"suite_results/T2B1_runs.mat","1562","d8b4d3a30ec352de687a40e76c6cbc0a60080963232bc547a36c44770322e9e6","GENERATED_EVIDENCE","HASH_ONLY"
"suite_results/T2B2_matlab_log.txt","17460","c9aedbcc14c5508c4398123fa21640647bf8fe388dc7125c23fd160c311393dd","DOCUMENT_OR_METADATA","TRACK"
"suite_results/T2B2_RESULTS.md","417","404401eddf52e237e20ac191359865b6ab6a3029c6807dea02814339d276d84a","DOCUMENT_OR_METADATA","TRACK"
"suite_results/T2B2_run1_summary.txt","2301","679501d5701f7884be83aa0b6a14447bb84185f4af8db1b53cc3234843e0592c","DOCUMENT_OR_METADATA","TRACK"
"suite_results/T2B2_runs.mat","1547","de10422cf7475fe3e200125771fa552eb81ef2859b1dbfbf5b57d8f47220402c","GENERATED_EVIDENCE","HASH_ONLY"
"suite_results/T2B3_matlab_log.txt","34614","122080bd5df772a2c90bb203d5962949b4d79e0b2c7fa7c9249df56afc9297ee","DOCUMENT_OR_METADATA","TRACK"
"suite_results/T2B3_RESULTS.md","657","50208cd93b309b18f3ea75ab971d6d056b7c9f2316756d60380ec93b84718bf2","DOCUMENT_OR_METADATA","TRACK"
"suite_results/T2B3_run1_summary.txt","2301","0616fadf381f972bb362c2b91e9ed8428e9d55ae78bab2ef5a311816d6441beb","DOCUMENT_OR_METADATA","TRACK"
"suite_results/T2B3_run2_summary.txt","2301","0616fadf381f972bb362c2b91e9ed8428e9d55ae78bab2ef5a311816d6441beb","DOCUMENT_OR_METADATA","TRACK"
"suite_results/T2B3_runs.mat","2318","4b45421483a326f732f689aa3e6cb118c57cac8d52f2d5b6713ca6ea664d1801","GENERATED_EVIDENCE","HASH_ONLY"
"suite_results/T3A_VERIFY.md","2939","83e8a288df5038c5570c115285c4fcfaabee9dde8ab572869811fc7edc9f6fd3","DOCUMENT_OR_METADATA","TRACK"
"suite_results/T3A_verify_results.mat","1837","51431e2672646eff34ccf4d244e68a7b2d9b040a539e7e6bcab523aeb3697081","GENERATED_EVIDENCE","HASH_ONLY"
"suite_results/T3B-1_results.mat","1444","6828786b93bca83a2d77ed55bd29d7708e08ceb9a095d48f3a130b6fcec8da5d","GENERATED_EVIDENCE","HASH_ONLY"
"suite_results/T3B-1_RESULTS.md","1041","e9cd79db9ae4fb15d39c0e7ab30a66ffb590ae23241a72b463478133c4d4f0ff","DOCUMENT_OR_METADATA","TRACK"
"suite_results/T3B-2_results.mat","1530","ce77d292b394c1a7e78162350da4cb7dc8390ed13866613d414611fabf125083","GENERATED_EVIDENCE","HASH_ONLY"
"suite_results/T3B-2_RESULTS.md","1041","49278cde2a22d1c4b81ed94628580cd31d770b89943884f604360ab72eb73262","DOCUMENT_OR_METADATA","TRACK"
"suite_results/T3B-3_results.mat","1545","0dd98f6ff989e75408ed2f25d51223bc0ee45dfc09ff34c5643eb614a4fc0577","GENERATED_EVIDENCE","HASH_ONLY"
"suite_results/T3B-3_RESULTS.md","1041","7dda2ac4e8add6ad31e5a27b704d87dc3d741de23e58ad652e9a2b287dab82c2","DOCUMENT_OR_METADATA","TRACK"
"suite_results/T3B-4_results.mat","1546","e9f886ceccad1c0556b43eb145d4418e78f313c60202aa4243086a8490825420","GENERATED_EVIDENCE","HASH_ONLY"
"suite_results/T3B-4_RESULTS.md","1041","5159dbe9598312eace95de0663bfc0b59acebc5e6097648a749ae4dd07ae01b4","DOCUMENT_OR_METADATA","TRACK"
"suite_results/T3B-5_results.mat","1543","061007b10072385294146ca0aab396c3180817b59910b29c6e9c0f7c0912e84c","GENERATED_EVIDENCE","HASH_ONLY"
"suite_results/T3B-5_RESULTS.md","1041","6fb38c4157216a726b6f90624fd172e848ae8ff94609a1baa8896e084f07a283","DOCUMENT_OR_METADATA","TRACK"
"suite_results/T4A_matlab_log.txt","18260","2186643b04aa5a2c8b33816fcfd92a5903c91993b3a726536ef9cd61e311cb74","DOCUMENT_OR_METADATA","TRACK"
"suite_results/T5A_matlab_log.txt","29000","84e70429737deea5aa92740466b289bca701d2b7ea2dd6fdc3ee5aca4bbf6a16","DOCUMENT_OR_METADATA","TRACK"
"suite_results/THRUST_TRIM_U15_AUDIT.mat","210192","29895f0da393f2eab63c3af37e2669f448e48a1ba7332ca61d1ae3c8cb82a19d","GENERATED_EVIDENCE","HASH_ONLY"
"suite_results/THRUST_TRIM_U15_AUDIT.md","5863","2b39bfa37970b3fad2584b960e95ee8930722743bc54dd3561d0e32f885ae0f1","DOCUMENT_OR_METADATA","TRACK"
"suite_results/THRUST_TRIM_U15_AUDIT.png","137880","3dd0164fa284dfb1cf8fd20bd1d26d54e5fb5a2fa7a9700ab3930b476f6b9cef","GENERATED_EVIDENCE","HASH_ONLY"
"suite_results/TRIM_ALPHA_FF_BENCHMARK.mat","3475427","81ae3222e85ae76560245a15fc12bd626f9493f52151c2522fdb2f64c64ccac9","GENERATED_EVIDENCE","HASH_ONLY"
"suite_results/TRIM_ALPHA_FF_BENCHMARK.md","4987","56d9b819b226023b5d425f56b978297afa416de4df875df284b4ecc35ea1e34d","DOCUMENT_OR_METADATA","TRACK"
"suite_results/TRIM_ALPHA_FF_BENCHMARK.png","188276","b74ff07c723df545b946fde3939bd76aefdcb14a06138b4e515aa5d6ce1dfc23","GENERATED_EVIDENCE","HASH_ONLY"
"suite_results/TRIM_ALPHA_FF_RATE_LIMIT.mat","4371475","90e2cf120d2c8c8dacce727c79a55d7ea70177788ab174e2ded16ee3c0a8daad","GENERATED_EVIDENCE","HASH_ONLY"
"suite_results/TRIM_ALPHA_FF_RATE_LIMIT.md","5054","59476d662c5de60675a51d6fa0ddc50a7c25c1032d6ab2f60e4fa2cebb545fa2","DOCUMENT_OR_METADATA","TRACK"
"suite_results/TRIM_ALPHA_FF_RATE_LIMIT.png","179386","1c9864f7914f8937012c93a9e998c42ac3134ccd59d0fc50dae67fd76007b0c6","GENERATED_EVIDENCE","HASH_ONLY"
"suite_results/TRIM_ALPHA_SCHEDULE_ID.mat","140636","0550fe1cbd5e12eaeaab189c9793bb3103070157cedc2da3c0743d61da7f565c","GENERATED_EVIDENCE","HASH_ONLY"
"suite_results/TRIM_ALPHA_SCHEDULE_ID.md","4650","e4bda62b3c6cd1fcd4f809a5901f12345066d7d0b34d9be5b2e58fa095909464","DOCUMENT_OR_METADATA","TRACK"
"suite_results/TRIM_ALPHA_SCHEDULE_ID.png","160348","34ca24ef46ef69e6e3098188f2c5158901ccb4d4397329cee2a21fff64737564","GENERATED_EVIDENCE","HASH_ONLY"
"suite_results/TRIM_ALPHA_TRANSIENT_GATE_AUDIT.mat","1173068","060cb972107a817644ec061cf648cab6d1484025c0bf1a3a0532c0a7463ac8f7","GENERATED_EVIDENCE","HASH_ONLY"
"suite_results/TRIM_ALPHA_TRANSIENT_GATE_AUDIT.md","7137","4371b5330bdb930ec29debd574941c215d709f01ce3caa34fe30fb32518daf88","DOCUMENT_OR_METADATA","TRACK"
"suite_results/TRIM_ALPHA_TRANSIENT_GATE_AUDIT.png","211483","7294ebb773137746a9a5f16802762b3e3f1494682e8e7291ddeab7805545cb7e","GENERATED_EVIDENCE","HASH_ONLY"
"suite_results/TRIM_ALPHA_TWO_REPEAT_CLOSURE.mat","5208915","00460a215565ee62ef0f30c840a94fbe83cd2645b16c080b187d9621777cbd33","GENERATED_EVIDENCE","HASH_ONLY"
"suite_results/TRIM_ALPHA_TWO_REPEAT_CLOSURE.md","6757","abef4f362e2dd4ba40711839ea5d57e75c03b16456fdb88ef1a1164ba5bfbd92","DOCUMENT_OR_METADATA","TRACK"
"suite_results/TRIM_ALPHA_TWO_REPEAT_CLOSURE.png","256896","c7084ef88cb8a57efda90a90c643d920963881b133314b84d6b799145c12a659","GENERATED_EVIDENCE","HASH_ONLY"
"suite_results/TRIM_OPERATING_POINTS.mat","485400","430906f798bad4d639ea22a511e1456c6576f1d131ea0bd52654581adb980d5a","GENERATED_EVIDENCE","HASH_ONLY"
"suite_results/TRIM_OPERATING_POINTS.md","4997","08db09aebc9fff2e687a0c267ab124062df84fc56c3852be63679c12ad1367c4","DOCUMENT_OR_METADATA","TRACK"
"suite_results/TRIM_OPERATING_POINTS.png","159373","eded62dd2b33f5e503825b1e4e82bd536b337646f247cf3568b95fe9677fb70e","GENERATED_EVIDENCE","HASH_ONLY"
"suite_results/TUR12_SUMMARY.md","2056","eaebaf858577cb47c58c649d0595f3c9ab4797e2f02f821b6fd41dcc22e9e5cc","DOCUMENT_OR_METADATA","TRACK"
"suite_results/TUR3_SUMMARY.md","3895","5a5f5c9d43684e0f5ddd57db28a0b5e545813c0e6e732900bae186a3bd77c2cd","DOCUMENT_OR_METADATA","TRACK"
"suite_results/TUR4A_SUMMARY.md","2771","a3875a89e1237a0190c18aa35c7728c13f7623cfbc8ec37a2d05ad3a25316c6d","DOCUMENT_OR_METADATA","TRACK"
"suite_results/TUR5A_SUMMARY.md","3784","eba678b4e6e272e4737b1b580ccde22a0f30dc6bbf6dd41e48d7994df95c6b1e","DOCUMENT_OR_METADATA","TRACK"
"suite_results/TUR5B_SUMMARY.md","3856","29627ffc06dd58ab43927ed196f5a2e4124b21d93c30179c79cd7fa06147d80a","DOCUMENT_OR_METADATA","TRACK"
"suite_results/VERTICAL_AUDIT_METRICS.md","6655","77f6bd1b580d084e704b23b89ad5d803e1ce5aea9f1eb3be2aa20af8d1c6f5a5","DOCUMENT_OR_METADATA","TRACK"
"suite_results/WATER_CURRENT_ADMISSION_GOVERNOR.mat","1416","ab56234550fb29d37591ed5f66dc4f69a08731ac861d8f1e045c66df93622d08","GENERATED_EVIDENCE","HASH_ONLY"
"suite_results/WATER_CURRENT_ADMISSION_GOVERNOR.md","6164","60a0a9fef53393eaeb0a272be2cdce5c1d0bf02a69ea642a716822121a6fad61","DOCUMENT_OR_METADATA","TRACK"
"suite_results/WATER_CURRENT_ADMISSION_GOVERNOR.png","3849","cde2ab3c20c26f7f7f5896ef8cc4a2bc4719b3e0f3b20711b78e47e330a09e0b","GENERATED_EVIDENCE","HASH_ONLY"
"suite_results/WATER_CURRENT_ADMISSION_GOVERNOR_RERUN.mat","1128","49d5e25e3448ea21b4f913528da30297a0144c705fcc6b348010d6ad0f3195fb","GENERATED_EVIDENCE","HASH_ONLY"
"suite_results/WATER_CURRENT_ADMISSION_GOVERNOR_RERUN.md","7576","cdedce3846f593d6eb0e0d8c729c4a0cb8e88bbe2646986b7cd697d7adbcb2ca","DOCUMENT_OR_METADATA","TRACK"
"suite_results/WATER_CURRENT_ADMISSION_GOVERNOR_RERUN.png","1537","c2ef85b84ddea8b3a6133265e6a6ea5354529e41a6c52e064effb7288ba1e816","GENERATED_EVIDENCE","HASH_ONLY"
"suite_results/WATER_CURRENT_ADMISSION_GOVERNOR_RERUN2.mat","19604","dd7675a2bd6a94e5fe791d28c02032d2349b0f2685211a17e33aebb32bd5cde6","GENERATED_EVIDENCE","HASH_ONLY"
"suite_results/WATER_CURRENT_ADMISSION_GOVERNOR_RERUN2.md","10093","26f2691d949629ddafa2b8e38f9651e0d8fe80640ade332540b997e1d4e5c065","DOCUMENT_OR_METADATA","TRACK"
"suite_results/WATER_CURRENT_ADMISSION_GOVERNOR_RERUN2.png","150202","3063ad4e65d0203eb0a6d067df97f8168ac7213eff1aab92007df3115dcbca49","GENERATED_EVIDENCE","HASH_ONLY"
"suite_results/WATER_CURRENT_FEASIBILITY_MAP.mat","8478","512e2d128925cb9ae3aa2845ef544d6a9243a08c79531b71fa2e67025b773dab","GENERATED_EVIDENCE","HASH_ONLY"
"suite_results/WATER_CURRENT_FEASIBILITY_MAP.md","5788","bc603cda46a70fceefc818888b2b0e31a5ed69010458779ed82e3b508329b258","DOCUMENT_OR_METADATA","TRACK"
"suite_results/WATER_CURRENT_FEASIBILITY_MAP.png","158752","0cf873f428f31edffce7626f0010a8ca40ec9cf3a63230dcf2ae175c03c57aa1","GENERATED_EVIDENCE","HASH_ONLY"
"suite_results/WATER_CURRENT_REFERENCE_GOVERNOR.mat","20633","81b601c6d455edd369c427b083c7b836183d2cade842ea4de9727ff7ea416e77","GENERATED_EVIDENCE","HASH_ONLY"
"suite_results/WATER_CURRENT_REFERENCE_GOVERNOR.md","12185","ad784ca9eb465c0d215a62ad97c0fbbca3ff0c176fa16eb5813bc47db5df296d","DOCUMENT_OR_METADATA","TRACK"
"suite_results/WATER_CURRENT_REFERENCE_GOVERNOR.png","152664","154b13df47ed42c9a5e0b77d1737f6aea7bf1afc364b1119f9358eea0c72d11b","GENERATED_EVIDENCE","HASH_ONLY"
"suite_results/YAW_CLOSED_METRIC_WRAP.csv","179102","f994e4c818dd440b318121193bba835ea0aa4ad1a42cea58af209d0482f6b1fe","DOCUMENT_OR_METADATA","TRACK"
"suite_results/YAW_CLOSED_METRIC_WRAP.mat","1557199","104f6a9cba737aab5984f84e2973d8c7536c51481764e166be9e4ca2193e6596","GENERATED_EVIDENCE","HASH_ONLY"
"suite_results/YAW_CLOSED_METRIC_WRAP.md","3835","9c37ac20aefa4432b0a3a9cad375fd61eda14890e3516c2f3be6b2287e586fc9","DOCUMENT_OR_METADATA","TRACK"
"suite_results/YAW_CLOSED_METRIC_WRAP.png","95247","56b442e2817464c456d54febc4c2539369c2ff497afc8c89c39b66d04dd2a51a","GENERATED_EVIDENCE","HASH_ONLY"
"suite_results/YAW_R75_RADIAL_DIAG.mat","1951377","2d61609ebd6792a22a9590bf1319cee052e28b8d9432d4b77bf1b801ea5563f5","GENERATED_EVIDENCE","HASH_ONLY"
"suite_results/YAW_R75_RADIAL_DIAG.md","8522","1c67e4bca32795c809ce7718e3cfcae379913384bc022d272533f51f944ffa5c","DOCUMENT_OR_METADATA","TRACK"
"suite_results/YAW_R75_RADIAL_DIAG_timeseries.csv","328758","ad68cc7964ad1d3acfad9ad0dbcae274f1771a6642d56aa97b006119146f7c93","DOCUMENT_OR_METADATA","TRACK"
"suite_results/YAW_R75_RADIAL_DIAG_timeseries.png","123571","ab89c395b05719a9000ce66bb7edf0d4efa6eeb63d6559da00dc8b3d3f76f0a0","GENERATED_EVIDENCE","HASH_ONLY"
"suite_results/YAW_ROLL_DAMPING_BACKOFF.mat","984658","a7de47c749631db7e5b00ad9e77dd46577daf9087602172690564303083e655f","GENERATED_EVIDENCE","HASH_ONLY"
"suite_results/YAW_ROLL_DAMPING_BACKOFF.md","4496","a7c6d4d3c5a74b915097f62fba185add6f4449abd5edd6db8310da958421c4fd","DOCUMENT_OR_METADATA","TRACK"
"suite_results/YAW_ROLL_DAMPING_BACKOFF.png","162598","5fe303ad98ef7d924be6e487de7180ca8f4bc7347fc2111fe86dd6585cbd664c","GENERATED_EVIDENCE","HASH_ONLY"
"suite_results/YAW_ROLL_DAMPING_BENCHMARK.mat","982135","2df83f5e67b1b69b4692dbce1cfa67c17caf922ea1f4a60f4fcfb5f482bf0e82","GENERATED_EVIDENCE","HASH_ONLY"
"suite_results/YAW_ROLL_DAMPING_BENCHMARK.md","3829","263a7da54ccf80709b204306a4e038959c4570e2db3cb2d173ee806fb7efea96","DOCUMENT_OR_METADATA","TRACK"
"suite_results/YAW_ROLL_DAMPING_BENCHMARK.png","161100","fdca287c607ef123919239ce808ae1cfb41499c1e22ee281c20190dc83401fc2","GENERATED_EVIDENCE","HASH_ONLY"
"suite_results/YAW_START.md","1872","e35732058387991a38b9fa673cbf66ca9467b5ee703297d71cad6314cc94bd39","DOCUMENT_OR_METADATA","TRACK"
"test_circle.m","1864","a2742f35fd15d6a8f1260a13b8fcaf84883a0974bcc0e9866b1fea7fff8fa541","SOURCE","TRACK"
"test_elevator_sign.m","2296","4cca76fc2d353b549ad58891195876fc34140e3c82596774e8baa5cf9eeeffbd","SOURCE","TRACK"
"test_helix.m","1989","190d52ada6fdd8871b62c2bf1afaa03444bb99c9ec4c769c2737dce91aac6f9e","SOURCE","TRACK"
"test_open_loop_elevator.m","1733","aeff18867b87d85ee0de7385804c970ded5907c625bb0e76c0f790ba3e038727","SOURCE","TRACK"
"test_open_loop_thrust.m","1839","54a1d69f99bacf8bc2289794f0de86b868d6bdb87b69245d03adb9444e325dcc","SOURCE","TRACK"
"test_pitch_control.m","1735","16ed0b9905e034e13facc297dd927a1db913695df103d792c702345e4127db29","SOURCE","TRACK"
"test_pitch_hold.m","3159","69992255a6682d0333f059b2de7adac471325a4f60232eab764cf534fafb9e6e","SOURCE","TRACK"
"test_pitch_sign_authority.m","2022","27245a03f92944e53d2b4ac7839c6c6db66f9ae60efcaa76a5e859c7b1592057","SOURCE","TRACK"
"test_pitch_step.m","1803","06e663f913508739508d2fa9e139427a9bd57daaacd8e7c36f4e7fe1ca752a59","SOURCE","TRACK"
"test_single_pitch_candidate.m","1640","fb1ff25d23c969e8af8ebc1359ba1e1e0929956df8b1f6c6cc72ac26f9c4014d","SOURCE","TRACK"
"test_speed_control.m","1274","0ce38c1e02c9425153493bb2460318987762ccd96d44c3ac371f91f3a967ac2c","SOURCE","TRACK"
"test_straight_line.m","1869","f877aae48b72b9e968c3242520270eea77c8adf3ee9b13e3510c1e5afca28c5f","SOURCE","TRACK"
"test_trim_and_linearization.m","3696","5dffe2821e31f6447dc40486c1a60db4ce63a232573b7bddfbfde4e2d66596e6","SOURCE","TRACK"
"test_xz_line.m","2721","831b505262e646a5fe0c5b7410313ef7e74928c9d1b823b9d55d324aeeee973a","SOURCE","TRACK"
"test_yaw_control.m","1736","6697f2a3d6dec0ec5a45486d6891c5109fe70f10f401efcba8ffcd729628a6a7","SOURCE","TRACK"
"underwater777_vehicle_dynamics.m","6065","612e1009f7d65968109be1e8352d472730db65c08b0c15a17e6cde7a9f629558","SOURCE","TRACK"
"underwater777_vehicle_dynamics_current.m","7814","e50437543ceb4cb255640ba5f8c8d9c4144e5b9f0cbe110f8dc8555be3037b33","SOURCE","TRACK"
"underwater777_vehicle_simulation.m","1899","04d5d8f59b4ab4cf136d12a90f62a909cf4582ec4184916cb9aca03d81b1c3c3","SOURCE","TRACK"
"verify_tur25_trim.m","4985","e22eb95d042d37531bd417dc17b2f761fb541836bebc2fd75ce80dca5cc71b3f","SOURCE","TRACK"
"verify_tur3_muw.m","16768","051b87a665cc98472c5834699669fb0aff2c273454072fb38c8136c38b72ebfa","SOURCE","TRACK"
