t,e_psi_deg,psi_ref_deg,psi_deg,r,Uh_kappa,e_r_rate,r_ripple,delta_r_deg,delta_r_ripple_deg,delta_r_rate_dps
0.025,9.01448299059234,99.3155258764611,90.3010428858687,0.000753434165665481,0.00787983579140686,-0.00712640162574138,-0.0490104141132556,1,-9.5,0
0.05,9.01232906808023,99.3155258764611,90.3031968083808,0.00224710570182997,0.00787983579140686,-0.0056327300895769,-0.0515209202213672,2,-9,40
0.075,9.00751277674665,99.3155258764611,90.3080130997144,0.00446693635835092,0.00787983579140686,-0.00341289943305594,-0.0533660448452453,3,-8.5,40
0.1,9.10301040771616,99.4195313145444,90.3165209068282,0.00739641814202185,0.0157972741001204,-0.00840085595809855,-0.0545507506227142,4,-8,40
0.125,9.08980737851175,99.4195313145444,90.3297239360326,0.011016160912374,0.0157972741001204,-0.0047811131877464,-0.0550835075593971,5,-7.5,40
0.15,9.07093408544878,99.4195313145444,90.3485972290956,0.0153044727904661,0.0157972741001204,-0.000492801309654347,-0.0549756585883044,6,-7,40
0.175,9.23470552970529,99.6087879701051,90.3740824403998,0.020235196951683,0.0235756875044524,-0.00334049055276936,-0.0542118709625453,7,-6.46153846153847,40
0.2,9.20170705595019,99.6087879701051,90.4070809141549,0.025778118211734,0.0235756875044524,0.0022024307072816,-0.0527904883353684,8,-5.88888888888889,40
0.225,9.16033847952699,99.6087879701051,90.4484494905781,0.0319002625320884,0.0235756875044524,0.00832457502763609,-0.0507203593806522,9,-5.28571428571429,40
0.25,9.43131630160472,99.9303110066295,90.4989947050248,0.0385632751540299,0.0311858039693985,0.0073774711846314,-0.0480220047351279,10,-4.65517241379311,40
0.275,9.37084618604029,99.9303110066295,90.5594648205892,0.0457247882285634,0.0311858039693985,0.0145389842591649,-0.0447251095760494,11,-4.00000000000001,40
0.3,9.29976453706966,99.9303110066295,90.6305464695599,0.0533405347091174,0.0311858039693985,0.0221547307397189,-0.0408652933353496,12,-3.3225806451613,40
0.325,9.62388035111583,100.33674022505,90.7128598739338,0.0613614651365583,0.0386049083376977,0.0227565567988606,-0.0364861609114124,13,-2.62500000000001,40
0.35,9.52978814598113,100.33674022505,90.8069520790685,0.0697359880498633,0.0386049083376977,0.0311310797121656,-0.0316364402764381,14,-1.90909090909092,40
0.375,9.42344381146396,100.33674022505,90.9132964135857,0.0784127691132302,0.0386049083376977,0.0398078607755325,-0.0263665323391101,15,-1.1764705882353,40
0.4,9.82997985068968,100.862270518588,91.0322906678982,0.0873375471659935,0.045815949282532,0.0415215978834614,-0.0207312442523075,16,-0.42857142857143,40.0000000000001
0.425,9.698017279098,100.862270518588,91.1642532394898,0.0964559972270631,0.045815949282532,0.0506400479445311,-0.0147866176814068,17,0.333333333333333,40.0000000000001
0.45,9.55284388099894,100.862270518588,91.3094266375889,0.105716895312676,0.045815949282532,0.0599009460301444,-0.00858639433393124,18,1.10810810810811,40.0000000000001
0.475,9.98715918351973,101.455138694476,91.467979510956,0.115068405521246,0.052806743451472,0.0622616620697739,-0.00218549903617432,19,1.89473684210527,40.0000000000001
0.5,9.81513255058501,101.455138694476,91.6400061438907,0.124461194193866,0.052806743451472,0.0716544507423935,0.00436320905987238,20,2.6923076923077,40.0000000000001
0.525,9.62960485344502,101.455138694476,91.8255338410307,0.133851578808719,0.052806743451472,0.0810448353572474,0.0110122957261996,21,3.50000000000001,40.0000000000001
0.55,10.1234465013036,102.147974732747,92.0245282314436,0.143197042091976,0.0595691578071975,0.0836278842847785,0.0145971663388474,22,3.90000000000001,40.0000000000001
0.575,9.91107959535196,102.147974732747,92.2368951373953,0.152459295109813,0.0595691578071975,0.0928901373026155,0.0181037555695773,23,4.325,40.0000000000001
0.6,9.68548431734365,102.147974732747,92.4624904154036,0.161607161733577,0.0595691578071975,0.102038003926379,0.0215219568413032,24,4.775,40.0000000000001
0.625,10.1865970651312,102.887723965713,92.701126900582,0.170611241146756,0.0660983816063837,0.104512859540372,0.024842724670757,25,5.24999999999999,39.9999999999995
0.65,9.93575254274013,102.887723965713,92.9519714229732,0.178620481300676,0.0660983816063837,0.112522099694292,0.0272345768411386,25,4.74999999999999,0
0.675,9.67406103923116,102.887723965713,93.2136629264821,0.185728611001826,0.0660983816063837,0.119630229395442,0.028810061251023,25,4.275,0
0.7,10.2298312087973,103.714803452623,93.4849722438255,0.192025036784976,0.0723916993504517,0.119633337434524,0.0296765698461502,25,3.82499999999999,0
0.725,9.95000914818147,103.714803452623,93.7647943044413,0.197595703228838,0.0723916993504517,0.125204003878387,0.0299370807001634,25,3.4,0
0.75,9.66265816691019,103.714803452623,94.0521452857126,0.202523817352806,0.0723916993504517,0.130132118002355,0.0296908855909344,25,2.99999999999999,0
0.775,10.2471049603865,104.593259828783,94.3461548683967,0.206883735240095,0.0783016833316623,0.128582051908432,0.0290273556783454,25,2.62499999999999,0
0.8,9.94720659100623,104.593259828783,94.646053237777,0.210743364156584,0.0783016833316623,0.132441680824921,0.0280282155454122,25,2.275,0
0.825,9.64209513056898,104.593259828783,94.9511646982142,0.214166101232881,0.0783016833316623,0.135864417901219,0.0267694928163885,25,1.94999999999999,0
0.85,10.2993209208018,105.560219453957,95.2608985331553,0.217206114611627,0.084123244487389,0.133082870124238,0.0253166840057644,25,1.64999999999999,0
0.875,9.98548342730225,105.560219453957,95.5747360266548,0.219911450260965,0.084123244487389,0.135788205773576,0.0237277642524036,25,1.37499999999999,0
0.9,9.66799460834134,105.560219453957,95.8922248456157,0.22232643706438,0.084123244487389,0.138203192576991,0.022055648521191,25,1.12499999999999,0
0.925,10.3475678618438,106.560539349557,96.2129714877133,0.224487580219568,0.089560958548813,0.134926621670755,0.0203440111812408,25,0.899999999999992,0
0.95,10.0239088793024,106.560539349557,96.5366304702547,0.226426656257485,0.089560958548813,0.136865697708672,0.0186303439424886,25,0.699999999999991,0
0.975,9.69763878294531,106.560539349557,96.8629005666118,0.228173047043765,0.089560958548813,0.138612088494952,0.0169484119460201,25,0.52499999999999,0
1,10.4325568660241,107.624076211247,97.1915193452229,0.229749903075062,0.0949151369635512,0.134834766111511,0.0153243992375736,25,0.374999999999989,0
1.025,10.1018216101342,107.624076211247,97.5222546011128,0.231177140990018,0.0949151369635512,0.136262004026466,0.0137799338874161,25,0.249999999999994,0
1.05,9.76917359463699,107.624076211247,97.8549026166101,0.23247365718611,0.0949151369635512,0.137558520222559,0.0123344846284022,25,0.149999999999987,0
1.075,10.5649265108629,108.754211128781,98.1892846179177,0.233653550439862,0.100037702351252,0.13361584808861,0.0110016099870267,25,0.0749999999999922,0
1.1,10.2289709585642,108.754211128781,98.5252401702163,0.234728881491028,0.100037702351252,0.134691179139776,0.00979179047943257,25,0.0249999999999921,0
1.125,9.89158419080293,108.754211128781,98.8626269379776,0.235711680253922,0.100037702351252,0.13567397790267,0.00871465373243488,25,-3.18055468146352e-15,0
1.15,10.6852826475244,109.886601142121,99.2013184945965,0.23661028444109,0.104933711584406,0.131676572856685,0.00777535552254086,25,-3.18055468146352e-15,0
1.175,10.3454019232308,109.886601142121,99.5411992188902,0.237431884472592,0.104933711584406,0.132498172888187,0.00695655255726191,25,-3.18055468146352e-15,0
1.2,10.0044360159522,109.886601142121,99.8821651261687,0.238184341805705,0.104933711584406,0.133250630221299,0.00624387923257846,25,-3.18055468146352e-15,0
1.225,10.8226336207922,111.046756213819,100.224122593026,0.238872631859972,0.109608972747641,0.129263659112331,0.00562228124500738,25,-3.18055468146352e-15,0
1.25,10.4797718757852,111.046756213819,100.566984338033,0.239501187149118,0.109608972747641,0.129892214401478,0.00507824323744413,25,3.18055468146352e-15,0
1.275,10.1360852721133,111.046756213819,100.910670941705,0.240075550205452,0.109608972747641,0.130466577457811,0.00460140928422018,25,3.18055468146352e-15,0
1.3,10.9289080648469,112.184018194638,101.255110129791,0.240598926921968,0.114069830682022,0.126529096239945,0.00418091443413598,25,3.18055468146352e-15,0
1.325,10.5837846902798,112.184018194638,101.600233504358,0.241074352711351,0.114069830682022,0.127004522029328,0.00380736403589924,25,3.18055468146352e-15,0
1.35,10.2380397351022,112.184018194638,101.945978459536,0.241506204157813,0.114069830682022,0.127436373475791,0.00347426859221708,25,9.54166404439055e-15,0
1.375,11.04215446197,113.33444223356,102.29228777159,0.241896870498351,0.118323002834748,0.123573867663602,0.00317448408979826,25,9.54166404439055e-15,0
1.4,10.6953354011937,113.33444223356,102.639106832366,0.242248766971523,0.118323002834748,0.123925764136775,0.00290204689088849,25,9.54166404439055e-15,0
1.425,10.3480564831342,113.33444223356,102.986385750425,0.242565728293819,0.118323002834748,0.124242725459071,0.00265350767356429,25,9.54166404439055e-15,0
1.45,11.1194668105453,114.453545896112,103.334079085567,0.242849806622611,0.122375458261431,0.12047434836118,0.00242453413932753,25,9.54166404439055e-15,0
1.475,10.7714024847829,114.453545896112,103.682143411329,0.243103155111007,0.122375458261431,0.120727696849576,0.00221165400335935,25,9.54166404439055e-15,0
1.5,10.4230064338576,114.453545896112,104.030539462255,0.243329324798372,0.122375458261431,0.120953866536942,0.00201352549883158,25,3.18055468146352e-15,0
1.525,11.203665587576,115.582897507287,104.379231919711,0.243530197012973,0.126234332306354,0.117295864706619,0.00182771443450175,25,3.18055468146352e-15,0
1.55,10.8547103165458,115.582897507287,104.728187190741,0.243707757897079,0.126234332306354,0.117473425590725,0.00165236561996038,25,3.18055468146352e-15,0
1.575,10.5055219891369,115.582897507287,105.07737551815,0.243865317460206,0.126234332306354,0.117630985153852,0.00148742878959335,25,9.54166404439055e-15,0
1.6,11.2539551824789,116.680725952933,105.426770770454,0.244004582129272,0.12990686891293,0.114097713216342,0.00133161204033194,25,9.54166404439055e-15,0
1.625,10.904377585345,116.680725952933,105.776348367588,0.244127337029231,0.12990686891293,0.114220468116301,0.00118399226075744,25,9.54166404439055e-15,0
1.65,10.5546386447409,116.680725952933,106.126087308192,0.244236601171903,0.12990686891293,0.114329732258973,0.00104520062801905,25,9.54166404439055e-15,0
1.675,11.3154392636587,117.791409199806,106.475969936147,0.244333837313668,0.133400382089381,0.110933455224287,0.000914540993058738,25,9.54166404439055e-15,0
1.7,10.9654292359788,117.791409199806,106.825979963827,0.244420558458511,0.133400382089381,0.11102017636913,0.000791547609728077,25,9.54166404439055e-15,0
1.725,10.6153048011336,117.791409199806,107.176104398673,0.244499435097227,0.133400382089381,0.111099053007846,0.000677138463227506,25,3.18055468146352e-15,0
1.75,11.347447943268,118.873781244344,107.526333301076,0.2445716977351,0.13657604176934,0.10799565596576,0.000570945857920918,25,3.18055468146352e-15,0
1.775,10.9971232809658,118.873781244344,107.876657963378,0.2446385979041,0.13657604176934,0.10806255613476,0.000472743841258616,25,3.18055468146352e-15,0
1.8,10.6467086163606,118.873781244344,108.227072627983,0.244702411661371,0.13657604176934,0.108126369892031,0.000383506385569471,25,3.18055468146352e-15,0
1.825,11.3955242901967,119.973098416937,108.57757412674,0.24476397683867,0.139740699237699,0.105023277600972,0.000302885018644367,25,-3.18055468146352e-15,0
1.85,11.044938384803,119.973098416937,108.928160032134,0.244824148329877,0.139740699237699,0.105083449092178,0.000230639223410239,25,-3.18055468146352e-15,0
1.875,10.6942680835496,119.973098416937,109.278830333387,0.244884797144264,0.139740699237699,0.105144097906566,0.000167693251565015,25,-3.18055468146352e-15,0
1.9,11.4178938803158,121.047480922452,109.629587042136,0.244946458649175,0.14260224436345,0.102344214285725,0.000113731925252075,25,-3.18055468146352e-15,0
1.925,11.0670484648407,121.047480922452,109.980432457611,0.245009654740708,0.14260224436345,0.102407410377258,6.8501857900749e-05,25,-3.18055468146352e-15,0
1.95,10.7161102765829,121.047480922452,110.331370645869,0.245075801232065,0.14260224436345,0.102473556868615,3.27753504209827e-05,25,-6.36110936292703e-15,0
1.975,11.4586249497665,122.141031864237,110.68240691447,0.24514497471948,0.145466876801669,0.0996780979178114,6.06790759671849e-06,25,-6.36110936292703e-15,0
2,11.10748579774,122.141031864237,111.033546066497,0.24521723423227,0.145466876801669,0.0997503574306018,-1.20603079943327e-05,25,-6.36110936292703e-15,0
2.025,10.7562379789958,122.141031864237,111.384793885241,0.245293528935923,0.145466876801669,0.0998266521342546,-2.10436682393511e-05,25,3.18055468146352e-15,0
2.05,11.4744972504369,123.210653832978,111.736156582541,0.245373512925862,0.148188444481818,0.0971850684440449,-2.15443380618963e-05,25,3.18055468146352e-15,0
2.075,11.123014683572,123.210653832978,112.087639149406,0.245456807172978,0.148188444481818,0.0972683626911606,-1.42108946090402e-05,25,9.54166404439055e-15,0
2.1,10.7714070280903,123.210653832978,112.439246804887,0.245543868672357,0.148188444481818,0.0973554241905391,1.24008089022465e-06,25,9.54166404439055e-15,0
2.125,11.507546293573,124.298530709847,112.790984416274,0.245633911270326,0.150773978308471,0.0948599329618551,2.38978577764837e-05,25,9.54166404439055e-15,0
2.15,11.1556757234314,124.298530709847,113.142854986416,0.245726115510109,0.150773978308471,0.0949521372016385,5.28467303789193e-05,25,9.54166404439055e-15,0
2.175,10.8036695985177,124.298530709847,113.494861111329,0.245820465599539,0.150773978308471,0.095046487291068,8.80490942134771e-05,25,9.54166404439055e-15,0
2.2,11.5134553633537,125.360459773447,113.847004410094,0.245915773214372,0.153230277438838,0.0926854957755345,0.000128323947704956,25,9.54166404439055e-15,0
2.225,11.1611755941159,125.360459773447,114.199284179332,0.246010841587169,0.153230277438838,0.0927805641483318,0.000172491143517556,25,3.18055468146352e-15,0
2.25,10.8087608832161,125.360459773447,114.551698890231,0.246105274575599,0.153230277438838,0.0928749971367614,0.000220224707806554,25,3.18055468146352e-15,0
2.275,11.533015189055,126.437260849777,114.904245660722,0.246197598723871,0.155563860634085,0.0906337380897859,0.000270133810821582,25,3.18055468146352e-15,0
2.3,11.1803417570139,126.437260849777,115.256919092763,0.246286388690931,0.155563860634085,0.0907225280568459,0.00032086983212623,25,3.18055468146352e-15,0
2.325,10.8275480244026,126.437260849777,115.609712825375,0.24637104416898,0.155563860634085,0.0908071835348954,0.000371944800648449,25,-3.18055468146352e-15,0
2.35,11.5805877774668,127.543206842877,115.96261906541,0.246449995607116,0.157780931230455,0.0886690643766602,0.000421897729861925,25,-3.18055468146352e-15,0
2.375,11.2275792562824,127.543206842877,116.315627586594,0.246521783747302,0.157780931230455,0.0887408525168466,0.000469358065492753,25,-3.18055468146352e-15,0
2.4,10.8744795297703,127.543206842877,116.668727313106,0.246585813326893,0.157780931230455,0.0888048820964379,0.000513841350496452,25,-3.18055468146352e-15,0
2.425,11.6009145305734,128.622820458684,117.021905928111,0.246640648247287,0.159887355102844,0.0867532931444427,0.000554009115547732,25,-3.18055468146352e-15,0
2.45,11.2476714305789,128.622820458684,117.375149028105,0.246685043832186,0.159887355102844,0.0867976887293415,0.000588686435689212,25,-6.36110936292703e-15,0
2.475,10.8943787287245,128.622820458684,117.72844172996,0.246718664246262,0.159887355102844,0.0868313091434177,0.000617618725194363,25,-6.36110936292703e-15,0
2.5,11.6267141841032,129.708482542241,118.081768358138,0.246740447354291,0.161888650623446,0.0848517967308459,0.000639802266952982,25,-6.36110936292703e-15,0
2.525,11.2733708288459,129.708482542241,118.435111713395,0.246749583403444,0.161888650623446,0.0848609327799981,0.000654449555219622,25,-6.36110936292703e-15,0
2.55,10.9200278787832,129.708482542241,118.788454663458,0.246746190043595,0.161888650623446,0.0848575394201491,0.000661703332425934,25,-6.36110936292703e-15,0
2.575,11.6139165778889,130.755696469145,119.141779891256,0.246729738415373,0.163789996551206,0.0829397418641674,0.000661030229117843,25,-6.36110936292703e-15,0
2.6,11.2606272398413,130.755696469145,119.495069229304,0.246699974972599,0.163789996551206,0.0829099784213931,0.000652130219301994,25,-6.36110936292703e-15,0
2.625,10.9073912782961,130.755696469145,119.848305190849,0.246657551716467,0.163789996551206,0.082867555165261,0.000635603189484885,25,-3.18055468146352e-15,0
2.65,11.6023202022126,131.803790956785,120.201470754572,0.246602510195701,0.165596254556147,0.081006255639554,0.000611402681954226,25,-3.18055468146352e-15,0
2.675,11.2492422364259,131.803790956785,120.554548720359,0.246535147767336,0.165596254556147,0.0809388932111885,0.000579692187941044,25,-3.18055468146352e-15,0
2.7,10.8962678105489,131.803790956785,120.907523146236,0.2464566055379,0.165596254556147,0.0808603509817529,0.000541469547473944,25,-3.18055468146352e-15,0
2.725,11.5524342625526,132.812813408135,121.260379145582,0.246367412062851,0.167312002975591,0.0790554090872591,0.000497082401573284,25,-3.18055468146352e-15,0
2.75,11.1997111742191,132.812813408135,121.613102233916,0.246268299545367,0.167312002975591,0.078956296569776,0.000447034792958351,25,3.18055468146352e-15,0
2.775,10.8471337551885,132.812813408135,121.965679652946,0.246160755734315,0.167312002975591,0.0788487527587231,0.000392574186082462,25,3.18055468146352e-15,0
2.8,11.44796969062,133.766069850926,122.318100160306,0.246045632042461,0.168941578962563,0.0771040530798974,0.000334274591326789,25,3.18055468146352e-15,0
2.825,11.0957164974526,133.766069850926,122.670353353473,0.245923917195544,0.168941578962563,0.0769823382329805,0.000272804311066632,25,3.18055468146352e-15,0
2.85,10.7436389728791,133.766069850926,123.022430878047,0.245797260512097,0.168941578962563,0.0768556815495342,0.000209485948357152,25,9.54166404439055e-15,0
2.875,11.3473371075926,134.721663299196,123.374326191604,0.24566664892777,0.170489125472812,0.075177523454958,0.000144951242824126,25,9.54166404439055e-15,0
2.9,10.9956294364435,134.721663299196,123.726033862753,0.245533144862865,0.170489125472812,0.0750440193900531,7.9873988236917e-05,25,9.54166404439055e-15,0
2.925,10.644112629622,134.721663299196,124.077550669574,0.245398385331002,0.170489125472812,0.0749092598581905,1.55064444953557e-05,25,9.54166404439055e-15,0
2.95,11.217286770189,135.646162080679,124.42887531049,0.245263326214905,0.171958638183265,0.0733046880316396,-4.75953479181224e-05,25,9.54166404439055e-15,0
2.975,10.8661544002063,135.646162080679,124.780007680472,0.245128957370323,0.171958638183265,0.0731703191870577,-0.000108859196569305,25,9.54166404439055e-15,0
3,10.5152122030425,135.646162080679,125.130949877636,0.244996784667695,0.171958638183265,0.0730381464844303,-0.000167177249070116,25,3.18055468146352e-15,0
3.025,11.106375890666,136.588081742244,125.481705851578,0.244867643453711,0.173354006282772,0.0715136371709389,-0.000222109284440775,25,3.18055468146352e-15,0
3.05,10.7558010768484,136.588081742244,125.832280665396,0.244742371929338,0.173354006282772,0.0713883656465662,-0.000273211090128928,25,3.18055468146352e-15,0
3.075,10.4054003384455,136.588081742244,126.182681403799,0.244622269854638,0.173354006282772,0.0712682635718659,-0.000319539472388053,25,9.54166404439055e-15,0
3.1,10.9747741488017,137.507690876882,126.53291672808,0.244508019619758,0.174536813293231,0.0699712063265273,-0.000360747393366806,25,9.54166404439055e-15,0
3.125,10.6246946933453,137.507690876882,126.882996183537,0.244400270740919,0.174536813293231,0.0698634574476887,-0.000396501763563345,25,9.54166404439055e-15,0
3.15,10.2747599278049,137.507690876882,127.232930949077,0.244300038136019,0.174536813293231,0.0697632248427882,-0.000426051401017369,25,9.54166404439055e-15,0
3.175,10.8671440703317,138.449877295577,127.582733225246,0.244207682040797,0.175802473596616,0.0684052084441812,-0.000449264009000777,25,9.54166404439055e-15,0
3.2,10.5174618190232,138.449877295577,127.932415476554,0.244123520048419,0.175802473596616,0.0683210464518036,-0.00046601849782521,25,9.54166404439055e-15,0
3.225,10.1678860932411,138.449877295577,128.281991202336,0.244048245232439,0.175802473596616,0.0682457716358233,-0.000475757096895929,25,3.18055468146352e-15,0
3.25,10.7401590871436,139.371633342493,128.63147425535,0.243981946408522,0.176863068308194,0.0671188781003281,-0.000478483999330204,25,3.18055468146352e-15,0
3.275,10.3907551594292,139.371633342493,128.980878183064,0.243924634839941,0.176863068308194,0.067061566531747,-0.000474245846329102,25,3.18055468146352e-15,0
3.3,10.0414164346635,139.371633342493,129.33021690783,0.24387660602466,0.176863068308194,0.0670135377164666,-0.000462744481203176,25,3.18055468146352e-15,0
3.325,10.6364670758537,140.315970995179,129.679503919325,0.243837511339506,0.178012898144068,0.0658246131954381,-0.000444286236354258,25,-3.18055468146352e-15,0
3.35,10.2872193739528,140.315970995179,130.028751621226,0.243806920455323,0.178012898144068,0.0657940223112556,-0.000419229194031728,25,-3.18055468146352e-15,0
3.375,9.93799888650114,140.315970995179,130.377972108678,0.243784711334598,0.178012898144068,0.0657718131905298,-0.000387571388713592,25,-3.18055468146352e-15,0
3.4,10.5108811654392,141.238057522269,130.727176356829,0.243770133802051,0.179106033629834,0.0646641001722171,-0.000349909329188491,25,-3.18055468146352e-15,0
3.425,10.1616838475874,141.238057522269,131.076373674681,0.243762355299924,0.179106033629834,0.0646563216700906,-0.00030690330123409,25,-3.18055468146352e-15,0
3.45,9.81248498623998,141.238057522269,131.425572536029,0.243760843994958,0.179106033629834,0.0646548103651248,-0.00025887490628787,25,-6.36110936292703e-15,0
3.475,10.4040740954775,142.178853874161,131.774779778684,0.243764478241198,0.180145711512598,0.0636187667286005,-0.000206719686688006,25,-6.36110936292703e-15,0
3.5,10.0548536866722,142.178853874161,132.124000187489,0.243772080209741,0.180145711512598,0.0636263686971435,-0.000151384487738632,25,-6.36110936292703e-15,0
3.525,9.70561647809317,142.178853874161,132.473237396068,0.243782794656062,0.180145711512598,0.0636370831434643,-9.34702678427046e-05,25,-6.36110936292703e-15,0
3.55,10.270764728766,143.093257868119,132.822493139353,0.243795242345943,0.18113494623884,0.0626602961071035,-3.40992940960072e-05,25,-6.36110936292703e-15,0
3.575,9.92149089484645,143.093257868119,133.171766973272,0.243808045859328,0.18113494623884,0.062673099620488,2.56005971972784e-05,25,-6.36110936292703e-15,0
3.6,9.57220062032262,143.093257868119,133.521057247796,0.243820194626915,0.18113494623884,0.062685248388075,8.48779751114193e-05,25,-6.36110936292703e-15,0
3.625,10.1508962230663,144.021256658796,133.87036043573,0.243830233018611,0.182076513738237,0.061753719280374,0.000142528361314315,25,-3.18055468146352e-15,0
3.65,9.80158570051644,144.021256658796,134.21967095828,0.243836770706156,0.182076513738237,0.0617602569679191,0.000197396671034716,25,-3.18055468146352e-15,0
3.675,9.45227445592344,144.021256658796,134.568982202873,0.243838847625211,0.182076513738237,0.0617623338869745,0.000248758763821383,25,-3.18055468146352e-15,0
3.7,10.000191889866,144.918477847501,134.918285957635,0.243835156861515,0.182972945219467,0.0608622116420479,0.000295526931241435,25,-3.18055468146352e-15,0
3.725,9.65090551676294,144.918477847501,135.267572330738,0.243824535203538,0.182972945219467,0.0608515899840715,0.000336732742514168,25,-3.18055468146352e-15,0
3.75,9.30164705289924,144.918477847501,135.616830794602,0.243806310682079,0.182972945219467,0.0608333654626126,0.000371891009285474,25,3.18055468146352e-15,0
3.775,9.85884014918157,145.824889876877,135.966049727696,0.243779548518063,0.183826531132205,0.0599530173858579,0.000400230748341335,25,3.18055468146352e-15,0
3.8,9.50967349035031,145.824889876877,136.315216386527,0.24374351484232,0.183826531132205,0.0599169837101143,0.000421152540846098,25,3.18055468146352e-15,0
3.825,9.16057194083694,145.824889876877,136.664317936041,0.243698000135344,0.183826531132205,0.0598714690031382,0.000434567497737015,25,3.18055468146352e-15,0
3.85,9.68454268863022,146.697883771766,137.013341083136,0.243642583470341,0.184639339570476,0.0590032438998653,0.000440146020254994,25,9.54166404439055e-15,0
3.875,9.33561171461759,146.697883771766,137.362272057149,0.243577065244888,0.184639339570476,0.0589377256744121,0.0004377438391229,25,9.54166404439055e-15,0
3.9,8.98678618478571,146.697883771766,137.711097586981,0.243501763659629,0.184639339570476,0.0588624240891525,0.000427714886607505,25,9.54166404439055e-15,0
3.925,9.51834116533246,147.578145766681,138.059804601348,0.243416797334522,0.185413245005588,0.0580035523289338,0.000410179483801509,25,9.54166404439055e-15,0
3.95,9.1697655858323,147.578145766681,138.408380180848,0.243322487280503,0.185413245005588,0.0579092422749145,0.00038542050658627,25,9.54166404439055e-15,0
3.975,8.82133331396916,147.578145766681,138.756812452711,0.24321962815407,0.185413245005588,0.0578063831484816,0.00035417106760649,25,9.54166404439055e-15,0
4,9.32029407734521,148.425384407491,139.105090330146,0.24310879372469,0.186149964907283,0.0569588288174067,0.000316907120878424,25,3.18055468146352e-15,0
4.025,8.97218099395389,148.425384407491,139.453203413538,0.242990712099093,0.186149964907283,0.0568407471918094,0.000274218376471069,25,3.18055468146352e-15,0
4.05,8.62424161826576,148.425384407491,139.801142789226,0.242866516812988,0.186149964907283,0.0567165519057046,0.000227076611405252,25,3.18055468146352e-15,0
4.075,9.07326217181043,149.222162969143,140.148900797332,0.242737125441553,0.186711543643942,0.0560255817976118,0.000176203624417115,25,9.54166404439055e-15,0
4.1,8.72569203232747,149.222162969143,140.496470936815,0.242603539839479,0.186711543643942,0.0558919961955373,0.000122369331324979,25,9.54166404439055e-15,0
4.125,8.37831447168322,149.222162969143,140.84384849746,0.24246704585391,0.186711543643942,0.0557555022099682,6.66099496495209e-05,25,9.54166404439055e-15,0
4.15,8.83523938119219,150.026269651417,141.191030270225,0.242328631186766,0.187385736946566,0.0549428942402007,9.63751600702167e-06,25,9.54166404439055e-15,0
4.175,8.48825531551797,150.026269651417,141.538014335899,0.242189324796133,0.187385736946566,0.0548035878495668,-4.78208970280947e-05,25,9.54166404439055e-15,0
4.2,8.14146896806772,150.026269651417,141.88480068335,0.242050421278453,0.187385736946566,0.0546646843318872,-0.000104778944171241,25,9.54166404439055e-15,0
4.225,8.57165886515628,150.8030497809,142.231390915744,0.241912933703229,0.18788779365301,0.0540251400502192,-0.000160544204401342,25,3.18055468146352e-15,0
4.25,8.22526172344661,150.8030497809,142.577788057453,0.241777870285648,0.18788779365301,0.0538900766326376,-0.000214439941855937,25,3.18055468146352e-15,0
4.275,7.8790527475513,150.8030497809,142.923997033349,0.241646416110004,0.18788779365301,0.0537586224569936,-0.000265602780325586,25,3.18055468146352e-15,0
4.3,8.33051159963341,151.600535863187,143.270024263554,0.241519419469983,0.188504783372012,0.0530146360979714,-0.000313501090071944,25,3.18055468146352e-15,0
4.325,7.98465849625791,151.600535863187,143.615877366929,0.241397703838696,0.188504783372012,0.0528929204666848,-0.000357620919587409,25,-3.18055468146352e-15,0
4.35,7.63897022015009,151.600535863187,143.961565643037,0.241282278682476,0.188504783372012,0.0527774953104641,-0.000397235214908004,25,-3.18055468146352e-15,0
4.375,8.07142413391849,152.378523716371,144.307099582453,0.241173806024831,0.189091600032286,0.0520822059925447,-0.000431942176870675,25,-3.18055468146352e-15,0
4.4,7.72603317996687,152.378523716371,144.652490536404,0.241072896910025,0.189091600032286,0.0519812968777389,-0.000461367525009942,25,-3.18055468146352e-15,0
4.425,7.38077257484289,152.378523716371,144.997751141528,0.240980312227761,0.189091600032286,0.0518887121954746,-0.000484946628973776,25,-3.18055468146352e-15,0
4.45,7.83749771980944,153.180392426528,145.342894706718,0.240896456496837,0.189649882093736,0.0512465744031007,-0.000502436752064794,25,-6.36110936292703e-15,0
4.475,7.49245755275245,153.180392426528,145.687934873775,0.240821658935138,0.189649882093736,0.0511717768414019,-0.000513635828842174,25,-6.36110936292703e-15,0
4.5,7.14750641279597,153.180392426528,146.032886013732,0.240756364962144,0.189649882093736,0.0511064828684081,-0.000518176055308656,25,-6.36110936292703e-15,0
4.525,7.58635927932943,153.964121782964,146.377762503634,0.240700653814497,0.190181282762155,0.0505193710523423,-0.000516014991505526,25,-6.36110936292703e-15,0
4.55,7.24154336977345,153.964121782964,146.72257841319,0.240654506968085,0.190181282762155,0.0504732242059301,-0.000507171021412539,25,-6.36110936292703e-15,0
4.575,6.89677387368475,153.964121782964,147.067347909279,0.240617993500036,0.190181282762155,0.0504367107378814,-0.000491526457446045,25,-6.36110936292703e-15,0
4.6,7.35800941524924,154.770093872075,147.412084456825,0.240590810471169,0.190687432660598,0.0499033778105707,-0.000469297014671299,25,-6.36110936292703e-15,0
4.625,7.01329330278452,154.770093872075,147.75680056929,0.240572543678569,0.190687432660598,0.0498851110179706,-0.000440777536396569,25,-3.18055468146352e-15,0
4.65,6.66858561466104,154.770093872075,148.101508257413,0.24056285160221,0.190687432660598,0.0498754189416121,-0.000406150429481417,25,-3.18055468146352e-15,0
4.675,7.10934300646158,155.555561206607,148.446218200145,0.240561028803752,0.191169897024754,0.0493911317789976,-0.00036593455317066,25,-3.18055468146352e-15,0
4.7,6.76462161692584,155.555561206607,148.790939589681,0.240566264261781,0.191169897024754,0.0493963672370268,-0.00032073433592672,25,-3.18055468146352e-15,0
4.725,6.41988055603632,155.555561206607,149.135680650571,0.24057782799846,0.191169897024754,0.0494079309737062,-0.000271045961266675,25,-3.18055468146352e-15,0
4.75,6.81942148292464,156.29986931103,149.480447828106,0.240594657195103,0.191630136833116,0.0489645203619866,-0.000217682599033736,25,3.18055468146352e-15,0
4.775,6.47462356718996,156.29986931103,149.82524574384,0.24061561530708,0.191630136833116,0.048985478473964,-0.0001615229359197,25,3.18055468146352e-15,0
4.8,6.1297915155981,156.29986931103,150.170077795432,0.240639682771475,0.191630136833116,0.0490095459383596,-0.00010331474726849,25,3.18055468146352e-15,0
4.825,6.54153351596702,157.056478920309,150.514945404342,0.24066556569934,0.192069479985705,0.0485960857136347,-4.40777724045882e-05,25,3.18055468146352e-15,0
4.85,6.19663083489655,157.056478920309,150.859848085413,0.240691955643048,0.192069479985705,0.0486224756573423,1.51493889196663e-05,25,9.54166404439055e-15,0
4.875,5.85169480102974,157.056478920309,151.20478411928,0.240717714578228,0.192069479985705,0.0486482345925229,7.35013087652392e-05,25,9.54166404439055e-15,0
4.9,6.23654172527907,157.786291616027,151.549749890748,0.240741540527612,0.192351201439397,0.0483903390882151,0.00012994091241128,25,9.54166404439055e-15,0
4.925,5.8915515103348,157.786291616027,151.894740105692,0.240762173021215,0.192351201439397,0.048410971581818,0.000183459205772007,25,9.54166404439055e-15,0
4.95,5.54654316471742,157.786291616027,152.239748451309,0.240778547883644,0.192351201439397,0.0484273464442476,0.000233236222281968,25,9.54166404439055e-15,0
4.975,5.94826457650077,158.533031578723,152.584767002222,0.240789478292978,0.192759146008346,0.0480303322846322,0.00027831298697778,25,9.54166404439055e-15,0
5,5.60324514100197,158.533031578723,152.929786437721,0.240793905266683,0.192759146008346,0.0480347592583376,0.000317838212179705,25,3.18055468146352e-15,0
5.025,5.25823478012736,158.533031578723,153.274796798595,0.240791079438883,0.192759146008346,0.0480319334305373,0.000351257096098095,25,3.18055468146352e-15,0
5.05,5.63323624392163,159.253023279375,153.619787035453,0.240780195532383,0.193148877183065,0.0476313183493187,0.000377936924502387,25,3.18055468146352e-15,0
5.075,5.28827802669708,159.253023279375,153.964745252678,0.240760626575856,0.193148877183065,0.0476117493927912,0.000397396619929324,25,9.54166404439055e-15,0
5.1,4.94336382601469,159.253023279375,154.30965945336,0.240732089004485,0.193148877183065,0.0475832118214201,0.000409478727572271,25,9.54166404439055e-15,0
5.125,5.33271544695696,159.987232626247,154.65451717929,0.240694278522963,0.193521141849724,0.0471731366732394,0.00041397704220536,25,9.54166404439055e-15,0
5.15,4.98792688447057,159.987232626247,154.999305741777,0.240647084196,0.193521141849724,0.0471259423462761,0.000410846581600732,25,9.54166404439055e-15,0
5.175,4.6432197072433,159.987232626247,155.344012919004,0.240590734427545,0.193521141849724,0.0470695925778207,0.000400356502488902,25,9.54166404439055e-15,0
5.2,5.00435512702282,160.692981789939,155.688626662916,0.240525435759225,0.193876571100736,0.0466488646584897,0.0003827214990543,25,9.54166404439055e-15,0
5.225,4.65984650492987,160.692981789939,156.033135285009,0.240451567079601,0.193876571100736,0.0465749959788651,0.000358292796516307,25,3.18055468146352e-15,0
5.25,4.31545370904382,160.692981789939,156.377528080895,0.240369808240184,0.193876571100736,0.0464932371394484,0.000327694302306225,25,3.18055468146352e-15,0
5.275,4.68946818790839,161.411263264033,156.721795076124,0.240280787139779,0.194215712304637,0.0460650748351421,0.000291463656046625,25,3.18055468146352e-15,0
5.3,4.34533611525258,161.411263264033,157.06592714878,0.240185257590011,0.194215712304637,0.0459695452853736,0.000250228364985644,25,3.18055468146352e-15,0
5.325,4.00134669374026,161.411263264033,157.409916570292,0.240084215134031,0.194215712304637,0.045868502829394,0.000204830430904579,25,-3.18055468146352e-15,0
5.35,4.34797889886727,162.101735660848,157.75375676198,0.239978559295879,0.194539067027419,0.0454394922684601,0.000155984531624215,25,-3.18055468146352e-15,0
5.375,4.00429331085923,162.101735660848,158.097442349988,0.239869259854323,0.194539067027419,0.0453301928269043,0.000116454955076978,25,0.0163924224499278,0
5.4,3.66076603720463,162.101735660848,158.440969623643,0.239757464919714,0.194539067027419,0.0452183978922948,7.32113397086676e-05,25,0.0163924224499246,0
5.425,3.96250170886587,162.746837998537,158.784336289671,0.239644226064543,0.194710009496191,0.0449342165683519,4.5645605469824e-05,25,0.0413924224499262,0
5.45,3.61929647695602,162.746837998537,159.127541521581,0.239530602282345,0.194710009496191,0.0448205927861541,5.01473699579258e-05,25,0.0913924224499231,0
5.475,3.27625172858008,162.746837998537,159.470586269957,0.239417728875276,0.194710009496191,0.044707719379085,6.40554145129313e-05,25,0.116392422449928,0
5.5,3.5906914971846,163.404164426516,159.813472929331,0.2393065764934,0.195010291350457,0.0442962851429437,0.000104853485259376,25,0.166392422449925,0
5.525,3.24795914421032,163.404164426516,160.156205282305,0.239198104418349,0.195010291350457,0.044187813067892,0.000187320424530873,25,0.241392422449926,0
5.55,2.90537559749476,163.404164426516,160.498788829021,0.239093360889906,0.195010291350457,0.0440830695394498,0.000324076880200419,25,0.341392422449923,0
5.575,3.19734706135142,164.038577461575,160.841230400223,0.238993206339475,0.19529603645704,0.043697169882435,0.000525681552997093,25,0.466392422449925,0
5.6,2.85503941122206,164.038577461575,161.183538050353,0.238898458624989,0.19529603645704,0.0436024221679487,0.000801097706564086,25,0.616392422449922,0
5.625,2.51285613420887,164.038577461575,161.525721327366,0.238809989024222,0.19529603645704,0.043513952567182,0.00115806831653098,25,0.791392422449921,0
5.65,2.82932783951694,164.697118613772,161.867790774255,0.238728464028466,0.195567951193305,0.0431605128351618,0.00160308354924149,25,0.991392422449924,0
5.675,2.48736082651476,164.697118613772,162.209757787257,0.238654482208357,0.195567951193305,0.0430865310150519,0.002141706721766,25,1.21639242244993,0
5.7,2.14548376860141,164.697118613772,162.55163484517,0.238588665178317,0.195567951193305,0.0430207139850119,0.00277882825209139,25,1.46639242244993,0
5.725,2.44546987086907,165.338904764578,162.893434893709,0.238531414190196,0.195826821982362,0.0427045922078341,0.00351855679586047,25,1.74139242244993,0
5.75,2.10373356932295,165.338904764578,163.235171195255,0.238483039029296,0.195826821982362,0.0426562170469341,0.00436446497225107,25,2.04139242244993,0
5.775,1.76204721826169,165.338904764578,163.576857546317,0.238443844958781,0.195826821982362,0.0426170229764188,0.00528452085598474,25,2.31843972170164,0
5.8,2.08743667315937,166.005944234375,163.918507561216,0.238413901895534,0.196073489268525,0.0423404126270092,0.00628643019941008,25,2.62048702095336,0
5.825,1.74580968660098,166.005944234375,164.260134547774,0.238393168144471,0.196073489268525,0.0423196788759462,0.00737680107579719,25,2.94753432020508,0
5.85,1.40454628102865,166.005944234375,164.601397953346,0.237901161042708,0.196073489268525,0.0418276717741835,0.00804419310391968,24.3443031020028,2.59388472145961,-26.2278759198871
5.875,1.71503201002704,166.657418947192,164.942386937165,0.237975661808576,0.196308670619846,0.0416669911887303,0.00933662341582875,25,3.5766289187085,26.2278759198871
5.9,1.37446626844066,166.657418947192,165.282952678751,0.237314615690341,0.196308670619846,0.0410059450704952,0.00996095933923979,24,2.92867621796022,-40.0000000000001
5.925,1.03528954624977,166.657418947192,165.622129400942,0.236037151153775,0.196308670619846,0.0397284805339287,0.0100073324048494,23,2.25572351721193,-40.0000000000001
5.95,1.37783004419171,167.338014672355,165.960184628164,0.235707289818683,0.196532363930752,0.0391749258879311,0.0110147938534128,24,3.55777081646365,40.0000000000001
5.975,1.04073003417824,167.338014672355,166.297284638177,0.234711460188093,0.196532363930752,0.0381790962573404,0.011385056027368,23,2.88481811571536,-40.0000000000001
6,0.705461468831086,167.338014672355,166.632553203524,0.233156344693752,0.196532363930752,0.0366239807630001,0.0112013021016195,22,2.18686541496708,-40.0000000000001
6.025,1.04313874167172,168.008391971942,166.96525323027,0.231131080074414,0.196743958454599,0.0343871216198156,0.010537096210865,21,1.47029913949824,-40.0000000000001
6.05,0.71362817391324,168.008391971942,167.294763798029,0.228709826603245,0.196743958454599,0.0319658681486457,0.009485256121854,20,0.778732864029432,-40.0000000000001
6.075,0.387831103243909,168.008391971942,167.620560868698,0.225954071853729,0.196743958454599,0.0292101133991303,0.00808672931221543,19,0.0621665885606024,-40.0000000000001
6.1,0.722871056545081,168.665070949436,167.942199892891,0.222914480575138,0.196805117395598,0.02610936317954,0.00641118927029063,18,-0.629399686908229,-40.0000000000001
6.125,0.405768888559764,168.665070949436,168.259302060876,0.219632669384329,0.196805117395598,0.0228275519887307,0.00451674938677649,17,-1.29596596237706,-40.0000000000001
6.15,0.0935279083957765,168.665070949436,168.57154304104,0.216142884490627,0.196805117395598,0.0193377670950289,0.00241526731284611,16,-1.98753223784589,-40.0000000000001
6.175,0.491036218206147,169.369679071838,168.878642853631,0.212473192012929,0.196993778163681,0.0154794138492481,0.000152141616441864,15,-2.65409851331472,-40.0000000000001
6.2,0.189321082095816,169.369679071838,169.180357989742,0.20864625448365,0.196993778163681,0.0116524763199689,-0.00223492520306845,14,-3.29566478878355,-40
6.225,-0.106795709854022,169.369679071838,169.476474781692,0.204680233587974,0.196993778163681,0.00768645542429297,-0.0047513935992029,13,-3.96223106425237,-40
6.25,0.318485250957005,170.086323318993,169.767838068036,0.201999810070229,0.197165859242595,0.0048339508276338,-0.00597684825307024,13.9181080299314,-2.7135835892572,36.7243211972559
6.275,0.0312098474435741,170.086323318993,170.05511347155,0.199006690872885,0.197165859242595,0.00184083163028956,-0.00749282659435307,12.9181080299314,-3.35804414419341,-40
6.3,-0.251559725893024,170.086323318993,170.337883044886,0.195741072492005,0.197165859242595,-0.00142478675058955,-0.00928123647522347,11.9181080299314,-4.02750469912963,-40
6.325,0.226918903576667,170.843780358586,170.61686145501,0.193708249938625,0.197322308726028,-0.00361405878740273,-0.00984757261880978,12.9181080299314,-2.7105000281333,40
6.35,-0.0488259943815741,170.843780358586,170.892606352968,0.191261377454236,0.197322308726028,-0.00606093127179227,-0.0108198327287508,11.9181080299314,-3.36849535713697,-40
6.375,-0.320785751781965,170.843780358586,171.164566110368,0.188453978188474,0.197322308726028,-0.00886833053755418,-0.0121767523806858,10.9181080299314,-4.06788310859056,-40
6.4,0.157465831836564,171.59080551397,171.433339682133,0.186803960832672,0.197464669458491,-0.0106607086258184,-0.0123674916682738,11.9181080299314,-2.72587843759422,40
6.425,-0.109663740257878,171.59080551397,171.700469254228,0.186151314718349,0.197464669458491,-0.0113133547401418,-0.0115542050279503,12.9181080299314,-1.38387376659789,40
6.45,-0.375400330966287,171.59080551397,171.966205844936,0.184886930100507,0.197464669458491,-0.0125777393579836,-0.0113839084067005,11.9181080299314,-2.09186909560156,-40
6.475,0.123655425373329,172.354469789841,172.230814364468,0.184563266131604,0.197593729738157,-0.0130304636065538,-0.010263492562609,12.9181080299314,-0.749864424605218,40
6.5,-0.140943067468857,172.354469789841,172.49541285731,0.184864227350065,0.197593729738157,-0.0127295023880926,-0.00851101470127796,13.6626510187531,0.336683235212832,29.7817195528687
6.525,-0.405425054494633,172.354469789841,172.759894844336,0.184421569131997,0.197593729738157,-0.01317216060616,-0.00753249754818583,12.6626510187531,-0.371312093790831,-40
6.55,0.0596288524276876,173.08397641015,173.024347557723,0.18480424329483,0.197711026818033,-0.0129067835232031,-0.00579146392266067,13.6626510187531,0.870692577205503,40
6.575,-0.204818549763106,173.08397641015,173.288794959913,0.184431156872841,0.197711026818033,-0.0132798699451927,-0.00486045785346298,12.6626510187531,0.112697248201838,-40
6.6,-0.468253143199319,173.08397641015,173.55222955335,0.183403606333182,0.197711026818033,-0.0143074204848519,-0.00466700798769748,11.6626510187531,-0.695298080801828,-40
6.625,0.0149170565032426,173.829772544056,173.814855487553,0.183277876233362,0.197818098205843,-0.0145402219724806,-0.00364599971705529,12.6626510187531,0.492969545617858,40
6.65,-0.247027287985217,173.829772544056,174.076799832041,0.182465792776701,0.197818098205843,-0.0153523054291421,-0.00337511623758452,11.6626510187531,-0.318762827962456,-40
6.675,-0.507374093885564,173.829772544056,174.337146637942,0.181059653817603,0.197818098205843,-0.0167584443882402,-0.00378931479809885,10.6626510187531,-1.18049520154277,-40
6.7,-0.034807349210526,174.56137119395,174.59617854316,0.180606565196659,0.197915206670439,-0.0173086414737808,-0.00336515784497446,11.6626510187531,-0.0922275751230872,40
6.725,-0.293321231415056,174.56137119395,174.854692425365,0.180332659635086,0.197915206670439,-0.0175825470353532,-0.00286070207988867,11.7784221974487,0.11181122999223,4.63084714782532
6.75,-0.550956476111408,174.56137119395,175.112327670061,0.179397404786841,0.197915206670439,-0.0185178018835984,-0.00313915256205904,10.7784221974487,-0.849921143588083,-40
6.775,-0.0490352619672494,175.32024034479,175.369275606757,0.179355504958433,0.198002255692594,-0.0186467507341609,-0.00259396170248374,11.7784221974487,0.236299183579885,40
6.8,-0.306242958276807,175.32024034479,175.626483303067,0.17975444550379,0.198002255692594,-0.0182478101888038,-0.00166832425457059,12.3198131601466,0.863910473445729,21.6556385079149
6.825,-0.563472027456537,175.32024034479,175.883712372247,0.17940867316653,0.198002255692594,-0.0185935825260634,-0.00157600357018869,11.3198131601466,-0.0998691993863003,-40
6.85,-0.0783206710477707,176.062721250412,176.14104192146,0.179881976489633,0.198079829368642,-0.0181978528790083,-0.00074092045617502,12.3198131601466,0.93635112778167,40
6.875,-0.335773019968192,176.062721250412,176.39849427038,0.179604539080032,0.198079829368642,-0.0184752902886094,-0.000722986858689462,11.3198131601466,-0.0274285450503611,-40
6.9,-0.592347019791403,176.062721250412,176.655068270203,0.178677305504467,0.198079829368642,-0.0194025238641747,-0.00144888003467419,10.3198131601466,-1.04120821788239,-40
6.925,-0.133279823758605,176.777689846398,176.910969670156,0.178649901590109,0.198149667257669,-0.0194997656675597,-0.00131987067666267,11.3198131601466,-0.00498789071442041,40
6.95,-0.388641667237826,176.777689846398,177.166331513636,0.177944097298877,0.198149667257669,-0.0202055699587921,-0.00187168856785019,10.3198131601466,-0.918767563546451,-40
6.975,-0.642560312746136,176.777689846398,177.420250159144,0.1766507944733,0.198149667257669,-0.0214988727843693,-0.00304961778958623,9.31981316014661,-1.88254723637848,-40
7,-0.144426634020356,177.528587072858,177.673013706878,0.176309329847369,0.198212848449298,-0.0219035186019293,-0.00330883577279462,10.3198131601466,-0.846326909210512,40
7.025,-0.397309730868613,177.528587072858,177.925896803727,0.176796701566728,0.198212848449298,-0.0214161468825707,-0.00273609894870935,11.3198131601466,0.233506992678,40
7.05,-0.650353163921164,177.528587072858,178.178940236779,0.176546126955751,0.198212848449298,-0.0216667214935471,-0.00293495530857235,10.3198131601466,-0.736659105433483,-40
7.075,-0.162101824592441,178.270127328734,178.432229153327,0.177114055636742,0.198133932954093,-0.0210198773173509,-0.00230784493803415,11.3198131601466,0.343174796455029,40
7.1,-0.415743309792984,178.270127328734,178.685870638527,0.177044945756675,0.198133932954093,-0.0210889871974182,-0.00231137867826398,10.4692949432126,-0.427509518590485,-34.0207286773611
7.125,-0.668808528356546,178.270127328734,178.938935857091,0.17631399193904,0.198133932954093,-0.0218199410150532,-0.00300730412785705,9.46929494321258,-1.39767561670197,-40
7.15,-0.142488155661061,179.049120986394,179.191609142055,0.176465268547277,0.198192014690689,-0.0217267461434117,-0.00284444183454011,10.4692949432126,-0.364639586853506,40
7.175,-0.395948369053712,179.049120986394,179.445069355448,0.17738336905019,0.198192014690689,-0.0208086456404991,-0.00193489088223447,11.4692949432126,0.668396442994958,40
7.2,-0.650153527566828,179.049120986394,179.699274513961,0.177511801417321,0.198192014690689,-0.0206802132733681,-0.00186825753977157,10.4692949432126,-0.348567527156577,-40
7.225,-0.138001825799116,179.8162328305,179.954234656299,0.178408058944982,0.198244760881806,-0.0198367019368243,-0.00104293188150473,11.4692949432126,0.684468502691889,40
7.25,-0.393675622389518,179.8162328305,180.209908452889,0.17851618255089,0.198244760881806,-0.0197285783309157,-0.000992774850931605,10.4692949432126,-0.254601187992257,-40
7.275,-0.649009523172783,179.8162328305,180.465242353672,0.177938814770645,0.198244760881806,-0.0203059461111613,-0.00165239947935805,9.46929494321258,-1.2436708786764,-40
7.3,-0.104179744925273,180.616202874796,180.720382619721,0.178217351626343,0.198293944307403,-0.02007659268106,-0.00147447365916434,10.4692949432126,-0.230635789157217,40
7.325,-0.360265370461755,180.616202874796,180.976468245257,0.179237058302206,0.198293944307403,-0.0190568860051972,-0.000542404048586909,11.4692949432126,0.820934074429412,40
7.35,-0.617219306953076,180.616202874796,181.233422181749,0.179446537170768,0.198293944307403,-0.0188474071366354,-0.000444584266997922,10.4692949432126,-0.177496061983962,-40
7.375,-0.0924209216128889,181.398800666929,181.491221588541,0.180400362205253,0.198339247590667,-0.0179388853854136,0.00041410199741776,11.4692949432126,0.874073801602667,40
7.4,-0.350993060178549,181.398800666929,181.749793727107,0.180547429937906,0.198339247590667,-0.0177918176527605,0.000481155220540791,10.4692949432126,-0.0743563348107031,-40
7.425,-0.609258233784616,181.398800666929,182.008058900713,0.179991858716558,0.198339247590667,-0.0183473888741087,-0.000176462755844986,9.46929494321258,-1.07278647122408,-40
7.45,-0.0586267278843999,182.207509937368,182.266136665253,0.180271985946858,0.198382110391179,-0.0181101244443212,-1.60444939900084e-05,10.4692949432126,-0.0712166076374478,40
7.475,-0.31762792888177,182.207509937368,182.52513786625,0.181273400422704,0.198382110391179,-0.017108709968475,0.000851249974832019,11.4692949432126,0.930353255949181,40
7.5,-0.577451341762851,182.207509937368,182.784961279131,0.181449623160999,0.198382110391179,-0.0169324872301799,0.000845822472970909,10.4692949432126,-0.118076880464189,-40
7.525,-0.0525256614633732,182.993036880608,183.045562542071,0.18235283908746,0.198421778224179,-0.0160689391367194,0.00155921218456645,11.4692949432126,0.877426955435539,40
7.55,-0.313812379448128,182.993036880608,183.306849260056,0.18243697571294,0.198421778224179,-0.0159848025112393,0.00148385922737251,10.4692949432126,-0.0770692086647321,-40
7.575,-0.574690159181734,182.993036880608,183.567727039789,0.181808111279342,0.198421778224179,-0.0166136669448375,0.000686884334810178,9.46929494321258,-1.081565372765,-40
7.6,-0.0286455572902359,183.799655912622,183.828301469913,0.182002471611503,0.19845940621978,-0.0164569346082775,0.00073700802692836,10.4692949432126,-0.044476313487308,40
7.625,-0.289945482405689,183.799655912622,184.089601395028,0.182814448830186,0.19845940621978,-0.0156449573895938,0.00142911404251808,11.3412098248145,0.868264671968962,34.876595264077
7.65,-0.551803753900383,183.799655912622,184.351459666523,0.182807774800977,0.19845940621978,-0.0156516314188032,0.00128871700059413,10.3412098248145,-0.140909224176694,-40
7.675,-0.0326192879462234,184.58122171304,184.613841000986,0.183531614804329,0.198493993717182,-0.014962378912853,0.00186821444870272,11.3412098248145,0.849916879677651,40
7.7,-0.295440528103158,184.58122171304,184.876662241143,0.183443839972409,0.198493993717182,-0.0150501537447728,0.00166413229985243,10.3412098248145,-0.109257016468003,-40
7.725,-0.557619063723956,184.58122171304,185.138840776764,0.182651322648506,0.198493993717182,-0.0158426710686755,0.00074462117983734,9.3412098248145,-1.11843091261366,-40
7.75,-0.0168876967818793,185.383605249034,185.400492945816,0.182687678714075,0.19852644086799,-0.0158387621539154,0.000679614551403057,10.3412098248145,-0.0806846493992771,40
7.775,-0.279074972430051,185.383605249034,185.662680221464,0.183379946378628,0.19852644086799,-0.0151464944893623,0.00129344959019098,11.2570186166815,0.872870405682058,36.6323516746781
7.8,-0.541661128197544,185.383605249034,185.925266377232,0.183259928115208,0.19852644086799,-0.0152665127527828,0.00107969350513604,10.2570186166815,-0.139383331103559,-40
7.825,-0.0254754818757575,186.162747724225,186.188223206101,0.183875036645444,0.198555503923778,-0.0146804672783343,0.00158883795961473,11.2570186166815,0.848362932110821,40
7.85,-0.288728452655846,186.162747724225,186.451476176881,0.18368752729241,0.198555503923778,-0.0148679766313679,0.00132153972706567,10.2570186166815,-0.113890804674795,-40
7.875,-0.551206725653476,186.162747724225,186.713954449879,0.182805119461235,0.198555503923778,-0.0157503844625431,0.000346697164585991,9.25701861668146,-1.12614454146042,-40
7.9,-0.0100046457623065,186.965780600746,186.975785246509,0.18275917570597,0.198582116093517,-0.0158229403875463,0.000212723004359289,10.2570186166815,-0.118062787335058,40
7.925,-0.272303875632052,186.965780600746,187.238084476378,0.183438260327924,0.198582116093517,-0.0151438557655928,0.000807850327333715,11.2570186166815,0.890018966790299,40
7.95,-0.534984679684846,186.965780600746,187.500765280431,0.183308897579845,0.198582116093517,-0.0152732185136713,0.000562485237399601,10.2570186166815,-0.151899279084343,-40
7.975,-0.0137762115577181,187.750025926319,187.763802137877,0.183916804079549,0.198605090274153,-0.0146882861946045,0.00103897554928992,11.2570186166815,0.822699931613167,40
8,-0.277227059626607,187.750025926319,188.027252985946,0.183902378441954,0.198605090274153,-0.0147027118321988,0.000915969932495958,10.4996597241575,0.0899402497866705,-30.2943557009602
8.025,-0.540133828631599,187.750025926319,188.290159754951,0.183176284873688,0.198605090274153,-0.0154288054004647,6.5327367219925e-05,9.49965972415745,-0.935460539515818,-40
8.05,-0.0500236704650349,188.502602038654,188.552625709119,0.183270545314319,0.198625426116945,-0.0153548808026259,4.90579068839481e-05,10.4996597241575,0.0777149478149004,40
8.075,-0.312268749128682,188.502602038654,188.814870787782,0.182883521238452,0.198625426116945,-0.0157419048784933,-0.000436577984819497,9.83625078903879,-0.572518499973047,-26.5363574047467
8.1,-0.573474568155013,188.502602038654,189.076076606809,0.181839793880432,0.198625426116945,-0.0167856322365129,-0.00160455147302604,8.83625078903879,-1.60934301264233,-40
8.125,-0.0498081034552772,189.286611580755,189.336419684211,0.181662912447623,0.198643943102204,-0.016981030654581,-0.00192774599755,9.83625078903879,-0.646167525311609,40
8.15,-0.310447043908873,189.286611580755,189.597058624664,0.182238970757023,0.198643943102204,-0.016404972345181,-0.00148366826498345,10.8362507890388,0.363805834059159,40
8.175,-0.571337615263046,189.286611580755,189.857949196018,0.182035661727407,0.198643943102204,-0.0166082813747963,-0.00184253196518511,9.83625078903879,-0.676220806570075,-40
8.2,-0.0596472400117043,190.059456997952,190.119104237963,0.182591553261817,0.198525276338632,-0.0159337230768146,-0.00143716077344974,10.8362507890388,0.319366708394323,40
8.225,-0.321096754436108,190.059456997952,190.380553752388,0.18246256670509,0.198525276338632,-0.0160627096335419,-0.00171270097761925,9.95944441463731,-0.561852151042754,-35.072254976059
8.25,-0.581865075540321,190.059456997952,190.641322073492,0.181653487581497,0.198525276338632,-0.0168717887571347,-0.0027008954824895,8.95944441463731,-1.61626463607835,-40
8.275,-0.0301956919277939,190.871358631573,190.901554323501,0.181688327636024,0.198546136995596,-0.0168578093595723,-0.00286965054047708,9.95944441463731,-0.665600744741135,40
8.3,-0.291020914712662,190.871358631573,191.162379546285,0.182455914656642,0.198546136995596,-0.0160902223389537,-0.00229264303313986,10.9594444146373,0.332958366392754,40
8.325,-0.552370622637698,190.871358631573,191.423729254211,0.182428613482823,0.198546136995596,-0.016117523512773,-0.00253507231230632,9.95944441463731,-0.718482522473354,-40
8.35,-0.0106292043580355,191.674964744119,191.685593948477,0.183143926422947,0.198564795538464,-0.0154208691155164,-0.00202035455079014,10.9594444146373,0.280076588660537,40
8.375,-0.273575100376649,191.674964744119,191.948539844496,0.183921578403742,0.198564795538464,-0.0146432171347212,-0.00143092158492197,11.1460247781983,0.465216063355437,7.46321454244032
8.4,-0.537065509807766,191.674964744119,192.212030253927,0.183905721897066,0.198564795538464,-0.0146590736413976,-0.00165999312551346,10.1460247781983,-0.58622482551067,-40
8.425,0.034212856172814,192.510268367644,192.476055511471,0.184631952390782,0.198581852374131,-0.0139498999833496,-0.00116824639217525,11.1460247781983,0.36233428562322,40
8.45,-0.230991016193106,192.510268367644,192.741259383837,0.185528633459374,0.198581852374131,-0.0130532189147574,-0.000488467223646788,11.4853265153122,0.700195133870953,13.5720694845536
8.475,-0.496899985917345,192.510268367644,193.007168353561,0.185616599590688,0.198581852374131,-0.0129652527834432,-0.000637592520160213,10.4853265153122,-0.351245754995156,-40
8.5,0.0587524380055822,193.332502321206,193.273749883201,0.186431583041409,0.198598135555692,-0.0121665525142832,-4.79362949676043e-05,11.4853265153122,0.637651342740629,40
8.525,-0.208661994096065,193.332502321206,193.541164315302,0.186774035126135,0.198598135555692,-0.0118241004295571,8.39293311735434e-05,10.9422754499838,0.0895634028349787,-21.7220426131333
8.55,-0.476039459886561,193.332502321206,193.808541781093,0.186381448346381,0.198598135555692,-0.0122166872093112,-0.000541749833713662,9.94227544998383,-0.965473471742337,-40
8.575,0.109996278219278,194.1859417111,194.075945432881,0.186777956486822,0.198614936758448,-0.0118369802716258,-0.000395835771245828,10.9422754499838,-0.0187619898448835,40
8.6,-0.158481043625266,194.1859417111,194.344422754725,0.187854995280076,0.198614936758448,-0.0107599414783722,0.000421928834261925,11.9422754499838,0.936364268674602,40
8.625,-0.42789065340023,194.1859417111,194.6138323645,0.188093671903522,0.198614936758448,-0.0105212648549256,0.000358778100454843,10.9422754499838,-0.158509472805911,-40
8.65,0.136442211402125,195.020540096173,194.884097884771,0.189029961624432,0.198631364839799,-0.00960140321536737,0.000992741575147837,11.9422754499838,0.796616785713575,40
8.675,-0.134860464051119,195.020540096173,195.155400560224,0.1895524285113,0.198631364839799,-0.00907893632849924,0.00124875056041759,11.5177092262386,0.377176820487796,-16.9826489498106
8.7,-0.406345714581353,195.020540096173,195.426885810754,0.189305985870098,0.198631364839799,-0.00932537896970126,0.000731918959863187,10.5177092262386,-0.667696920992718,-40
8.725,0.179246104686568,195.877815308009,195.698569203322,0.189815937899607,0.198648349529847,-0.00883241163024057,0.0009690066858839,11.5177092262386,0.287429337526769,40
8.75,-0.0935322631483732,195.877815308009,195.971347571157,0.190831483214651,0.198648349529847,-0.00781686631519565,0.00171236882827613,12.3146541713258,1.04258038177344,31.8777978034891
8.775,-0.367138523941942,195.877815308009,196.244953831951,0.191003126909882,0.198648349529847,-0.00764522261996473,0.00157755532750961,11.3146541713258,-0.0492135190671049,-40
8.8,0.191712665052879,196.71101664973,196.519303984677,0.191865052329091,0.198665267749643,-0.00680021542055106,0.00213307482022526,12.3146541713258,0.899578380643483,40
8.825,-0.0832551222852189,196.71101664973,196.794271772015,0.191898843789763,0.198665267749643,-0.00676642395987986,0.00189684528853742,11.3146541713258,-0.10162971964593,-40
8.85,-0.357736760028408,196.71101664973,197.068753409758,0.19121628788949,0.198665267749643,-0.00744897986015242,0.000940880853681908,10.3146541713258,-1.15283781993534,-40
8.875,0.22335727138531,197.566192703691,197.342835432306,0.191333720817838,0.198683251945892,-0.00734953112805331,0.000812583662883809,11.3146541713258,-0.162080309254114,40
8.9,-0.0513882793359952,197.566192703691,197.617580983027,0.19213852612108,0.198683251945892,-0.00654472582481189,0.00141730490886366,12.3146541713258,0.858341710516143,40
8.925,-0.326669978439394,197.566192703691,197.89286268213,0.192114336330472,0.198683251945892,-0.00656891561541917,0.00119756723298106,11.3146541713258,-0.171236269713601,-40
8.95,0.228140877809948,198.396758802604,198.168617924794,0.192792554692947,0.198700664202435,-0.0059081095094877,0.00168494160316779,12.3146541713258,0.799185750056654,40
8.975,-0.0481825735204538,198.396758802604,198.444941376124,0.192929893100674,0.198700664202435,-0.00577077110176041,0.00165987099963236,11.7011347072501,0.189570849179075,-24.5407785630273
9,-0.324153624265319,198.396758802604,198.720912426869,0.192325836785351,0.198700664202435,-0.00637482741708328,0.000883006992297097,10.7011347072501,-0.856524587622823,-40
9.025,0.249993263785137,199.246578743238,198.996585479452,0.192499980279012,0.198717938613941,-0.00621795833492877,0.000907015673762779,11.7011347072501,0.141206503074236,40
9.05,-0.0263816126622726,199.246578743238,199.2729603559,0.193294308433254,0.198717938613941,-0.00542363018068651,0.0015792296374795,12.6312004482593,1.08042705814732,37.2026296403691
9.075,-0.303280304317303,199.246578743238,199.549859047555,0.193254488748287,0.198717938613941,-0.00546344986565403,0.00140635063817801,11.6312004482593,0.0395818722111669,-40
9.1,0.24484918508131,200.072061433941,199.82721224886,0.19391288817058,0.198733819136134,-0.00482093096555411,0.00192268481192701,12.6312004482593,0.998736686275019,40
9.125,-0.032848289238256,200.072061433941,200.104909723179,0.193755962296268,0.198733819136134,-0.00497785683986618,0.00165166799648286,11.6312004482593,0.0078915003388692,-40
9.15,-0.309805844501106,200.072061433941,200.381867278442,0.192897286820958,0.198733819136134,-0.00583653231517645,0.000667776659894675,10.6312004482593,-1.03295368559728,-40
9.175,0.263147502831813,200.921338953506,200.658191450675,0.192851220101502,0.198749268228826,-0.0058980481273235,0.000505527881742684,11.6312004482593,-0.0477899166530369,40
9.2,-0.0136255803903991,200.921338953506,200.934964533897,0.193506125401348,0.198749268228826,-0.00524314282747845,0.00106220358333062,12.6312004482593,0.951759696697579,40
9.225,-0.290741786215521,200.921338953506,201.212080739722,0.193349893611197,0.198749268228826,-0.00539937461762893,0.000787750752479416,11.6312004482593,-0.0986906899518111,-40
9.25,0.26232896708979,201.751829460521,201.489500493432,0.193911775421395,0.198762772381712,-0.00485099696031716,0.00122040189912148,12.6312004482593,0.859641961658457,40
9.275,-0.0155073954514102,201.751829460521,201.767336855973,0.193944564695759,0.198762772381712,-0.00481820768595295,0.00114612930152547,12.0077684262138,0.239466214850392,-24.9372808818204
9.3,-0.292861710241241,201.751829460521,202.044691170763,0.193256754351005,0.198762772381712,-0.00550601803070758,0.000334740803838773,11.0077684262138,-0.807277509912161,-40
9.325,0.228108700663918,202.549753170331,202.321644469667,0.193364954866141,0.198775026549482,-0.0054100716833409,0.000336230963113832,12.0077684262138,0.190287188818557,40
9.35,-0.0486327617760587,202.549753170331,202.598385932107,0.192973131188799,0.198775026549482,-0.00580189536068307,-0.000148240812047784,11.3291439873881,-0.490772551276472,-27.1449775530299
9.375,-0.324331785453124,202.549753170331,202.874084955784,0.191924940694205,0.198775026549482,-0.00685008585527705,-0.00131276379281889,10.3291439873881,-1.54320785254575,-40
9.4,0.228978385655222,203.377886592832,203.148908207177,0.19172763730808,0.198786745339291,-0.00705910803121107,-0.00164712047358745,11.3291439873881,-0.595643153815032,40
9.425,-0.046104147857612,203.377886592832,203.42399074069,0.192265712082287,0.198786745339291,-0.00652103325700401,-0.00122901093618458,12.3291439873881,0.401921544915686,40
9.45,-0.321389317992622,203.377886592832,203.699275910825,0.192024993909883,0.198786745339291,-0.00676175142940819,-0.00161078453078642,11.3291439873881,-0.650513756353594,-40
9.475,0.218972006552851,204.193739508486,203.974767501933,0.192528907271184,0.198663039685026,-0.00613413241384267,-0.00124696412797068,12.3291439873881,0.324653313257429,40
9.5,-0.0568103458644606,204.193739508486,204.250549854351,0.19243697552922,0.198663039685026,-0.00622606415580676,-0.0014718644205032,11.5760828874298,-0.443578703691718,-30.1224439983311
9.525,-0.331965241330275,204.193739508486,204.525704749816,0.191658602747156,0.198663039685026,-0.00700443693787001,-0.00241285974606875,10.5760828874298,-1.50874962068258,-40
9.55,0.246260844488315,205.04661954355,204.800358699062,0.19170382091974,0.198678948551009,-0.00697512763126965,-0.00254542489055892,11.5760828874298,-0.558793178346058,40
9.575,-0.0289910348978381,205.04661954355,205.075610578448,0.192460566428593,0.198678948551009,-0.00621838212241671,-0.00194577582433636,12.5760828874298,0.439414907515701,40
9.6,-0.304753331506056,205.04661954355,205.351372875056,0.192418632925359,0.198678948551009,-0.0062603156256508,-0.0021626330087352,11.5760828874298,-0.61237700662254,-40
9.625,0.261601288897673,205.889222699073,205.627621410175,0.193102306354639,0.198693379262599,-0.00559107290795988,-0.00163764368588512,12.5760828874298,0.380906504646587,40
9.65,-0.0155612830812528,205.889222699073,205.904783982154,0.193677243972295,0.198693379262599,-0.00501613529030315,-0.0012077614373133,12.535724692214,0.333831820699951,-1.61432780863053
9.675,-0.292997392326993,205.889222699073,206.1822200914,0.193481612441585,0.198693379262599,-0.00521176682101337,-0.00157223248618782,11.535724692214,-0.722884668030922,-40
9.7,0.30325823560838,206.763199543151,206.459941307543,0.194034827498126,0.198707127101148,-0.00467229960302229,-0.00120833292104197,12.535724692214,0.220398843238205,40
9.725,0.0244381398676555,206.763199543151,206.738761403283,0.194985164441854,0.198707127101148,-0.00372196265929411,-0.000429647488153828,13.1844031618279,0.862360824121225,25.9471387845557
9.75,-0.25515484324327,206.763199543151,207.018354386394,0.195113958093061,0.198707127101148,-0.0035931690080872,-0.000492545220010521,12.1844031618279,-0.194355664609647,-40
9.775,0.323303562455943,207.621965400124,207.298661837668,0.195946253027165,0.198720456858403,-0.00277420383123844,0.000160012357818179,13.1844031618279,0.790111890196664,40
9.8,0.0422655523396774,207.621965400124,207.579699847784,0.196133466563545,0.198720456858403,-0.00258699029485865,0.000184485436360876,12.412066222097,0.0116567047209189,-30.8934775892367
9.825,-0.238526051630793,207.621965400124,207.860491451754,0.195604767702541,0.198720456858403,-0.00311568915586261,-0.000527427202353492,11.412066222097,-1.04446154102391,-40
9.85,0.369846926120939,208.510963765549,208.141116839428,0.195869587336575,0.198734868910584,-0.00286528157400989,-0.000461074529695876,12.412066222097,-0.0977374325786411,40
9.875,0.0883368754325417,208.510963765549,208.422626890116,0.19681585260357,0.198734868910584,-0.0019190163070146,0.00027953210192222,13.412066222097,0.857021064895983,40
9.9,-0.19392569546188,208.510963765549,208.704889461011,0.196937135593248,0.198734868910584,-0.00179773331733671,0.000154060920623755,12.412066222097,-0.238220437629393,-40
9.925,0.392765074992663,209.380603568155,208.987838493162,0.197756553218379,0.198749362265108,-0.00099280904672891,0.000727025961634736,13.412066222097,0.716538059845228,40
9.95,0.108776994006605,209.380603568155,209.271826574148,0.198396273032355,0.198749362265108,-0.00035308923275254,0.0011562279047963,13.3079713868849,0.617201722107718,-4.16379340848539
9.975,-0.175544907420726,209.380603568155,209.556148475576,0.198248635123412,0.198749362265108,-0.000500727141695495,0.000794182464416954,12.3079713868849,-0.428039780417661,-40
10,0.429759058392605,210.270547184654,209.840788126262,0.198830738525443,0.198764398755549,6.63397698940915e-05,0.0011591172959004,13.3079713868849,0.526718717056963,40
10.025,0.144148913094483,210.270547184654,210.12639827156,0.199611312961956,0.198764398755549,0.000846914206407201,0.00172496866107996,13.7028770137889,0.882556313936702,15.796225076163
10.05,-0.141971657422178,210.270547184654,210.412518842076,0.199578166138469,0.198764398755549,0.000813767382920244,0.00144447661226427,12.7028770137889,-0.206511716087631,-40
10.075,0.43737217562378,211.136471622246,210.699099446622,0.200251435994877,0.198779922558163,0.00147151343671423,0.00187355347277715,13.7028770137889,0.747949549541478,40
10.1,0.15032732719189,211.136471622246,210.986144295054,0.20026025242778,0.198779922558163,0.00148032986961716,0.00167665090884181,12.8998599974943,-0.0506062011241036,-32.1206806517876
10.125,-0.136196047863825,211.136471622246,211.27266767011,0.199558177059664,0.198779922558163,0.000778254501501402,0.000767244932742328,11.8998599974943,-1.09614493549499,-40
10.15,0.465175991079974,212.023932776506,211.558756785426,0.19965086754753,0.198796682667922,0.000854184879608311,0.000680386756899909,12.8998599974943,-0.101023380728604,40
10.175,0.178466929807838,212.023932776506,211.845465846698,0.200423839757289,0.198796682667922,0.00162715708936728,0.00131504946527222,13.8998599974943,0.91808921915739,40
10.2,-0.108732070461568,212.023932776506,212.132664846968,0.20037218583495,0.198796682667922,0.00157550316702831,0.00112577885661755,12.8998599974943,-0.112798180956613,-40
10.225,0.465455676079607,212.885746680652,212.420291004573,0.201017548933742,0.198812951891603,0.00220459704213882,0.00163461763196182,13.8998599974943,0.85631441892938,40
10.25,0.177327386605764,212.885746680652,212.708419294047,0.201101269672412,0.198812951891603,0.00228831778080948,0.00161218305081345,13.2524982560069,0.219282239068371,-25.8944696594941
10.275,-0.11037557338279,212.885746680652,212.996122254035,0.200454183009242,0.198812951891603,0.00164123111763953,0.000850224672189287,12.2524982560069,-0.820388199305286,-40
10.3,0.482711023761901,213.766173525685,213.283462501923,0.200585305459422,0.198829304630722,0.00175600082869987,0.00089449699205707,13.2524982560069,0.189941362321054,40
10.325,0.194757840556858,213.766173525685,213.571415685128,0.201303633321189,0.198829304630722,0.00247432869046618,0.00155427329123312,14.1388040884031,1.09226833285036,35.4522332958493
10.35,-0.093615243033296,213.766173525685,213.859788768718,0.201199476603887,0.198829304630722,0.00237017197316436,0.00138089650346945,13.1388040884031,0.0582894709834255,-40
10.375,0.473201382540992,214.621724129973,214.148522747432,0.20179510753326,0.198844487021549,0.00295062051171149,0.00189833991258137,14.1388040884031,1.0243106091165,40
10.4,0.184208523577071,214.621724129973,214.437515606396,0.201585740672892,0.198844487021549,0.00274125365134362,0.00163836012759111,13.1388040884031,0.0403317472495681,-40
10.425,-0.103975301411027,214.621724129973,214.725699431384,0.20068642691488,0.198844487021549,0.00184193989333131,0.000677000530276084,12.1388040884031,-0.993647114617364,-40
10.45,0.487056570273513,215.500247879888,215.013191309614,0.200601295167339,0.198859384480916,0.00174191068642271,0.000535835370732735,13.1388040884031,-0.00512507138127395,40
10.475,0.199173898408991,215.500247879888,215.301073981479,0.201215650093054,0.198859384480916,0.00235626561213848,0.00111495885124022,14.1388040884031,1.00579460097451,40
10.5,-0.0889976872585027,215.500247879888,215.589245567146,0.201025898382562,0.198859384480916,0.00216651390164596,0.000872536556408149,13.1388040884031,-0.0332857266697033,-40
10.525,0.481055903146561,216.358727222517,215.87767131937,0.201552411760306,0.198872449781379,0.00267996197892692,0.00134199447713482,14.1388040884031,0.942942450707279,40
10.55,0.192321801613191,216.358727222517,216.166405420903,0.201471540755541,0.198872449781379,0.00259909097416194,0.00122453564427372,13.3976322622654,0.212871442619154,-29.6468730455083
10.575,-0.0957819021185134,216.358727222517,216.454509124635,0.200689326302123,0.198872449781379,0.00181687652074461,0.000387847836122251,12.3976322622654,-0.826027739331265,-40
10.6,0.441635409486721,217.183719912109,216.742084502622,0.200711857244707,0.198884480860983,0.00182737638372454,0.000369050241024599,13.3976322622654,0.176142231556085,40
10.625,0.154356635216884,217.183719912109,217.029363276892,0.200284252902987,0.198884480860983,0.00139977204200459,-8.56085449963406e-05,12.7712206967742,-0.44317478845513,-25.056462619648
10.65,-0.131836868299163,217.183719912109,217.315556780408,0.199209624027762,0.198884480860983,0.000325143166778896,-0.00121062914777903,11.7712206967742,-1.48608024297515,-40
10.675,0.43646550832573,218.037304923325,217.600839414999,0.198986279894212,0.198895944943965,9.0334950247184e-05,-0.00150482206631417,12.7712206967742,-0.528985697495161,40
10.7,0.150960159561783,218.037304923325,217.886344763763,0.199495800436015,0.198895944943965,0.000599855492049689,-0.00104907171739907,13.7712206967742,0.478108847984824,40
10.725,-0.134712414430242,218.037304923325,218.172017337755,0.199231377234615,0.198895944943965,0.000335432290650001,-0.00138821885430471,12.7712206967742,-0.564796606535195,-40
10.75,0.418734467053367,218.876597377185,218.457862910132,0.199708826711229,0.19877226554843,0.000936561162799748,-0.000977651341383168,13.7712206967742,0.429749402133058,40
10.775,0.132759235860786,218.876597377185,218.743838141324,0.199420258239649,0.19877226554843,0.000647992691219346,-0.00132072137992456,12.7712206967742,-0.566888632735873,-40
10.8,-0.152330580298784,218.876597377185,219.028927957484,0.198475529067154,0.19877226554843,-0.000296736481275123,-0.00234492216864454,11.7712206967742,-1.61352666760481,-40
10.825,0.438847013749532,219.752141398041,219.313294384291,0.198373570521015,0.198788032947929,-0.000414462426914092,-0.00254454788143901,12.7712206967742,-0.65500687837264,40
10.85,0.154081939247715,219.752141398041,219.598059458793,0.198997088147027,0.198788032947929,0.000209055199098168,-0.00200159962745655,13.7712206967742,0.350670556669432,40
10.875,-0.131016454010837,219.752141398041,219.883157852051,0.198840369588466,0.198788032947929,5.23366405369985e-05,-0.00225967391623205,12.7712206967742,-0.693652008288497,-40
10.9,0.447828548150085,220.616414080544,220.168585532394,0.199418969165356,0.198802291916106,0.000616677249250519,-0.00176547679099229,13.7712206967742,0.312025426753577,40
10.925,0.161557743134427,220.616414080544,220.454856337409,0.199997889698466,0.198802291916106,0.00119559778236075,-0.0012567551476903,13.8711844926534,0.417666657674853,3.99855183516828
10.95,-0.124990517958779,220.616414080544,220.741404598503,0.199805530840687,0.198802291916106,0.00100323892458104,-0.00154246328781674,12.8711844926534,-0.626655907283075,-40
10.975,0.481431255075402,221.509668031801,221.028236776726,0.200355458496994,0.19881560031875,0.00153985817824415,-0.0011058542054149,13.8711844926534,0.329021527758996,40
11,0.19364554361155,221.509668031801,221.31602248819,0.201112956806122,0.19881560031875,0.00229735648737189,-0.000443798221829911,14.2588442918056,0.72235876195327,15.5063919660881
11.025,-0.0946537093514733,221.509668031801,221.604321741153,0.2010748260858,0.19881560031875,0.00225922576704995,-0.000597149013169179,13.2588442918056,-0.321963803004658,-40
11.05,0.493668810418432,222.386775781584,221.893106971166,0.201757100327835,0.198828540206421,0.00292856012141329,-1.25831179770275e-05,14.2588442918056,0.682801719499463,40
11.075,0.204289405734303,222.386775781584,222.18248637585,0.201904577502147,0.198828540206421,0.00307603729572545,5.6763117800368e-05,13.6160781782949,0.0512718328393931,-25.71064454043
11.1,-0.0847885607206164,222.386775781584,222.471564342305,0.201342430199817,0.198828540206421,0.00251388999339591,-0.000601704327232944,12.6160781782949,-0.98749194030993,-40
11.125,0.532236951369658,223.292663024309,222.760426072939,0.201573846161944,0.19884231563545,0.00273153052649355,-0.000481991769581774,13.6160781782949,-0.0262557134592518,40
11.15,0.242541735467121,223.292663024309,223.050121288842,0.202484818946964,0.19884231563545,0.00364250331151406,0.000310842486812846,14.6160781782949,0.944320224254148,40.0000000000001
11.175,-0.0478559424528681,223.292663024309,223.340518966762,0.202574647472787,0.19884231563545,0.00373233183733637,0.000242207652361326,13.6160781782949,-0.135103838032456,-40
11.2,0.546054194306077,224.177609618969,223.631555424663,0.203361143255186,0.198855891874278,0.00450525138090874,0.000868204369211895,14.6160781782949,0.831421207384326,40
11.225,0.254229374415191,224.177609618969,223.923380244554,0.203692827481447,0.198855891874278,0.00483693560716952,0.00107305849493161,14.1180196507642,0.349887725270423,-19.9223411012272
11.25,-0.0375191180185872,224.177609618969,224.215128736988,0.203281332350851,0.198855891874278,0.00442544047657384,0.000528906477195251,13.1180196507642,-0.683587229312799,-40
11.275,0.57685295080841,225.083693852256,224.506840901447,0.203633047658264,0.198870194846607,0.00476285281165612,0.000743413168166229,14.1180196507642,0.282937816103981,40
11.3,0.284274228457092,225.083693852256,224.799419623799,0.204491992125619,0.198870194846607,0.00562179727901121,0.00146164912541472,14.9117066867203,1.0431498974768,31.7474814382418
11.325,-0.008918225328555,225.083693852256,225.092612077584,0.20452640820238,0.198870194846607,0.00565621335577265,0.00131771768665584,13.9117066867203,-0.040325057106418,-40
11.35,0.578022026418176,225.964373111231,225.386351084813,0.20525370581246,0.198884509438798,0.00636919637366223,0.00186989272672511,14.9117066867203,0.92619998831036,40
11.375,0.283848680815624,225.964373111231,225.680524430416,0.205171205599274,0.198884509438798,0.00628669616047578,0.0016505421668245,13.9117066867203,-0.0572749662728627,-40
11.4,-0.00968361118298821,225.964373111231,225.974056722414,0.20439369626522,0.198884509438798,0.00550918682642224,0.00073438173627749,12.9117066867203,-1.09074992085608,-40
11.425,0.598625605973167,226.865679328873,226.2670537229,0.204420398208751,0.198899876147877,0.00552052206087303,0.000649511040570622,13.9117066867203,-0.0840208520932527,40
11.45,0.305098161185969,226.865679328873,226.560581167687,0.205134038123549,0.198899876147877,0.00623416197567137,0.0012944758160095,14.9117066867203,0.950207311566555,40
11.475,0.0111585546099077,226.865679328873,226.854520774263,0.205033343114767,0.198899876147877,0.00613346696688902,0.00112721058084786,13.9117066867203,-0.0655645247736378,-40
11.5,0.592298961669248,227.741119996537,227.148821034868,0.205634701223254,0.19891466861659,0.00672003260666365,0.00166417980958525,14.9117066867203,0.918663638886169,40
11.525,0.297716994944177,227.741119996537,227.443403001593,0.205460745634019,0.19891466861659,0.00654607701742857,0.00145234692676255,13.9481831882383,-0.0259402009571553,-38.5409399392776
11.55,0.00390004584286257,227.741119996537,227.737219950694,0.204596778296931,0.19891466861659,0.00568210968034052,0.000538473976075399,12.9481831882383,-1.05702054231854,-40
11.575,0.605920794627148,228.636306902599,228.030386107972,0.204542132010275,0.198929682125379,0.00561244988489606,0.00045889826600326,13.9481831882383,-0.0381008836799302,40
11.6,0.312330827494461,228.636306902599,228.323976075105,0.205179993423726,0.198929682125379,0.00625031129834761,0.00109968163909399,14.9481831882383,0.989749622120917,40.0000000000001
11.625,0.0184264102007772,228.636306902599,228.617880492398,0.205009794048021,0.198929682125379,0.00608011192264241,0.000921385624598786,13.9481831882383,-0.0323998720782388,-40
11.65,0.594680072234463,229.50673728289,228.912057210655,0.205548158438717,0.19894337147158,0.00660478696713732,0.0014423201120809,14.9481831882383,0.945450633722607,40
11.675,0.300235630451045,229.50673728289,229.206501652439,0.205406242516177,0.19894337147158,0.00646287104459706,0.00131005721181238,14.1102188801031,0.135336831388225,-33.518572325409
11.7,0.00650825066580755,229.50673728289,229.500229032224,0.204569004457659,0.19894337147158,0.00562563298607929,0.000470644639625456,13.1102188801031,-0.886812662810929,-40
11.725,0.604920793016632,230.398267829852,229.793347036835,0.204537652720242,0.198956468328041,0.00558118439220026,0.000450716370632903,14.1102188801031,0.125004328699861,40
11.75,0.311341424290845,230.398267829852,230.086926405561,0.205197171368875,0.198956468328041,0.0062407030408341,0.0011419625051613,15.1102188801031,1.14936985702238,40
11.775,0.0174117456926637,230.398267829852,230.380856084159,0.205048598643914,0.198956468328041,0.00609213031587261,0.00100731189398251,14.1102188801031,0.123735385344906,-40
11.8,0.592881340960939,231.267975372698,230.675094031737,0.205609429687968,0.198967673740209,0.00664175594775912,0.00156851100695976,15.1102188801031,1.10083857858867,40
11.825,0.298421443661397,231.267975372698,230.969553929037,0.205378473321456,0.198967673740209,0.00641079958124707,0.00135743253285284,14.1102188801031,0.122783947731333,-40
11.85,0.00478859749493246,231.267975372698,231.263186775203,0.204471102015593,0.198967673740209,0.00550342827538405,0.0004513107288662,13.1102188801031,-0.905270683126005,-40
11.875,0.547825594840305,232.103951285392,231.556125690552,0.204386413448205,0.198978093105451,0.00540832034275329,0.00038655794226114,14.1102188801031,0.116674686016657,40
11.9,0.255314336502766,232.103951285392,231.848636948889,0.203881874734834,0.198978093105451,0.00490378162938254,-8.24707845297201e-05,13.5020579462611,-0.469540878682658,-24.3264373536792
11.925,-0.0360124330379695,232.103951285392,232.13996371843,0.202744895272844,0.198978093105451,0.00376680216739284,-0.00120604461755544,12.5020579462611,-1.49759550954,-40
11.95,0.537848819884767,232.968146427069,232.430297607184,0.202468339895858,0.198987925046514,0.00348041484934472,-0.00148856230509084,13.5020579462611,-0.525650140397332,40
11.975,0.247363258611425,232.968146427069,232.720783168457,0.202931013686999,0.198987925046514,0.00394308864048548,-0.00101390194856693,14.5020579462611,0.496295228745331,40.0000000000001
12,-0.0432285859427885,232.968146427069,233.011375013012,0.202628048549626,0.198987925046514,0.0036401235031121,-0.00132498823478283,13.5020579462611,-0.531759402112003,-40
12.025,0.514774003166271,233.81686187589,233.302087872724,0.203071050629764,0.198862678369161,0.00420837226060342,-0.000883717643130749,14.5020579462611,0.474574059896927,40
12.05,0.223976562740764,233.81686187589,233.592885313149,0.20275427726448,0.198862678369161,0.00389159889531934,-0.00119659866839261,13.5020579462611,-0.518180565556192,-40
12.075,-0.0658991574288958,233.81686187589,233.882761033319,0.20178769911658,0.198862678369161,0.00292502074741924,-0.00218991132044719,12.5020579462611,-1.56093519100931,-40
12.1,0.528438884171352,234.700322177003,234.171883292831,0.201666295751416,0.198876652166417,0.00278964358499967,-0.00235783545245158,13.5020579462611,-0.593935256306602,40
12.125,0.238946155837908,234.700322177003,234.461376021165,0.202271042290491,0.198876652166417,0.00339439012407403,-0.00178192554555609,14.5020579462611,0.423064678396111,40
12.15,-0.0508538962784628,234.700322177003,234.751176073281,0.202098698056095,0.198876652166417,0.00322204588967862,-0.00200329500092419,13.5020579462611,-0.609935386901182,-40
12.175,0.529793891490687,235.571075527973,235.041281636483,0.202661628019553,0.198889023644745,0.00377260437480872,-0.00147197443047428,14.5020579462611,0.407064547801528,40
12.2,0.239104866763392,235.571075527973,235.33197066121,0.202904204518191,0.198889023644745,0.00401518087344641,-0.00124354701776871,14.1433985178633,0.0694559464030461,-14.3463771359125
12.225,-0.0514132723407821,235.571075527973,235.622488800314,0.202423728045663,0.198889023644745,0.0035347044009188,-0.00175843524265545,13.1433985178633,-0.959493226597623,-40
12.25,0.558810628560954,236.471715451832,235.912904823271,0.202724447799543,0.198900769474757,0.00382367832478628,-0.00150960912277964,14.1433985178633,0.0115576004017053,40
12.275,0.267516990389699,236.471715451832,236.204198461442,0.203618324901346,0.198900769474757,0.00471755542658875,-0.00064769406717613,15.0338919210137,0.923101830551464,35.6197361260172
12.3,-0.0244685480693728,236.471715451832,236.496183999901,0.203696876429414,0.198900769474757,0.00479610695465707,-0.000619072526053033,14.0338919210137,-0.105847342449208,-40
12.325,0.56548502415588,237.354291236602,236.788806212446,0.204476428127325,0.198911673381928,0.00556475474539739,0.000126161052488638,15.0338919210137,0.909477244154781,40
12.35,0.272326024259917,237.354291236602,237.081965212342,0.204456274581125,0.198911673381928,0.00554460119919681,8.50807022604871e-05,14.0338919210137,-0.0751981692412352,-40
12.375,-0.0203073514528866,237.354291236602,237.374598588055,0.203750806136078,0.198911673381928,0.00483913275414974,-0.000664747946609284,13.0338919210137,-1.10987358263725,-40
12.4,0.598038973500809,238.264861597153,237.666822623652,0.203857471106662,0.198923374813785,0.00493409629287703,-0.000621129215569449,14.0338919210137,-0.14282268928404,40
12.425,0.305150055526011,238.264861597153,237.959711541627,0.204658890630734,0.198923374813785,0.00573551581694975,0.000108289707115655,15.0338919210137,0.834024180723121,40
12.45,0.0117052753841778,238.264861597153,238.253156321768,0.204654575508223,0.198923374813785,0.00573120069443886,-1.04423136961518e-05,14.0338919210137,-0.239128949269719,-40
12.475,0.607586844896219,239.154699685204,238.547112840308,0.205358189068467,0.198934825856383,0.00642336321208384,0.000577703821387804,15.0338919210137,0.73771792073744,40
12.5,0.312889706605238,239.154699685204,238.841809978599,0.205703960762709,0.198934825856383,0.00676913490632616,0.000842407938063006,14.658368206363,0.389041076093878,-15.0209485860289
12.525,0.0182499156193247,239.154699685204,239.136449769585,0.205305052033133,0.198934825856383,0.00637022617674984,0.000357231413903647,13.658368206363,-0.634112053898963,-40
12.55,0.633536021631587,240.064605401217,239.431069379586,0.205666158463108,0.19894668529233,0.00671947317077837,0.000662953570371744,14.658368206363,0.392734816108195,40
12.575,0.338132130941118,240.064605401217,239.726473270276,0.206402962683894,0.19894668529233,0.00745627739156446,0.00137116396169906,15.2681858001299,1.02939927988227,24.3927037506766
12.6,0.0422750636990915,240.064605401217,240.022330337518,0.206333458710882,0.19894668529233,0.00738677341855182,0.0012613731699776,14.2681858001299,0.00624614988943085,-40
12.625,0.630788998984565,240.949385731009,240.318596732025,0.20697080288693,0.19895852355065,0.00801227933627935,0.00184878467955243,15.2681858001299,0.983093019896591,40
12.65,0.334205358021698,240.949385731009,240.615180372988,0.206812534159052,0.19895852355065,0.00785401060840152,0.00166769392777175,14.2681858001299,0.00993988990375342,-40
12.675,0.0383604593398558,240.949385731009,240.91102527167,0.20597220595346,0.19895852355065,0.00701368240280922,0.000793152449327011,13.2681858001299,-1.01321324008909,-40
12.7,0.648778819325199,241.855032133183,241.206253313858,0.205945474552025,0.198971304180271,0.00697417037175457,0.000751900392318622,14.2681858001299,0.00519779236800747,40
12.725,0.353089623137585,241.855032133183,241.501942510046,0.206613398080398,0.198971304180271,0.00764209390012782,0.00143374189423753,15.2681858001299,1.03964233911516,40
12.75,0.0570460173213723,241.855032133183,241.797986115862,0.206475653216835,0.198971304180271,0.00750434903656394,0.00129961444050211,14.2681858001299,0.0240868858623109,-40
12.775,0.640702984542776,242.735045972325,242.094342987783,0.207045798121724,0.198983370352564,0.00806242776915989,0.00186485469201819,15.2681858001299,1.00853143260946,40
12.8,0.344003969277251,242.735045972325,242.391042003048,0.206982154462748,0.198983370352564,0.00799878411018429,0.00182235328477298,14.4972354159437,0.269287930249102,-30.8380153674509
12.825,0.0479205181743059,242.735045972325,242.687125454151,0.20621554548256,0.198983370352564,0.00723217512999585,0.0010644564104588,13.4972354159437,-0.749005187924984,-40
12.85,0.65088725875159,243.633576441719,242.982689182967,0.2062455101685,0.198995400192661,0.00725010997583853,0.00112767243214049,14.4972354159437,0.282701693900929,40
12.875,0.354821520366972,243.633576441719,243.278754921352,0.206908263029975,0.198995400192661,0.0079128628373141,0.00184485689820169,15.4281831459747,1.24535630575791,37.2379092012426
12.9,0.0584058761626392,243.633576441719,243.575170565556,0.206761898790338,0.198995400192661,0.00776649859767697,0.00173621246122765,14.4281831459747,0.22706318758382,-40.0000000000001
12.925,0.635022095918783,244.50691350417,243.871891408251,0.207321571204882,0.199006127397153,0.00831544380772919,0.00231936907541838,15.4281831459747,1.20877006940974,40.0000000000001
12.95,0.338086394378952,244.50691350417,244.168827109791,0.207087036902234,0.199006127397153,0.00808090950508153,0.00213113231796527,14.4281831459747,0.240476951235646,-40.0000000000001
12.975,0.0419880679311223,244.50691350417,244.464925436239,0.206173716789686,0.199006127397153,0.00716758939253356,0.00124865068134522,13.4281831459747,-0.77781616693844,-40
13,0.582635432721972,245.342950304134,244.760314871412,0.206078760332947,0.199016478771222,0.00706228156172539,0.00119014052640926,14.4281831459747,0.230934887191391,40
13.025,0.287895853821715,245.342950304134,245.055054450312,0.205286421570047,0.199016478771222,0.00626994279882556,0.000449842158797203,13.4281831459747,-0.744702151545043,-40
13.05,-0.00526980309926261,245.342950304134,245.348220107233,0.203898030442831,0.199016478771222,0.00488155167160922,-0.00090829203756343,12.4281831459747,-1.77033919028148,-40
13.075,0.565456886798248,246.205506871525,245.640049984727,0.203399171864933,0.199026662837564,0.0043725090273688,-0.00138678518243709,13.4281831459747,-0.78315757288294,40
13.1,0.273780620168285,246.205506871525,245.931726251357,0.203663602410352,0.199026662837564,0.00463693957278799,-0.00108257304826756,14.4281831459747,0.24426948435977,40
13.125,-0.0177286297266951,246.205506871525,246.223235501252,0.203183923246604,0.199026662837564,0.00415726040903994,-0.00154111126133707,13.4281831459747,-0.778303458397517,-40
13.15,0.536444851963582,247.051064392893,246.51461954093,0.203467228970193,0.198901691167588,0.00456553780260543,-0.0012215614086899,14.4281831459747,0.24402042761866,40
13.175,0.245026180910572,247.051064392893,246.806038211983,0.203242454242511,0.198901691167588,0.0043407630749234,-0.0013975448668439,13.7656166479772,-0.396222184362657,-26.5026599198997
13.2,-0.0455808483298857,247.051064392893,247.096645241223,0.202347485576363,0.198901691167588,0.00344579440877557,-0.00226832904532065,12.7656166479772,-1.42389829834648,-40
13.225,0.541361990834566,247.927942803904,247.386580813069,0.202279031652525,0.198915087101495,0.00336394455102976,-0.00233405410923251,13.7656166479772,-0.451574412330302,40
13.25,0.25099848634041,247.927942803904,247.676944317563,0.202920633934461,0.198915087101495,0.00400554683296581,-0.00167354662692418,14.7656166479772,0.570749473685877,40.0000000000001
13.275,-0.0397094518919797,247.927942803904,247.967652255796,0.202772634832129,0.198915087101495,0.00385754773063413,-0.0018241742528779,13.7656166479772,-0.456926640297949,-40
13.3,0.531099126149513,248.789785277696,248.258686151547,0.203348392194444,0.198926167098786,0.00442222509565771,-0.00124316394827459,14.7656166479772,0.553623652498925,40
13.325,0.239804639101547,248.789785277696,248.549980638595,0.20314637469767,0.198926167098786,0.00422020759888425,-0.00142960745952558,13.7656166479772,-0.43009981430886,-40
13.35,-0.0507199006473026,248.789785277696,248.840505178344,0.2022790103977,0.198926167098786,0.00335284329891417,-0.0023079134878049,12.7656166479772,-1.46382328111664,-40
13.375,0.554574522310065,249.68498069327,249.13040617096,0.202242014029555,0.198936525265226,0.00330548876432862,-0.00237403312287227,13.7656166479772,-0.490596299512156,40
13.4,0.264193162638451,249.68498069327,249.420787530632,0.202918103120772,0.198936525265226,0.00398157785554584,-0.00170921308408828,14.7656166479772,0.530904375343113,40
13.425,-0.0265886747922752,249.68498069327,249.711569368062,0.202806988822952,0.198936525265226,0.00387046355772641,-0.00185156896975119,13.7656166479772,-0.49759494980162,-40
13.45,0.563047425454126,250.565782783003,250.002735357549,0.203421036471106,0.19894538414015,0.00447565233095593,-0.00125116478054149,14.7656166479772,0.523905725053648,40
13.475,0.271090123263306,250.565782783003,250.29469265974,0.203900336996339,0.19894538414015,0.00495495285618833,-0.000770701932695683,14.6838497558204,0.463639507752109,-3.27067568627223
13.5,-0.0210083915445146,250.565782783003,250.586791174548,0.203622344951198,0.19894538414015,0.00467696081104729,-0.00107000248437755,13.6838497558204,-0.564859817392621,-40
13.525,0.593768541358347,251.47282193087,250.879053389512,0.204094774798908,0.198953451267428,0.00514132353147917,-0.000638225273540488,14.6838497558204,0.406640857462646,40
13.55,0.30061091754499,251.47282193087,251.172211013325,0.204851541142144,0.198953451267428,0.00589808987471566,6.12499250235155e-05,15.1711035104214,0.865395286918926,19.4901501840405
13.575,0.00694522511905569,251.47282193087,251.465876705751,0.204811699133881,0.198953451267428,0.00585824786645212,-8.50981278593121e-05,14.1711035104214,-0.213104038225802,-40
13.6,0.601146011078066,252.361165620946,251.760019609868,0.205487820683739,0.19896103843699,0.00652678224674907,0.000477378104793341,15.1711035104214,0.758396636629462,40
13.625,0.30650004658829,252.361165620946,252.054665574357,0.205521037724602,0.19896103843699,0.00655999928761225,0.000425866813328013,14.3752303594829,-0.0159758394538502,-31.8349260375432
13.65,0.0123098573767768,252.361165620946,252.348855763569,0.204860883377931,0.19896103843699,0.00589984494094128,-0.000329103880517212,13.3752303594829,-1.04447516459858,-40
13.675,0.633392900268307,253.276088294069,252.642695393801,0.205004826446617,0.198969406002542,0.00603542044407485,-0.000256371394759869,14.3752303594829,-0.0270807218854241,40
13.7,0.338840009202615,253.276088294069,252.937248284867,0.205836320154954,0.198969406002542,0.00686691415241192,0.000530195058171284,15.3752303594829,0.998749558377793,40.0000000000001
13.725,0.0436912835442228,253.276088294069,253.232397010525,0.205857190065507,0.198969406002542,0.006887784062965,0.000493887283152555,14.3752303594829,-0.0254201613589905,-40.0000000000001
13.75,0.640921160851097,254.169011824024,253.528090663172,0.206580794161717,0.198977464552681,0.00760332960903601,0.00115007419344748,15.3752303594829,0.950410118904229,40.0000000000001
13.775,0.344538508044461,254.169011824024,253.824473315979,0.206835680430176,0.198977464552681,0.00785821587749566,0.00136402661403318,14.8461740882551,0.447184127939661,-21.1622508491115
13.8,0.0483322430837048,254.169011824024,254.12067958094,0.206359195041851,0.198977464552681,0.00738173048917048,0.000834635692591512,13.8461740882551,-0.57698559179712,-40
13.825,0.664967451750803,255.081731367543,254.416763915792,0.206653214614929,0.198986114373403,0.00766710024152656,0.00110078059586041,14.8461740882551,0.448844688466098,40
13.85,0.368128774975689,255.081731367543,254.713602592567,0.207410440845369,0.198986114373403,0.00842432647196584,0.00185189490368179,15.568156151764,1.19665703223826,28.879282540358
13.875,0.0708075667158191,255.081731367543,255.010923800827,0.207359025127306,0.198986114373403,0.00837291075390295,0.00177837475910714,14.568156151764,0.17248731250148,-40.0000000000001
13.9,0.660376008012932,255.969056092205,255.308680084192,0.208011562304077,0.198994722586551,0.00901683971752579,0.00239922894620345,15.568156151764,1.15372370644021,40.0000000000001
13.925,0.362279706760732,255.969056092205,255.606776385444,0.207867309562653,0.198994722586551,0.00887258697610113,0.00225040563592804,14.568156151764,0.184960100378928,-40.0000000000001
13.95,0.0649006604180914,255.969056092205,255.904155431787,0.207040543997698,0.198994722586551,0.00804582141114635,0.00140767977930456,13.568156151764,-0.833803505682343,-40
13.975,0.675560043654217,256.876497896544,256.20093785289,0.207026057051321,0.199004285232742,0.00802177181857908,0.00139845627232585,14.568156151764,0.191257357669327,40
14,0.37829820700746,256.876497896544,256.498199689537,0.20770486580786,0.199004285232742,0.00870058057511791,0.00211708592461568,15.568156151764,1.23927404871708,40.0000000000001
14.025,0.0806648703875151,256.876497896544,256.795833026157,0.207578067356946,0.199004285232742,0.00857378212420376,0.0020250523103717,14.568156151764,0.237290739764823,-40.0000000000001
14.05,0.664425181365788,257.758221215961,257.093796034595,0.208158272227604,0.19901323742693,0.00914503480067347,0.00263596203245789,15.568156151764,1.23530743081257,40.0000000000001
14.075,0.366221904174315,257.758221215961,257.391999311787,0.207944984553167,0.19901323742693,0.00893174712623648,0.0024761368009843,14.568156151764,0.270505465725345,-40.0000000000001
14.1,0.0688300709960366,257.758221215961,257.689391144965,0.207052735703492,0.19901323742693,0.00803949827656122,0.00162209832145357,13.568156151764,-0.744296499361885,-40
14.125,0.61428067135132,258.600379016765,257.986098345413,0.206976577133574,0.199022472611736,0.00795410452183745,0.00159427863429432,14.568156151764,0.273818526240084,40
14.15,0.318117862878674,258.600379016765,258.282261153886,0.206315652287313,0.199022472611736,0.00729317967557699,0.00099407798376594,13.7324054374485,-0.538713991246927,-33.4300285726206
14.175,0.0233587440104594,258.600379016765,258.577020272754,0.205039544458747,0.199022472611736,0.00601707184701095,-0.000245532144525329,12.7324054374485,-1.56549579441842,-40
14.2,0.594252163934066,259.464839423649,258.870587259715,0.204634592999237,0.199032017299338,0.00560257569989916,-0.000630246035215026,13.7324054374485,-0.585974932564117,40
14.225,0.300720473505031,259.464839423649,259.164118950144,0.204975719089125,0.199032017299338,0.0059437017897864,-0.000247821993555553,14.7324054374485,0.44354592929019,40
14.25,0.00726032837476983,259.464839423649,259.457579095274,0.204557987849417,0.199032017299338,0.0055259705500792,-0.000641177319801844,13.7324054374485,-0.576933208855502,-40
14.275,0.556927400411074,260.307916229837,259.750988829426,0.204888856156788,0.198906850334581,0.00598200582220762,-0.00026640943705486,14.7324054374485,0.451331460715275,40
14.3,0.2636008979189,260.307916229837,260.044315331918,0.204463378986813,0.198906850334581,0.00555652865223216,-0.00062315431838883,13.7324054374485,-0.508630276494638,-40
14.325,-0.0286396042880219,260.307916229837,260.336555834125,0.203390851602387,0.198906850334581,0.00448400126780649,-0.00164077665029247,12.7324054374485,-1.51859201370455,-40
14.35,0.55238361489399,261.180263636577,260.627880021683,0.203163187458172,0.198920540707419,0.00424264675075292,-0.00182555999439052,13.7324054374485,-0.528553750914466,40
14.375,0.260963889486645,261.180263636577,260.91929974709,0.203509333616562,0.198920540707419,0.0045887929091431,-0.0014169886901847,14.5161608904282,0.288289516443057,31.3502181191887
14.4,-0.0303980445887756,261.180263636577,261.210661681166,0.203100925874803,0.198920540707419,0.00418038516738342,-0.00178145817496542,13.5161608904282,-0.728622669179135,-40
14.425,0.535152943230928,262.037145829604,261.501992886373,0.203445400489699,0.198932097096126,0.00451330339357264,-0.00138992165634838,14.5161608904282,0.282020393956068,40
14.45,0.243752100787057,262.037145829604,261.793393728817,0.203210498895184,0.198932097096126,0.0042784017990575,-0.00157543320610506,13.7631821139105,-0.460315319426461,-30.1191510607093
14.475,-0.0468237663363605,262.037145829604,262.083969595941,0.202307501166298,0.198932097096126,0.00337540407017167,-0.0024623212336165,12.7631821139105,-1.49967225629126,-40
14.5,0.551667422705811,262.925530008386,262.373862585681,0.202231751484391,0.19894238028307,0.00328937120132089,-0.00253879646633201,13.7631821139105,-0.521869719683011,40
14.525,0.261357066106563,262.925530008386,262.66417294228,0.202866580741795,0.19894238028307,0.00392420045872469,-0.00188454075850261,14.7631821139105,0.505932816925239,40.0000000000001
14.55,-0.0292883123456673,262.925530008386,262.954818320732,0.202713043423607,0.19894238028307,0.00377066314053678,-0.00203671667625249,13.7631821139105,-0.516264646466516,-40
14.575,0.552304265862176,263.798085256682,263.24578099082,0.203283284328101,0.198950525912475,0.0043327584156258,-0.00144995321508118,14.7631821139105,0.505910804932908,40
14.6,0.260738185102584,263.798085256682,263.537347071579,0.20355426537339,0.198950525912475,0.00460373946091533,-0.00114987353994525,14.4465024863427,0.211406628764565,-12.6671851027107
14.625,-0.030684684521783,263.798085256682,263.828769941204,0.203092069895319,0.198950525912475,0.00414154398284394,-0.00160749807103061,13.4465024863427,-0.816417919836011,-40
14.65,0.578253614199462,264.698358755096,264.120105140896,0.203400975366939,0.198957474806273,0.00444350056066584,-0.00131532841257045,14.4465024863427,0.155757531563413,40
14.675,0.286110653880843,264.698358755096,264.412248101215,0.204195323693807,0.198957474806273,0.00523784888753395,-0.000553386186045807,15.1943958853106,0.879932614072826,29.915735958715
14.7,-0.00658792749143846,264.698358755096,264.704946682587,0.204184402084064,0.198957474806273,0.00522692727779128,-0.000645310197729176,14.1943958853106,-0.193785702385637,-40
14.725,0.582918829091169,265.581078854602,264.998160025511,0.204882153527069,0.198963125859476,0.00591902766759378,-3.69665191667368e-05,15.1943958853106,0.780306046143507,40
14.75,0.289250770930292,265.581078854602,265.291828083672,0.204824811146675,0.198963125859476,0.00586168528719888,-0.000156172048423525,14.2446435766517,-0.145354513986279,-37.9900923463571
14.775,-0.00384508164454615,265.581078854602,265.584923936246,0.204086388884515,0.198963125859476,0.00512326302503913,-0.000967970533021084,13.2446435766517,-1.17126276545713,-40
14.8,0.615442820260579,266.493013651808,265.877570831547,0.204162992940969,0.198969015477009,0.00519397746395953,-0.000942664880176608,14.2446435766517,-0.151300636876989,40
14.825,0.32216384445921,266.493013651808,266.170849807349,0.204937982610252,0.198969015477009,0.00596896713324324,-0.000200173246575758,15.2446435766517,0.868661491703157,40.0000000000001
14.85,0.0283533751270611,266.493013651808,266.464660276681,0.204913435012744,0.198969015477009,0.00594441953573452,-0.000276113089869329,14.2446435766517,-0.161376379716697,-40
14.875,0.627460174519472,267.386427224286,266.758967049766,0.205601494848146,0.198974221962648,0.00662727288549861,0.000344927346085516,15.2446435766517,0.809358748446547,40
14.9,0.332278998784579,267.386427224286,267.054148225501,0.206129086155255,0.198974221962648,0.00715486419260727,0.000823337893726267,15.1424336263559,0.722477812638468,-4.08839801183266
14.925,0.036898267236969,267.386427224286,267.349528957049,0.205891707772315,0.198974221962648,0.00691748580966689,0.000517213479046263,14.1424336263559,-0.312193172873795,-40
14.95,0.655637450787226,268.300756682487,267.6451192317,0.206396155942722,0.198979387693815,0.007416768248907,0.000971237090596294,15.1424336263559,0.703135841613939,40
14.975,0.359208321016184,268.300756682487,267.941548361471,0.207055079083655,0.198979387693815,0.00807569138984054,0.00159989867207697,15.4560546874342,1.03826144776704,12.5448424431321
15,0.0624114463111453,268.300756682487,268.238345236176,0.206927807790837,0.198979387693815,0.00794842009702235,0.00142487836606672,14.4560546874342,0.00976599284183059,-40.0000000000001
15.025,0.657538650034636,269.193029873249,268.535491223215,0.207523611339423,0.198984791096371,0.00853882024305275,0.00196964885215165,15.4560546874342,0.997681715004864,40.0000000000001
15.05,0.35999786316467,269.193029873249,268.833032010085,0.207497369960514,0.198984791096371,0.00851257886414331,0.00192477016058462,14.681138095787,0.260680845520779,-30.9966636658848
15.075,0.0630042826992688,269.193029873249,269.13002559055,0.206781039359311,0.198984791096371,0.00779624826294051,0.0011828903371062,13.681138095787,-0.751403432316189,-40
15.1,0.681028955232783,270.10760969687,269.426580741637,0.20686989782405,0.198991332764735,0.00787856505931483,0.00126309099438068,14.681138095787,0.268729878014707,40
15.125,0.383847155469225,270.10760969687,269.723762541401,0.207646009659962,0.198991332764735,0.00865467689522723,0.00205725883510682,15.681138095787,1.30594619765641,40.0000000000001
15.15,0.0861555308274335,270.10760969687,270.021454166042,0.207611896301053,0.198991332764735,0.00862056353631752,0.00202945274864419,14.681138095787,0.293162517298108,-40.0000000000001
15.175,0.67757453475397,270.997180003885,270.319605469131,0.208279640536374,0.19899764444978,0.00928199608659408,0.00269375569779801,15.681138095787,1.28037883693981,40.0000000000001
15.2,0.379015863814912,270.997180003885,270.61816414007,0.208210903576944,0.19899764444978,0.00921325912716459,0.00264408336003288,14.7687354962828,0.398889892051476,-36.4961039801694
15.225,0.0810721372112762,270.997180003885,270.916107866674,0.2074502450436,0.19899764444978,0.00845260059382036,0.00188714426401268,13.7687354962828,-0.620196453332627,-40
15.25,0.633010879521081,271.846555038812,271.213544159291,0.207493036746931,0.199004791923098,0.0084882448238327,0.00195575927985889,14.7687354962828,0.410717201283271,40
15.275,0.335959039003122,271.846555038812,271.510595999809,0.206940792301159,0.199004791923098,0.007936000378061,0.00144944381853826,13.9339202942427,-0.391928153857454,-33.3926080816059
15.3,0.0401659652218228,271.846555038812,271.80638907359,0.205763300414129,0.199004791923098,0.00675850849103057,0.000300452163736892,12.9339202942427,-1.40975830695803,-40
15.325,0.615469114139659,272.716588903306,272.101119789167,0.205446541433781,0.199012974072015,0.00643356736176651,-2.46702078907091e-06,13.9339202942427,-0.427588460058609,40
15.35,0.320675122919816,272.716588903306,272.395913780386,0.205843963436094,0.199012974072015,0.00683098936407983,0.000431418630360836,14.9030003109187,0.573661403516893,38.7632006670431
15.375,0.0258809139292247,272.716588903306,272.690707989377,0.205476563995277,0.199012974072015,0.00646358992326285,8.51440742017096e-05,13.9030003109187,-0.444168749583683,-40
15.4,0.577503572315054,273.563017933772,272.985514361457,0.205850767144389,0.198887229717379,0.00696353742700909,0.000495623101671394,14.9030003109187,0.578219763711815,40
15.425,0.282727316372219,273.563017933772,273.2802906174,0.205462382843981,0.198887229717379,0.00657515312660142,0.000172318582865483,13.9030003109187,-0.376946971750082,-40
15.45,-0.01100754591029,273.563017933772,273.574025479682,0.204420961273299,0.198887229717379,0.0055337315559196,-0.000814171883984749,12.9030003109187,-1.38211370721198,-40
15.475,0.56895439940785,274.435834014298,273.86687961489,0.20421746169398,0.19890093699018,0.0053165247037999,-0.000971355820783892,13.9030003109187,-0.38728044267388,40
15.5,0.27620513512499,274.435834014298,274.159628879173,0.204273073984437,0.19890093699018,0.00537213699425704,-0.00085384248171233,14.2465532273891,-0.0160537351384152,13.7421166588162
15.525,-0.0160942149600773,274.435834014298,274.451928229258,0.203612073248098,0.19890093699018,0.00471113625791805,-0.00147453027019004,13.2465532273891,-1.03837994407336,-40
15.55,0.548414710417299,275.292268878613,274.743854168196,0.203735012314633,0.1989133106342,0.00482170168043239,-0.00129766165401329,14.2465532273891,-0.0146831874583518,40
15.575,0.256482220348235,275.292268878613,275.035786658265,0.203629596626675,0.1989133106342,0.00471628599247406,-0.00133365777950831,13.9578497006747,-0.274062872348968,-11.5481410685775
15.6,-0.0347893940910074,275.292268878613,275.327058272704,0.202832025180841,0.1989133106342,0.00391871454664056,-0.00208358738143977,12.9578497006747,-1.29473903052514,-40
15.625,0.558595175028603,276.176373300673,275.617778125645,0.202839778997435,0.198924276617761,0.00391550237967403,-0.00204698519511587,13.9578497006747,-0.315415188701318,40
15.65,0.267356511139576,276.176373300673,275.909016789534,0.203538626813634,0.198924276617761,0.00461435019587297,-0.00130066472090645,14.9578497006747,0.713908653122511,40.0000000000001
15.675,-0.0242926490929661,276.176373300673,276.200665949766,0.203432738827233,0.198924276617761,0.00450846220947132,-0.00137829537937834,13.9578497006747,-0.306767505053666,-40
15.7,0.547896745274181,277.04058199599,276.492685250716,0.204035624591102,0.198932892886713,0.00510273170438852,-0.000735517317416445,14.9578497006747,0.713156874799277,40
15.725,0.255592028652482,277.04058199599,276.784989967337,0.203849221026454,0.198932892886713,0.00491632813974086,-0.000870856950748011,13.9578497006747,-0.264728810335383,-40
15.75,-0.0359516662684901,277.04058199599,277.076533662258,0.202987651768631,0.198932892886713,0.00405475888191775,-0.00170702690719132,12.9578497006747,-1.29261449547004,-40
15.775,0.566379623369047,277.933828064055,277.367448440686,0.202946379595352,0.198940673252422,0.00400570634292929,-0.00174383875740633,13.9578497006747,-0.31858403904295,40
15.8,0.275002930972493,277.933828064055,277.658825133083,0.203609401108104,0.198940673252422,0.00466872785568129,-0.00109172748706762,14.9578497006747,0.659576037333139,40
15.825,-0.0167454335809781,277.933828064055,277.950573497636,0.203479436656789,0.198940673252422,0.00453876340436685,-0.00128098386386455,13.9578497006747,-0.412263886290772,-40
15.85,0.567627567182587,278.810296659488,278.242669092306,0.204068439626429,0.198946597605103,0.00512184202132526,-0.000758080735231231,14.9578497006747,0.565896190085319,40
15.875,0.2750546762922,278.810296659488,278.535241983196,0.204150459713803,0.198946597605103,0.0052038621086993,-0.000713946269877086,14.3491030448318,-0.0154633889645872,-24.3498662337159
15.9,-0.0171233451986239,278.810296659488,278.827420004687,0.203525894891186,0.198946597605103,0.00457929728608292,-0.00138748746809889,13.3491030448318,-1.0380763121716,-40
15.925,0.595288097992338,279.714581583824,279.119293485831,0.20369446361905,0.198951701550993,0.00474276206805671,-0.00124346384927818,14.3491030448318,-0.0116552189484087,40
15.95,0.302664963063796,279.714581583824,279.41191662076,0.20454353024192,0.198951701550993,0.00559182869092711,-0.000398348942727056,15.3491030448318,1.01476587427478,40.0000000000001
15.975,0.00941431799070983,279.714581583824,279.705167265833,0.204579037139079,0.198951701550993,0.00562733558808584,-0.000384365080841248,14.3491030448318,-0.00881303250203787,-40.0000000000001
16,0.601415557948714,280.600408590418,279.998993032469,0.205315289876386,0.198955426305574,0.00635986357081189,0.000315082631554636,15.3491030448318,0.967608060721147,40.0000000000001
16.025,0.307028796415253,280.600408590418,280.293379794003,0.205366429353747,0.198955426305574,0.00641100304817235,0.000339580853664756,14.5081844228341,0.136699354858346,-33.63674487991
16.05,0.0130708487164383,280.600408590418,280.587337741701,0.204720587461983,0.198955426305574,0.00576516115640877,-0.000359288321851198,13.5081844228341,-0.90329072900671,-40
16.075,0.632078188906714,281.513046837157,280.88096864825,0.204875365603229,0.198959256852146,0.00591610875108345,-0.000245339581271098,14.5081844228341,0.10671918712824,40
16.1,0.337712292637687,281.513046837157,281.175334544519,0.205715963034868,0.198959256852146,0.00675670618272239,0.000577197986569966,15.5081844228341,1.13451151509532,40.0000000000001
16.125,0.0427279847932293,281.513046837157,281.470318852363,0.205747103339544,0.198959256852146,0.00678784648739778,0.000574799630981199,14.5081844228341,0.112303843062412,-40.0000000000001
16.15,0.640148782845532,282.406021693129,281.765872910283,0.206481603183861,0.198962458738637,0.00751914444522447,0.00126250111628551,15.5081844228341,1.0900961710295,40.0000000000001
16.175,0.343926249100515,282.406021693129,282.062095444028,0.206683948612665,0.198962458738637,0.00772148987402824,0.00144166117687078,14.8841629016692,0.493866977831769,-24.9608608465926
16.2,0.0479347614752935,282.406021693129,282.358086931654,0.206168346324302,0.198962458738637,0.00720588758566459,0.000888257626863759,13.8841629016692,-0.528340694201145,-40
16.225,0.667815527664347,283.321734953187,282.653919425523,0.206434272988408,0.198966170701626,0.00746810228678221,0.00113890468729158,14.8841629016692,0.499451633765938,40
16.25,0.371147032787049,283.321734953187,282.9505879204,0.20731462382435,0.198966170701626,0.00834845312272459,0.00202340425570499,15.8075172391991,1.45059829926285,36.934173501193
16.275,0.0738160673525665,283.321734953187,283.247918885835,0.20737720199769,0.198966170701626,0.00841103129606413,0.00207201968022303,14.8075172391991,0.428390627229931,-40.0000000000001
16.3,0.668447304056296,284.214298611732,283.545851307675,0.208134977433429,0.198969753835617,0.00916522359781113,0.00280052710640988,15.8075172391991,1.40618295519702,40.0000000000001
16.325,0.37001951940659,284.214298611732,283.844279092325,0.208090535074031,0.198969753835617,0.00912078123841387,0.00274887337400492,14.8075172391991,0.433975283164103,-40.0000000000001
16.35,0.0721615937713578,284.214298611732,284.14213701796,0.207359388316893,0.198969753835617,0.00838963448127558,0.00199474971284633,13.8075172391991,-0.588232388868813,-40
16.375,0.629635732565474,285.069173618569,284.439537886003,0.207435619019493,0.198974548959128,0.00846107006036431,0.00206970335613821,14.8075172391991,0.439559939098273,40
16.4,0.332629396730196,285.069173618569,284.736544221839,0.206832571506094,0.198974548959128,0.00785802254696608,0.00149108772263074,13.8461565819913,-0.484227056538491,-38.4544262883111
16.425,0.0369399128972375,285.069173618569,285.032233705672,0.205620451496751,0.198974548959128,0.00664590253762282,0.000290798862200181,12.8461565819913,-1.49665339496748,-40
16.45,0.620218737556238,285.947040756573,285.326822019017,0.205281882684216,0.198980980528652,0.00630090215556403,-4.64256423032272e-05,13.8461565819913,-0.509079733396466,40
16.475,0.325574936973532,285.947040756573,285.6214658196,0.205689662690444,0.198980980528652,0.00670868216179163,0.00038894739577458,14.8461565819913,0.528493928174548,40
16.5,0.0309128786910696,285.947040756573,285.916127877882,0.205338724194451,0.198980980528652,0.00635774366579947,5.34710176145758e-05,13.8461565819913,-0.483932410254438,-40
16.525,0.591078487439701,286.801904648417,286.210826160977,0.205733164598194,0.198854080861833,0.00687908373636062,0.000477254576865704,14.8461565819913,0.537968681387965,40
16.55,0.296382103538124,286.801904648417,286.505522544879,0.205368188341275,0.198854080861833,0.00651410747944159,0.0001565705134913,13.8461565819913,-0.436153192519574,-40
16.575,0.0026957867691246,286.801904648417,286.799208861648,0.204351991178589,0.198854080861833,0.00549791031675573,-0.000837167947124434,12.8461565819913,-1.46027506642711,-40
16.6,0.590111649648314,287.682158051338,287.09204640169,0.204173571591407,0.198867189687865,0.0053063819035423,-0.00100660283350232,13.8461565819913,-0.477298363378738,40
16.625,0.297011404090841,287.682158051338,287.385146647247,0.204711713357973,0.198867189687865,0.00584452367010799,-0.000435857175441395,14.8461565819913,0.555678339669635,40
16.65,0.00372367648549651,287.682158051338,287.678434374853,0.204466041542374,0.198867189687865,0.00559885185450873,-0.000663392333074608,13.8461565819913,-0.461344957281988,-40
16.675,0.568455340529052,288.540350921093,287.971895580564,0.204944789292966,0.198879011169187,0.00606577812377876,-0.000144605083201188,14.8461565819913,0.570475059441062,40
16.7,0.27488519678467,288.540350921093,288.265465724308,0.204646808738246,0.198879011169187,0.0057677975690589,-0.000377082470508439,13.8461565819913,-0.388305461865009,-40
16.725,-0.0177634761157876,288.540350921093,288.558114397209,0.203683271727613,0.198879011169187,0.00480426055842537,-0.00128809741438024,12.8461565819913,-1.39708598317108,-40
16.75,0.574306347343689,289.424291395386,288.849985048042,0.203546161721492,0.198890504558868,0.00465565716262392,-0.00138371188479469,13.8461565819913,-0.405866504477147,40
16.775,0.282115808089761,289.424291395386,289.142175587296,0.204117099977424,0.198890504558868,0.00522659541855611,-0.000747117575345235,14.8461565819913,0.633436832655028,40
16.8,-0.0103089500658257,289.424291395386,289.434600345451,0.203897856028409,0.198890504558868,0.0050073514695409,-0.000914931604094532,13.8461565819913,-0.377259830212795,-40
16.825,0.560060694579046,290.287298189744,289.727237495165,0.204398512817603,0.198900279365021,0.00549823345258121,-0.000356003429875601,14.8461565819913,0.639355115210921,40
16.85,0.267281021779823,290.287298189744,290.020017167964,0.204119521998736,0.198900279365021,0.00521924263371465,-0.00057095863157075,13.8461565819913,-0.34402993936536,-40
16.875,-0.0246071041248177,290.287298189744,290.311905293869,0.203173184518172,0.198900279365021,0.00427290515315096,-0.00148332628593884,12.8461565819913,-1.37741499394164,-40
16.9,0.574085586006473,291.177128999589,290.603043413583,0.203052648934678,0.198909341379061,0.00414330755561718,-0.0015845251006108,13.8461565819913,-0.394712899422092,40
16.925,0.282599684525497,291.177128999589,290.894529315064,0.203640691297782,0.198909341379061,0.00473134991872076,-0.000989166864899443,14.8461565819913,0.588955178667261,40
16.95,-0.00914948610602193,291.177128999589,291.186278485695,0.203439808967911,0.198909341379061,0.0045304675888497,-0.00122810088935182,13.8461565819913,-0.477376743243387,-40
16.975,0.569691947576437,292.047963004872,291.478271057296,0.203960552425794,0.19891643953108,0.00504411289471424,-0.000754133676163032,14.8461565819913,0.499727785349536,40
17,0.27720130477259,292.047963004872,291.7707617001,0.204141563656043,0.19891643953108,0.00522512412496295,-0.000592722397681683,14.4730593791356,0.153735111086813,-14.9238881142257
17.025,-0.0150159911041527,292.047963004872,292.062978995977,0.203594741611961,0.19891643953108,0.00467830208088132,-0.0011710620763247,13.4730593791356,-0.869160360320267,-40
17.05,0.588714743161301,292.943699321459,292.354984578298,0.203822239379178,0.198922220146617,0.00490001923256067,-0.00095732464651932,14.4730593791356,0.148438356861792,40
17.075,0.296036948484541,292.943699321459,292.647662372974,0.204515977571077,0.198922220146617,0.00559375742446044,-0.000262484963766213,15.1891163008991,0.882093995807256,28.6422768705364
17.1,0.00294705223160221,292.943699321459,292.940752269227,0.204411807375058,0.198922220146617,0.00548958722844137,-0.00038807183212633,14.1891163008991,-0.150307287010688,-40
17.125,0.586731773056755,293.820954638828,293.234222865771,0.205021637020902,0.198926365965651,0.00609527105525154,0.000182508447160945,15.1891163008991,0.819840731459876,40
17.15,0.292933571666794,293.820954638828,293.528021067161,0.20488002321262,0.198926365965651,0.00595365724696947,2.09472975154501e-05,14.235383753912,-0.11374379705659,-38.1493018794813
17.175,-0.000172920758487265,293.820954638828,293.821127559586,0.204063821916161,0.198926365965651,0.0051374559505101,-0.000833898006346256,13.235383753912,-1.14359577858603,-40
17.2,0.613402314192422,294.727077045951,294.113674731758,0.204067463653833,0.198930238528036,0.00513722512579712,-0.000850319871553651,14.235383753912,-0.123447760115461,40
17.225,0.320324740488282,294.727077045951,294.406752305463,0.20477445156015,0.198930238528036,0.00584421303211391,-0.000147797774359221,15.235383753912,0.896700258355108,40.0000000000001
17.25,0.0268079179371575,294.727077045951,294.700269128014,0.204688381683659,0.198930238528036,0.00575814315562242,-0.000260161712342222,14.235383753912,-0.133151723174324,-40
17.275,0.621885769047039,295.61608538067,294.994199611623,0.205320005187055,0.198932871845909,0.00638713334114663,0.000334646520488119,15.235383753912,0.84904867153041,40
17.3,0.327148839001064,295.61608538067,295.288936541669,0.205804122032418,0.198932871845909,0.00687125018650955,0.000807636201315354,15.1429194222503,0.788784734573438,-3.6985732664683
17.325,0.0322658837247745,295.61608538067,295.583819496945,0.205529110387176,0.198932871845909,0.00659623854126751,0.00050842062982695,14.1429194222503,-0.229014870721824,-40
17.35,0.648819783750857,296.527687076903,295.878867293153,0.206000595269068,0.198934965940621,0.00706562932844698,0.000971635084016292,15.1429194222503,0.792244911814126,40
17.375,0.352946928800411,296.527687076903,296.174740148103,0.206662148266606,0.198934965940621,0.00772718232598477,0.00163845625939404,15.4994334584172,1.17001873051691,14.2605614466737
17.4,0.0566926083126797,296.527687076903,296.470994468591,0.206539936601784,0.198934965940621,0.00760497066116358,0.00149813967232146,14.4994334584172,0.141278513052862,-40.0000000000001
17.425,0.652309061743885,297.419924449117,296.767615387373,0.207142519280002,0.198936901412279,0.00820561786772331,0.0020625872696669,15.4994334584172,1.11253829558881,40.0000000000001
17.45,0.355252006179215,297.419924449117,297.064672442938,0.207152932472009,0.198936901412279,0.00821603105973084,0.00205265401752794,14.7619754382744,0.396340057982028,-29.4983208057092
17.475,0.0586795234805633,297.419924449117,297.361244925636,0.206473660761137,0.198936901412279,0.00753675934885858,0.00133344698642038,13.7619754382744,-0.632400159482025,-40
17.5,0.620233416671891,298.277675280381,297.657441863709,0.206599429576908,0.198939768285063,0.00765966129184462,0.0014375244058637,14.7619754382744,0.388859623053923,40
17.525,0.324176560790571,298.277675280381,297.95349871959,0.206283578094627,0.198939768285063,0.0073438098095637,0.00112669033268528,14.1422078947091,-0.193975568046889,-24.7907017426146
17.55,0.0290420956740632,298.277675280381,298.248633184707,0.205324128707142,0.198939768285063,0.00638436042207882,0.000160401805675392,13.1422078947091,-1.20704321558233,-40
17.575,0.615829110652345,299.15884360777,298.543014497117,0.20520865807223,0.198943871626336,0.00626478644589404,2.81443231921474e-05,14.1422078947091,-0.220110863117775,40
17.6,0.321136326536144,299.15884360777,298.837707281234,0.205743546253668,0.198943871626336,0.00679967462733194,0.000567906284208497,15.0402358431687,0.707750860850463,35.921117938384
17.625,0.026244668748828,299.15884360777,299.132598939021,0.20550960701251,0.198943871626336,0.0065657353861743,0.000322743706036549,14.0402358431687,-0.312415363640894,-40
17.65,0.590219778401767,300.017912224611,299.427692446209,0.206011801838466,0.198814957692348,0.00719684414611838,0.000835101152362683,15.0402358431687,0.717418411867746,40
17.675,0.294975553658425,300.017912224611,299.722936670952,0.205747333408169,0.198814957692348,0.00693237571582137,0.000600195333750608,14.0402358431687,-0.251591126298287,-40
17.7,0.000599451624517998,300.017912224611,300.017312772986,0.204825441103142,0.198814957692348,0.00601048341079441,-0.000310126637065089,13.0402358431687,-1.27060066446432,-40
17.725,0.592470682923113,300.903442512933,300.31097183001,0.204735034187273,0.198826529370905,0.0059085048163679,-0.000404068887481457,14.0402358431687,-0.289610202630356,40
17.75,0.29867460874807,300.903442512933,300.604767904185,0.20501877254414,0.198826529370905,0.00619224317323533,-0.000101594025186447,14.5581407938018,0.259285209836777,20.7161980253267
17.775,0.00502483592993852,300.903442512933,300.898417677003,0.20456218655885,0.198826529370905,0.00573565718794508,-0.000554960683724626,13.5581407938018,-0.759724328329256,-40
17.8,0.577682562005243,301.76964550525,301.191962943245,0.204866013078264,0.19883781137479,0.00602820170347421,-0.000236033908486977,14.5581407938018,0.256894032865123,40
17.825,0.284035010592197,301.76964550525,301.485610494658,0.204729329925703,0.19883781137479,0.00589151855091302,-0.000331321636652476,13.9957652805534,-0.266174727480479,-22.4950205299376
17.85,-0.0089051488821416,301.76964550525,301.778550654132,0.203908794885138,0.19883781137479,0.00507098351034782,-0.00112256539403338,12.9957652805534,-1.27686797457764,-40
17.875,0.589371675723595,302.660272597951,302.070900922228,0.203897381408229,0.198849068334435,0.00504831307379353,-0.00111034033689772,13.9957652805534,-0.28118135925439,40
17.9,0.296537608064961,302.660272597951,302.363734989886,0.204578052169554,0.198849068334435,0.00572898383511902,-0.000386975757575209,14.9957652805534,0.748418106973035,40
17.925,0.00332693949134682,302.660272597951,302.65694565846,0.204454549063644,0.198849068334435,0.00560548072920841,-0.000486149051331125,13.9957652805534,-0.271982426799538,-40
17.95,0.576336914567359,303.526828272277,302.950491357709,0.205037221777323,0.198859028324849,0.00617819345247347,0.000139929474464368,14.9957652805534,0.757222151199578,40
17.975,0.282544405728721,303.526828272277,303.244283866548,0.204828208278883,0.198859028324849,0.00596917995403393,-4.62193879832706e-06,13.9957652805534,-0.207009721304873,-40
18,-0.010444613102574,303.526828272277,303.537272885379,0.203940867291943,0.198859028324849,0.00508183896709413,-0.000844233372509495,12.9957652805534,-1.22124159380933,-40
18.025,0.587353379065281,304.416937841249,303.829584462184,0.203868307192961,0.198868843943099,0.00499946324986217,-0.000883293289601683,13.9957652805534,-0.23547346631378,40
18.05,0.29463673999044,304.416937841249,304.122301101259,0.20449371328203,0.198868843943099,0.00562486933893117,-0.000229883063776387,14.9957652805534,0.759800472592634,40
18.075,0.00161358424055891,304.416937841249,304.415324257009,0.204321026387939,0.198868843943099,0.00545218244484014,-0.000414121631865882,13.9957652805534,-0.294925588500951,-40
18.1,0.576286306304195,305.284907434302,304.708621127997,0.204860740855631,0.198877095687258,0.00598364516837258,9.96601700400945e-05,14.9957652805534,0.678261912346652,40
18.125,0.282795021254111,305.284907434302,305.002112413047,0.204615132206098,0.198877095687258,0.00573803651883928,-0.000151124191079072,13.9957652805534,-0.301099888094259,-40
18.15,-0.00984914618856026,305.284907434302,305.29475658049,0.203697518745223,0.198877095687258,0.0048204230579646,-0.00109110662376072,12.9957652805534,-1.33046168853517,-40
18.175,0.591469966371639,306.178158516051,305.586688549679,0.203601008547709,0.19888476779696,0.00471624075074917,-0.0011899440599106,13.9957652805534,-0.309823488976075,40
18.2,0.299158658102371,306.178158516051,305.878999857948,0.204208877035715,0.19888476779696,0.00532410923875479,-0.000567423801349026,14.9957652805534,0.71081471058302,40
18.225,0.00655757597382112,306.178158516051,306.171600940077,0.204024991343048,0.19888476779696,0.00514022354608773,-0.000757211524447049,13.9957652805534,-0.318547089857888,-40
18.25,0.587287184161952,307.051754928224,306.464467744062,0.204559608613576,0.198890590456419,0.00566901815715695,-0.000233309077887822,14.9957652805534,0.670752250349343,40
18.275,0.293930450412089,307.051754928224,306.757824477812,0.204715994954101,0.198890590456419,0.00582540449768237,-6.55532164171302e-05,14.5706493061368,0.272883239905861,-17.0046389766617
18.3,0.000879365193517317,307.051754928224,307.05087556303,0.20414830505659,0.198890590456419,0.00525771460017113,-0.000638146722801297,13.5706493061368,-0.749869796121077,-40
18.325,0.605748742347868,307.94943595495,307.343687212602,0.204357459059804,0.19889524314149,0.00546221591831436,-0.000422554276264031,14.5706493061368,0.264061245270181,40
18.35,0.312274418584675,307.94943595495,307.637161536366,0.205055053907298,0.19889524314149,0.00615981076580796,0.00029848325724896,15.3154548093201,1.03373840201353,29.7922201273322
18.375,0.0183823130084245,307.94943595495,307.931053641942,0.204954395546724,0.19889524314149,0.00605915240523414,0.000200594841877733,14.3154548093201,0.00861005557357841,-40
18.4,0.603068133937363,308.828399387997,308.22533125406,0.205566744115598,0.19889833786171,0.00666840625388743,0.000797664397298253,15.3154548093201,0.983481709133623,40
18.425,0.308474516364989,308.828399387997,308.519924871632,0.205406286795333,0.19889833786171,0.00650794893362255,0.000641018439390545,14.3312503384525,0.024148891826042,-39.3681788347052
18.45,0.0145968055330839,308.828399387997,308.813802582464,0.204574449064936,0.19889833786171,0.00567611120322609,-0.000205875251050952,13.3312503384525,-1.00097945461391,-40
18.475,0.628398481501667,309.735499070939,309.107100589438,0.204564478631992,0.198901257552792,0.00566322107919945,-0.000212488810248213,14.3312503384525,0.0238921989461334,40
18.5,0.334587797229109,309.735499070939,309.40091127371,0.205259422301306,0.198901257552792,0.00635816474851347,0.000501271652838642,15.3312503384525,1.04876385250618,40.0000000000001
18.525,0.0403530022437352,309.735499070939,309.695146068696,0.20516341262437,0.198901257552792,0.00626215507157818,0.000402155591324949,14.3312503384525,0.023635506066228,-40.0000000000001
18.55,0.635675096751134,310.625456803275,309.989781706524,0.205786195667081,0.198903026262497,0.00688316940458425,0.00100282016630776,15.3312503384525,0.998507159626274,40.0000000000001
18.575,0.340256472144003,310.625456803275,310.285200331131,0.206245964703671,0.198903026262497,0.00734293844117406,0.00145887478519949,15.214707860805,0.906836335538784,-4.66169910590147
18.6,0.0447232876069456,310.625456803275,310.580733515668,0.205950574717101,0.198903026262497,0.00704754845460365,0.00114048268576189,14.214707860805,-0.118292010901172,-40
18.625,0.602123388196455,311.478528207574,310.876404819377,0.206404365884791,0.198904353911268,0.00750001197352268,0.00158785547474899,15.214707860805,0.904200036438495,40
18.65,0.306345139367638,311.478528207574,311.172183068206,0.206104891383916,0.198904353911268,0.00720053747264782,0.00129606660673923,14.214707860805,-0.0733079162218395,-40
18.675,0.0114592110548837,311.478528207574,311.467068996519,0.205161262585929,0.198904353911268,0.00625690867466083,0.000337263558196244,13.214707860805,-1.10081586888217,-40
18.7,0.595393957131333,312.356626231565,311.761232274433,0.205061522320381,0.198906760496625,0.00615476182375646,0.000202771466996848,14.214707860805,-0.128323821542507,40
18.725,0.301217514755152,312.356626231565,312.05540871681,0.205163627146013,0.198906760496625,0.0062568666493889,0.000288290077883724,14.4682622348793,0.147722599871515,10.1421749629742
18.75,0.0074038206606474,312.356626231565,312.349222410904,0.20456399170633,0.198906760496625,0.00565723120970549,-0.000347174363739156,13.4682622348793,-0.879785352788821,-40
18.775,0.576757650187197,313.219523140133,312.642765489945,0.204758330913768,0.198776757743133,0.00598157317063477,-0.000170141033144444,14.4682622348793,0.142701761934192,40
18.8,0.283185806190748,313.219523140133,312.936337333942,0.204608475345357,0.198776757743133,0.00583171760222359,-0.000311270043303835,14.0008991381515,-0.287802119431016,-18.6945238691122
18.825,-0.00968314876257563,313.219523140133,313.229206288895,0.203791622484926,0.198776757743133,0.00501486474179305,-0.00113181431446363,13.0008991381515,-1.30094290406841,-40
18.85,0.59011527467279,314.111625147871,313.521509873198,0.203797997077034,0.19878684254323,0.00501115453380474,-0.00113955736522489,14.0008991381515,-0.314083688705819,40
18.875,0.29728723113805,314.111625147871,313.814337916733,0.204508541946346,0.19878684254323,0.00572169940311698,-0.000421395496511046,15.0008991381515,0.716395664236364,40
18.9,0.00402773753843797,314.111625147871,314.107597410332,0.204425597675269,0.19878684254323,0.00563875513203915,-0.000512741566837421,14.0008991381515,-0.303124982821455,-40
18.925,0.581353536114191,314.982611491923,314.401257955809,0.205056787465444,0.198796160402416,0.00626062706302816,0.000127263293232399,15.0008991381515,0.721310965749364,40
18.95,0.28737170366525,314.982611491923,314.695239788258,0.204902946827429,0.198796160402416,0.00610678642501286,-2.47161817504282e-06,14.0008991381515,-0.253858197451507,-40
18.975,-0.00588788154629618,314.982611491923,314.988499373469,0.20407553652797,0.198796160402416,0.00527937612555435,-0.000827272600909368,13.0008991381515,-1.27902736065238,-40
19,0.597568496852019,315.87873443983,315.281165942978,0.20406512267508,0.198806151149676,0.005258971525404,-0.000853179121180381,14.0008991381515,-0.304196523853249,40
19.025,0.30441252754219,315.87873443983,315.574321912288,0.204753045902087,0.198806151149676,0.00594689475241084,-0.000161059613174197,15.0008991381515,0.720634312945882,40
19.05,0.0108669622345442,315.87873443983,315.867867477596,0.204642289989954,0.198806151149676,0.00583613884027853,-0.000285328621628195,14.0008991381515,-0.304534850254993,-40
19.075,0.590067118294904,316.751833671758,316.161766553463,0.205241110902626,0.198815527674488,0.00642558322813741,0.000319995917139271,15.0008991381515,0.720295986544138,40
19.1,0.295850230058639,316.751833671758,316.455983441699,0.205117476003752,0.198815527674488,0.00630194832926345,0.000235688666099992,14.0960833869668,-0.137602489782699,-36.1926300473912
19.125,0.00232363346654651,316.751833671758,316.749510038291,0.204307706891494,0.198815527674488,0.00549217921700554,-0.000541257761376146,13.0960833869668,-1.14068521492476,-40
19.15,0.604873543191738,317.647334037851,317.04246049466,0.204304488767462,0.198825219392198,0.00547926937526452,-0.00051697217055191,14.0960833869668,-0.143767940066817,40
19.175,0.311428836945793,317.647334037851,317.335905200906,0.204991081573765,0.198825219392198,0.00616586218156731,0.000192796222800634,15.0960833869668,0.853149334791124,40.0000000000001
19.2,0.0175995571528226,317.647334037851,317.629734480699,0.204872325625539,0.198825219392198,0.00604710623334068,5.88609194131229e-05,14.0960833869668,-0.199933390350934,-40
19.225,0.594698007179164,318.51860283618,317.923904829001,0.205458151420625,0.19883388106554,0.0066242703550855,0.000625609977560226,15.0960833869668,0.788184433665565,40
19.25,0.30027629146461,318.51860283618,318.218326544716,0.205251843687295,0.19883388106554,0.00641796262175487,0.0004189166817955,14.0962806916329,-0.192161578299938,-39.9921078133544
19.275,0.0066541304142941,318.51860283618,318.511948705766,0.204366932624029,0.19883388106554,0.00553305155848885,-0.000485111373487834,13.0962806916329,-1.22270489493158,-40
19.3,0.607543281675767,319.412439877818,318.804896596142,0.204295961485761,0.198842486646315,0.00545347483944528,-0.000557867090570346,14.0962806916329,-0.205546218727545,40
19.325,0.314188242562587,319.412439877818,319.098251635255,0.204922164774583,0.198842486646315,0.00607967812826793,9.0739197153189e-05,15.0962806916329,0.824928380058296,40.0000000000001
19.35,0.0205251491888926,319.412439877818,319.391914728629,0.204750373931232,0.198842486646315,0.00590788728491703,-7.27915894110642e-05,14.0962806916329,-0.194597021155866,-40
19.375,0.597983006626446,320.283835803366,319.68585279674,0.205290467516666,0.19884961272861,0.00644085478805581,0.000463424763711057,15.0962806916329,0.785877577629971,40
19.4,0.303725492522763,320.283835803366,319.980110310843,0.20521414131983,0.19884961272861,0.00636452859121978,0.000407636745205137,14.3380168664873,0.0580883512702611,-30.330553005822
19.425,0.0100896959347986,320.283835803366,320.273746107431,0.204442057731018,0.19884961272861,0.00559244500240788,-0.000357981597159912,13.3380168664873,-0.961437049943901,-40
19.45,0.611453370103269,321.178316565829,320.566863195725,0.204470076395968,0.198856042269826,0.00561403412614198,-0.000303991079397381,14.3380168664873,0.0645030727155741,40
19.475,0.317791419777722,321.178316565829,320.860525146051,0.205184185327204,0.198856042269826,0.00632814305737797,0.000452601595397423,15.3380168664873,1.09044319537505,40.0000000000001
19.5,0.0236979984508055,321.178316565829,321.154618567378,0.205091571061332,0.198856042269826,0.00623552879150666,0.000381514653579745,14.3380168664873,0.066383318034518,-40.0000000000001
19.525,0.60288090325509,322.051980077586,321.449099174331,0.205703936477242,0.198860698440579,0.00684323803666284,0.000997202697003874,15.3380168664873,1.04232344069399,40.0000000000001
19.55,0.308101265104045,322.051980077586,321.743878812482,0.205526050623242,0.198860698440579,0.00666535218266284,0.000841639875274608,14.3380168664873,0.068263563353465,-40.0000000000001
19.575,0.0140699566264054,322.051980077586,322.03791012096,0.204672858790284,0.198860698440579,0.00581216034970544,-8.13255066317575e-06,13.3380168664873,-0.95579631398706,-40
19.6,0.620413029398902,322.951736750328,322.331323720929,0.20463766732583,0.198864837977531,0.00577282934829931,-2.29947091336669e-05,14.3380168664873,0.0680619566567441,40
19.625,0.326529436832769,322.951736750328,322.625207313495,0.205304217290563,0.198864837977531,0.00643937931303262,0.000679685811306036,15.3380168664873,1.09429983352093,40.0000000000001
19.65,0.0322679128353562,322.951736750328,322.919468837493,0.205177867901925,0.198864837977531,0.00631302992439495,0.000567786879901472,14.3380168664873,0.0705377103851058,-40.0000000000001
19.675,0.61969326213037,323.83377592774,323.21408266561,0.205768436792363,0.198867419042942,0.00690101774942078,0.00115390232495369,15.3380168664873,1.04677558724929,40.0000000000001
19.7,0.324618673815645,323.83377592774,323.509157253924,0.205824591797966,0.198867419042942,0.00695717275502464,0.00122395576408765,14.689994900145,0.424991497771122,-25.9208786536941
19.725,0.0299712212346108,323.83377592774,323.803804706505,0.205179049643377,0.198867419042942,0.00631163060043483,0.000572839019701732,13.689994900145,-0.598770625364695,-40
19.75,0.584119842503533,324.682240305923,324.09812046342,0.205328671387022,0.198736804767444,0.00659186661957828,0.000730546875316818,14.689994900145,0.421396792242404,40
19.775,0.290056863189004,324.682240305923,324.392183442734,0.20482971406635,0.198736804767444,0.0060929092989063,0.000251087426205054,13.781915186718,-0.466510570960833,-36.3231885370797
19.8,-0.00284680176644409,324.682240305923,324.68508710769,0.203712355389321,0.198736804767444,0.00497555062187693,-0.000872127030059761,12.781915186718,-1.49633822073708,-40
19.825,0.582070929620213,325.559107539242,324.977036609621,0.203461220213459,0.198746140506954,0.00471507970650453,-0.00115104310474551,13.781915186718,-0.526165870513326,40
19.85,0.289925040529239,325.559107539242,325.269182498712,0.203953086369504,0.198746140506954,0.00520694586255016,-0.000671039723440126,14.781915186718,0.494006479710428,40.0000000000001
19.875,-0.00237889152854872,325.559107539242,325.56148643077,0.203687014813142,0.198746140506954,0.00494087430618795,-0.00097035085145275,13.781915186718,-0.535821170065818,-40
19.9,0.565433749898,326.419400973259,325.853967223361,0.204166987817396,0.198621424614733,0.00554556320266308,-0.000507154421938411,14.781915186718,0.484351180157934,40
19.925,0.2727181966257,326.419400973259,326.146682776634,0.204017913352916,0.198621424614733,0.00539648873818355,-0.000654774250177348,13.9632942317726,-0.308054020192353,-32.7448381978161
19.95,-0.0193037413888392,326.419400973259,326.438704714648,0.203203597085075,0.198621424614733,0.00458217247034168,-0.00148693094445049,12.9632942317726,-1.33183826559724,-40
19.975,0.57993032369003,327.310104230457,326.730173906767,0.203214443565826,0.198636151550299,0.00457829201552673,-0.00150717628408664,13.9632942317726,-0.350952179270768,40
20,0.287920008821385,327.310104230457,327.022184221635,0.203932217574485,0.198636151550299,0.00529606602418636,-0.00079692100952225,14.9632942317726,0.679933907055701,40.0000000000001
20.025,-0.00454327453741348,327.310104230457,327.314647504994,0.203860124611258,0.198636151550299,0.0052239730609594,-0.00089113029984253,13.9632942317726,-0.339180006617831,-40
20.05,0.575256062939243,328.182794311284,327.607538248345,0.204505513709169,0.198649765306592,0.00585574840257777,-0.000246824931717737,14.9632942317726,0.68962417133602,40
20.075,0.281969877792948,328.182794311284,327.900824433491,0.20442793866327,0.198649765306592,0.00577817335667891,-0.000307341102123215,14.0465683123994,-0.198297570083298,-36.6690367749268
20.1,-0.0107077084100545,328.182794311284,328.193502019694,0.203672253775497,0.198649765306592,0.00502248846890541,-0.00106512982817664,13.0465683123994,-1.21949339212945,-40
20.125,0.597063517324219,329.082757017426,328.485693500101,0.203729688602168,0.19866364536344,0.0050660432387275,-0.00102600252543719,14.0465683123994,-0.240689214175597,40
20.15,0.304281441890124,329.082757017426,328.778475575535,0.204482626582856,0.19866364536344,0.00581898121941588,-0.000270150268341179,15.0465683123994,0.788114963778257,40
20.175,0.0110127793725651,329.082757017426,329.071744238053,0.204435144232561,0.19866364536344,0.00577149886912107,-0.000331163574046112,14.0465683123994,-0.233080858267892,-40
20.2,0.595943661382481,329.96140331832,329.365459656937,0.205095309217382,0.198676779692996,0.0064185295243861,0.000330017806073807,15.0465683123994,0.786397331718623,40
20.225,0.301744908584381,329.96140331832,329.659658409736,0.205134706941845,0.198676779692996,0.00645792724884875,0.000389291578494461,14.2893866826827,0.0574933428298905,-30.2872651886678
20.25,0.00801272535788703,329.96140331832,329.953390592962,0.204471928824885,0.198676779692996,0.0057951491318893,-0.000272044544182559,13.2893866826827,-0.964229016342152,-40
20.275,0.615790201510028,330.862537576354,330.246747374844,0.204601163793446,0.198690173441758,0.00591099035168804,-0.000121997596714191,14.2893866826827,0.0640486244858061,40
20.3,0.321759331238525,330.862537576354,330.540778245115,0.205407197438706,0.198690173441758,0.00671702399694818,0.000723330011726392,15.2893866826827,1.09462427247809,40.0000000000001
20.325,0.0271822735076528,330.862537576354,330.835355302846,0.205396675764194,0.198690173441758,0.00670650232243586,0.000733357333915552,14.2893866826827,0.0751999204703723,-40
20.35,0.608509070809625,331.738927660667,331.130418589858,0.206079956797251,0.198702732823087,0.00737722397416407,0.00142141289826686,15.2893866826827,1.05577556846266,40
20.375,0.31306449191363,331.738927660667,331.425863168753,0.205961530506248,0.198702732823087,0.00725879768316093,0.00132939652957212,14.2893866826827,0.08635121645494,-40
20.4,0.0183028475839837,331.738927660667,331.720624813083,0.205155955870206,0.198702732823087,0.00645322304711857,0.000534158322344658,13.2893866826827,-0.933073135552776,-40
20.425,0.62185760290615,332.636673769227,332.014816166321,0.205155674788267,0.19871558454302,0.00644009024524683,0.00056555901190794,14.2893866826827,0.0975025124395062,40
20.45,0.327263563871707,332.636673769227,332.309410205355,0.205713749211457,0.19871558454302,0.00699816466843717,0.00117699416242298,15.1025734134286,0.945799367304038,32.5274692298353
20.475,0.0324548420865396,332.636673769227,332.604218927141,0.205484934691013,0.19871558454302,0.00676935014799271,0.000985446294606229,14.1025734134286,-0.0690905085773102,-40
20.5,0.612032865838948,333.511255993238,332.899223127399,0.205976224145065,0.198727466363821,0.00724875778124451,0.00150037645215048,15.1025734134286,0.916019615541335,40
20.525,0.316859309937067,333.511255993238,333.1943966833,0.205747285668688,0.198727466363821,0.00701981930486706,0.00131841294046589,14.1858497483333,0.0344060745646548,-36.6689466038131
20.55,0.022514369726928,333.511255993238,333.488741623511,0.204843695603506,0.198727466363821,0.00611622923968524,0.00044702190116927,13.1858497483333,-0.980483801316694,-40
20.575,0.625737719819293,334.408125897823,333.782388178003,0.204757012321482,0.198739099544246,0.00601791277723621,0.000402459020264451,14.1858497483333,0.0369140959455484,40
20.6,0.331704213624779,334.408125897823,334.076421684198,0.20536996828309,0.198739099544246,0.00663086873884344,0.00106751700701604,15.1858497483333,1.05639384522347,40.0000000000001
20.625,0.0373792238924142,334.408125897823,334.37074667393,0.205187646234257,0.198739099544246,0.00644854669001058,0.00091097749244301,14.1858497483333,0.0258735945013799,-40
20.65,0.617202632569928,335.28253601402,334.66533338145,0.205719106118331,0.19874907336853,0.00697003274980196,0.00145065325875846,15.1858497483333,1.00255616366931,40
20.675,0.322239597499363,335.28253601402,334.96029641652,0.205727780980386,0.19874907336853,0.00697870761185626,0.00148728776827892,14.5588892670267,0.402278251530623,-25.0784192522647
20.7,0.0277842851765621,335.28253601402,335.254751728843,0.205029549879647,0.19874907336853,0.0062804765111171,0.000798951932209524,13.5588892670267,-0.621039179301445,-40
20.725,0.570912148057729,336.119699394752,335.548787246694,0.20512136987208,0.198758131896208,0.00636323797587152,0.000918915610321813,14.5588892670267,0.404220046367123,40
20.75,0.277271389519128,336.119699394752,335.842428005233,0.204496192230713,0.198758131896208,0.00573806033450452,0.000341555173186653,13.5588892670267,-0.564450268707224,-40
20.775,-0.015023992643471,336.119699394752,336.134723387395,0.203257955539131,0.198758131896208,0.00449982364292281,-0.000867093333047464,12.5588892670267,-1.58312058378157,-40
20.8,0.557361424000089,336.983247355039,336.425885931039,0.202890395521262,0.198766985658779,0.00412340986248272,-0.00122092497553417,13.5588892670267,-0.601790898855921,40
20.825,0.266173765093055,336.983247355039,336.717073589946,0.20327023896172,0.198766985658779,0.00450325330294099,-0.000806350622694157,14.5588892670267,0.429538786069731,40
20.85,-0.0250078704442571,336.983247355039,337.008255225483,0.202896689477169,0.198766985658779,0.00412970381838942,-0.00116233781842998,13.5588892670267,-0.589131529004619,-40
20.875,0.53075780720868,337.830214846618,337.299457039409,0.203273557660545,0.198641118993733,0.00463243866681171,-0.00076264944649837,14.5588892670267,0.421271398644483,40
20.9,0.23956288329447,337.830214846618,337.590651963324,0.202899716957313,0.198641118993733,0.00425859796357958,-0.00110949374619829,13.5588892670267,-0.568325673706413,-40
20.925,-0.0506296263358608,337.830214846618,337.880844472954,0.201883484259929,0.198641118993733,0.00324236526619551,-0.00213032528425705,12.5588892670267,-1.60792274605731,-40
20.95,0.540246699793145,338.710454887522,338.170208187729,0.201712930979969,0.198653969724776,0.00305896125519245,-0.00232185790141676,13.5588892670267,-0.631778390369186,40
20.975,0.250586759777784,338.710454887522,338.459868127745,0.202268815426148,0.198653969724776,0.00361484570137163,-0.00176967823427251,14.5588892670267,0.389695633587583,40
21,-0.0393104248016687,338.710454887522,338.749765312324,0.202053218986771,0.198653969724776,0.00339924926199459,-0.00200933067431466,13.5588892670267,-0.638830342455642,-40
21.025,0.536803654867784,339.576705064329,339.039901409461,0.202572163575851,0.198664856562719,0.00390730701313188,-0.00150031778313886,14.5588892670267,0.378289807063126,40
21.05,0.246114016406561,339.576705064329,339.330591047922,0.202820697664416,0.198664856562719,0.00415584110169753,-0.00124844094748305,14.2673783412829,0.105980939210687,-11.6604370297529
21.075,-0.0444077732505953,339.576705064329,339.62111283758,0.202343857657497,0.198664856562719,0.00367900109477784,-0.0017456621650685,13.2673783412829,-0.924817002897926,-40
21.1,0.560423968757755,340.471953206988,339.91152923823,0.202640952405104,0.198674622599055,0.00396632980604877,-0.00148944934659831,14.2673783412829,0.0443850549934604,40
21.125,0.269232417967377,340.471953206988,340.20272078902,0.203401053312535,0.198674622599055,0.00472643071348042,-0.000753086355311572,14.9792655456822,0.775474317284181,28.4754881759734
21.15,-0.0224718954848382,340.471953206988,340.494425102473,0.203364240684211,0.198674622599055,0.00468961808515553,-0.000833934311898349,13.9792655456822,-0.255323624824433,-40
21.175,0.563302508695976,341.349911226256,340.78660871756,0.20403933364577,0.198683212202166,0.00535612144360426,-0.000189091618139237,14.9792655456822,0.758707534764157,40
21.2,0.270690530896624,341.349911226256,341.079220695359,0.203969561790207,0.198683212202166,0.00528634958804153,-0.000270883924000404,14.0361992856567,-0.161001577705422,-37.7226504010203
21.225,-0.0213313513849786,341.349911226256,341.371242577641,0.203222018772573,0.198683212202166,0.00453880657040784,-0.0010497229470442,13.0361992856567,-1.1876444301495,-40
21.25,0.59435638783774,342.257154744663,341.662798356825,0.203288401410981,0.198692136296871,0.00459626511411004,-0.00103032563763258,14.0361992856567,-0.213161193301985,40
21.275,0.302187536872544,342.257154744663,341.954967207791,0.204052028778155,0.198692136296871,0.00535989248128374,-0.000327058966398425,15.0361992856567,0.761322043545528,40.0000000000001
21.3,0.00950617158586694,342.257154744663,342.247648573077,0.204017960943437,0.198692136296871,0.0053258246465665,-0.000467691806605441,14.0361992856567,-0.314194719606961,-40
21.325,0.604304212246693,343.145110590034,342.540806377788,0.204694184211564,0.198700367492674,0.00599381671888999,9.73982553370278e-05,15.0361992856567,0.660288517240549,40
21.35,0.310324954708208,343.145110590034,342.834785635326,0.205167149255042,0.198700367492674,0.00646678176236817,0.000490341541179301,14.8732695767186,0.521842045150028,-6.51718835752137
21.375,0.0162245891273034,343.145110590034,343.128886000907,0.204881674364958,0.198700367492674,0.00618130687228496,0.000116824465553556,13.8732695767186,-0.503674718002463,-40
21.4,0.630717848543666,344.053841200971,343.423123352427,0.205339909497193,0.198708519326323,0.00663139017086931,0.000515220324251026,14.8732695767186,0.520808518845047,40
21.425,0.335681319161004,344.053841200971,343.71815988181,0.205994848276253,0.198708519326323,0.00728632894992928,0.0011346936075837,15.2436124551578,0.915634634131691,14.8137151375654
21.45,0.040288401472783,344.053841200971,344.013552799498,0.205861940372855,0.198708519326323,0.0071534210465313,0.000952568676402532,14.2436124551578,-0.109882129020793,-40
21.475,0.630493204757548,344.939772248126,344.309279043368,0.206447174717617,0.198716688393309,0.00773048632430781,0.00147706143089843,15.2436124551578,0.864601107826713,40
21.5,0.334417796804024,344.939772248126,344.605354451322,0.206373492061231,0.198716688393309,0.00765680366792132,0.00136791071360079,14.4177674326778,0.0632393221942587,-33.0338008991986
21.525,0.0389581045843216,344.939772248126,344.900814143542,0.205613575785081,0.198716688393309,0.00689688739177138,0.000559607180670968,13.4177674326778,-0.962277440958225,-40
21.55,0.652386448982905,345.848156745987,345.195770297004,0.205658944030135,0.19872577289539,0.0069331711347449,0.000580027192919635,14.4177674326778,0.0612805813755784,40
21.575,0.356866814818775,345.848156745987,345.491289931168,0.206392289486962,0.19872577289539,0.00766651659157244,0.00132114766773214,15.4177674326778,1.10255083056579,40.0000000000001
21.6,0.0608963422875568,345.848156745987,345.787260403699,0.206319484928886,0.19872577289539,0.00759371203349571,0.00124957167911716,14.4177674326778,0.0938210797559977,-40.0000000000001
21.625,0.648228878520984,346.731864203118,346.083635324597,0.206949059364733,0.198734303744684,0.00821475562004831,0.00187503077660345,15.4177674326778,1.08509132894621,40.0000000000001
21.65,0.351436769695411,346.731864203118,346.380427433423,0.206929116830341,0.198734303744684,0.00819481308565639,0.0018764930881984,14.6246033647896,0.325994690358216,-31.7265627155274
21.675,0.055195550780526,346.731864203118,346.676668652338,0.206208598992324,0.198734303744684,0.00747429524763923,0.00116462643106371,13.6246033647896,-0.68993788034159,-40
21.7,0.662323254835312,347.634776710601,346.972453455766,0.206281390096051,0.198743199796091,0.0075381902999595,0.00126222915432314,14.6246033647896,0.332663946402375,40
21.725,0.365965413619612,347.634776710601,347.268811296982,0.20700078303191,0.198743199796091,0.00825758323581866,0.00202147349719745,15.5795597931262,1.3116455449823,38.1982571334641
21.75,0.0691778297002807,347.634776710601,347.565598880901,0.206910620068295,0.198743199796091,0.00816742027220405,0.00194936923240413,14.5795597931262,0.285670715225626,-40.0000000000001
21.775,0.649702389278929,348.512468911434,347.862766522156,0.207520555758722,0.198751255370723,0.0087693003879987,0.00255964242534434,15.5795597931262,1.26083909395885,40.0000000000001
21.8,0.352249804630708,348.512468911434,348.160219106804,0.20733572376861,0.198751255370723,0.00858446839788729,0.00239495505406995,14.5795597931262,0.286007472692082,-40.0000000000001
21.825,0.055566184089101,348.512468911434,348.456902727345,0.206471109267158,0.198751255370723,0.00771985389643484,0.00153270063152589,13.5795597931262,-0.738824148574692,-40
21.85,0.599022353197863,349.351962791326,348.752940438128,0.20641837689887,0.198759470266216,0.00765890663265442,0.00150201706001618,14.5795597931262,0.286344230158538,40
21.875,0.303576849920569,349.351962791326,349.048385941405,0.205667128602009,0.198759470266216,0.00690765833579388,0.000804300146756615,13.5795597931262,-0.667560633831687,-40
21.9,0.00964988320050535,349.351962791326,349.342312908125,0.204318336786405,0.198759470266216,0.00555886652018947,-0.000498853126133986,12.5795597931262,-1.67146549782191,-40
21.925,0.581580355821275,350.216533892948,349.634953537127,0.203852165371255,0.198768082212731,0.00508408315852396,-0.00092619641751196,13.5795597931262,-0.675370361812133,40
21.95,0.289053060908211,350.216533892948,349.92748083204,0.20414259459064,0.198768082212731,0.00537451237790859,-0.000578988728501456,14.5795597931262,0.354983346158623,40
21.975,-0.00334179367541632,350.216533892948,350.219875686624,0.203687537862594,0.198768082212731,0.00491945564986263,-0.000996865305021577,13.5795597931262,-0.66466294587062,-40
22,0.54996454527422,351.062138617479,350.512174072205,0.203988709257967,0.198642232661579,0.00534647659638809,-0.0006525687118418,14.5795597931262,0.348523253781121,40
22.025,0.257763125505012,351.062138617479,350.804375491974,0.203570092888065,0.198642232661579,0.00492786022648656,-0.00102012291959561,13.6165683736744,-0.596928091580924,-38.5196567780717
22.05,-0.0333675710388778,351.062138617479,351.095506188518,0.20250969694502,0.198642232661579,0.00386746428344081,-0.00205770472122141,12.6165683736744,-1.62938801749118,-40
22.075,0.552660315050277,351.938400308768,351.385739993718,0.202294714879027,0.19865509183109,0.00363962304793686,-0.00226874355313816,13.6165683736744,-0.653907373822003,40
22.1,0.262198883681011,351.938400308768,351.676201425087,0.202805565939532,0.19865509183109,0.0041504741084426,-0.00173551033855968,14.6165683736744,0.371573269847172,40.0000000000001
22.125,-0.0284306299140441,351.938400308768,351.966830938682,0.20254485947306,0.19865509183109,0.00388976764197035,-0.00199315181769075,13.6165683736744,-0.652946086483651,-40
22.15,0.541157210893713,352.798787148171,352.257629937278,0.203018193448913,0.198665827935425,0.00435236551348822,-0.00149872996444017,14.6165683736744,0.372534557185526,40
22.175,0.25000229375414,352.798787148171,352.548784854417,0.203046868864474,0.198665827935425,0.00438104092904909,-0.0014302407635324,14.0751924759237,-0.138189798593272,-21.6550359100307
22.2,-0.0406841964696358,352.798787148171,352.839471344641,0.202375505509599,0.198665827935425,0.00370967757417442,-0.00208089539587883,13.0751924759237,-1.1575382566213,-40
22.225,0.558686711586731,353.688472619621,353.129785908034,0.202499670819722,0.198675371639016,0.00382429918070673,-0.00195266321459639,14.0751924759237,-0.176886714649331,40
22.25,0.267709406909233,353.688472619621,353.420763212711,0.203274901310437,0.198675371639016,0.00459952967142149,-0.00115385302497562,15.0294641363276,0.806910398434941,38.1708664161554
22.275,-0.0237950618298987,353.688472619621,353.712267681451,0.203246244024675,0.198675371639016,0.0045708723856592,-0.00117734736135883,14.0294641363276,-0.213564148884674,-40
22.3,0.556645564844331,354.560903005439,354.004257440595,0.203923557787102,0.198683167115548,0.00524039067155374,-0.000486103717135922,15.0294641363276,0.801551191716831,40
22.325,0.264256819134473,354.560903005439,354.296646186305,0.203812232340429,0.198683167115548,0.00512906522488024,-0.00057625777394657,14.0294641363276,-0.183333467681665,-40
22.35,-0.0274846171349569,354.560903005439,354.588387622574,0.203025893911003,0.198683167115548,0.00434272679545455,-0.00137028082560967,13.0294641363276,-1.21821812708016,-40
22.375,0.583681196689817,355.463291944812,354.879610748122,0.203056132656407,0.19869079200507,0.00436534065133698,-0.00133778363521592,14.0294641363276,-0.203102786478657,40
22.4,0.291891587862943,355.463291944812,355.171400356949,0.203786784546309,0.19869079200507,0.00509599254123924,-0.000596540625214276,15.0294641363276,0.812012554122846,40
22.425,-0.000370122790618569,355.463291944812,355.463662067603,0.203723709491218,0.19869079200507,0.00503291748614751,-0.000676868463817926,14.0294641363276,-0.222872105275651,-40
22.45,0.592029664629643,356.348395994356,355.756366329727,0.20437473431182,0.198697332919367,0.00567740139245332,-5.77849385077489e-05,15.0294641363276,0.755521416809802,40
22.475,0.298607915690797,356.348395994356,356.049788078665,0.204722166805358,0.198697332919367,0.0060248338859909,0.00027990829726568,14.7161644690881,0.470615271655747,-12.5319866895802
22.5,0.00522386070208111,356.348395994356,356.343172133654,0.204331005575322,0.198697332919367,0.00563367265595516,-0.000136852482810562,13.7161644690881,-0.550991206258805,-40
22.525,0.620802673878143,357.257364264345,356.636561590466,0.204701010128285,0.198703597140999,0.0059974129872862,0.000226666207618742,14.7161644690881,0.474317001652203,40
22.55,0.326561316349108,357.257364264345,356.930802947995,0.205501214667089,0.198703597140999,0.00679761752609009,0.00103743162295344,15.3985416859108,1.18292764089964,27.2950886729087
22.575,0.0317598639903581,357.257364264345,357.225604400354,0.205497003324053,0.198703597140999,0.00679340618305369,0.00102359545133729,14.3985416859108,0.159161063324347,-40.0000000000001
22.6,0.624205817419625,358.14512680678,357.520920989361,0.206196885435237,0.198709429193929,0.00748745624130837,0.00169665097933971,15.3985416859108,1.13539448574906,40.0000000000001
22.625,0.328465396715157,358.14512680678,357.816661410065,0.206105544268827,0.198709429193929,0.00739611507489785,0.00159873009149888,14.3985416859108,0.161627908173773,-40.0000000000001
22.65,0.0333523813532089,358.14512680678,358.111774425427,0.205336565416464,0.198709429193929,0.00662713622253511,0.000805828126290487,13.3985416859108,-0.862138669401515,-40
22.675,0.650946390912954,359.057329450132,358.406383059219,0.205380250091194,0.198716216436046,0.00666403365514764,0.000837670986229999,14.3985416859108,0.15248170163402,40
22.7,0.355765748638452,359.057329450132,358.701563701493,0.206118715249668,0.198716216436046,0.00740249881362223,0.0015828420839919,15.3985416859108,1.17856767522579,40.0000000000001
22.725,0.0601169694259394,359.057329450132,358.997212480706,0.206057595075671,0.198716216436046,0.00734137863962461,0.00150968529967738,14.3985416859108,0.154653648817553,-40.0000000000001
22.75,0.653745765033967,359.947036249721,359.293290484687,0.206704102093131,0.198722686838757,0.0079814152543744,0.00213183531291605,15.3985416859108,1.13576871362887,40.0000000000001
22.775,0.357030300609886,359.947036249721,359.590005949111,0.206963360486903,0.198722686838757,0.00824067364814551,0.0023904905724951,14.9749461690661,0.742145053105601,-16.9438206737874
22.8,0.0604876702427289,359.947036249721,359.886548579478,0.206488868174098,0.198722686838757,0.00776618133534079,0.00190115911104261,13.9749461690661,-0.277883090572986,-40
22.825,0.613076320312454,360.796043616694,360.182967296382,0.206778494156652,0.198729504710418,0.00804898944623442,0.00219886030403194,14.9749461690661,0.752088765748428,40
22.85,0.316792927425794,360.796043616694,360.479250689269,0.206328039099283,0.198729504710418,0.00759853438886521,0.00177637185009713,13.9749461690661,-0.217939377930157,-40
22.875,0.0216278468942791,360.796043616694,360.7744157698,0.205243483798034,0.198729504710418,0.00651397908761636,0.000702232663583768,12.9749461690661,-1.23796752160875,-40
22.9,0.59733279901233,361.665976766315,361.068643967303,0.205008448126881,0.198737573219406,0.00627087490747477,0.000462823206916763,13.9749461690661,-0.25799566528733,40
22.925,0.303186838929472,361.665976766315,361.362789927386,0.205129817182951,0.198737573219406,0.00639224396354526,0.000602239591317388,14.4438189097082,0.240848931676211,18.7549096256851
22.95,0.00940283575651764,361.665976766315,361.656573930558,0.204532164901207,0.198737573219406,0.00579459168180127,7.2287635628776e-06,13.4438189097082,-0.779179212002374,-40
22.975,0.565934513678887,362.515999813559,361.95006529988,0.204711519864212,0.198612704478717,0.00609881538549548,0.000198913254470495,14.4438189097082,0.233324472480748,40
23,0.27266559148512,362.515999813559,362.243334222074,0.204248143759322,0.198612704478717,0.005635439280605,-0.000231677497723293,13.5672314766859,-0.613591767739398,-35.0634973208913
23.025,-0.0194642285734541,362.515999813559,362.535464042133,0.203147657826832,0.198612704478717,0.00453495334811549,-0.00131652677427377,12.5672314766859,-1.63392057493727,-40
23.05,0.567647393741778,363.394280624841,362.826633231099,0.202894690088208,0.198627392333828,0.00426729775438051,-0.00156309958346662,13.5672314766859,-0.646645982560087,40
23.075,0.276312909117389,363.394280624841,363.117967715724,0.203367778206326,0.198627392333828,0.0047403858724982,-0.00106210563237749,14.5672314766859,0.382688040237653,40
23.1,-0.0151269461237878,363.394280624841,363.409407570965,0.203068754796745,0.198627392333828,0.00444136246291765,-0.00134954696411138,13.5672314766859,-0.637977936964602,-40
23.125,0.551647955964909,364.252600352019,363.700952396054,0.203501783986886,0.198640396169552,0.00486138781733383,-0.000885138516767442,14.5672314766859,0.389751003611874,40
23.15,0.25981191409597,364.252600352019,363.992788437923,0.203491866040515,0.198640396169552,0.00485146987096316,-0.000846704526516279,14.031753532253,-0.117998000244573,-21.419117777317
23.175,-0.0314896833384664,364.252600352019,364.284090035358,0.202778631292979,0.198640396169552,0.00413823512342729,-0.00153188875295354,13.031753532253,-1.1402690596681,-40
23.2,0.561322783324769,365.136271338176,364.574948554851,0.202856969922275,0.19865241914876,0.00420455077351528,-0.00144291564418464,14.031753532253,-0.162540119091619,40
23.225,0.269957894308051,365.136271338176,364.866313443868,0.203473950988609,0.19865241914876,0.00482153183984871,-0.000795450832879241,14.830589883471,0.664025172702864,31.9534540487203
23.25,-0.0217080733031692,365.136271338176,365.157979411479,0.203299026678118,0.19865241914876,0.00464660752935839,-0.00095782859809343,13.830589883471,-0.358245886720661,-40
23.275,0.550032237571751,365.999952495097,365.449920257525,0.203839809970586,0.198662710457133,0.00517709951345269,-0.000399383035512152,14.830589883471,0.649058263238596,40
23.3,0.257889519335225,365.999952495097,365.742062975762,0.203600549369699,0.198662710457133,0.00493783891256611,-0.000606733695255102,13.830589883471,-0.329227474723263,-40
23.325,-0.0334201213153982,365.999952495097,366.033372616412,0.202693568203052,0.198662710457133,0.00403085774591952,-0.00150461995840459,12.830589883471,-1.35751321268512,-40
23.35,0.568307397125241,366.892295635543,366.323988238418,0.202609249321583,0.198672429754689,0.00393681956689348,-0.0015893765447495,13.830589883471,-0.371162127748699,40
23.375,0.277291504622718,366.892295635543,366.61500413092,0.203231084076955,0.198672429754689,0.0045586543222659,-0.000976362016167465,14.830589883471,0.615188957187724,40
23.4,-0.0140392453256638,366.892295635543,366.906334880868,0.203064891413105,0.198672429754689,0.00439246165841567,-0.00119359677272865,13.830589883471,-0.448459957875853,-40
23.425,0.568973465618804,367.766933139323,367.197959673704,0.203618051331637,0.198680334782859,0.00493771654877753,-0.000696145031927276,14.830589883471,0.533412815615354,40
23.45,0.276764490006138,367.766933139323,367.490168649317,0.203881553195726,0.198680334782859,0.0052012184128665,-0.000467022917179261,14.5293167570026,0.250734281154218,-12.050925058736
23.475,-0.0152873195225069,367.766933139323,367.782220458846,0.203410752697491,0.198680334782859,0.00473041791463152,-0.000989032064192069,13.5293167570026,-0.780671126838518,-40
23.5,0.592598341269453,368.666764167822,368.074165826553,0.203705539337759,0.198687091908019,0.0050184474297407,-0.000732321675225384,14.5293167570026,0.227834622485113,40
23.525,0.29989707763297,368.666764167822,368.366867090189,0.204445212951029,0.198687091908019,0.00575812104301029,-1.76033004336829e-05,15.2251807740011,0.935289702981652,27.8345606799385
23.55,0.00671661072435059,368.666764167822,368.660047557098,0.204384981348232,0.198687091908019,0.00569788944021321,-0.00012665091639949,14.2251807740011,-0.103119233520272,-40
23.575,0.594143836992108,369.547814353881,368.953670516889,0.205033720210186,0.198692511135458,0.00634120907472813,0.000455150212428007,15.2251807740011,0.862134266784584,40
23.6,0.300127432414933,369.547814353881,369.247686921466,0.204941715147087,0.198692511135458,0.00624920401162909,0.000315309006607645,14.2893840628517,-0.0584089440599301,-37.4318684459747
23.625,0.00673283285430191,369.547814353881,369.541081521027,0.204171466803954,0.198692511135458,0.00547895566849621,-0.000521441087747654,13.2893840628517,-1.09315544375507,-40
23.65,0.622888038689063,370.456866908457,369.833978869768,0.204214544572519,0.198697994444235,0.00551655012828375,-0.000526189167023239,14.2893840628517,-0.0779019434502188,40
23.675,0.329407585894508,370.456866908457,370.127459322563,0.204954870912293,0.198697994444235,0.00625687646805773,0.000190238408218635,15.2893840628517,0.948964608243818,40.0000000000001
23.7,0.0354422255352596,370.456866908457,370.421424682922,0.20489936545079,0.198697994444235,0.00620137100655468,9.63569057659819e-05,14.2893840628517,-0.0741688400621532,-40
23.725,0.631592134153655,371.347434621197,370.715842487044,0.205555733264626,0.198702533351478,0.00685319991314812,0.000709440434423586,15.2893840628517,0.913591360382663,40
23.75,0.336382990893387,371.347434621197,371.011051630304,0.205997611288565,0.198702533351478,0.00729507793708753,0.0011351030814836,15.1063756875404,0.763314094296662,-7.32033501245065
23.775,0.0410857811618757,371.347434621197,371.306348840035,0.205686962841158,0.198702533351478,0.00698442948968081,0.000796558723473395,14.1063756875404,-0.253954796478072,-40
23.8,0.657697853092181,372.25945642554,371.601758572448,0.206125072034213,0.198706847389158,0.00741822464505498,0.00122461668608242,15.1063756875404,0.768750617166869,40
23.825,0.361482755794329,372.25945642554,371.897973669746,0.20679600235167,0.198706847389158,0.0080891549625117,0.00190080472419987,15.5209027716092,1.20598311488056,16.5810833627499
23.85,0.0648784923996819,372.25945642554,372.194577933141,0.206680848170901,0.198706847389158,0.00797400078174249,0.00176923726531741,14.5209027716092,0.178688528525498,-40.0000000000001
23.875,0.658949428695263,373.150500035347,372.491550606652,0.20728516750647,0.198711108013911,0.00857405949255968,0.0023386657083348,15.5209027716092,1.15139394217044,40.0000000000001
23.9,0.361587252996503,373.150500035347,372.788912782351,0.207236775236089,0.198711108013911,0.00852566722217851,0.00227452071011094,14.7000352294177,0.353231813623837,-32.8347016876617
23.925,0.064794496031645,373.150500035347,373.085705539315,0.206505007156589,0.198711108013911,0.00779389914267831,0.00150871516397702,13.7000352294177,-0.674062772731224,-40
23.95,0.623785605858408,374.005829609439,373.38204400358,0.206580510852321,0.198716392277975,0.0078641185743461,0.00156953442090063,14.7000352294177,0.34864264091372,40
23.975,0.327649329332465,374.005829609439,373.678180280106,0.206234569916287,0.198716392277975,0.00751817763831206,0.00123785517407232,14.1035889367629,-0.207630066257769,-23.8578517061886
24,0.0324826947262595,374.005829609439,373.973346914712,0.205246353298438,0.198716392277975,0.0065299610204631,0.000254069322823264,13.1035889367629,-1.21745648077454,-40
24.025,0.615853441857288,374.883566665591,374.267713223734,0.205100298353581,0.198722840194547,0.00637745815903473,0.000104245397061331,14.1035889367629,-0.227282895291308,40
24.05,0.321246845702031,374.883566665591,374.562319819889,0.205572199413268,0.198722840194547,0.00684935921872162,0.000595126222114467,14.9570914644917,0.658789818345663,34.1401011091511
24.075,0.0265303466393598,374.883566665591,374.857036318952,0.205281223915179,0.198722840194547,0.00655838372063267,0.000308024376796945,13.9570914644917,-0.358639995746146,-40
24.1,0.58690266509162,375.738774952196,375.151872287104,0.205728824845643,0.198596239902835,0.00713258494280819,0.000774415264449879,14.9570914644917,0.663561924989456,40
24.125,0.291992243308333,375.738774952196,375.446782708888,0.205414817900503,0.198596239902835,0.00681857799766863,0.000493337246532471,13.9570914644917,-0.312631072053673,-40
24.15,-0.0019806060825737,375.738774952196,375.740755558279,0.2044478166218,0.198596239902835,0.00585157671896516,-0.000463208678429555,12.9570914644917,-1.3388240690968,-40
24.175,0.586559231901031,376.620505961501,376.0339467296,0.204313672930963,0.198609735677002,0.00570393725396148,-0.000604475869509624,13.9570914644917,-0.362972793353707,40
24.2,0.293268132465144,376.620505961501,376.327237829036,0.204588341329413,0.198609735677002,0.00597860565241196,-0.000316914187650147,14.5213455144604,0.22713253235804,22.5701619987461
24.225,0.000135954827857492,376.620505961501,376.620370006673,0.204122566063785,0.198609735677002,0.00551283038678346,-0.000787250111619453,13.5213455144604,-0.79701619189886,-40
24.25,0.569897308100678,377.483281024001,376.9133837159,0.204414863102257,0.198622597936624,0.00579226516563283,-0.000479418351068822,14.5213455144604,0.228835083844236,40
24.275,0.276814577067227,377.483281024001,377.206466446933,0.204241859188415,0.198622597936624,0.00561926125179041,-0.000605265281361983,13.9223733376734,-0.323861026582398,-23.958887071478
24.3,-0.0155138754662933,377.483281024001,377.498794899467,0.203390240543269,0.198622597936624,0.00476764260664439,-0.00141730831280923,12.9223733376734,-1.32758496022209,-40
24.325,0.581038801409856,378.371530989324,377.790492187914,0.203350099327582,0.198635164317692,0.00471493500988951,-0.00142422830157934,13.9223733376734,-0.331308893861768,40
24.35,0.288894617585692,378.371530989324,378.082636371738,0.204004885023671,0.198635164317692,0.00536972070597855,-0.000716930975879521,14.9223733376734,0.700330349600262,40
24.375,-0.00359543613586734,378.371530989324,378.37512642546,0.203861193190663,0.198635164317692,0.00522602887297066,-0.000826337033064173,13.9223733376734,-0.318030406937703,-40
24.4,0.569401943541177,379.237328609514,378.667926665972,0.204426390078453,0.198646189130242,0.00578020094821063,-0.000216700874430625,14.9223733376734,0.700521499067023,40
24.425,0.276373769012187,379.237328609514,378.960954840501,0.204205428883967,0.198646189130242,0.00555923975372458,-0.000381395443142502,13.9223733376734,-0.276448283483043,-40
24.45,-0.0158390080352094,379.237328609514,379.253167617549,0.203311085627498,0.198646189130242,0.00466489649725527,-0.00124416367242328,12.9223733376734,-1.30341806603311,-40
24.475,0.58364925545199,380.128345151738,379.544695896286,0.203233522033495,0.198656872504197,0.00457664952929743,-0.00130902052144016,13.9223733376734,-0.327094742529486,40
24.5,0.291719472320549,380.128345151738,379.836625679417,0.203856298573978,0.198656872504197,0.00519942606978072,-0.000682718431408907,14.9223733376734,0.659317423657765,40
24.525,-0.000518601730170582,380.128345151738,380.128863753468,0.203686022336378,0.198656872504197,0.00502914983218075,-0.000892213114765783,13.9223733376734,-0.404270410154981,-40
24.55,0.577547805793589,380.998929967013,380.42138216122,0.204230035237374,0.198665890889142,0.00556414434823135,-0.000389286482122136,14.9223733376734,0.582141756032269,40
24.575,0.284611196207982,380.998929967013,380.714318770805,0.204282121922607,0.198665890889142,0.00561623103346479,-0.000347754476431761,14.3371039445769,0.0296220923162325,-23.4107757238603
24.6,-0.00787901848689463,380.998929967013,381.0068089855,0.203624558058202,0.198665890889142,0.00495866716905904,-0.00102472204637705,13.3371039445769,-0.987628178303293,-40
24.625,0.594956342678781,381.893892332012,381.298935989333,0.203753252654296,0.19867398213003,0.00507927052426568,-0.000893280695147824,14.3371039445769,0.0380980802421304,40
24.65,0.302188665189381,381.893892332012,381.591703666823,0.204499484582256,0.19867398213003,0.00582550245222604,-0.00012557217079065,15.2553330331279,0.98205342733851,36.729163542038
24.675,0.00894130681616166,381.893892332012,381.884951025196,0.204439139575932,0.19867398213003,0.00576515744590167,-0.000183472690388292,14.2553330331279,-0.0422203141160652,-40
24.7,0.590249710477553,382.768882195388,382.178632484911,0.205081791784423,0.198680374083839,0.00640141770058383,0.00044506485455631,15.2553330331279,0.933505944429361,40
24.725,0.296223405423812,382.768882195388,382.472658789964,0.20493434438149,0.198680374083839,0.00625397029765079,0.000296285772716065,14.2553330331279,-0.0516614457759973,-40
24.75,0.00289987083336544,382.768882195388,382.765982324555,0.204111331946596,0.198680374083839,0.00543095786275716,-0.000552208233057599,13.2553330331279,-1.08682883598135,-40
24.775,0.612399533223257,383.67113126613,383.058731732907,0.204103938293206,0.198686424279716,0.00541751401348964,-0.000571217680776281,14.2553330331279,-0.0719962261867095,40
24.8,0.319139614782758,383.67113126613,383.351991651347,0.204796222957538,0.198686424279716,0.00610979867782188,0.000128030428943077,15.2553330331279,0.952862079188259,40
24.825,0.0254628889426101,383.67113126613,383.645668377188,0.204695537167239,0.198686424279716,0.00600911288752254,1.51242712855548e-05,14.2553330331279,-0.072279615436769,-40
24.85,0.615889063665917,384.555623284382,383.939734220716,0.20530941713797,0.198691097056319,0.00661832008165167,0.00060009780399542,15.2553330331279,0.902578689938196,40
24.875,0.321240257483558,384.555623284382,384.234383026899,0.20550759667273,0.198691097056319,0.00681649961641104,0.00078967387964754,14.7788265314202,0.450930493605517,-19.060260068306
24.9,0.0268273070026043,384.555623284382,384.52879597738,0.204986110205122,0.198691097056319,0.0062950131488029,0.000241939067841423,13.7788265314202,-0.574211201019514,-40
24.925,0.641355291644651,385.464397722152,384.823042430507,0.205242006069047,0.19869532029112,0.006546685777927,0.000491110387299681,14.7788265314202,0.450647104355454,40
24.95,0.346310281977539,385.464397722152,385.118087440174,0.206072241052891,0.19869532029112,0.00737692076177077,0.00133117251084475,15.6471022892728,1.34378116758306,34.7310303141055
24.975,0.0506604086255651,385.464397722152,385.413737313526,0.206093547934369,0.19869532029112,0.00739822764324835,0.00134151611962333,14.6471022892728,0.318639472958032,-40.0000000000001
25,0.6432141339558,386.353156179742,385.709942045786,0.206815091128712,0.198698698681101,0.00811639244761087,0.00203418241908154,15.6471022892728,1.293497778333,40.0000000000001
25.025,0.346549027450016,386.353156179742,386.006607152292,0.206743749087661,0.198698698681101,0.00804505040655934,0.00195338234021555,14.6471022892728,0.318356083707969,-40.0000000000001
25.05,0.0504758131258697,386.353156179742,386.302680366616,0.205994386594993,0.198698698681101,0.00729568791389151,0.0011763399221934,13.6471022892728,-0.706785610917062,-40
25.075,0.609526295478284,387.207811087883,386.598284792405,0.206057372136759,0.198570177711319,0.00748719442543971,0.00122886291215984,14.6471022892728,0.315196851067918,40
25.1,0.314193320241192,387.207811087883,386.893617767642,0.205618954640238,0.198570177711319,0.00704877692891848,0.000801979556016408,13.9280411226746,-0.371513588372713,-28.762446663928
25.125,0.0199420585458933,387.207811087883,387.187869029337,0.204555754044632,0.198570177711319,0.00598557633331268,-0.00026561472716638,12.9280411226746,-1.38916286121514,-40
25.15,0.606953022602243,388.088184284329,387.481231261726,0.20435003715273,0.198582151204743,0.00576788594798755,-0.000489277783675135,13.9280411226746,-0.406812134057577,40
25.175,0.313343523887017,388.088184284329,387.774840760442,0.204878259472833,0.198582151204743,0.00629610826808985,4.291546334384e-05,14.9280411226746,0.623494320313766,40.0000000000001
25.2,0.0195380320182154,388.088184284329,388.06864625231,0.204641608485701,0.198582151204743,0.00605945728095797,-0.000205667810488003,13.9280411226746,-0.396199225314893,-40
25.225,0.585325184350778,388.947979180993,388.362653996642,0.205141828898988,0.198593185402521,0.00654864349646714,0.000302787696913914,14.9280411226746,0.632376477763849,40
25.25,0.291162750634514,388.947979180993,388.656816430358,0.204879494875376,0.198593185402521,0.00628630947285524,6.61452897086912e-05,13.9280411226746,-0.33904781915741,-40
25.275,-0.00214030811627423,388.947979180993,388.950119489109,0.203963321372931,0.198593185402521,0.00537013597041025,-0.000844003961257861,12.9280411226746,-1.36047211607867,-40
25.3,0.592437422710787,389.835154176853,389.242716754142,0.203879055237597,0.1986047108202,0.00527434441739677,-0.000938868350856575,13.9280411226746,-0.381896412999929,40
25.325,0.299443611281127,389.835154176853,389.535710565572,0.204506356848464,0.1986047108202,0.00590164602826426,-0.000301339675035289,14.9280411226746,0.646679290078815,40
25.35,0.00613416862886708,389.835154176853,389.829020008224,0.204349023387959,0.1986047108202,0.00574431256775965,-0.000465183981235268,13.9280411226746,-0.374745006842445,-40
25.375,0.579037484476845,390.701662854592,390.122625370115,0.204911126958583,0.198615558485947,0.00629556847263604,0.000107284525996065,14.9280411226746,0.648284192820951,40
25.4,0.285206366075033,390.701662854592,390.416456488517,0.204695371857142,0.198615558485947,0.00607981337119468,-7.42920621595033e-05,13.9280411226746,-0.315599270058341,-40
25.425,-0.00781662935825198,390.701662854592,390.70947948395,0.203812343295915,0.198615558485947,0.00519678480996827,-0.000937321827192528,12.9280411226746,-1.32948273293764,-40
25.45,0.591716891184328,391.593547972134,391.001831080949,0.203749616535459,0.198626856949415,0.0051227595860435,-0.000991951028626897,13.9280411226746,-0.343366195816931,40
25.475,0.298948371191387,391.593547972134,391.294599600942,0.20438859782891,0.198626856949415,0.0057617408794948,-0.000322308579822628,14.9280411226746,0.689457235250093,40
25.5,0.00585576011936013,391.593547972134,391.587692212014,0.204234620086556,0.198626856949415,0.00560776313714087,-0.000460902319682738,13.9280411226746,-0.327719333682886,-40
25.525,0.582134230304631,392.463213639773,391.881079409468,0.20479321935055,0.198637281284765,0.0061559380657846,0.000134625506282349,14.9280411226746,0.704543298231001,40
25.55,0.288471546218504,392.463213639773,392.174742093554,0.204648537309359,0.198637281284765,0.00601125602459393,4.54956463591949e-05,14.0430748582742,-0.148160334255567,-35.3986505760182
25.575,-0.00447389174422997,392.463213639773,392.467687531517,0.203820756307496,0.198637281284765,0.00518347502273078,-0.000745431957394599,13.0430748582742,-1.16589770234168,-40
25.6,0.596088733671032,393.356121521199,392.760032787528,0.203800305561281,0.198647745550614,0.00515256001066669,-0.000719133017161588,14.0430748582742,-0.146638148139519,40
25.625,0.303271069415595,393.356121521199,393.052850451784,0.20447109923859,0.198647745550614,0.00582335368797607,1.18984111892595e-05,15.0430748582742,0.879644876897684,40
25.65,0.0100866344502628,393.356121521199,393.346034886749,0.204340647505589,0.198647745550614,0.00569290195497446,-8.14795655883771e-05,14.0430748582742,-0.144072098065111,-40
25.675,0.586707725560241,394.226254348088,393.639546622528,0.204916431043931,0.198656952264796,0.00625947877913463,0.00051303242221809,15.0430748582742,0.834264469788747,40
25.7,0.292918728193357,394.226254348088,393.933335619895,0.204752388019832,0.198656952264796,0.00609543575503613,0.000386857739929164,14.1123049099782,-0.0681689106533698,-37.230797931839
25.725,-0.000130437339912051,394.226254348088,394.226384785428,0.203906679725224,0.198656952264796,0.00524972746042759,-0.000439404817182271,13.1123049099782,-1.08983234279951,-40
25.75,0.601180386478611,395.119994300449,394.51881391397,0.203870361887457,0.198665884219722,0.00520447766773502,-0.000437270369718218,14.1123049099782,-0.0614957749456543,40
25.775,0.308295134079191,395.119994300449,394.81169916637,0.204527868463774,0.198665884219722,0.00586198424405185,0.000274905721686453,15.1123049099782,0.966840792908206,40.0000000000001
25.8,0.0150553638379628,395.119994300449,395.104938936611,0.204387140359387,0.198665884219722,0.00572125613966501,0.000167827840716644,14.1123049099782,-0.0548226392379341,-40
25.825,0.594181553081647,395.99267983971,395.398498286628,0.204955970995053,0.198673262764199,0.00628270823085433,0.000753003419299653,15.1123049099782,0.924707687894432,40
25.85,0.300269578386415,395.99267983971,395.692410261323,0.204894819673663,0.198673262764199,0.0062215569094648,0.000728034283394768,14.334165046592,0.176098151640548,-31.12559453545
25.875,0.00695390623563569,395.99267983971,395.985725933474,0.204140456141298,0.198673262764199,0.00546719337709953,-8.1593091583454e-06,13.334165046592,-0.844371521227081,-40
25.9,0.611067259219566,396.889617481904,396.278550222684,0.204186158357386,0.198680011915625,0.0055061464417612,7.2404902734885e-05,14.334165046592,0.181589626754951,40
25.925,0.317670226294968,396.889617481904,396.571947255609,0.20491810370815,0.198680011915625,0.00623809179252499,0.000853277774161276,15.334165046592,1.20755077473699,40.0000000000001
25.95,0.0238117565604548,396.889617481904,396.865805725344,0.204845794838773,0.198680011915625,0.00616578292314865,0.000806878725125942,14.334165046592,0.183511922719021,-40.0000000000001
25.975,0.606761451447631,397.766844470523,397.160083019075,0.205478187834615,0.198685138910907,0.00679304892370836,0.00144519819595015,15.334165046592,1.15947307070106,40.0000000000001
26,0.312140544852828,397.766844470523,397.45470392567,0.205337948649869,0.198685138910907,0.00665280973896171,0.00132831575873518,14.3565970127173,0.207866184808428,-39.1027213549867
26.025,0.0182118031523691,397.766844470523,397.748632667371,0.204521661836961,0.198685138910907,0.00583652292605438,0.000515223997388209,13.3565970127173,-0.816172667209538,-40
26.05,0.569355642410709,398.611352727316,398.041997084906,0.204520250670618,0.198689964293424,0.0058302863771944,0.000523816916151221,14.3565970127173,0.194758446895395,40
26.075,0.27622954222326,398.611352727316,398.335123185093,0.204187384678835,0.198689964293424,0.0054974203854114,0.000208517554375454,13.8767201211865,-0.271311487140464,-19.1950756612313
26.1,-0.0159532137085949,398.611352727316,398.627305941025,0.203209444598579,0.198689964293424,0.00451948030515512,-0.000780454789723883,12.8767201211865,-1.30750452964554,-40
26.125,0.564235249007502,399.482949094868,398.91871384586,0.203072803795674,0.198694780214246,0.00437802358142839,-0.000946573266245615,13.8767201211865,-0.334668115045083,40
26.15,0.272525703516526,399.482949094868,399.210423391351,0.203600899174143,0.198694780214246,0.00490611895989732,-0.000429151693374014,14.7945784085203,0.606026586889183,36.7143314933523
26.175,-0.0193873175570038,399.482949094868,399.502336412425,0.203363525800449,0.198694780214246,0.00466874558620309,-0.000696103517648233,13.7945784085203,-0.421136998510359,-40
26.2,0.542842903962044,400.337303672882,399.79446076892,0.203863778985817,0.198565653432321,0.00529812555349654,-0.000206976769250966,14.7945784085203,0.601699416090098,40
26.225,0.250551023632488,400.337303672882,400.086752649249,0.203603737489765,0.198565653432321,0.00503808405744385,-0.000461297340300093,13.7945784085203,-0.373733418016843,-40
26.25,-0.0408989403087391,400.337303672882,400.378202613191,0.202692714271862,0.198565653432321,0.00412706083954095,-0.00138711692665022,12.7945784085203,-1.39916625212379,-40
26.275,0.55490323912442,401.223873057624,400.6689698185,0.20261731243625,0.198576102420189,0.00404121001606061,-0.00149497832855791,13.7945784085203,-0.424599086230728,40
26.3,0.263733830740183,401.223873057624,400.960139226884,0.203225257520912,0.198576102420189,0.00464915510072259,-0.000899859179906981,14.74682803738,0.552217708521961,38.0899851543852
26.325,-0.0277452462535176,401.223873057624,401.251618303877,0.203059069429077,0.198576102420189,0.00448296700888745,-0.00109689604482596,13.74682803738,-0.473215125584984,-40
26.35,0.551285789544745,402.094687485597,401.543401696052,0.203622225795474,0.198585541131168,0.00503668466430543,-0.000552962865195461,14.74682803738,0.540200911666985,40
26.375,0.25918140305498,402.094687485597,401.835506082542,0.203516647126373,0.198585541131168,0.00493110599520491,-0.000663917869615199,13.8895952033933,-0.298069381652393,-34.2893133594677
26.4,-0.0322815850107043,402.094687485597,402.126969070607,0.202738271030638,0.198585541131168,0.00415272989947021,-0.00147056546212404,12.8895952033933,-1.32910684098508,-40
26.425,0.576725568922829,402.99464485429,402.417919285367,0.202775950482275,0.198595209777843,0.00418074070443192,-0.00147599361364614,13.8895952033933,-0.353439942763785,40
26.45,0.285206260151723,402.99464485429,402.709438594138,0.203512557536163,0.198595209777843,0.00491734775832028,-0.000760251972843629,14.8895952033933,0.67222695545751,40
26.475,-0.00678465705222273,402.99464485429,403.001429511342,0.203454327927643,0.198595209777843,0.00485911814979989,-0.000854955809129754,13.8895952033933,-0.352106146321196,-40
26.5,0.580919022512281,403.874777205266,403.293858182754,0.204106818024143,0.198604181332781,0.00550263669136261,-0.000217318624637225,14.8895952033933,0.673560751900102,40
26.525,0.287826874639496,403.874777205266,403.586950330626,0.204393055946291,0.198604181332781,0.00578887461351069,7.3149584122606e-05,14.4907965584772,0.30098980435845,-15.9519457966433
26.55,-0.00513291623077104,403.874777205266,403.879910121497,0.20394587210907,0.198604181332781,0.0053416907762894,-0.000388075148684358,13.4907965584772,-0.722782498267123,-40
26.575,0.60428425261574,404.77706974013,404.172785487515,0.204262046861218,0.198613251401259,0.00564879545995864,-7.26124645782367e-05,14.4907965584772,0.294750087158225,40
26.6,0.310666544789851,404.77706974013,404.46640319534,0.204979412505962,0.198613251401259,0.00636616110470245,0.000664738644492763,15.1296182742559,0.964107466074025,25.5528686311489
26.625,0.0166142800299211,404.77706974013,404.7604554601,0.204898051462484,0.198613251401259,0.00628480006122453,0.00058651126254089,14.1296182742559,-0.055356870788895,-40
26.65,0.601319334511009,405.656223220753,405.054903886242,0.205523785528789,0.198622021628926,0.00690176389986286,0.00120118089080914,15.1296182742559,0.925178792348183,40
26.675,0.306560917751462,405.656223220753,405.349662303001,0.205361488522784,0.198622021628926,0.00673946689385749,0.00104929361570164,14.1296182742559,-0.0463390873313945,-40
26.7,0.0125396160914445,405.656223220753,405.643683604661,0.20452355101969,0.198622021628926,0.00590152939076427,0.00020559132206549,13.1296182742559,-1.06785696701097,-40
26.725,0.621624730974284,406.558718155033,405.937093424059,0.204498534463112,0.198631597525419,0.0058669369376928,0.000196011772321092,14.1296182742559,-0.0393748466905493,40
26.75,0.327747848416984,406.558718155033,406.230970306616,0.205168744539294,0.198631597525419,0.00653714701387495,0.000900060310123768,15.1296182742559,0.989107273629876,40
26.775,0.0335050564926966,406.558718155033,406.52521309854,0.205040905904216,0.198631597525419,0.00640930837879672,0.000787228152236114,14.1296182742559,-0.032410606049701,-40
26.8,0.617973616652214,407.437759107896,406.819785491244,0.205621091282741,0.19864045587555,0.00698063540719124,0.00136807409470571,15.1296182742559,0.948357829743134,40
26.825,0.322927123575772,407.437759107896,407.114831984321,0.205724898465706,0.19864045587555,0.00708444259015645,0.0014944308009176,14.5756634198995,0.423977651900999,-22.1581941742583
26.85,0.0282671838347279,407.437759107896,407.409491924062,0.205109873086433,0.19864045587555,0.00646941721088326,0.000886061880561118,13.5756634198995,-0.596447671584678,-40
26.875,0.632497721561741,408.336332599343,407.703834877781,0.205271316012261,0.198649217337961,0.00662209867430025,0.00107199148193796,14.5756634198995,0.428076132325552,40
26.9,0.337577681564056,408.336332599343,407.998754917779,0.205910462483721,0.198649217337961,0.00726124514576029,0.00175351484260808,15.3074891177401,1.18799481322681,29.2730279136278
26.925,0.0423322829884098,408.336332599343,408.294000316355,0.205752720231583,0.198649217337961,0.00710350289362188,0.00161875406990847,14.3074891177401,0.166087796287371,-40
26.95,0.621768762922634,409.211306123159,408.589537360236,0.206304763949403,0.198657077522646,0.00764768642675756,0.00217721444213823,15.3074891177401,1.14418077934793,40
26.975,0.326020660261746,409.211306123159,408.885285462897,0.206072304314948,0.198657077522646,0.00741522679230289,0.00197183157072078,14.3074891177401,0.172273762408495,-40
27,0.0311020867462238,409.211306123159,409.180204036413,0.205168737185398,0.198657077522646,0.00651165966275216,0.00107822921649739,13.3074891177401,-0.849633254530942,-40
27.025,0.576122756828048,410.050549528448,409.47442677162,0.205083297660389,0.198665004237113,0.00641829342327654,0.0010095998062519,14.3074891177401,0.159388375467383,40
27.05,0.282354157016431,410.050549528448,409.768195371432,0.204548733392279,0.198665004237113,0.00588372915516605,0.000508115781863744,13.6552935957034,-0.468755482693949,-26.08782088147
27.075,-0.0101868937405188,410.050549528448,410.060736422189,0.203387966105747,0.198665004237113,0.00472296186863386,-0.00064053880138934,12.6552935957034,-1.49470381881853,-40
27.1,0.562545902932888,410.914789171527,410.352243268594,0.203084098137538,0.198672935351656,0.0044111627858818,-0.000943431939877698,13.6552935957034,-0.510679382142443,40
27.125,0.270933599338262,410.914789171527,410.643855572189,0.203515381317159,0.198672935351656,0.00484244596550296,-0.000492335155786477,14.6552935957034,0.514315597428115,40.0000000000001
27.15,-0.0207379785252163,410.914789171527,410.935527150052,0.203184509938228,0.198672935351656,0.0045115745865725,-0.000822239177986406,13.6552935957034,-0.510689423001334,-40
27.175,0.532955723827553,411.760226559147,411.22727083532,0.203594117422166,0.198546441436225,0.00504767598594064,-0.000395008563600724,14.6552935957034,0.511696821955943,40
27.2,0.241178908249843,411.760226559147,411.519047650897,0.203246298712453,0.198546441436225,0.00469985727622746,-0.000711162748372907,13.6552935957034,-0.465916933086779,-40
27.225,-0.0496261316851355,411.760226559147,411.809852690832,0.202250199024944,0.198546441436225,0.0037037575887181,-0.0016986150416467,12.6552935957034,-1.49353068812951,-40
27.25,0.537371128453676,412.637221282662,412.099850154208,0.202092455184238,0.198558787560283,0.00353366762395535,-0.00186766718362483,13.6552935957034,-0.521144443172229,40
27.275,0.247112623160445,412.637221282662,412.390108659502,0.202590889878466,0.198558787560283,0.00403210231818293,-0.00136307341009489,14.563840976807,0.409789182888666,36.3418952441447
27.3,-0.0433027870615124,412.637221282662,412.680524069724,0.202323276591043,0.198558787560283,0.00376448903076032,-0.00164462921874758,13.563840976807,-0.617824572154058,-40
27.325,0.528490877235455,413.499594762825,412.97110388559,0.20279281107241,0.198569339576982,0.00422347149542796,-0.0011824228053007,14.563840976807,0.389150811200311,40
27.35,0.237686673888695,413.499594762825,413.261908088937,0.202642758773534,0.198569339576982,0.00407341919655163,-0.00132663423553303,13.7658758809708,-0.390687772640471,-31.9186038334495
27.375,-0.0524163824731331,413.499594762825,413.552011145298,0.20182157155797,0.198569339576982,0.00325223198098756,-0.00216575338963693,12.7658758809708,-1.42256126064501,-40
27.4,0.552036175137703,414.393582612242,413.841546437104,0.201819011853087,0.198579216093871,0.00323979575921648,-0.00219939814952602,13.7658758809708,-0.443774459837184,40
27.425,0.261980024748101,414.393582612242,414.131602587494,0.202519284305892,0.198579216093871,0.003940068212021,-0.00151154264327158,14.7658758809708,0.578307983416665,40.0000000000001
27.45,-0.028507349297444,414.393582612242,414.42208996154,0.202429487014674,0.198579216093871,0.00385027092080339,-0.00163276370273457,13.7658758809708,-0.449609573329489,-40
27.475,0.558024774921324,415.271008004495,414.712983229574,0.203055736914549,0.198587609724641,0.00446812718990819,-0.00101958647567255,14.7658758809708,0.572456930228208,40
27.5,0.266407569410786,415.271008004495,415.004600435084,0.203434413433625,0.198587609724641,0.00484680370898366,-0.000638434853097891,14.5287300034603,0.357377556275438,-9.48583510041865
27.525,-0.0252142442404985,415.271008004495,415.296222248736,0.203069846197396,0.198587609724641,0.00448223647275517,-0.00102214582352306,13.5287300034603,-0.670555940166862,-40
27.55,0.586070139483298,416.173955228917,415.587885089434,0.203461363977906,0.198595351959847,0.00486601201805961,-0.000668364110720743,14.5287300034603,0.301510563390832,40
27.575,0.293566765063433,416.173955228917,415.880388463854,0.204223053672397,0.198595351959847,0.00562770171255017,4.56702908399054e-05,15.1298190914338,0.883361266871055,24.0435635189377
27.6,0.000551448313854227,416.173955228917,416.173403780604,0.204186868327161,0.198595351959847,0.00559151636731395,-8.14846421920423e-05,14.1298190914338,-0.185877117622168,-40
27.625,0.590456365968907,417.057350559482,416.466894193513,0.204859357193261,0.198602438775768,0.00625691841749282,0.000490782652070643,15.1298190914338,0.784839243235777,40
27.65,0.296521062681803,417.057350559482,416.760829496801,0.20481886031087,0.198602438775768,0.00621642153510227,0.000377003283003663,14.2341684759649,-0.0900950113751786,-35.8260246187562
27.675,0.0031418988269184,417.057350559482,417.054208660655,0.204094907525142,0.198602438775768,0.00549246874937459,-0.000431888417632087,13.2341684759649,-1.11937865051723,-40
27.7,0.620145438981582,417.967291762788,417.347146323806,0.204177655250268,0.198610195206874,0.00556746004339428,-0.000409150203768471,14.2341684759649,-0.0986622896592873,40
27.725,0.326579899173102,417.967291762788,417.640711863615,0.20495086651402,0.198610195206874,0.00634067130714547,0.000325514212462491,15.2341684759649,0.922054071198661,40.0000000000001
27.75,0.0324949076326373,417.967291762788,417.934796855155,0.204922381367201,0.198610195206874,0.00631218616032667,0.000242181645454476,14.2341684759649,-0.107229567943391,-40
27.775,0.626577439642973,418.855935987859,418.229358548216,0.205598606753418,0.198617457393051,0.00698114936036787,0.000852772628771065,15.2341684759649,0.867821748152804,40
27.8,0.331313312007535,418.855935987859,418.524622675852,0.205914213999544,0.198617457393051,0.00729675660649332,0.00112691992895786,14.8506029400812,0.507021212892942,-15.3426214353459
27.825,0.036142405254888,418.855935987859,418.819793582604,0.205491263719946,0.198617457393051,0.00687380632689499,0.00064861367372504,13.8506029400812,-0.520213786483271,-40
27.85,0.649646789883565,419.764559347132,419.114912557249,0.205827150628026,0.1986249744357,0.0072021761923251,0.000952270884501172,14.8506029400812,0.502551214140512,40
27.875,0.353792440507699,419.764559347132,419.410766906625,0.206514718212537,0.1986249744357,0.00788974377683654,0.00163116333065252,15.4241913875863,1.10395553487346,22.9435379002029
27.9,0.0575425381617572,419.764559347132,419.70701680897,0.206407140345725,0.1986249744357,0.00778216591002509,0.00150049693201576,14.4241913875863,0.0817714081013416,-40.0000000000001
27.925,0.645768579056385,420.649397323596,420.003628744539,0.207009670961397,0.198632405309372,0.00837726565202471,0.00206781217040394,15.4241913875863,1.05958728132922,40.0000000000001
27.95,0.348876267015364,420.649397323596,420.30052105658,0.206827670861919,0.198632405309372,0.00819526555254621,0.00187526524155524,14.4248289754323,0.0880407424031101,-39.9744964861596
27.975,0.0527459182845937,420.649397323596,420.596651405311,0.20597330017498,0.198632405309372,0.00734089486560749,0.00099690827104093,13.4248289754323,-0.934143384369008,-40
28,0.664142461716951,421.556292190704,420.892149728987,0.205934486553264,0.198640796208614,0.00729369034464994,0.000955630353494219,14.4248289754323,0.0907872633286199,40
28.025,0.368194489635311,421.556292190704,421.188097701069,0.206592740368699,0.198640796208614,0.00795194416008563,0.00164336618046154,15.4248289754323,1.13478926408849,40.0000000000001
28.05,0.0718955202672803,421.556292190704,421.484396670437,0.206454945109475,0.198640796208614,0.00781414890086149,0.00152781526684231,14.4248289754323,0.128791264848357,-40.0000000000001
28.075,0.658345641729175,422.439358559763,421.781012918033,0.207026749617576,0.198648603487789,0.00837814612978632,0.00211584098964435,15.4248289754323,1.12279326560822,40.0000000000001
28.1,0.36128821649581,422.439358559763,422.078070343267,0.207092961011037,0.198648603487789,0.00844435752324804,0.00222114829958223,14.8266391613855,0.558632679520662,-23.9275925618705
28.125,0.0646661515773722,422.439358559763,422.374692408185,0.206446680784217,0.198648603487789,0.00779807729642765,0.00159889400306104,13.8266391613855,-0.457338092520137,-40
28.15,0.611130703741694,423.282087654348,422.670956950606,0.20658206653455,0.198656499877213,0.0079255666573371,0.00176911882077466,14.8266391613855,0.560592165341743,40
28.175,0.315209150303694,423.282087654348,422.966878504044,0.205994497872661,0.198656499877213,0.00733799799544832,0.00122757148956687,13.8266391613855,-0.418868842183098,-40
28.2,0.0205898468286502,423.282087654348,423.261497807519,0.204788172613262,0.198656499877213,0.00613167273604917,4.21196299427995e-05,12.8266391613855,-1.44832984970794,-40
28.225,0.592427573443035,424.147444880622,423.555017307179,0.204444095832513,0.198665120843293,0.00577897498921995,-0.000297866538178787,13.8266391613855,-0.471034250618152,40
28.25,0.298950958112076,424.147444880622,423.84849392251,0.204717831300276,0.198665120843293,0.00605271045698347,4.25687997962498e-07,14.6532409518556,0.382863138941708,33.0640716188028
28.275,0.00563096509532181,424.147444880622,424.141813915527,0.204249287716012,0.198665120843293,0.00558416687271962,-0.000460832103022835,13.6532409518556,-0.639841261968499,-40
28.3,0.558000317822902,424.993016346746,424.435016028923,0.204537515616422,0.198539966633609,0.0059975489828131,-0.00014587534122068,14.6532409518556,0.386671377575924,40
28.325,0.264933792225001,424.993016346746,424.728082554521,0.204081998964564,0.198539966633609,0.00554203233095477,-0.000547345244118341,13.6532409518556,-0.57140512127674,-40
28.35,-0.0270102225958594,424.993016346746,425.020026569341,0.202989764307936,0.198539966633609,0.0044497976743274,-0.00159703057753444,12.6532409518556,-1.57948162012941,-40
28.375,0.557636950066575,425.868664115933,425.311027165867,0.202745112830982,0.198553845443678,0.00419126738730469,-0.00180910079463292,13.6532409518556,-0.587558118982073,40
28.4,0.266452492386352,425.868664115933,425.602211623547,0.203227626944428,0.198553845443678,0.00467378150075043,-0.00127531367871098,14.6532409518556,0.443705093352889,40
28.425,-0.0248590495834233,425.868664115933,425.893523165517,0.202941157480701,0.198553845443678,0.00438731203702353,-0.00152948001859293,13.6532409518556,-0.575031694312149,-40
28.45,0.542535451759005,426.727500692853,426.184965241094,0.203388938357697,0.198565808930079,0.00482312942761839,-0.00104539187274746,14.6532409518556,0.435600264588911,40
28.475,0.250951019653542,426.727500692853,426.476549673199,0.203154308747765,0.198565808930079,0.00458849981768647,-0.00124048704626081,13.7686499730657,-0.43834281560378,-35.3836391515959
28.5,-0.0398112355131414,426.727500692853,426.767311928366,0.202255132972358,0.198565808930079,0.00368932404227917,-0.00213237373279745,12.7686499730657,-1.47769491700657,-40
28.525,0.558955916132905,427.616350257263,427.05739434113,0.202180072373197,0.198576971968979,0.00360310040421796,-0.002217211396074,13.7686499730657,-0.501595702570101,40
28.55,0.268456945157939,427.616350257263,427.347893312105,0.20281251538985,0.198576971968979,0.0042355434208711,-0.00157458802909288,14.7686499730657,0.524503511866373,40
28.575,-0.0223757617016776,427.616350257263,427.638726018964,0.20265921701335,0.198576971968979,0.00408224504437091,-0.00173565170857501,13.7686499730657,-0.499397273697156,-40
28.6,0.558384054004737,428.488257598602,427.929873544597,0.203225831115192,0.198586368769287,0.00463946234590529,-0.00116090687499243,14.7686499730657,0.521960319864526,40
28.625,0.266658438466332,428.488257598602,428.221599160135,0.203465794498044,0.198586368769287,0.00487942572875674,-0.000892467924171136,14.4126087769585,0.19732197196785,-14.2416478442874
28.65,-0.0248826379183718,428.488257598602,428.51314023652,0.20297800708363,0.198586368769287,0.00439163831434286,-0.00136939743679804,13.4126087769585,-0.821275179821636,-40
28.675,0.581786367473098,429.386341215156,428.804554847683,0.203259971534139,0.198594814859698,0.00466515667444109,-0.00106392397130689,14.4126087769585,0.200304803993376,40
28.7,0.289613216997647,429.386341215156,429.096727998159,0.204014030745144,0.198594814859698,0.00541921588544547,-0.000275744211509998,15.1423445123732,0.951620523223109,29.189429416589
28.725,-0.00306069527768862,429.386341215156,429.389401910434,0.203968596177491,0.198594814859698,0.00537378131779248,-0.000312965933218723,14.1423445123732,-0.0767994929618814,-40
28.75,0.583257664314612,430.265796511744,429.68253884743,0.204630949637478,0.198602069054271,0.00602888058320708,0.000337589974817948,15.1423445123732,0.898152965149394,40
28.775,0.289724968941949,430.265796511744,429.976071542803,0.204529452297726,0.198602069054271,0.00592738324345485,0.000238796782119632,14.1736628941878,-0.0499111501629998,-38.7472647274167
28.8,-0.00317341581508522,430.265796511744,430.26896992756,0.203752344041117,0.198602069054271,0.00515027498684612,-0.000558112468835192,13.1736628941878,-1.07929364728997,-40
28.825,0.611852438004065,431.173212817642,430.561360379638,0.203789290791495,0.198609568570865,0.0051797222206301,-0.000525531279141345,14.1736628941878,-0.0586761444169476,40
28.85,0.31888916832049,431.173212817642,430.854323649321,0.204523900233805,0.198609568570865,0.00591433166294039,0.000217862218393733,15.1736628941878,0.961941358456082,40
28.875,0.0254506774273815,431.173212817642,431.147762140215,0.204463798113488,0.198609568570865,0.00585422954262299,0.000142954662282507,14.1736628941878,-0.0674411386708923,-40
28.9,0.619984083771637,432.061627374406,431.441643290634,0.205115015391928,0.19861624480146,0.00649877059046822,0.000765967594289152,15.1736628941878,0.912980813868861,40
28.925,0.32531792902263,432.061627374406,431.736309445383,0.205557380207411,0.19861624480146,0.00694113540595065,0.00120348383973984,14.998913031544,0.768652903764772,-6.98999450575371
28.95,0.0305672519583267,432.061627374406,432.031060122448,0.205246293405175,0.19861624480146,0.00663004860371483,0.000872797012015897,13.998913031544,-0.250925143695473,-40
28.975,0.644960137232976,432.970877359939,432.325917222706,0.205681736620153,0.19862273367336,0.00705900294679349,0.00130403075555929,14.998913031544,0.769649501949789,40
29,0.349323302671785,432.970877359939,432.621554057267,0.206325569117888,0.19862273367336,0.00770283544452832,0.00195894740228397,15.3808603979734,1.17505673955473,15.2778946571772
29.025,0.0533385356462364,432.970877359939,432.917538824292,0.206185526355581,0.19862273367336,0.00756279268222063,0.00180839334697316,14.3808603979734,0.148516610730246,-40.0000000000001
29.05,0.644714819646981,433.858567566359,433.213852746712,0.206765557228753,0.198629169244478,0.00813638798427432,0.00235954099962241,15.3808603979734,1.12197648190576,40.0000000000001
29.075,0.348043689311439,433.858567566359,433.510523877047,0.206701520347973,0.198629169244478,0.00807235110349522,0.00228586188212607,14.570525232965,0.335101188072903,-32.413406600335
29.1,0.0519684372966437,433.858567566359,433.806599129062,0.205953938292243,0.198629169244478,0.0073247690477645,0.0015104973540048,13.570525232965,-0.691438940751584,-40
29.125,0.608040463444677,434.710233321474,434.102192858029,0.206012364712739,0.198636529424167,0.00737583528857158,0.00155843325637969,14.570525232965,0.328894493668404,40
29.15,0.312682165130481,434.710233321474,434.397551156344,0.20564170593528,0.198636529424167,0.00700517651111324,0.00120351915698053,13.9634398087851,-0.24175852599419,-24.283416967196
29.175,0.0183312502059824,434.710233321474,434.691902071268,0.204629675920961,0.198636529424167,0.00599314649679419,0.000195108916673542,12.9634398087851,-1.25532612147688,-40
29.2,0.598738949709008,435.584154855835,434.985415906126,0.204459658775492,0.198644885532076,0.0058147732434165,1.85310608566691e-05,13.9634398087851,-0.268893716959576,40
29.225,0.30501472138976,435.584154855835,435.279140134445,0.204915997910534,0.198644885532076,0.00627111237845798,0.000489912047060254,14.8285408369345,0.625883109092499,34.604041125976
29.25,0.011204005513328,435.584154855835,435.572950850322,0.204609665418118,0.198644885532076,0.00596477988604191,0.000182533611676972,13.8285408369345,-0.394441093004825,-40
29.275,0.568960436738222,436.435818210871,435.866857774132,0.205041327489857,0.198520009346057,0.00652131814379991,0.00062939475312615,14.8285408369345,0.628065198986942,40
29.3,0.275001626698364,436.435818210871,436.160816584172,0.204712138043789,0.198520009346057,0.00619212869773184,0.000330068868947014,13.8285408369345,-0.348645549475932,-40
29.325,-0.0179981869936859,436.435818210871,436.453816397864,0.203730636755572,0.198520009346057,0.00521062740951458,-0.000643621381422127,12.8285408369345,-1.3753562979388,-40
29.35,0.568613779545507,437.314627732003,436.746013952457,0.20358198173969,0.198534921719753,0.00504706001993691,-0.000803176231659875,13.8285408369345,-0.402067046401673,40
29.375,0.276313398375551,437.314627732003,437.038314333627,0.203873286688335,0.198534921719753,0.00533836496858198,-0.000503817384437333,14.4363628502654,0.229044218466361,24.3128805332363
29.4,-0.0158510477116333,437.314627732003,437.330478779715,0.203421569745698,0.198534921719753,0.00488664802594502,-0.000965892402455176,13.4363628502654,-0.797666529996511,-40
29.425,0.552679703741385,438.175223790077,437.622544086336,0.203725158500226,0.198548920891366,0.0051762376088598,-0.000654113072532408,14.4363628502654,0.224726878801695,40
29.45,0.260532191822002,438.175223790077,437.914691598256,0.2035573172151,0.198548920891366,0.00500839632373423,-0.000783409215993541,13.8302551260451,-0.338356183186533,-24.2443089688135
29.475,-0.030869939270721,438.175223790077,438.206093729348,0.20271094278817,0.198548920891366,0.00416202189680359,-0.00159996448082819,12.8302551260451,-1.34533152095443,-40
29.5,0.565639370787231,439.062512735137,438.49687336435,0.202675584692484,0.198562413985003,0.00411317070748041,-0.00161292639185459,13.8302551260451,-0.352306858722314,40
29.525,0.274404062491277,439.062512735137,438.788108672646,0.203335401194108,0.198562413985003,0.00477298720910477,-0.000913003980746036,14.8302551260451,0.675266487670529,40
29.55,-0.0171871832450326,439.062512735137,439.079699918383,0.20319820485854,0.198562413985003,0.00463579087353733,-0.00102973127469252,13.8302551260451,-0.347160165936624,-40
29.575,0.557054537880264,439.928667379161,439.371612841281,0.203770515908971,0.198574224168658,0.00519629174031314,-0.000429950482567526,14.8302551260451,0.664670420241187,40
29.6,0.264836390628725,439.928667379161,439.663830988532,0.203645451840033,0.198574224168658,0.00507122767137558,-0.000518307258793343,13.9553125962662,-0.193699902485086,-34.997701191155
29.625,-0.0266974168609934,439.928667379161,439.955364796022,0.202836007375676,0.198574224168658,0.00426178320701853,-0.00131800225510253,12.9553125962662,-1.22712769543248,-40
29.65,0.574452591902001,440.820782626988,440.246330035086,0.202833216123149,0.198585508400377,0.00424770772277178,-0.00132823976783533,13.9553125962662,-0.251974473814106,40
29.675,0.282982974796671,440.820782626988,440.537799652191,0.203522399948056,0.198585508400377,0.00493689154767901,-0.000654495325578458,14.9553125962662,0.733001612199774,40
29.7,-0.00888746748439043,440.820782626988,440.829670094472,0.20341235669866,0.198585508400377,0.00482684829828267,-0.000821735214303565,13.9553125962662,-0.332022301786348,-40
29.725,0.571114289812543,441.693018875,441.121904585187,0.204010433896179,0.198595127735254,0.0054153061609252,-0.000282359496843659,14.9553125962662,0.652356773701033,40
29.75,0.278450912147268,441.693018875,441.414567962853,0.20402298684909,0.198595127735254,0.00542785911383645,-0.000297511736066125,14.2420928327027,-0.0298563886714055,-28.528790542542
29.775,-0.0137179804076749,441.693018875,441.706736855408,0.203334909822167,0.198595127735254,0.00473978208691339,-0.0010217376756545,13.2420928327027,-1.04884978748029,-40
29.8,0.592493429849445,442.590999190813,441.998505760964,0.203439902527192,0.198604061393448,0.00483584113374486,-0.000935009756821453,14.2420928327027,-0.0314683841124573,40
29.825,0.300069597663806,442.590999190813,442.29092959315,0.204225284165727,0.198604061393448,0.00562122277227911,-0.000152800000159742,15.2420928327027,0.985913019255376,40
29.85,0.00710969359805562,442.590999190813,442.583889497215,0.204201744290707,0.198604061393448,0.00559768289725901,-0.000201616106874192,14.2420928327027,-0.0467055773767883,-40
29.875,0.592051210164292,443.469387122765,442.877335912601,0.204878121128724,0.198611432964973,0.00626668816375098,0.000434100050728498,15.2420928327027,0.92609400174014,40
29.9,0.298192858827174,443.469387122765,443.171194263938,0.204787392376132,0.198611432964973,0.00617595941115925,0.000317296193867889,14.2779265422596,-0.0250771592527289,-38.5666516177228
29.925,0.00495843954788516,443.469387122765,443.464428683217,0.204015574540833,0.198611432964973,0.00540414157586047,-0.000503118252837109,13.2779265422596,-1.06208202980253,-40
29.95,0.617457833145187,444.37461724332,443.757159410175,0.204053526921337,0.198618628897486,0.00543489802385116,-0.000498451504328673,14.2779265422596,-0.0490869003523281,40
29.975,0.324154389727124,444.37461724332,444.050462853593,0.204785889233765,0.198618628897486,0.00616726033627951,0.000220396377701909,15.2779265422596,0.973755535992363,40.0000000000001
30,0.0303789122776511,444.37461724332,444.344238331042,0.204721332738519,0.198618628897486,0.00610270384103317,0.000124266823501029,14.2779265422596,-0.0534020276629437,-40
30.025,0.622794971282436,445.261246614367,444.638451643084,0.205366764690742,0.198624689186491,0.00674207550425032,0.000726875657261178,15.2779265422596,0.92573989183873,40
30.05,0.32790193470314,445.261246614367,444.933344679663,0.205666767560969,0.198624689186491,0.00704207837447721,0.00100909340666139,14.9076369508609,0.584592219941725,-14.8115836559472
30.075,0.0331096857290666,445.261246614367,445.228136928638,0.205233228639504,0.198624689186491,0.00660853945301215,0.000544299666421721,13.9076369508609,-0.436265860556598,-40
30.1,0.647774652821787,446.170652621226,445.522877968404,0.205563959570329,0.198630447772218,0.00693351179811133,0.000863392255131074,14.9076369508609,0.587759441936977,40
30.125,0.352246117928102,446.170652621226,445.818406503298,0.206310215120953,0.198630447772218,0.00767976734873532,0.00161692167966065,15.5643963682299,1.27167059855509,26.2703766947603
30.15,0.0562265806643363,446.170652621226,446.114426040562,0.206259281241296,0.198630447772218,0.00762883346907733,0.00155460693706266,14.5643963682299,0.248822337804193,-40.0000000000001
30.175,0.64865472446983,447.059555667951,446.410900943481,0.206917541494112,0.198635720059165,0.00828182143494671,0.0021854846270635,15.5643963682299,1.2259740770533,40.0000000000001
30.2,0.351794867901566,447.059555667951,446.707760800049,0.206807717977873,0.198635720059165,0.00817199791870737,0.00206939994130662,14.58827678929,0.277006237362503,-39.044783157596
30.225,0.0555823308815843,447.059555667951,447.003973337069,0.206024205595882,0.198635720059165,0.00738848553671684,0.00126296011278032,13.58827678929,-0.745842023388392,-40
30.25,0.61423114151761,447.913897478374,447.299666336856,0.206055621924729,0.198641850152961,0.00741377177176863,0.00128729758766644,14.58827678929,0.274480453701261,40
30.275,0.318721762845544,447.913897478374,447.595175715528,0.20577191893754,0.198641850152961,0.00713006878457978,0.00101517715053903,14.1332847022211,-0.153019650367093,-18.1996834827567
30.3,0.0240944653937261,447.913897478374,447.88980301298,0.20483901331869,0.198641850152961,0.00619716316572977,7.51437515211228e-05,13.1332847022211,-1.17552766736653,-40
30.325,0.607960172294756,448.791668048103,448.183707875809,0.204741686023345,0.198648919035913,0.00609276698743255,-4.51785485167944e-05,14.1332847022211,-0.197996673869439,40
30.35,0.313781266647115,448.791668048103,448.477886781456,0.205208408956258,0.198648919035913,0.00655948992034577,0.000419928060025193,14.9165576722574,0.61280728966395,31.3309188014518
30.375,0.0194936384081152,448.791668048103,448.772174409695,0.204916290859091,0.198648919035913,0.00626737182317827,0.000109879012320624,13.9165576722574,-0.409661716838958,-40
30.4,0.581579065781732,449.648163843541,449.06658477776,0.205365434201947,0.198522951544557,0.00684248265738954,0.000562112753092731,14.9165576722574,0.617869276658134,40
30.425,0.287086775720251,449.648163843541,449.361077067821,0.205056583780035,0.198522951544557,0.00653363223547737,0.000275176950188361,13.9165576722574,-0.35370388710585,-40
30.45,-0.00647963047544684,449.648163843541,449.654643474017,0.204097894431011,0.198522951544557,0.00557494288645374,-0.000680077271034918,12.9165576722574,-1.37527705086983,-40
30.475,0.584816947001785,450.532259835917,449.947442888915,0.203973865146352,0.19853707865877,0.00543678648758242,-0.00081629211540904,13.9165576722574,-0.396850214633819,40
30.5,0.291806665809071,450.532259835917,450.240453170108,0.204388509430998,0.19853707865877,0.00585143077222813,-0.000392190667990289,14.6645783459782,0.379597295322934,29.9208269488296
30.525,-0.00123401072930252,450.532259835917,450.533493846646,0.204046806027174,0.19853707865877,0.00550972736840399,-0.000740487950945529,13.6645783459782,-0.641975868441047,-40
30.55,0.570695111698017,451.397278000514,450.826582888816,0.204448397609524,0.198550526562976,0.00589787104654749,-0.000324508535931606,14.6645783459782,0.386042100874508,40
30.575,0.277490269914421,451.397278000514,451.119787730599,0.204236049593636,0.198550526562976,0.00568552303066014,-0.000493344816594216,13.869243026302,-0.365532489271004,-31.8134127870441
30.6,-0.014909643719531,451.397278000514,451.412187644233,0.20335449688381,0.198550526562976,0.00480397032083402,-0.00134106012798271,12.869243026302,-1.37177175974041,-40
30.625,0.584293377732717,452.288210264725,451.703916886993,0.203291241893277,0.198564023441655,0.00472721845162102,-0.00137859569631626,13.869243026302,-0.378011030209822,40
30.65,0.292148215310552,452.288210264725,451.996062049415,0.203928518635778,0.198564023441655,0.00536449519412244,-0.000693574294325178,14.869243026302,0.657168684754994,40.0000000000001
30.675,-0.00031946637075238,452.288210264725,452.288529731096,0.20377284672876,0.198564023441655,0.00520882328710412,-0.0008173076809323,13.869243026302,-0.357651600280191,-40
30.7,0.575863324994998,453.157153706638,452.581290381643,0.20432945456009,0.198576295019334,0.00575315954075628,-0.00022076676602853,14.869243026302,0.658299476815692,40
30.725,0.282747310379522,453.157153706638,452.874406396259,0.204293588054615,0.198576295019334,0.00571729303528123,-0.000209344768242775,14.1424135126801,-0.0519819491838755,-29.0731805448782
30.75,-0.00979767949887831,453.157153706638,453.166951386137,0.203559684846631,0.198576295019334,0.00498338982729712,-0.000924371830289566,13.1424135126801,-1.08543386156149,-40
30.775,0.590273404533325,454.049295870783,453.459022466249,0.203620021028884,0.198588242363995,0.00503177866488894,-0.000834625306400494,14.1424135126801,-0.0688857739390997,40
30.8,0.29762130241952,454.049295870783,453.751674568363,0.204359702714899,0.198588242363995,0.00577146035090337,-4.69931329965256e-05,15.140853092819,0.95972709164545,39.9375832055554
30.825,0.00450813057781321,454.049295870783,454.044787740205,0.204289937140575,0.198588242363995,0.00570169477657964,-8.77172921169844e-05,14.140853092819,-0.0600996229088876,-40
30.85,0.58068447742932,454.918995841098,454.338311363668,0.204918982312191,0.198598747558027,0.00632023475416446,0.00056234343035777,15.140853092819,0.931838323700952,40
30.875,0.286845053350065,454.918995841098,454.632150787748,0.204754505212075,0.198598747558027,0.00615575765404799,0.000442990280773131,14.140853092819,-0.0316419054383029,-40
30.9,-0.00625730810952564,454.918995841098,454.925253149207,0.203910807615819,0.198598747558027,0.00531206005779233,-0.000369815041678795,13.140853092819,-1.04512213457756,-40
30.925,0.595835570774565,455.813576808859,455.217741238084,0.203878169428818,0.198608981729069,0.00526918769974904,-0.000353625762235799,14.140853092819,-0.0151662153078498,40
30.95,0.302883134121454,455.813576808859,455.510693674737,0.204540949309957,0.198608981729069,0.00593196758088785,0.000373217176107582,15.140853092819,1.01478970396186,40
30.975,0.00956526377686945,455.813576808859,455.804011545082,0.204407602722844,0.198608981729069,0.00579862099377487,0.000282032798398696,14.140853092819,-0.00525437676843654,-40
31,0.590622959030954,456.688285357693,456.097662398662,0.204985087903765,0.198617687883328,0.00636740002043701,0.000882737241751946,15.140853092819,0.974701542501271,40
31.025,0.296709042944634,456.688285357693,456.391576314749,0.204791251384175,0.198617687883328,0.00617356350084794,0.000726118056863539,14.1572077696373,0.0147126554323279,-39.3458129272668
31.05,0.00356343973897849,456.688285357693,456.684721917954,0.203926298151979,0.198617687883328,0.00530861026865109,-0.00012463884213279,13.1572077696373,-1.01163090845495,-40
31.075,0.611916892982004,457.589149933789,456.977233040807,0.203879732701999,0.198626008291798,0.00525372441020114,-0.000151746007828552,14.1572077696373,-0.00177143950996971,40
31.1,0.318951737945407,457.589149933789,457.270198195844,0.204535182682325,0.198626008291798,0.00590917439052771,0.000531009784338204,15.1572077696373,1.01320464644311,40.0000000000001
31.125,0.0256225505153804,457.589149933789,457.563527383274,0.204400428741366,0.198626008291798,0.00577442044956844,0.000395250459407109,14.1572077696373,-0.021819267603816,-40
31.15,0.614227626803014,458.471423669707,457.857196042904,0.204981740424848,0.19863286257154,0.00634887785330768,0.000955667995157478,15.1572077696373,0.949755212946764,40
31.175,0.319897261772276,458.471423669707,458.151526407934,0.205320218151195,0.19863286257154,0.00668735557965522,0.00129080541880708,14.9263532843946,0.740475208254591,-9.23417940971027
31.2,0.0256201133441113,458.471423669707,458.445803556362,0.204916177847441,0.19863286257154,0.00628331527590109,0.000863448402570022,13.9263532843946,-0.287950311194828,-40
31.225,0.576996917722433,459.3170631235,458.740066205777,0.205269159758388,0.198638898302246,0.00663026145614218,0.00121060661124833,14.9263532843946,0.733624169355755,40
31.25,0.282765985315281,459.3170631235,459.034297138184,0.204879208259292,0.198638898302246,0.0062403099570463,0.000834375187557967,13.9263532843946,-0.237972087934211,-40
31.275,-0.0104476612795672,459.3170631235,459.327510784779,0.203853899441958,0.198638898302246,0.00521500113971202,-0.000195461296627314,12.9263532843946,-1.25956834522418,-40
31.3,0.568867553090458,460.18875511415,459.61988756106,0.203677356710558,0.198645445120293,0.00503191159026517,-0.000392326506965357,13.9263532843946,-0.281164602514141,40
31.325,0.27644087086483,460.18875511415,459.912314243286,0.203901063988993,0.198645445120293,0.00525561886869988,-0.000167827607488097,14.4557668378276,0.276613683132425,21.1765421373224
31.35,-0.0157847267478085,460.18875511415,460.204539840898,0.203403450934985,0.198645445120293,0.00475800581469182,-0.00068148146056865,13.4557668378276,-0.745021584654069,-40
31.375,0.54884463097546,461.045474451848,460.496629820873,0.20368059990694,0.198518845985287,0.005161753921653,-0.000407859942527844,14.4557668378276,0.272159726207163,40
31.4,0.25675074136298,461.045474451848,460.788723710485,0.203412335544201,0.198518845985287,0.00489348955891339,-0.00066900330418293,13.7183209014691,-0.448104899290124,-29.4978374543406
31.425,-0.0344877796184845,461.045474451848,461.079962231467,0.20249406149185,0.198518845985287,0.0039752155065628,-0.00160588283501531,12.7183209014691,-1.48092358842889,-40
31.45,0.563608794349977,461.93411352925,461.3705047349,0.202411406054847,0.19853175695156,0.00387964910328659,-0.00172559345586829,13.7183209014691,-0.508581522919147,40
31.475,0.272653464441709,461.93411352925,461.661460064808,0.203045094649043,0.19853175695156,0.00451333769748283,-0.00110992930541098,14.7183209014691,0.513760542590599,40
31.5,-0.0186412774680222,461.93411352925,461.952754806718,0.202899816042972,0.19853175695156,0.00436805909141172,-0.00129168262741217,13.7183209014691,-0.513897391899655,-40
31.525,0.560822715553874,462.80519909978,462.244376384227,0.203478952699153,0.198543527678073,0.00493542502107994,-0.000729941909108994,14.7183209014691,0.508444673610091,40
31.55,0.268654853876802,462.80519909978,462.536544245904,0.203670066238156,0.198543527678073,0.00512653856008358,-0.000539512042519452,14.2701995881791,0.083074292750253,-17.9248525316016
31.575,-0.0232599467896394,462.80519909978,462.82845904657,0.203143817120029,0.198543527678073,0.0046002894419564,-0.0010868269275173,13.2701995881791,-0.944174774819543,-40
31.6,0.581593898931445,463.701783773431,463.120189874499,0.203394712242684,0.198555127745749,0.00483958449693547,-0.000874317669591451,14.2701995881791,0.0285761576106622,40
31.625,0.289151857102042,463.701783773431,463.412631916329,0.204127007802537,0.198555127745749,0.00557188005678819,-0.000160273810591777,15.0062638042787,0.787391306140541,29.4425686439869
31.65,-0.00375046176017373,463.701783773431,463.705534235191,0.204062130743696,0.198555127745749,0.00550700299794701,-0.000260782740623272,14.0062638042787,-0.239857761429255,-40
31.675,0.578381405946,464.577241336426,463.99885993048,0.204705515228077,0.198566127182115,0.00613938804596204,0.000364207925935722,15.0062638042787,0.778767275610164,40
31.7,0.284716889550972,464.577241336426,464.292524446875,0.204562402650827,0.198566127182115,0.00599627546871168,0.000231038034075759,14.0062638042787,-0.18337904948149,-40
31.725,-0.00824072855913899,464.577241336426,464.585482064985,0.203744785038394,0.198566127182115,0.00517865785627908,-0.000586978670871957,13.0062638042787,-1.19552537457314,-40
31.75,0.600353606684963,465.47821273801,464.877859131325,0.203740791520672,0.198577789399221,0.00516300212145088,-0.000600025391064268,14.0062638042787,-0.207671699664793,40
31.775,0.307477969894023,465.47821273801,465.170734768116,0.204432920186429,0.198577789399221,0.00585513078720792,7.58515249417169e-05,15.0062638042787,0.780181975243555,40
31.8,0.0142040316889926,465.47821273801,465.464008706321,0.204328037873197,0.198577789399221,0.00575024847397568,-8.60283612487689e-05,14.0062638042787,-0.281964349848098,-40
31.825,0.599313361959305,466.356958438664,465.757645076705,0.204931569103475,0.198588737941983,0.0063428311614917,0.000458810237555007,15.0062638042787,0.703262279546055,40
31.85,0.305169206863824,466.356958438664,466.0517892318,0.205060080468765,0.198588737941983,0.0064713425267823,0.000554008754977159,14.4536006583698,0.174061101867084,-22.106525836358
31.875,0.0113774577905926,466.356958438664,466.345580980873,0.204469665168692,0.198588737941983,0.00588092722670935,-8.25825876414055e-05,13.4536006583698,-0.852476929902939,-40
31.9,0.617421151723774,467.256510016164,466.639088864441,0.20465502675509,0.198599665474138,0.00605536128095246,7.62974376292413e-05,14.4536006583698,0.1648315991949,40
31.925,0.3232728169992,467.256510016164,466.933237199165,0.205360376782799,0.198599665474138,0.00676071130866143,0.00077677916995858,15.2471704724292,0.982273793943146,31.7427925623749
31.95,0.0287115475096042,467.256510016164,467.227798468655,0.205261927059514,0.198599665474138,0.00666226158537675,0.000657316765518806,14.2471704724292,-0.0438538253679778,-40
31.975,0.609479195077325,468.132208195726,467.522729000649,0.205866591360048,0.198609770635003,0.00725682072504558,0.00122726285292335,15.2471704724292,0.930018555320896,40
32,0.314269009005286,468.132208195726,467.817939186721,0.205680925418871,0.198609770635003,0.00707115478386855,0.00103006658466676,14.2471704724292,-0.0461090639902279,-40
32.025,0.0198280066124297,468.132208195726,468.112380189114,0.204818598280741,0.198609770635003,0.00620882764573832,0.000141362096167885,13.2471704724292,-1.07223668330135,-40
32.05,0.624756502130746,469.030934197033,468.406177694902,0.204768928826806,0.198620108497944,0.00614882032886127,8.74719127842705e-05,14.2471704724292,-0.0483643026124811,40
32.075,0.33052258356126,469.030934197033,468.700411613471,0.205415167291172,0.198620108497944,0.00679505879322803,0.000758119680819402,15.2471704724292,0.989305045244143,40
32.1,0.0359510122400898,469.030934197033,468.994983184793,0.205265250716447,0.198620108497944,0.00664514221850299,0.000622337981710047,14.2471704724292,-0.0230256068992327,-40
32.125,0.61788945882655,469.907749105121,469.289859646294,0.205825703588978,0.198629232601811,0.00719647098716669,0.00118809105136816,15.2471704724292,0.964643740957391,40
32.15,0.322702973458201,469.907749105121,469.585046131663,0.20571749313774,0.198629232601811,0.00708826053592884,0.00110777526458061,14.4122062880606,0.160750509847984,-33.3985673747409
32.175,0.028177688897499,469.907749105121,469.879571416223,0.204922510735581,0.198629232601811,0.0062932781337699,0.000325156561835765,13.4122062880606,-0.858178536892899,-40
32.2,0.633945684214269,470.807494053029,470.173548368814,0.204932141548046,0.198638056161062,0.00629408538698356,0.000360979377444615,14.4122062880606,0.162023188723456,40
32.225,0.339447312886742,470.807494053029,470.468046740142,0.2056312878572,0.198638056161062,0.00699323169613719,0.00109803749602622,15.4122062880606,1.18222491433981,40.0000000000001
32.25,0.044534370240851,470.807494053029,470.762959682788,0.205529278249334,0.198638056161062,0.00689122208827189,0.00100902501156169,14.4122062880606,0.152426639956168,-40.0000000000001
32.275,0.627966722164288,471.686214906543,471.058248184378,0.206133802360289,0.198645471231446,0.0074883311288429,0.00160619996105824,15.4122062880606,1.12430335862179,40.0000000000001
32.3,0.332332996493928,471.686214906543,471.353881910049,0.206025061969516,0.198645471231446,0.00737959073806949,0.00150731233027565,14.5172881086285,0.251261897855268,-35.7967271772862
32.325,0.0373534181467496,471.686214906543,471.648861488396,0.205233577903731,0.198645471231446,0.00658810667228474,0.000705423438794761,13.5172881086285,-0.776861383479104,-40
32.35,0.586767171152801,472.530072553112,471.943305381959,0.205250492636809,0.198520068315884,0.00673042432092483,0.000729188490254495,14.5172881086285,0.245015335186525,40
32.375,0.292681692431611,472.530072553112,472.23739086068,0.204739862352026,0.198520068315884,0.00621979403614153,0.000247760783411294,13.7634256739141,-0.475786959509955,-30.1544973885753
32.4,-0.000220147400597816,472.530072553112,472.530292700512,0.203607067359386,0.198520068315884,0.00508699904350191,-0.000871709023858441,12.7634256739141,-1.49272681949205,-40
32.425,0.578681076734231,473.400890528839,472.822209452105,0.203334568738055,0.198534164612763,0.0048004041252917,-0.0011447007352661,13.7634256739141,-0.509666679474147,40
32.45,0.286605568480658,473.400890528839,473.114284960359,0.203800134580028,0.198534164612763,0.00526596996726514,-0.00066046562494132,14.7634256739141,0.518232705895241,40
32.475,-0.00558623867019859,473.400890528839,473.40647676751,0.203506307732226,0.198534164612763,0.00497214311946287,-0.000954222215082068,13.7634256739141,-0.50386790873537,-40
32.5,0.555372655886034,474.254173387735,473.698800731849,0.203954910057717,0.19854642175474,0.00540848830297758,-0.000490585197603838,14.7634256739141,0.518698386699533,40
32.525,0.262953408149877,474.254173387735,473.991219979586,0.203647781877068,0.19854642175474,0.00510136012232881,-0.000770053734564319,13.7634256739141,-0.45873531786556,-40
32.55,-0.0285579031567369,474.254173387735,474.282731290892,0.202693694091421,0.19854642175474,0.00414727233668127,-0.00172064169993127,12.7634256739141,-1.48616902243065,-40
32.575,0.565495525666036,475.138994886997,474.573499361331,0.202578422095402,0.198558353744722,0.00402006835067997,-0.00185324913940729,13.7634256739141,-0.513602726995747,40
32.6,0.274356311030011,475.138994886997,474.864638575967,0.203182704357578,0.198558353744722,0.00462435061285654,-0.00124946272679488,14.7634256739141,0.508963568439155,40
32.625,-0.0170859518801191,475.138994886997,475.156080838877,0.203011221224525,0.198558353744722,0.00445286747980353,-0.0014419194106251,13.7634256739141,-0.518470136125939,-40
32.65,0.560041939257898,476.007860960784,475.447819021526,0.203567582767131,0.198569030573761,0.00499855219337095,-0.000889338934818212,14.7634256739141,0.504096159308969,40
32.675,0.267842766623903,476.007860960784,475.74001819416,0.203657835102324,0.198569030573761,0.00508880452856386,-0.000785336197159758,14.1981947796245,-0.0344425441549083,-22.6092357715828
32.7,-0.023975145718936,476.007860960784,476.031836106503,0.203045930273707,0.198569030573761,0.00447689969994655,-0.00140331487189388,13.1981947796245,-1.05775035332922,-40
32.725,0.580979291965244,476.904342229376,476.323362937411,0.203224900102363,0.198579448143531,0.00464545195883206,-0.0012473969569286,14.1981947796245,-0.0810581625035244,40
32.75,0.288728603166487,476.904342229376,476.61561362621,0.204034757979009,0.198579448143531,0.00545530983547798,-0.000440302399461689,15.1311950576536,0.878634306351283,37.3200111211645
32.775,-0.00409316573750964,476.904342229376,476.908435395114,0.204038809786796,0.198579448143531,0.00545936164326538,-0.000456393987777665,14.1311950576536,-0.144673502823023,-40
32.8,0.579204584514678,477.780984835517,477.201780251003,0.204744230901043,0.198588999823083,0.00615523107796007,0.000246896020805326,15.1311950576536,0.879178985921782,40
32.825,0.285430223739684,477.780984835517,477.495554611778,0.204657556368204,0.198588999823083,0.00606855654512087,0.000175420512871033,14.1311950576536,-0.0943414798192152,-40
32.85,-0.00772058197971919,477.780984835517,477.788705417497,0.203891977351163,0.198588999823083,0.0053029775280794,-0.000594818373672062,13.1311950576536,-1.11786194556021,-40
32.875,0.60244743826099,478.683800558554,478.081353120293,0.203936657753895,0.198599139468548,0.0053375182853464,-0.000541372236370297,14.1311950576536,-0.0978414423686518,40
32.9,0.309228615988388,478.683800558554,478.374571942565,0.204674750358137,0.198599139468548,0.00607561088958883,0.000221408277710222,15.1311950576536,0.928332499955047,40
32.925,0.0155430539645055,478.683800558554,478.668257504589,0.204613606048746,0.198599139468548,0.00601446658019725,0.00016393793835609,14.1311950576536,-0.0954935577212555,-40
32.95,0.603063917322949,479.565434404873,478.96237048755,0.205259116753053,0.198608705177033,0.00665041157601978,0.000795285277758101,15.1311950576536,0.880680384602443,40
32.975,0.308500970220525,479.565434404873,479.256933434653,0.205265203680574,0.198608705177033,0.00665649850354064,0.00080692254807041,14.3445186550329,0.120177924305418,-31.467056104829
33,0.014447332189803,479.565434404873,479.550987072683,0.204574539671339,0.198608705177033,0.00596583449430654,0.000104078072466096,13.3445186550329,-0.903648133370883,-40
33.025,0.624878952737712,480.469507545918,479.84462859318,0.204678605469519,0.198618688032041,0.00605991743747772,0.000215778026565444,14.3445186550329,0.122525808952815,40
33.05,0.330595510575783,480.469507545918,480.138912035342,0.205462346565085,0.198618688032041,0.006843658533044,0.00102432785805961,15.3445186550329,1.14869975127651,40.0000000000001
33.075,0.0357922094613059,480.469507545918,480.433715336457,0.205435001273738,0.198618688032041,0.00681631324169688,0.00100188413827845,14.3445186550329,0.12487369360021,-40.0000000000001
33.1,0.620783219144827,481.349767515392,480.728984296247,0.206104192747536,0.198628001032038,0.00747619171549821,0.00166484145011123,15.3445186550329,1.10929464784582,40.0000000000001
33.125,0.325147873536546,481.349767515392,481.024619641855,0.205976946260945,0.198628001032038,0.00734894522890697,0.00155682057159687,14.3445186550329,0.14371560209142,-40.0000000000001
33.15,0.030203717435696,481.349767515392,481.319563797956,0.20516747703912,0.198628001032038,0.0065394760070821,0.000753752934224028,13.3445186550329,-0.871863443662974,-40
33.175,0.637767183059711,482.2517014668,481.613934283741,0.205165464580252,0.198637815733621,0.00652764884663168,0.000773942324128973,14.3445186550329,0.150805417758061,40
33.2,0.342898424903569,482.2517014668,481.908803041897,0.20585421809567,0.198637815733621,0.00721640236204943,0.00150615474673388,15.3445186550329,1.18434350682186,40.0000000000001
33.225,0.0476377965507774,482.2517014668,482.20406367025,0.205741820624359,0.198637815733621,0.00710400489073834,0.0014207426538288,14.3445186550329,0.167881595885653,-40.0000000000001
33.25,0.630770021593323,483.130446213528,482.499676191934,0.20633501409347,0.198646793154841,0.00768822093862881,0.00202690025825789,15.3445186550329,1.15141968494945,40.0000000000001
33.275,0.334833862125916,483.130446213528,482.795612351402,0.206219046586856,0.198646793154841,0.0075722534320142,0.00194561478608132,14.4581067382683,0.296870864199382,-35.4564766705835
33.3,0.039573092994751,483.130446213528,483.090873120533,0.20541710097332,0.198646793154841,0.00677030781847818,0.00116220874221759,13.4581067382683,-0.721266039786095,-40
33.325,0.586083809667568,483.971655758697,483.38557194903,0.205419972683796,0.198655863339923,0.00676410934387295,0.00119940029663707,14.4581067382683,0.303073986959248,40
33.35,0.29176891669998,483.971655758697,483.679886841997,0.20489986325402,0.198655863339923,0.0062439999140978,0.000727149046140768,13.7164679809662,-0.414224743597582,-29.6655502920868
33.375,-0.0013361076872614,483.971655758697,483.972991866385,0.203752345958502,0.198655863339923,0.0050964826185794,-0.000395727210957764,12.7164679809662,-1.43988471685224,-40
33.4,0.571750209992397,484.836828531447,484.265078321455,0.203460108557887,0.198665272835031,0.00479483572285672,-0.000683248983036816,13.7164679809662,-0.465544690106896,40
33.425,0.279545278681921,484.836828531447,484.557283252765,0.203901103334256,0.198665272835031,0.0052358304992256,-0.000219849208220296,14.7164679809662,0.558795336638447,40.0000000000001
33.45,-0.0127291775147732,484.836828531447,484.849557708962,0.20357812086837,0.198665272835031,0.00491284803333916,-0.000540154571119722,13.7164679809662,-0.466864636616209,-40
33.475,0.540166397205543,485.682078161902,485.141911764696,0.203993526387036,0.198540534045719,0.00545299234131696,-0.000105892754771658,14.7164679809662,0.555127017474942,40
33.5,0.247774654752688,485.682078161902,485.434303507149,0.203649543820922,0.198540534045719,0.00510900977520279,-0.000413567858167124,13.7164679809662,-0.417548238499421,-40
33.525,-0.0436471020903,485.682078161902,485.725725263992,0.202655432439957,0.198540534045719,0.00411489839423787,-0.0013913695492398,12.7164679809662,-1.44022349447379,-40
33.55,0.541355957712093,486.557694421966,486.016338464254,0.202497631228781,0.198554793973167,0.00394283725561392,-0.00155014607490481,13.7164679809662,-0.46289875044815,40
33.575,0.250607816971848,486.557694421966,486.307086604994,0.202827788574002,0.198554793973167,0.00427299460083461,-0.00120113167145885,14.3865875040899,0.234545516701212,26.8047809249492
33.6,-0.0400695522049936,486.557694421966,486.597763974171,0.202413680034503,0.198554793973167,0.00385888606133594,-0.00161438469833411,13.3865875040899,-0.788129739273153,-40
33.625,0.53049347227014,487.418900333617,486.888406861347,0.202755157846442,0.198567549235505,0.00418760861093762,-0.00126016485682115,14.3865875040899,0.228693232764638,40
33.65,0.239663353602061,487.418900333617,487.179236980015,0.202679508816242,0.198567549235505,0.00411195958073754,-0.00131309608146332,13.8566712170727,-0.284400082214735,-21.1966514806864
33.675,-0.0505600816920356,487.418900333617,487.469460415309,0.201919478814837,0.198567549235505,0.00335192957933264,-0.00207686806546664,12.8566712170727,-1.31757711017695,-40
33.7,0.550964884179913,488.310157793265,487.759192909085,0.201966515137467,0.198579423809385,0.00338709132808213,-0.00205381288924136,13.8566712170727,-0.347007042439117,40
33.725,0.260649956162653,488.310157793265,488.049507837102,0.202706334689647,0.198579423809385,0.00412691088026229,-0.00132068731581494,14.8566712170727,0.673563025298712,40
33.75,-0.0301445327739591,488.310157793265,488.340302326039,0.202647476601486,0.198579423809385,0.0040680527921009,-0.00140641640400904,13.8566712170727,-0.355866906963462,-40
33.775,0.552000997708235,489.183540831458,488.63153983375,0.203297226999904,0.198589620303803,0.00470760669610115,-0.000766181384754872,14.8566712170727,0.664703160774367,40
33.8,0.260248417756593,489.183540831458,488.923292413701,0.203371437143304,0.198589620303803,0.00478181683950105,-0.000684826152353823,14.1575939878399,-0.0109642986397108,-27.9630891693117
33.825,-0.0311010800000598,489.183540831458,489.214641911458,0.202743229197051,0.198589620303803,0.00415360889324798,-0.00132658120187898,13.1575939878399,-1.037554528821,-40
33.85,0.57854725761042,490.0842267173,489.505679459689,0.202906335814368,0.198599443411103,0.00430689240326565,-0.00116348153462281,14.1575939878399,-0.019040999345195,40
33.875,0.286770408955857,490.0842267173,489.797456308344,0.203748032612469,0.198599443411103,0.00514858920136629,-0.000305824054995657,15.1575939878399,1.00593156119805,40.0000000000001
33.9,-0.00562308251587302,490.0842267173,490.089849799816,0.203778550420231,0.198599443411103,0.00517910700912785,-0.000280579067653719,14.1575939878399,-0.0190958782587029,-40
33.925,0.582653412475243,490.96545937093,490.382805958455,0.204506521929264,0.198608141035571,0.00589838089369368,0.000423852875905933,15.1575939878399,0.955876682284541,40
33.95,0.28918434999288,490.96545937093,490.676275020937,0.204504864845768,0.198608141035571,0.0058967238101974,0.000417773220323908,14.2515288940075,0.074784148995355,-36.2426037532974
33.975,-0.00378022742613252,490.96545937093,490.969239598356,0.203812905171826,0.198608141035571,0.00520476413625531,-0.000297066789895578,13.2515288940075,-0.950243290461397,-40
34,0.610887836982031,491.872693793354,491.261805956372,0.203922152075649,0.198617114286546,0.00530503778910327,-0.000191700295138431,14.2515288940075,0.0747292700818456,40
34.025,0.317656747765478,491.872693793354,491.555037045589,0.204717618049099,0.198617114286546,0.00610050376255306,0.000616185207879094,15.2515288940075,1.09970183062509,40
34.05,0.023874439293937,491.872693793354,491.84881935406,0.204708064236076,0.198617114286546,0.00609094994952958,0.000598240691260354,14.2515288940075,0.0746743911683409,-40
34.075,0.616193938317723,492.759300245113,492.143106306795,0.205400780768802,0.198625404218002,0.0067753765508001,0.0012657992844802,15.2515288940075,1.05109018343909,40
34.1,0.321279750124381,492.759300245113,492.438020494988,0.205594511564585,0.198625404218002,0.00696910734658321,0.00144917402261074,14.6715997735214,0.489329843301804,-23.1971648194451
34.125,0.0266168670346779,492.759300245113,492.732683378078,0.20506823403863,0.198625404218002,0.00644282982062799,0.000890520724141225,13.6715997735214,-0.542501376349354,-40
34.15,0.640614421856047,493.667775667927,493.027161246071,0.205317156343057,0.198633960966125,0.00668319537693146,0.00112315027374246,14.6715997735214,0.475667403999486,40
34.175,0.345370705946341,493.667775667927,493.322404961981,0.206124710436436,0.198633960966125,0.0074907494703112,0.00193653077155687,15.5217159455198,1.35570444917131,34.0046468799365
34.2,0.0495677420934199,493.667775667927,493.618207925834,0.206121977245821,0.198633960966125,0.00748801627969586,0.00192391511524131,14.5217159455198,0.335625322344721,-40.0000000000001
34.225,0.63858770221782,494.553104261474,493.914516559256,0.206816660625666,0.198642109225213,0.00817455140045284,0.00259541321493617,15.5217159455198,1.31554619551813,40.0000000000001
34.25,0.34187228482193,494.553104261474,494.211231976652,0.206715629260011,0.198642109225213,0.0080735200347973,0.00249480270197155,14.5217159455198,0.345467068691547,-40.0000000000001
34.275,0.0458071028837507,494.553104261474,494.507297158591,0.205933243026808,0.198642109225213,0.00729113380159452,0.00169843686543517,13.5217159455198,-0.67461205813504,-40
34.3,0.598775347260216,495.401605346277,494.802829999017,0.205958985104203,0.198651096112206,0.00730788899199777,0.00172145941241161,14.5217159455198,0.338926895180105,40
34.325,0.303626324338431,495.401605346277,495.097979021938,0.205420250686261,0.198651096112206,0.00676915457405525,0.00119508706885574,13.7175655592363,-0.444161468519059,-32.1660154513396
34.35,0.00971154460006956,495.401605346277,495.391893801677,0.20426143599296,0.198651096112206,0.00561033988075466,2.69237219922558e-05,12.7175655592363,-1.47309944593473,-40
34.375,0.588851196704407,496.27362484157,495.684773644866,0.203963258775285,0.198661162722825,0.00530209605245988,-0.000293488532005171,13.7175655592363,-0.49408576105719,40
34.4,0.29586424204053,496.27362484157,495.97776059953,0.204401691176854,0.198661162722825,0.00574052845402862,0.000146670737511262,14.7175655592363,0.53492792382035,40
34.425,0.00281625380433495,496.27362484157,496.270808587766,0.204078006217685,0.198661162722825,0.00541684349485949,-0.000189399386678391,13.7175655592363,-0.486058391302107,-40
34.45,0.56008773589204,497.124016578621,496.563928842729,0.204493334319466,0.198537675324393,0.00595565899507286,0.000235617003853217,14.7175655592363,0.541793386596709,40
34.475,0.266937689283001,497.124016578621,496.857078889338,0.204148742749684,0.198537675324393,0.00561106742529097,-7.85995856293076e-05,13.7175655592363,-0.428006462850281,-40
34.5,-0.0252328603309066,497.124016578621,497.149249438952,0.203152762638212,0.198537675324393,0.00461508731381968,-0.00106117536832709,12.7175655592363,-1.44780631229727,-40
34.525,0.561406001750148,498.002005195374,497.440599193624,0.202991060583766,0.198553687475636,0.00443737310812922,-0.00122391329219709,13.7175655592363,-0.467606161744265,40
34.55,0.269798146969716,498.002005195374,497.732207048405,0.203503948809031,0.198553687475636,0.00495026133339455,-0.000689532419576255,14.6598362901362,0.504864719708687,37.6908292359978
34.575,-0.0219697772069812,498.002005195374,498.023974972581,0.203242030880105,0.198553687475636,0.00468834340446869,-0.000945408390404162,13.6598362901362,-0.514935129738304,-40
34.6,0.544944471458632,498.860842590968,498.31589811951,0.203708710935075,0.198568284329902,0.00514042660517244,-0.000465958687055124,14.6598362901362,0.493879564643713,40
34.625,0.252921647573205,498.860842590968,498.607920943395,0.203406868039477,0.198568284329902,0.00483858370957507,-0.000741941075306118,13.6598362901362,-0.486803968986426,-40
34.65,-0.0381805597658452,498.860842590968,498.899023150734,0.202446452638856,0.198568284329902,0.00387816830895357,-0.001700095580665,12.6598362901362,-1.51748750261656,-40
34.675,0.558842826894363,499.748197464213,499.189354637319,0.202314777442847,0.198582515339844,0.00373226210300232,-0.00183955984731987,13.6598362901362,-0.533546794630707,40
34.7,0.268180022978427,499.748197464213,499.480017441235,0.202893926343482,0.198582515339844,0.00431141100363769,-0.0012446541561574,14.6598362901362,0.496646817655109,40
34.725,-0.0227352029614728,499.748197464213,499.770932667175,0.20268950058201,0.198582515339844,0.00410698524216532,-0.00144803772737753,13.6598362901362,-0.523159570059074,-40
34.75,0.554687537976881,500.616771822686,500.062084284709,0.203206660734831,0.198595114017907,0.00461154671692438,-0.000911679348970462,14.6598362901362,0.501354449686898,40
34.775,0.263028415683279,500.616771822686,500.353743407003,0.20340600821666,0.198595114017907,0.0048108941987533,-0.000677713020816151,14.3151130844669,0.181145263763503,-13.7889282267746
34.8,-0.0283814281905284,500.616771822686,500.645153250876,0.202876954167836,0.198595114017907,0.00428184014992944,-0.00119388268273302,13.3151130844669,-0.844340716490523,-40
34.825,0.573646192469897,501.510017578753,500.936371386283,0.203117175339567,0.198606665148348,0.00451051019121859,-0.000959530091231175,14.3151130844669,0.13017330325545,40
34.85,0.281759456215447,501.510017578753,501.228258122538,0.203795737267264,0.198606665148348,0.0051890721189157,-0.000299632825186386,14.9970465927383,0.79151707161574,27.2773403308562
34.875,-0.0105179840386146,501.510017578753,501.520535562792,0.203678957894562,0.198606665148348,0.00507229274621379,-0.000480987132006672,13.9970465927383,-0.279072668295376,-40
34.9,0.570538285568372,502.38371061983,501.813172334262,0.20427395702105,0.198616804848305,0.00565715217274571,3.85601182694983e-05,14.9970465927383,0.691398992886685,40
34.925,0.277595785180903,502.38371061983,502.106114834649,0.204118990379237,0.198616804848305,0.00550218553093262,-0.000166528208390526,14.0435228718872,-0.24165306678234,-38.1409488340434
34.95,-0.0146336849012795,502.38371061983,502.398344304731,0.203289865633793,0.198616804848305,0.00467306078548801,-0.00105906092673574,13.0435228718872,-1.27118140560028,-40
34.975,0.595501159873975,503.285491556974,502.6899903971,0.203276732020884,0.198626778206372,0.00464995381451191,-0.00111234740190527,14.0435228718872,-0.25070974441822,40
35,0.303353504238812,503.285491556974,502.982138052735,0.203963586852572,0.198626778206372,0.00533680864620062,-0.000445918489429348,15.0435228718872,0.769761916763843,40.0000000000001
35.025,0.0107976656266066,503.285491556974,503.274693891347,0.203857912154878,0.198626778206372,0.00523113394850672,-0.000590124489039778,14.0435228718872,-0.259766422054098,-40
35.05,0.601315812007922,504.168945751993,503.567629939985,0.204466385912157,0.198635422307513,0.00583096360464438,-3.58643577453854e-05,15.0435228718872,0.710705239127964,40
35.075,0.307636424410415,504.168945751993,503.861309327582,0.204889994833636,0.198635422307513,0.00625457252612341,0.000353756673129424,14.8989411187268,0.58515191542217,-5.7832701264141
35.1,0.0138965444314579,504.168945751993,504.155049207561,0.204560091270729,0.198635422307513,0.00592466896321567,-2.77610377002191e-05,13.8989411187268,-0.445819655123271,-40
35.125,0.626005104618638,505.074878334926,504.448873230307,0.204977798228126,0.198643337975346,0.00633446025277945,0.00035792289820144,14.8989411187268,0.573208774331291,40
35.15,0.331403492308548,505.074878334926,504.743474842617,0.205628719168873,0.198643337975346,0.00698538119352643,0.000993487633586088,15.3139714540872,1.00726753914615,16.601213414412
35.175,0.0364388728487399,505.074878334926,505.038439462077,0.205494438815353,0.198643337975346,0.0068511008400064,0.000823207377672053,14.3139714540872,-0.0237040313992909,-40
35.2,0.627345430487182,505.96109360495,505.333748174463,0.206080289635731,0.19865069337504,0.00742959626069087,0.00135880527236215,15.3139714540872,0.950368880391826,40
35.225,0.331644157737514,505.96109360495,505.629449447213,0.206048731602253,0.19865069337504,0.00739803822721222,0.00129956195520625,14.5411551556809,0.201625493776688,-30.9126519362501
35.25,0.0364863677249396,505.96109360495,505.924607237226,0.205330875406994,0.19865069337504,0.0066801820319535,0.00053851812082828,13.5411551556809,-0.824301594432198,-40
35.275,0.653244583924205,506.872578046275,506.219333462351,0.205417867550529,0.198658560435657,0.00675930711487194,0.00060210445696865,14.5411551556809,0.197247239114612,40
35.3,0.357882517126945,506.872578046275,506.514695529148,0.206193728313341,0.198658560435657,0.00753516787768321,0.00138293856575181,15.5411551556809,1.23517799251969,40.0000000000001
35.325,0.0619947601187714,506.872578046275,506.810583286157,0.206166837152355,0.198658560435657,0.00750827671669718,0.00135054995778347,14.5411551556809,0.223108745924768,-40.0000000000001
35.35,0.655953480065812,507.762906977814,507.106953497748,0.206844433357695,0.198665804036274,0.00817862932142144,0.00201372904098457,15.5411551556809,1.21103949932985,40.0000000000001
35.375,0.35900749998426,507.762906977814,507.403899477829,0.20698133382378,0.198665804036274,0.00831552978750572,0.00215793530573016,14.8986991119539,0.598562546714681,-25.6982417490813
35.4,0.0623873278909591,507.762906977814,507.700519649923,0.206406558570733,0.198665804036274,0.00774075453445872,0.00157435603542944,13.8986991119539,-0.421458362173455,-40
35.425,0.618317271540185,508.615208831301,507.996891559761,0.20661432513371,0.198673496513513,0.00794082862019627,0.0017860060507135,14.8986991119539,0.596392841078255,40
35.45,0.322179794951471,508.615208831301,508.293029036349,0.206099448809882,0.198673496513513,0.00742595229636922,0.00128682553918935,13.8986991119539,-0.384594048691308,-40
35.475,0.0272371287000908,508.615208831301,508.587971702601,0.204965779518194,0.198673496513513,0.00629228300468104,0.000144296366372643,12.8986991119539,-1.41558093846087,-40
35.5,0.609299814484498,509.491219827295,508.88192001281,0.204694014714874,0.198682525103084,0.00601148961178982,-0.000153372317167083,13.8986991119539,-0.441059465361851,40
35.525,0.315203356751236,509.491219827295,509.176016470544,0.20515960562315,0.198682525103084,0.00647708052006565,0.00030671320962769,14.8986991119539,0.583462007737168,40
35.55,0.0210049059589654,509.491219827295,509.470214921336,0.204863464433199,0.198682525103084,0.00618093933011499,-1.2090123591435e-05,13.8986991119539,-0.442016519163808,-40
35.575,0.581434137531241,510.345960471138,509.764526333607,0.205306596796983,0.198558358588775,0.00674823820820836,0.000428690642650664,14.8986991119539,0.582504953935212,40
35.6,0.287053043783728,510.345960471138,510.058907427354,0.204989631794892,0.198558358588775,0.00643127320611722,0.000141848413891477,13.8986991119539,-0.371588116794775,-40
35.625,-0.00638761655030934,510.345960471138,510.352348087689,0.204021116253971,0.198558358588775,0.00546275766519622,-0.000803368593225412,12.8986991119539,-1.37568118752476,-40
35.65,0.582932767837761,511.22793868132,510.645005913482,0.203886448734617,0.198574030658098,0.00531241807651978,-0.000920419307194109,13.8986991119539,-0.379774258254748,40
35.675,0.290054652822835,511.22793868132,510.937884028497,0.204324894470382,0.198574030658098,0.00575086381228387,-0.000444431305392373,14.6969198184917,0.449729135937091,31.9288282615127
35.7,-0.00288359992296708,511.22793868132,511.230822281243,0.204001337690572,0.198574030658098,0.00542730703247477,-0.000748043870975962,13.6969198184917,-0.568988176408889,-40
35.725,0.566844179402677,512.090676318522,511.523832139119,0.20441700614678,0.198588773409013,0.00582823273776642,-0.000302942130716771,14.6969198184917,0.447366825312946,40
35.75,0.273753470639438,512.090676318522,511.816922847882,0.204142893030633,0.198588773409013,0.00555411962161934,-0.000535410435049566,13.7978829482638,-0.429635450653303,-35.9614748091172
35.775,-0.0184502344906707,512.090676318522,512.109126553013,0.203207074377784,0.198588773409013,0.00461830096877036,-0.0014538177843246,12.7978829482638,-1.45760085639162,-40
35.8,0.579720293296887,512.980308695089,512.400588401792,0.20309685204713,0.198603430884575,0.00449342116255416,-0.00156267478858579,13.7978829482638,-0.478959481423875,40
35.825,0.287903462659677,512.980308695089,512.692405232429,0.203693860225152,0.198603430884575,0.00509042934057696,-0.000943141495108241,14.7978829482638,0.549681893543872,40
35.85,-0.00418392016039794,512.980308695089,512.984492615249,0.203503505320809,0.198603430884575,0.00490007443623339,-0.00112759511249572,13.7978829482638,-0.471676731488381,-40
35.875,0.572372087628027,513.849201298611,513.276829210983,0.204031118584712,0.198616693277862,0.00541442530684966,-0.000573460718912067,14.7978829482638,0.556964643479365,40
35.9,0.279607741219038,513.849201298611,513.569593557392,0.204118618928766,0.198616693277862,0.00550192565090335,-0.000435550584173189,14.2829984626698,0.0796601317600015,-20.5953794237573
35.925,-0.0127520445545746,513.849201298611,513.861953343166,0.203491157887122,0.198616693277862,0.0048744646092593,-0.00102696401563609,13.2829984626698,-0.932759894365425,-40
35.95,0.587439339797729,514.741423228532,514.153983888734,0.203644260878935,0.198629265470164,0.00501499540877123,-0.000826142007044506,14.2829984626698,0.0892939343857598,40
35.975,0.294813105344048,514.741423228532,514.446610123188,0.204312887229672,0.198629265470164,0.00568362175950868,-9.9852523391758e-05,15.0626639479263,0.891013248393463,31.1866194102606
36,0.00181689111219291,514.741423228532,514.73960633742,0.204183802111815,0.198629265470164,0.00555453664165165,-0.000197637228461084,14.0626639479263,-0.136932922855352,-40
36.025,0.579617005781538,515.612555129961,515.032938124179,0.204764397885616,0.1986404525438,0.00612394534181548,0.000395012164917746,15.0626639479263,0.840042025315163,40
36.05,0.286030056430835,515.612555129961,515.32652507353,0.204560449813812,0.1986404525438,0.00591999727001191,0.000221335101713349,14.0626639479263,-0.132983026514333,-40
36.075,-0.00677130858090609,515.612555129961,515.619326438542,0.203685083900358,0.1986404525438,0.00504463135655756,-0.000643104555033552,13.0626639479263,-1.15600807834382,-40
36.1,0.598726598731189,516.510202440858,515.911475842127,0.203628149918565,0.198651416356194,0.00497673356237183,-0.000671016028455595,14.0626639479263,-0.129033130173307,40
36.125,0.306140776719885,516.510202440858,516.204061664139,0.204273126012738,0.198651416356194,0.00562170965654424,1.83202015170136e-05,15.0626639479263,0.897941817997208,40
36.15,0.0132092206357308,516.510202440858,516.496993220223,0.204127028527366,0.198651416356194,0.00547561217117265,-0.000105272514135391,14.0626639479263,-0.12508323383228,-40
36.175,0.598609265385518,517.388854398747,516.790245133362,0.204696670246334,0.198660885216805,0.00603578502952834,0.000468698578989485,15.0626639479263,0.85295474469484,40
36.2,0.304803542933881,517.388854398747,517.084050855813,0.204902958273655,0.198660885216805,0.00624207305684954,0.000694860039467171,14.6597713852137,0.473055678172783,-16.1157025085049
36.225,0.0112310594823334,517.388854398747,517.377623339265,0.204382939129681,0.198660885216805,0.0057220539128762,0.000173014726520648,13.6597713852137,-0.553950825636649,-40
36.25,0.619949520048719,518.290972852694,517.671023332645,0.204634423264036,0.198669579991587,0.00596484327244859,0.000437809115302557,14.6597713852137,0.467751457886802,40
36.275,0.325831714162418,518.290972852694,517.965141138532,0.205363254494815,0.198669579991587,0.00669367450322736,0.00119448453553267,15.395500156971,1.22770659141185,29.4291508702919
36.3,0.031249983449263,518.290972852694,518.259722869245,0.205292723695149,0.198669579991587,0.00662314370356146,0.00112923686840885,14.395500156971,0.201932953179605,-40.0000000000001
36.325,0.618569700485442,519.173301637653,518.554731937168,0.205930785674112,0.198677142776044,0.0072536428980679,0.0017530655147244,15.395500156971,1.17615931494736,40.0000000000001
36.35,0.323215511448251,519.173301637653,518.850086126205,0.205783588170477,0.198677142776044,0.00710644539443317,0.00160957481890528,14.395500156971,0.200385676715111,-40.0000000000001
36.375,0.0285578246019216,519.173301637653,519.144743813051,0.204964942196373,0.198677142776044,0.00628779942032923,0.000775034343718312,13.395500156971,-0.825387961517135,-40
36.4,0.584186054962811,520.023024011958,519.438837956995,0.204964654163485,0.198684949046991,0.00627970511649392,0.000765931642971118,14.395500156971,0.183303710222002,40
36.425,0.290274484682282,520.023024011958,519.732749527276,0.204705564462577,0.198684949046991,0.00602061541558574,0.00051242650935876,14.0165459619064,-0.174830925243306,-15.1581678025839
36.45,-0.00279314629149611,520.023024011958,520.02581715825,0.20379292349327,0.198684949046991,0.00510797444627881,-0.000417215245234137,13.0165459619064,-1.20401136564401,-40
36.475,0.579979136297717,520.898175916204,520.318196779907,0.203713763006686,0.198693080172971,0.00502068283371515,-0.000525690741818907,14.0165459619064,-0.222988522277522,40
36.5,0.287281940888422,520.898175916204,520.610893975316,0.204211869931745,0.198693080172971,0.00551878975877429,-3.650310962236e-05,14.8197011851334,0.605681181447333,32.1262089290779
36.525,-0.00557564007170245,520.898175916204,520.903751556276,0.203948765279183,0.198693080172971,0.00525568510621161,-0.000325899889921294,13.8197011851334,-0.418804338054759,-40
36.55,0.557713816558669,521.754495637114,521.196781820555,0.204426414164902,0.19856768919975,0.00585872496515147,0.000145158003795304,14.8197011851334,0.606368206139248,40
36.575,0.264551985814083,521.754495637114,521.4899436513,0.204145696462163,0.19856768919975,0.00557800726241306,-0.000125261480269451,13.8197011851334,-0.368459249666747,-40
36.6,-0.0277334588206262,521.754495637114,521.782229095935,0.203215226362886,0.19856768919975,0.00464753716313535,-0.00106575636890885,12.8197011851334,-1.39328670547274,-40
36.625,0.567432819244566,522.641230739851,522.073797920606,0.203120925465204,0.198582169565304,0.00453875589990027,-0.00118743497045762,13.8197011851334,-0.418114161278732,40
36.65,0.275493487982529,522.641230739851,522.365737251868,0.20371327376831,0.198582169565304,0.00513110420300636,-0.000602418105037722,14.7771799708691,0.564537168650987,38.2991514294286
36.675,-0.0167244589222571,522.641230739851,522.657955198773,0.203529957144122,0.198582169565304,0.00494778757881792,-0.000810611803067657,13.7771799708691,-0.460290287155005,-40
36.7,0.559674403887646,523.510118438597,522.950444034709,0.2040743844495,0.198595725514395,0.00547865893510505,-0.000281569893341216,14.7771799708691,0.549912192437517,40
36.725,0.266947311555532,523.510118438597,523.243171127041,0.203884595969688,0.198595725514395,0.00528887045529297,-0.000468082958684446,13.8288284775536,-0.373309135353215,-37.9340597326177
36.75,-0.0250151606688054,523.510118438597,523.535133599266,0.203029125452579,0.198595725514395,0.00443339993818456,-0.00133897251807555,12.8288284775536,-1.39817896982851,-40
36.775,0.580452242602961,524.406922051484,523.826469808881,0.2029957490761,0.19860954697527,0.00438620210083027,-0.00139672946974564,13.8288284775536,-0.413157028906159,40
36.8,0.288652112302989,524.406922051484,524.118269939181,0.203666185353019,0.19860954697527,0.00505663837774881,-0.000727956542253355,14.8288284775536,0.615258131310118,40
36.825,-0.00352110526990101,524.406922051484,524.410443156754,0.203545587912528,0.19860954697527,0.0049360409372578,-0.000865405631014976,13.8288284775536,-0.4063267084736,-40
36.85,0.57998032531231,525.282941946711,524.702961621398,0.20413928536413,0.198622495167692,0.00551679019643814,-0.000267251588886075,14.8288284775536,0.62110949115894,40
36.875,0.286875096112512,525.282941946711,524.996066850598,0.204383705299095,0.198622495167692,0.00576121013140302,4.33980738012707e-08,14.4502160786982,0.269933291936067,-15.1444959542165
36.9,-0.00603396011400387,525.282941946711,525.288975906825,0.203895236236934,0.198622495167692,0.00527274106924158,-0.000484423600921435,13.4502160786982,-0.752630508431396,-40
36.925,0.598923149617368,526.180661937317,525.5817387877,0.20417118929856,0.1986351981598,0.00553599113875958,-0.00022045804283799,14.4502160786982,0.224805691201145,40
36.95,0.305501047169028,526.180661937317,525.875160890148,0.204816861278964,0.1986351981598,0.00618166311916338,0.000410524565639253,15.0420847280101,0.809636685268905,23.6747459724735
36.975,0.0117444213544134,526.180661937317,526.168917515963,0.204669658944175,0.1986351981598,0.00603446078437472,0.000211674778137605,14.0420847280101,-0.247400969975173,-40
37,0.592593476194237,527.055573019297,526.462979543103,0.205235487221267,0.198647233051074,0.00658825417019263,0.000718081751643229,15.0420847280101,0.729595429891597,40
37.025,0.298296406964604,527.055573019297,526.757276612332,0.205028037565719,0.198647233051074,0.00638080451464459,0.000476112341900675,14.0557621801661,-0.234651837504955,-39.4529019137598
37.05,0.00479793771037843,527.055573019297,527.050775081586,0.204148521066866,0.198647233051074,0.00550128801579158,-0.000451272365862398,13.0557621801661,-1.26257655705752,-40
37.075,0.611364684990323,527.954971463356,527.343606778366,0.204086075474826,0.19865961223745,0.00542646323737561,-0.000538071853359301,14.0557621801661,-0.240501276610079,40
37.1,0.318114418844552,527.954971463356,527.636857044512,0.204723258073248,0.19865961223745,0.00606364583579821,9.49948710040061e-05,15.0557621801661,0.781574003837366,40
37.125,0.0245402867206805,527.954971463356,527.930431176635,0.204566383520185,0.19865961223745,0.00590677128273528,-8.34142902520763e-05,14.0557621801661,-0.246350715715193,-40
37.15,0.608117891338361,528.832417261277,528.224299369938,0.205122111481026,0.198670827124873,0.00645128435615272,0.000440938794982387,15.0557621801661,0.732950282102249,40
37.175,0.313726216805493,528.832417261277,528.518691044471,0.205312086072402,0.198670827124873,0.00664125894752893,0.000625230852867975,14.6545647642253,0.359990833622352,-16.0478966376293
37.2,0.0196025607022774,528.832417261277,528.812814700574,0.204771941694901,0.198670827124873,0.00610111457002821,6.65969342505401e-05,13.6545647642253,-0.661771198916813,-40
37.225,0.623907026785833,529.730632955192,529.106725928406,0.20499970082099,0.198681432907177,0.00631826791381226,0.000299532938169894,14.6545647642253,0.366223479013025,40
37.25,0.329390202146193,529.730632955192,529.401242753046,0.205609646271678,0.198681432907177,0.00692821336450081,0.000935787931852672,15.2588937483198,0.999838353704486,24.1731593637804
37.275,0.034580870677344,529.730632955192,529.696052084515,0.205429788471865,0.198681432907177,0.00674835556468767,0.000765445170277435,14.2588937483198,-0.0208757556985643,-40
37.3,0.616169151500408,530.607299605194,529.991130453694,0.205966789625973,0.198690967537104,0.0072758220888694,0.00129746937000058,15.2588937483198,0.958410134898388,40
37.325,0.320872784561996,530.607299605194,530.286426820632,0.205752522053047,0.198690967537104,0.0070615545159432,0.00110052681173825,14.2980521716695,0.026854448844981,-38.4336630660143
37.35,0.0263745844874412,530.607299605194,530.580925020707,0.204868586090677,0.198690967537104,0.00617761855357293,0.00021806417726275,13.2980521716695,-0.99385966055807,-40
37.375,0.634525489286523,531.509286806563,530.874761317277,0.204804859669726,0.198700462739521,0.00610439693020459,0.000161437531320224,14.2980521716695,0.0132154798630981,40
37.4,0.340260733535234,531.509286806563,531.169026073028,0.205444154305202,0.198700462739521,0.00674369156568042,0.000823313402455145,15.2980521716695,1.03582531031288,40.0000000000001
37.425,0.0456569935723785,531.509286806563,531.463629812991,0.205293139339639,0.198700462739521,0.006592676600118,0.000673140534006633,14.2980521716695,0.00843514076265847,-40
37.45,0.63320294260771,532.391751441293,531.758548498686,0.205858821601789,0.198708604790989,0.00715021681080097,0.00123261361310661,15.2980521716695,0.997918037532624,40
37.475,0.337713648724323,532.391751441293,532.054037792569,0.206090615150136,0.198708604790989,0.0073820103591474,0.00147969496195524,14.9366899672357,0.665835446101581,-14.454488177352
37.5,0.0424227766436756,532.391751441293,532.34932866465,0.205592660099527,0.198708604790989,0.00688405530853856,0.000980427391330863,13.9366899672357,-0.354884940895657,-40
37.525,0.592748206162628,533.237225737455,532.644477531293,0.205863493635587,0.198716108090959,0.00714738554462777,0.00126605860180606,14.9366899672357,0.668210252041927,40
37.55,0.297743581779061,533.237225737455,532.939482155676,0.205400569983166,0.198716108090959,0.00668446189220748,0.000831782654957397,13.9366899672357,-0.308352618716585,-40
37.575,0.00385627014397951,533.237225737455,533.233369467311,0.204310331424536,0.198716108090959,0.0055942233335767,-0.000252951496945653,12.9366899672357,-1.3349154894751,-40
37.6,0.582326224202796,534.108657593749,533.526331369546,0.204076610690613,0.198724118310875,0.00535249237973776,-0.000501162199067262,13.9366899672357,-0.361478360233613,40
37.625,0.28929985434099,534.108657593749,533.819357739408,0.204375920489438,0.198724118310875,0.0056518021785627,-0.000198791549307548,14.6476612724357,0.372930074207865,28.4388522079997
37.65,-0.00362306028448801,534.108657593749,534.112280654033,0.203940575107935,0.198724118310875,0.00521645679705982,-0.000651004192224525,13.6476612724357,-0.653632796550647,-40
37.675,0.558791101656526,534.963940012555,534.405148910899,0.204269538788792,0.1985986654644,0.00567087332439259,-0.000326702550821456,14.6476612724357,0.362000602388488,40
37.7,0.265981579422149,534.963940012555,534.697958433133,0.203867309336261,0.1985986654644,0.00526864387186143,-0.000712820396511937,13.6573928536756,-0.597664352830971,-39.610736750403
37.725,-0.0257931660814199,534.963940012555,534.989733178637,0.202832214249918,0.1985986654644,0.00423354878551821,-0.00174892767512114,12.6573928536756,-1.61706088929035,-40
37.75,0.570872514713594,535.851528914158,535.280656399444,0.202648523923063,0.198612822876122,0.00403570104694151,-0.00194723225000479,13.6573928536756,-0.634838207114566,40
37.775,0.279670720266226,535.851528914158,535.571858193892,0.203194827251506,0.198612822876122,0.00458200437538456,-0.00139929554553503,14.6573928536756,0.387492699663582,40.0000000000001
37.8,-0.0117540903069023,535.851528914158,535.863283004465,0.202973184766465,0.198612822876122,0.00436036189034297,-0.00164023153504395,13.6573928536756,-0.640176393558269,-40
37.825,0.567700609481684,536.722634710584,536.154934101102,0.203486654796737,0.198625783081207,0.00486087171552979,-0.0011291456786757,14.6573928536756,0.382154513219879,40
37.85,0.275417348265703,536.722634710584,536.447217362318,0.203855294363796,0.198625783081207,0.00522951128258933,-0.000747712270641382,14.545822860707,0.293894387613182,-4.4627997187435
37.875,-0.0168495736783601,536.722634710584,536.739484284262,0.203480455872732,0.198625783081207,0.00485467279152513,-0.00113154433102056,13.545822860707,-0.732795745024928,-40
37.9,0.586298851609324,537.618069257562,537.031770405953,0.203861552352376,0.198638100029571,0.00522345232280472,-0.000777229541736368,14.545822860707,0.241666957153201,40
37.925,0.293336829465346,537.618069257562,537.324732428097,0.20441955662057,0.198638100029571,0.00578145659099893,-0.000226323869268602,14.8709002078996,0.591207006523954,13.003093887705
37.95,0.000143994349156263,537.618069257562,537.617925263213,0.204205349258876,0.198638100029571,0.00556724922930452,-0.00046549215469438,13.8709002078996,-0.434330291297917,-40
37.975,0.582534374785733,538.493880582072,537.911346207286,0.204722159744796,0.198649994165421,0.00607216557937562,4.60077034550588e-05,14.8709002078996,0.59013241088021,40
38,0.288813558807881,538.493880582072,538.205067023264,0.204643580244647,0.198649994165421,0.00599358607922595,-9.81611942413307e-06,14.1182770105066,-0.122062139445516,-30.1049278957204
38.025,-0.0042886935129344,538.493880582072,538.498169275585,0.203882129342853,0.198649994165421,0.00523213517743276,-0.000759172771036876,13.1182770105066,-1.13163349237823,-40
38.05,0.604948712684328,539.39571770277,538.790768990086,0.203928344797759,0.198662373968809,0.0052659708289497,-0.000683616487899247,14.1182770105066,-0.103536206126396,40
38.075,0.311780573089386,539.39571770277,539.083937129681,0.204665674202764,0.198662373968809,0.00600330023395479,9.79749272577712e-05,15.1182770105066,0.924561080125445,40.0000000000001
38.1,0.018151806413549,539.39571770277,539.377565896357,0.204600824035856,0.198662373968809,0.0059384500670473,5.54968843300419e-05,14.1182770105066,-0.0973416336227118,-40
38.125,0.603810660777298,540.275423860602,539.671613199824,0.205241073976748,0.198673916991818,0.00656715698493052,0.000701614438436193,15.1182770105066,0.883756335139712,40
38.15,0.309273891775709,540.275423860602,539.966149968826,0.20530859305921,0.198673916991818,0.0066346760673924,0.000790826581832993,14.4304262226006,0.219777798626131,-27.5140315162402
38.175,0.0151685173830455,540.275423860602,540.260255343218,0.204667621798774,0.198673916991818,0.00599370480695649,0.000150437022532923,13.4304262226006,-0.806349949981443,-40
38.2,0.622787405603584,541.176799632781,540.554012227177,0.20481242938554,0.198685599396553,0.00612682998898692,0.00031273606647847,14.4304262226006,0.217522301410982,40
38.225,0.328369506022656,541.176799632781,540.848430126758,0.205584270742143,0.198685599396553,0.00689867134559044,0.00111688976454899,15.3656574771939,1.17686909692769,37.4092501837314
38.25,0.0334495234138815,541.176799632781,541.143350109367,0.205544311230609,0.198685599396553,0.00685871183405617,0.00108725400555817,14.3656574771939,0.150984637851111,-40.0000000000001
38.275,0.615638254712117,542.054356623601,541.438718368889,0.206201528650559,0.19869643860388,0.00750509004667868,0.00173834767030828,15.3656574771939,1.12835292261911,40.0000000000001
38.3,0.3199202827753,542.054356623601,541.734436340825,0.206062156582124,0.19869643860388,0.00736571797824351,0.00161372659950543,14.3656574771939,0.155721207387112,-40.0000000000001
38.325,0.0249097295539484,542.054356623601,542.029446894047,0.205240768414057,0.19869643860388,0.00654432981017625,0.000790252796162128,13.3656574771939,-0.866910507844888,-40
38.35,0.630515414851846,542.954384513471,542.323869098619,0.205228328863275,0.198707578480195,0.00652075038308042,0.000792071222286195,14.3656574771939,0.154483248307156,40
38.375,0.335630851413066,542.954384513471,542.618753662058,0.205876127284116,0.198707578480195,0.0071685488039212,0.00148369034179721,15.3195440845444,1.15197436198543,38.1554642940179
38.4,0.0404075263099485,542.954384513471,542.913976987161,0.205728098134259,0.198707578480195,0.00702051965406419,0.00137002755694565,14.3195440845444,0.145578868313263,-40
38.425,0.622807446133598,543.832314798016,543.209507351882,0.206291576288894,0.198717707876084,0.00757386841281016,0.00195978562973553,15.3195440845444,1.13918337464109,40
38.45,0.327048892409968,543.832314798016,543.505265905606,0.206071246712638,0.198717707876084,0.00735353883655404,0.00178188963618178,14.3195440845444,0.165914814648737,-40
38.475,0.0321016939952864,543.832314798016,543.80021310402,0.205180388059316,0.198717707876084,0.00646268018323215,0.000912448247919639,13.3195440845444,-0.85735374534362,-40
38.5,0.580177719756804,544.674661656311,544.094483936555,0.205108890092309,0.19872784751016,0.00638104258214967,0.000868407045087755,14.3195440845444,0.15394839131866,40
38.525,0.2862660240296,544.674661656311,544.388395632282,0.204689860506297,0.19872784751016,0.00596201299613749,0.000486264075475223,13.8127985171621,-0.335310619336197,-20.2698226952924
38.55,-0.00657346546640253,544.674661656311,544.681235121778,0.20363008957709,0.19872784751016,0.00490224206693041,-0.00056345041533129,12.8127985171621,-1.36782406260874,-40
38.575,0.568023288686847,545.541200235802,544.973176947115,0.203415446465346,0.198737998948069,0.00467744751727631,-0.000786540665325353,13.8127985171621,-0.393770805674368,40
38.6,0.275917049056769,545.541200235802,545.265283186745,0.203841906162031,0.198737998948069,0.00510390721396178,-0.000349646690878502,14.6927712167387,0.51025515083664,35.1989079830654
38.625,-0.0162431166427241,545.541200235802,545.557443352445,0.203508198052042,0.198737998948069,0.00477019910397269,-0.000691699067703389,13.6927712167387,-0.515691592228987,-40
38.65,0.538834931791367,546.388508341964,545.849673410172,0.203917307062501,0.198613945210436,0.00530336185206479,-0.000272321213703991,14.6927712167387,0.508361664705387,40
38.675,0.24657172768805,546.388508341964,546.141936614275,0.203569880501597,0.198613945210436,0.00495593529116123,-0.000588254167245561,13.6927712167387,-0.459781348057893,-40
38.7,-0.0447208849619461,546.388508341964,546.433229226926,0.202574815677582,0.198613945210436,0.0039608704671466,-0.00156864494948428,12.6927712167387,-1.47792436082117,-40
38.725,0.543306350943178,547.267022974311,546.723716623368,0.202419264148179,0.198629024218282,0.00379023992989744,-0.0017241040713547,13.6927712167387,-0.496067373584446,40
38.75,0.252574554088843,547.267022974311,547.014448420222,0.202893474131061,0.198629024218282,0.00426444991277936,-0.0012287643899255,14.5626614629556,0.404060641234013,34.7956098486761
38.775,-0.0382811106459447,547.267022974311,547.305304084957,0.202604787346213,0.198629024218282,0.00397576312793163,-0.00151331689181666,13.5626614629556,-0.61570159016443,-40
38.8,0.534045543511613,548.130341176842,547.59629563333,0.203056610177506,0.198642518393651,0.00441409178385543,-0.00104941241932249,14.5626614629556,0.397095519546114,40
38.825,0.242835828165168,548.130341176842,547.887505348677,0.202916335720506,0.198642518393651,0.00427381732685517,-0.00117097590977674,13.8016426075939,-0.351126226105072,-30.4407542144692
38.85,-0.0476837697013274,548.130341176842,548.178024946543,0.202102466416987,0.198642518393651,0.00345994802333618,-0.0019954495398917,12.8016426075939,-1.38832911639453,-40
38.875,0.556173159557155,549.02415796473,548.467984805173,0.202105801272514,0.19865544672084,0.00345035455167458,-0.00201908040045959,13.8016426075939,-0.41277753179277,40
38.9,0.265687038173885,549.02415796473,548.758470926556,0.20281035562621,0.19865544672084,0.00415490890537043,-0.00132160782108509,14.8016426075939,0.611621217992749,40.0000000000001
38.925,-0.0252323364076501,549.02415796473,549.049390301138,0.202722213312476,0.19865544672084,0.00406676659163629,-0.00143475538608104,13.8016426075939,-0.413980032221733,-40
38.95,0.55956133977396,549.900275904916,549.340714565143,0.203348658656485,0.198666949702872,0.00468170895361297,-0.00081534037159034,14.8016426075939,0.608407248313311,40
38.975,0.267591540710784,549.900275904916,549.632684364206,0.203623889177781,0.198666949702872,0.00495693947490863,-0.00053185270633907,14.4188147414085,0.247966662662992,-15.3131146474145
39,-0.0242410004022764,549.900275904916,549.924516905319,0.203168115588661,0.198666949702872,0.00450116588578892,-0.00100118957896184,13.4188147414085,-0.779646056801962,-40
39.025,0.585401339077074,550.801666850282,550.216265511205,0.203479871806831,0.198677939222924,0.00480193258390674,-0.000721731289950595,14.4188147414085,0.192741223733081,40
39.05,0.292852543989974,550.801666850282,550.508814306292,0.204266230327745,0.198677939222924,0.0055882911048212,2.48575438328846e-05,15.1561467331317,0.914791856806766,29.493279668928
39.075,-0.000236028982350958,550.801666850282,550.801902879265,0.204248303092309,0.198677939222924,0.0055703638693845,-7.40654695419174e-05,14.1561467331317,-0.150489501842749,-40
39.1,0.587237942837986,551.68272472683,551.095486783992,0.204934594709289,0.198688108195231,0.00624648651405751,0.000524589427811528,15.1561467331317,0.825323167883516,40
39.125,0.293248856692175,551.68272472683,551.389475870138,0.204830320235121,0.198688108195231,0.0061422120398901,0.000359785273517876,14.1561467331317,-0.1518648449008,-40
39.15,-9.50524397582187e-05,551.68272472683,551.68281977927,0.204048848764731,0.198688108195231,0.00536074056949992,-0.00049377079414803,13.1561467331317,-1.17905285768512,-40
39.175,0.614474689964235,552.590117304164,551.9756426142,0.204080660127737,0.198698836599096,0.00538182352864114,-0.000509024294516325,14.1561467331317,-0.15624087046944,40
39.2,0.321094491271204,552.590117304164,552.269022812893,0.20480873308422,0.198698836599096,0.0061098964851235,0.000193498254109414,15.1561467331317,0.866571116746242,40
39.225,0.027258143998362,552.590117304164,552.562859160166,0.204739082800251,0.198698836599096,0.00604024620115509,8.19773847403893e-05,14.1561467331317,-0.160616896038076,-40
39.25,0.619434934920042,553.476550483794,552.857115548874,0.205378939912348,0.198708902606486,0.00667003730586213,0.000666092109859157,15.1561467331317,0.812195091177606,40
39.275,0.324484906443225,553.476550483794,553.152065577351,0.20571826300252,0.198708902606486,0.00700936039603406,0.000970504933556188,14.8537730887721,0.529380690189118,-12.0949457743836
39.3,0.0295985337203179,553.476550483794,553.446951950073,0.205313717920284,0.198708902606486,0.00660481531379822,0.000514203698646659,13.8537730887721,-0.501060066439779,-40
39.325,0.641165998070335,554.382976324716,553.741810326646,0.205664941477897,0.198718909865077,0.00694603161281951,0.000834237623795614,14.8537730887721,0.518499176931327,40
39.35,0.345594959308381,554.382976324716,554.037381365408,0.20630695750708,0.198718909865077,0.0075880476420028,0.00146700901343066,15.3435940931237,1.03385395326993,19.5928401740618
39.375,0.0496892487951127,554.382976324716,554.333287075921,0.20615939825697,0.198718909865077,0.00744048839189321,0.0012943148473134,14.3435940931237,0.00938772525699148,-40.0000000000001
39.4,0.636954857593851,555.266457583946,554.629502726352,0.206728308184732,0.198728655222644,0.00799965296208804,0.00182902973426086,15.3435940931237,0.991240628989837,40.0000000000001
39.425,0.340462054813857,555.266457583946,554.925995529132,0.206572789469636,0.198728655222644,0.00784413424699193,0.00166656984539831,14.4240528631426,0.10355230274162,-36.7816491992424
39.45,0.0446951720962642,555.266457583946,555.22176241185,0.205740960954413,0.198728655222644,0.00701230573176947,0.000816470798178592,13.4240528631426,-0.91459479352554,-40
39.475,0.655765436510603,556.17269478669,555.516929350179,0.205722919399439,0.19873909877857,0.00698382062086961,0.000799974793402047,14.4240528631426,0.109398534175153,40
39.5,0.36011893512011,556.17269478669,555.81257585157,0.206400807258644,0.19873909877857,0.00766170848007405,0.00150729263951754,15.4240528631426,1.14882116522121,40.0000000000001
39.525,0.0640937937022529,556.17269478669,556.108600992987,0.206280647991534,0.19873909877857,0.00754154921296443,0.00140574210365021,14.4240528631426,0.138243796267271,-40.0000000000001
39.55,0.650915102831139,557.055884642908,556.404969540077,0.206869920694614,0.198748780756867,0.00812113993774768,0.00200446085250042,15.4240528631426,1.12766642731333,40.0000000000001
39.575,0.354103419079954,557.055884642908,556.701781223828,0.2069209152504,0.198748780756867,0.00817213449353299,0.00208742703803888,14.7802917281114,0.516761223121317,-25.7504454012461
39.6,0.0577451739113161,557.055884642908,556.998139468997,0.206263093367081,0.198748780756867,0.00751431261021451,0.0014461220734614,13.7802917281114,-0.500382846039543,-40
39.625,0.605716713399097,557.899844717797,557.294128004398,0.20639158194307,0.198758505972601,0.00763307597046853,0.00160533698227294,14.7802917281114,0.521757207338558,40
39.65,0.310078109950792,557.899844717797,557.589766607847,0.205799901597482,0.198758505972601,0.00704139562488054,0.00105662080673094,13.7802917281114,-0.456102739283337,-40
39.675,0.0157448823159587,557.899844717797,557.884099835481,0.20459189681586,0.198758505972601,0.00583339084325893,-0.000132731770408123,12.7802917281114,-1.48396268590523,-40
39.7,0.590091142021071,558.76742539073,558.177334248709,0.204249639093607,0.198768946481393,0.00548069261221359,-0.000476398948528689,13.7802917281114,-0.510760000505108,40
39.725,0.296805554264775,558.76742539073,558.470619836465,0.204648959627301,0.198768946481393,0.00588001314590783,-6.08139393502571e-05,14.7802917281114,0.512442684895014,40
39.75,0.0035080592761028,558.76742539073,558.763917331454,0.204289884790057,0.198768946481393,0.00552093830866424,-0.000423327263810919,13.7802917281114,-0.514354629704863,-40
39.775,0.557634022953757,559.614878977143,559.057244954189,0.20467503345316,0.198645451122164,0.0060295823309959,-2.36726694538836e-05,14.7802917281114,0.50884805569526,40
39.8,0.264311773815679,559.614878977143,559.350567203327,0.204304195476052,0.198645451122164,0.00565874435388775,-0.000352529851927269,13.7802917281114,-0.450508600013605,-40
39.825,-0.0280020668818601,559.614878977143,559.642881044025,0.203286121302436,0.198645451122164,0.00464067018027181,-0.001340000796341,12.7802917281114,-1.45986525572247,-40
39.85,0.55748846409189,560.491840909968,559.934352445876,0.203107863057295,0.198661160994088,0.00444670206320691,-0.00149749272169494,13.7802917281114,-0.469221911431342,40
39.875,0.265872667965943,560.491840909968,560.225968242002,0.203473602905081,0.198661160994088,0.00481244191099323,-0.00109356829127777,14.5275264582802,0.305901688137293,29.8893892067486
39.9,-0.0257156636203692,560.491840909968,560.517556573589,0.203088002576868,0.198661160994088,0.0044268415827802,-0.00146102713311269,13.5275264582802,-0.716209442462784,-40
39.925,0.543766042495516,561.352911240417,560.809145197922,0.203453034592369,0.198675391966504,0.00477764262586516,-0.00106663564728265,14.5275264582802,0.302605307799611,40
39.95,0.252042845645388,561.352911240417,561.100868394772,0.203286836648585,0.198675391966504,0.00461144468208097,-0.00119261297249931,13.8419094995661,-0.362185431401524,-27.4246783485603
39.975,-0.0389491435986236,561.352911240417,561.391860384016,0.202446689701339,0.198675391966504,0.00377129773483498,-0.00201822257314974,12.8419094995661,-1.39135921188865,-40
40,0.561178570209734,562.243430289142,561.682251718932,0.20242376633897,0.198688905682331,0.00373486065663881,-0.00204874933158505,13.8419094995661,-0.420532992375786,40
40.025,0.270301406671195,562.243430289142,561.973128882471,0.203102029976033,0.198688905682331,0.00441312429370225,-0.00136236301642703,14.8419094995661,0.600293227137086,40.0000000000001
40.05,-0.0209688394740346,562.243430289142,562.264399128616,0.202987365137619,0.198688905682331,0.0042984594552879,-0.00149042827116208,13.8419094995661,-0.428880553350043,-40
40.075,0.559703163256434,563.115737910401,562.556034747144,0.203587626342668,0.198700762669057,0.00488686367361121,-0.000887312096867515,14.8419094995661,0.591945666162825,40
40.1,0.267557090349246,563.115737910401,562.848180820052,0.203705541396369,0.198700762669057,0.00500477872731248,-0.000746587830866952,14.2705445980075,0.0503129557412891,-22.8545960623451
40.125,-0.0242398394908612,563.115737910401,563.139977749892,0.203111753433282,0.198700762669057,0.00441099076422466,-0.00133547517888757,13.2705445980075,-0.969954853121619,-40
40.15,0.582732082358024,564.014237753863,563.431505671505,0.20330276058543,0.198712024654215,0.0045907359312152,-0.00112086749296969,14.2705445980075,0.058839264259509,40
40.175,0.29045229067083,564.014237753863,563.723785463192,0.20413703836242,0.198712024654215,0.00542501370820514,-0.000247120385942601,15.2280393171268,1.04512810075991,38.2997887647708
40.2,-0.00243086651366631,564.014237753863,564.016668620376,0.204158154064853,0.198712024654215,0.0054461294106381,-0.000207913331525506,14.2280393171268,0.0239222181410363,-40
40.225,0.582671240589437,564.892771350286,564.310100109697,0.204876622288933,0.198722031458708,0.00615459083022465,0.000510217596895429,15.2280393171268,1.00271633552216,40
40.25,0.288789979621022,564.892771350286,564.603981370665,0.204798702662159,0.198722031458708,0.00607667120345068,0.000450922088373745,14.2280393171268,0.0315104529032948,-40
40.275,-0.00448384783821335,564.892771350286,564.897255198125,0.204039031217129,0.198722031458708,0.00531699975842145,-0.000308811435710349,13.2280393171268,-0.989695429715578,-40
40.3,0.607876504671141,565.79791736718,565.190040862509,0.204089588752196,0.19873224971793,0.0053573390342663,-0.000242708323921648,14.2280393171268,0.0345545216772517,40
40.325,0.314503696974285,565.79791736718,565.483413670206,0.204834288686425,0.19873224971793,0.00610203896849468,0.000530864705450329,15.2280393171268,1.05880447307008,40
40.35,0.0206472648476252,565.79791736718,565.777270102333,0.204779574201845,0.19873224971793,0.00604732448391537,0.000481563839457549,14.2280393171268,0.03305442446291,-40
40.375,0.611737306680111,566.683310029652,566.071572722972,0.205433738801847,0.198741623211891,0.00669211558995522,0.0011210284414577,15.2280393171268,1.00730437585574,40
40.4,0.316886711102851,566.683310029652,566.366423318549,0.205553929371563,0.198741623211891,0.0068123061596716,0.00123975251609476,14.5910040826278,0.388199961003787,-25.48140937996
40.425,0.0223834631857371,566.683310029652,566.660926566466,0.204963964726934,0.198741623211891,0.00622234151504256,0.000624847316607169,13.5910040826278,-0.643869219349167,-40
40.45,0.636553301785933,567.59171669962,566.955163397834,0.20515946709059,0.198751114784772,0.0064083523058184,0.000810208604310941,14.5910040826278,0.374061600297879,40
40.475,0.34154145859786,567.59171669962,567.250175241022,0.206027055242096,0.198751114784772,0.00727594045732494,0.00168589311381409,15.5910040826278,1.39985199597708,40.0000000000001
40.5,0.0458880849533505,567.59171669962,567.545828614666,0.20607590013486,0.198751114784772,0.00732478535008885,0.00172369028662692,14.5910040826278,0.375642391656273,-40.0000000000001
40.525,0.635208189516932,568.477268279663,567.842060090146,0.206816664644367,0.198759914932112,0.00805674971225565,0.00243709514738499,15.5910040826278,1.35143278733547,40.0000000000001
40.55,0.338505679564892,568.477268279663,568.138762600098,0.206755721924799,0.198759914932112,0.0079958069926869,0.00236979380503266,14.5910040826278,0.377223183014667,-40.0000000000001
40.575,0.0423967492200161,568.477268279663,568.434871530443,0.206008546758428,0.198759914932112,0.00724863182631608,0.00159953230893162,13.5910040826278,-0.646986421306135,-40
40.6,0.595755074843792,569.326254559225,568.730499484381,0.206067068764393,0.198769396917694,0.00729767184669927,0.0016538652008819,14.5910040826278,0.376274069885596,40
40.625,0.300544913971516,569.326254559225,569.025709645254,0.205447560592294,0.198769396917694,0.00667816367460008,0.00105397564970408,13.6285270328663,-0.552226611223118,-38.4990819904594
40.65,0.00667256638525968,569.326254559225,569.31958199284,0.204221128395996,0.198769396917694,0.00545173147830202,-0.000167153104665391,12.6285270328663,-1.56825024257035,-40
40.675,0.587781189476551,570.200115368584,569.612334179107,0.203868242736495,0.198780062233488,0.00508818050300627,-0.00052686525571638,13.6285270328663,-0.584273873917585,40
40.7,0.294990534817718,570.200115368584,569.905124833766,0.204263130919955,0.198780062233488,0.00548306868646639,-0.000114935085839624,14.6285270328663,0.448639862713165,40.0000000000001
40.725,0.00219409628752573,570.200115368584,570.197921272296,0.203903994897209,0.198780062233488,0.00512393266372019,-0.000471290390193224,13.6285270328663,-0.568446400656086,-40
40.75,0.562739256542046,571.05348551539,570.490746258847,0.204292367952252,0.198657152862283,0.00563521508996853,-6.67336533048957e-05,14.6285270328663,0.451027530137103,40
40.775,0.269825281298361,571.05348551539,570.783660234091,0.204053210384282,0.198657152862283,0.00539605752199881,-0.000278090842465439,13.8102936723983,-0.347731899537745,-32.7293344187216
40.8,-0.0222508913350199,571.05348551539,571.075736406725,0.203149271670308,0.198657152862283,0.00449211880802425,-0.00117900318565947,12.8102936723983,-1.37825796874456,-40
40.825,0.566787403369708,571.933903795561,571.367116392191,0.203069576558975,0.198673698244783,0.00439587831419211,-0.00127319918602492,13.8102936723983,-0.403652524774857,40
40.85,0.27500925475853,571.933903795561,571.658894540802,0.203695862977338,0.198673698244783,0.00502216473255496,-0.000641459563999608,14.8102936723983,0.620952919194839,40
40.875,-0.0170795742033741,571.933903795561,571.950983369764,0.203532262708255,0.198673698244783,0.00485856446347144,-0.000817261034975397,13.8102936723983,-0.404441636835462,-40
40.9,0.550644889313437,572.794003639826,572.243358750512,0.20408562477121,0.198688843578688,0.00539678119252227,-0.000256283766737225,14.8102936723983,0.620163807134236,40
40.925,0.258055515983119,572.794003639826,572.535948123843,0.203858677630458,0.198688843578688,0.00516983405177066,-0.000452253994060348,13.8102936723983,-0.346156629758541,-40
40.95,-0.0337119275933435,572.794003639826,572.827715567419,0.202962982328721,0.198688843578688,0.00427413875003371,-0.00133176594470488,12.8102936723983,-1.36247706665132,-40
40.975,0.562909502985275,573.681707753025,573.11879825004,0.202888598499382,0.198703786559261,0.0041848119401208,-0.00140260935601544,13.8102936723983,-0.378797503544094,40
41,0.271420253709692,573.681707753025,573.410287499315,0.203518152288927,0.198703786559261,0.00481436572966568,-0.000745485487246345,14.8102936723983,0.654882059563129,40
41.025,-0.0203859738126342,573.681707753025,573.702093726838,0.203356374887377,0.198703786559261,0.00465258832811594,-0.000893972795950548,13.8102936723983,-0.361438377329649,-40
41.05,0.555620870596745,574.54981240171,573.994191531113,0.203910818326828,0.198717285023954,0.00519353330287378,-0.000315505027698781,14.8102936723983,0.655233965083914,40
41.075,0.263252662005759,574.54981240171,574.286559739704,0.203755190903279,0.198717285023954,0.00503790587932529,-0.000437965256594813,13.9114898518968,-0.226897513003941,-35.9521528200568
41.1,-0.0283918726273864,574.54981240171,574.578204274337,0.202920796559515,0.198717285023954,0.00420351153556045,-0.00126626355284459,12.9114898518968,-1.26022517059038,-40
41.125,0.575523487821057,575.444773036182,574.869249548361,0.202899615756138,0.198730379794854,0.00416923596128407,-0.00129737906274041,13.9114898518968,-0.283204963109465,40
41.15,0.283996428013408,575.444773036182,575.160776608168,0.203575820247416,0.198730379794854,0.00484544045256236,-0.000644247608462128,14.9114898518968,0.694753318127412,40
41.175,-0.0079144307897916,575.444773036182,575.452687466972,0.203455358905754,0.198730379794854,0.00472497911090042,-0.00083394965254116,13.9114898518968,-0.377288400635713,-40
41.2,0.5750142182951,576.319964194934,575.744949976639,0.204046925329149,0.198741966323007,0.00530495900614192,-0.000317411979418813,14.9114898518968,0.599204476880304,40
41.225,0.282202984491887,576.319964194934,576.037761210442,0.204229275015128,0.198741966323007,0.00548730869212063,-0.000180304065573234,14.4490820853992,0.163289587898658,-18.4963106599065
41.25,-0.0103390135218777,576.319964194934,576.330303208456,0.203686687509792,0.198741966323007,0.00494472118678463,-0.000777591924442794,13.4490820853992,-0.860217534585326,-40
41.275,0.596595722205508,577.219235028304,576.622639306099,0.20391797638591,0.198752820062365,0.00516515632354461,-0.000583405286254252,14.4490820853992,0.153328478326554,40
41.3,0.303542114033818,577.219235028304,576.91569291427,0.20466962431352,0.198752820062365,0.00591680425115526,0.000149239069571205,15.2438215583389,0.966158130166419,31.7895789175876
41.325,0.00999897046681499,577.219235028304,577.209236057837,0.204616160539927,0.198752820062365,0.00586334047756173,5.72680462968267e-05,14.2438215583389,-0.0657516909334031,-40
41.35,0.594923971835393,578.098149419556,577.503225447721,0.205267622277536,0.198762429904904,0.00650519237263203,0.000656777059390212,15.2438215583389,0.907229200059012,40
41.375,0.30057638598837,578.098149419556,577.797573033568,0.205129130590534,0.198762429904904,0.00636670068562997,0.000489536152192133,14.2438215583389,-0.0697899089485741,-40
41.4,0.00691840986268894,578.098149419556,578.091231009694,0.204314852834422,0.198762429904904,0.00555242292951769,-0.000368602654045341,13.2438215583389,-1.09680901795616,-40
41.425,0.619470328579545,579.003798063718,578.384327735139,0.204316630683239,0.198772131538835,0.00554449914440366,-0.00038890667718533,14.2438215583389,-0.0738281269637418,40
41.45,0.325850914820101,579.003798063718,578.677947148898,0.205017850369424,0.198772131538835,0.00624571883058889,0.000308756696928481,15.2438215583389,0.949152764028673,40
41.475,0.03180467791651,579.003798063718,578.971993385802,0.204924252073127,0.198772131538835,0.00615212053429162,0.000192486562616501,14.2438215583389,-0.0778663449789112,-40
41.5,0.62380866213536,579.890244962122,579.266436299987,0.20554429642104,0.198780787371281,0.00676350904975886,0.000777645753918782,15.2438215583389,0.901249308691982,40
41.525,0.328697799304274,579.890244962122,579.561547162818,0.205855691492338,0.198780787371281,0.00707490412105657,0.00107846558128646,14.9241103860852,0.610653790109162,-12.7884468901486
41.55,0.0336770721462857,579.890244962122,579.856567889976,0.205429034138698,0.198780787371281,0.00664824676741685,0.00062712774239343,13.9241103860852,-0.410230556219939,-40
41.575,0.647060358230391,580.798603822987,580.151543464757,0.205764704857827,0.198789112959441,0.00697559189838601,0.000956906370768257,14.9241103860852,0.613250063485166,40
41.6,0.351330620850936,580.798603822987,580.447273202136,0.206464457025161,0.198789112959441,0.00767534406571965,0.00166858555652311,15.5101957833913,1.22534598498391,23.443415892247
41.625,0.0551765208246892,580.798603822987,580.743427302162,0.206370482072294,0.198789112959441,0.00758136911285329,0.00156691222694033,14.5101957833913,0.201356509176477,-40.0000000000001
41.65,0.645997597601527,581.68597400506,581.039976407459,0.20699075649268,0.198796957654321,0.00819379883835908,0.00216265902035095,15.5101957833913,1.17736703336905,40.0000000000001
41.675,0.349100764438157,581.68597400506,581.336873240622,0.206869392747399,0.198796957654321,0.00807243509307817,0.0020372311855795,14.5688119322256,0.261993706395917,-37.655354046628
41.7,0.0528707673136989,581.68597400506,581.633103237746,0.206072801805281,0.198796957654321,0.00727584415096041,0.00121928488168355,13.5688119322256,-0.761995769411513,-40
41.725,0.60981206453705,582.538606047353,581.928793982816,0.206092009038551,0.198805528529439,0.00728648050911271,0.00123172187127571,14.5688119322256,0.256101238810637,40
41.75,0.314338274493303,582.538606047353,582.22426777286,0.205776457469423,0.198805528529439,0.00697092893998477,0.000931336319832832,14.0866865163912,-0.194487362964114,-19.2850166333785
41.775,0.0197919866655787,582.538606047353,582.518814060687,0.204813353255689,0.198805528529439,0.00600782472625075,-3.25917954474286e-05,13.0866865163912,-1.21295054890441,-40
41.8,0.602087586523795,583.414684280419,582.812596693895,0.204689561657543,0.198814857590539,0.00587470406700408,-0.000170430994753501,14.0866865163912,-0.230864138680899,40
41.825,0.308056287642219,583.414684280419,583.106627992777,0.20514768553961,0.198814857590539,0.0063328279490717,0.000293714184828819,14.8910580327017,0.60046227467661,32.1748606524204
41.85,0.0139297084129219,583.414684280419,583.400754572006,0.204845831785179,0.198814857590539,0.00603097419464038,-1.9663243950474e-05,13.8910580327017,-0.422582828276391,-40
41.875,0.574757904814446,584.269748960879,583.694991056064,0.205286704713262,0.198690830754682,0.00659587395858,0.000429648735573301,14.8910580327017,0.604372068770607,40
41.9,0.280451489870213,584.269748960879,583.989297471008,0.20496889964948,0.198690830754682,0.00627806889479784,0.000137517269151122,13.8910580327017,-0.368673034182393,-40
41.925,-0.0129167896984236,584.269748960879,584.282665750577,0.204000930113316,0.198690830754682,0.00531009935863339,-0.000824735842152924,12.8910580327017,-1.39171813713539,-40
41.95,0.577854666062579,585.153111062494,584.575256396431,0.203869855849308,0.198706793603749,0.00516306224555874,-0.000967045821716528,13.8910580327017,-0.414763240088393,40
41.975,0.285057493291924,585.153111062494,584.868053569201,0.204284004763826,0.198706793603749,0.00557721116007609,-0.000543641740675893,14.6456675255624,0.366801149819349,30.1843797144296
42,-0.00776996474198497,585.153111062494,585.160881027235,0.203941162046127,0.198706793603749,0.00523436844237757,-0.000894387436912447,13.6456675255624,-0.656243953133653,-40
42.025,0.56432397547234,586.018081809832,585.45375783436,0.204343594297509,0.198721891017676,0.00562170327983322,-0.000481117964713701,14.6456675255624,0.368461474932963,40
42.05,0.271318360700146,586.018081809832,585.746763449132,0.204146501956998,0.198721891017676,0.00542461093932126,-0.000639334663227659,13.871068884194,-0.364424517675155,-30.9839456547353
42.075,-0.0209040963040516,586.018081809832,586.038985906136,0.203278110166431,0.198721891017676,0.00455621914875484,-0.00147957401183005,12.871068884194,-1.37271186891488,-40
42.1,0.579307931235468,586.90986639293,586.330558461695,0.203228731628171,0.198736869654748,0.00449186197342269,-0.00150987633467833,13.871068884194,-0.380999220154609,40
42.125,0.287297986519318,586.90986639293,586.622568406411,0.203880720835137,0.198736869654748,0.00514385118038929,-0.000818844426912269,14.871068884194,0.650365563538315,40
42.15,-0.00505541618658567,586.90986639293,586.914921809117,0.203738383827038,0.198736869654748,0.00500151417228972,-0.000939811667121565,13.871068884194,-0.368269652768759,-40
42.175,0.572757120881638,587.780346118796,587.207588997915,0.204309573376882,0.198750540823633,0.00555903255324972,-0.000336852343125055,14.871068884194,0.649620000269186,40
42.2,0.279691348522034,587.780346118796,587.500654770274,0.20431773507627,0.198750540823633,0.00556719425263758,-0.000286936232792939,14.1876095230109,-0.0144843041551886,-27.3383744473272
42.225,-0.0128635242547435,587.780346118796,587.793209643051,0.203622634307725,0.198750540823633,0.00487209348409245,-0.000966535116815354,13.1876095230109,-1.04512924739639,-40
42.25,0.589279332369937,588.67462473029,588.08534539792,0.203719643571642,0.198763830889896,0.00495581268174619,-0.00087192102917022,14.1876095230109,-0.0692601802442862,40
42.275,0.296521588803764,588.67462473029,588.378103141486,0.204479880432277,0.198763830889896,0.00571604954238167,-0.000120344050795362,15.1656256764589,0.897571904959998,39.1206461379217
42.3,0.00327455132861456,588.67462473029,588.671350178961,0.204428772412932,0.198763830889896,0.00566494152303687,-0.000220305748461436,14.1656256764589,-0.163612163283761,-40
42.325,0.581714983993568,589.546749999623,588.965035015629,0.205077107513846,0.198775744883201,0.00630136263064526,0.000379626171569225,15.1656256764589,0.825203768472478,40
42.35,0.287687948012078,589.546749999623,589.259062051611,0.204930060219928,0.198775744883201,0.00615431533672764,0.0002159841416359,14.1656256764589,-0.14087101186352,-40
42.375,-0.00562627642420237,589.546749999623,589.552376276047,0.204102186696135,0.198775744883201,0.00532644181293462,-0.000636151850720468,13.1656256764589,-1.15694579219952,-40
42.4,0.598998752443943,590.444098639434,589.84509988699,0.204086195840006,0.198787507916391,0.00529868792361518,-0.000657238018637568,14.1656256764589,-0.136007808164552,40
42.425,0.305786732176725,590.444098639434,590.138311907257,0.204766059305476,0.198787507916391,0.00597855138908535,3.38536968860492e-05,15.1656256764589,0.88493017587041,40
42.45,0.0121865756687864,590.444098639434,590.431912063765,0.204647643708491,0.198787507916391,0.00586013579210024,-9.43236650419732e-05,14.1656256764589,-0.14413184009463,-40
42.475,0.595445192866131,591.321311824862,590.725866631996,0.205240371214648,0.198797902144068,0.00644246907058058,0.000472829348799275,15.1656256764589,0.830089937536128,40
42.5,0.301169930340028,591.321311824862,591.020141894522,0.205110807588391,0.198797902144068,0.00631290544432359,0.000334604692800583,14.2556044356743,-0.0618442882961845,-36.4008496313835
42.525,0.00757778561889992,591.321311824862,591.313734039243,0.204300665812416,0.198797902144068,0.00550276366834884,-0.000504712221194081,13.2556044356743,-1.09375727334391,-40
42.55,0.617212631040298,592.223978412015,591.606765780974,0.204302936460136,0.198808025512911,0.00549491094722543,-0.000514472525360049,14.2556044356743,-0.0756702583916336,40
42.575,0.323661613491623,592.223978412015,591.900316798523,0.205001656241349,0.198808025512911,0.0061936307284377,0.000190673204875147,15.2556044356743,0.948051790526433,40
42.6,0.0296908655763985,592.223978412015,592.194287546438,0.204902748993182,0.198808025512911,0.00609472348027071,7.89697265833611e-05,14.2556044356743,-0.0782261605554993,-40
42.625,0.618256505629914,593.106901610941,592.488645105311,0.205515691356685,0.198816851164632,0.00669884019205244,0.000667024836047803,15.2556044356743,0.902012996384208,40
42.65,0.323315076499601,593.106901610941,592.783586534441,0.205719965526596,0.198816851164632,0.00690311436196436,0.000870765450952327,14.7946096618735,0.471257379523105,-18.4397909520325
42.675,0.028607560754244,593.106901610941,593.078294050187,0.205199216309629,0.198816851164632,0.00638236514499677,0.000335324982829455,13.7946096618735,-0.548503463537181,-40
42.7,0.639703476285399,594.012534544032,593.372831067746,0.205452726424373,0.198825225254206,0.0066275011701665,0.000592044212522763,14.7946096618735,0.475011004532327,40
42.725,0.344442303029191,594.012534544032,593.668092241003,0.206187816089416,0.198825225254206,0.00736259083520979,0.00135105569468966,15.5340492461416,1.24587857284031,29.5775833707222
42.75,0.0487088095606056,594.012534544032,593.963825734471,0.206122852759849,0.198825225254206,0.00729762750564275,0.00129275560417602,14.5340492461416,0.22730655688024,-40.0000000000001
42.775,0.637787099403467,594.897782020613,594.25999492121,0.206767500388539,0.198832758213878,0.007934742174661,0.00192915726700474,15.5340492461416,1.20873454092017,40.0000000000001
42.8,0.341265094168915,594.897782020613,594.556516926444,0.206625688892851,0.198832758213878,0.0077929306789726,0.00180071511681087,14.5340492461416,0.239612928796301,-40.0000000000001
42.825,0.0454335394922797,594.897782020613,594.852348481121,0.205811474980238,0.198832758213878,0.00697871676635942,0.000983436841346885,13.5340492461416,-0.779508683327567,-40
42.85,0.601538751963316,595.749160741333,595.147621989369,0.205816330527713,0.198840784663672,0.00697554586404048,0.00100166837132182,14.5340492461416,0.245224222219302,40
42.875,0.306495281463761,595.749160741333,595.442665459869,0.205490517184779,0.198840784663672,0.00664973252110659,0.000703267897511406,14.0535386713032,-0.21055344707221,-19.2204229935354
42.9,0.0123872899488787,595.749160741333,595.736773451384,0.204519769647343,0.198840784663672,0.00567898498367092,-0.0002629383280153,13.0535386713032,-1.23582054152534,-40
42.925,0.595315652467626,596.62542972531,596.030114072843,0.204391400711031,0.198849424580835,0.00554197613019661,-0.000406364516178814,14.0535386713032,-0.26108763597847,40
42.95,0.301692679356155,596.62542972531,596.323737045954,0.204892835541941,0.198849424580835,0.00604341096110686,9.81174560754361e-05,14.9221869274714,0.632293525736622,34.7459302467289
42.975,0.00791011450778493,596.62542972531,596.617519610802,0.204630445953494,0.198849424580835,0.00578102137265948,-0.000180542540695994,13.9221869274714,-0.392973568716509,-40
43,0.570218353834736,597.481690004278,596.911471650443,0.205108167566924,0.198724555632518,0.00638361193440595,0.000299291976677302,14.9221869274714,0.631759336830363,40
43.025,0.276140562383121,597.481690004278,597.205549441895,0.204824832372949,0.198724555632518,0.00610027674043107,3.54565246185046e-05,13.9221869274714,-0.34125828864238,-40
43.05,-0.0170516810130069,597.481690004278,597.498741685291,0.203889463996082,0.198724555632518,0.00516490836356379,-0.000900301660453379,12.9221869274714,-1.36427591411512,-40
43.075,0.575724041417084,598.366930443465,597.791206402048,0.203789959371422,0.198739692478751,0.00505026689267093,-0.0010171298383812,13.9221869274714,-0.387293539587869,40
43.1,0.283012419618858,598.366930443465,598.083918023846,0.204224221789708,0.198739692478751,0.00548452931095611,-0.00057970277279687,14.6615026066057,0.379004514073667,29.5726271653711
43.125,-0.0097617820823111,598.366930443465,598.376692225547,0.203902063035432,0.198739692478751,0.00516237055668042,-0.000915883908950033,13.6615026066057,-0.644013111399077,-40
43.15,0.565022584768159,599.234571094445,598.669548509677,0.20432603387325,0.19875409366238,0.00557194021087046,-0.00048581898391753,14.6615026066057,0.382722314958522,40
43.175,0.271982199436639,599.234571094445,598.962588895009,0.204181208778895,0.19875409366238,0.00542711511651556,-0.000597786353588065,13.9304901614136,-0.308079573220923,-29.2404978076811
43.2,-0.0203481797871898,599.234571094445,599.254919274233,0.203360862391328,0.19875409366238,0.00460676872894836,-0.00139708098370844,12.9304901614136,-1.31786901620834,-40
43.225,0.582348439789989,600.129015240733,599.546666800943,0.203356104745588,0.198768519737058,0.00458758500853029,-0.00139075789597609,13.9304901614136,-0.327658459195761,40
43.25,0.29010202841714,600.129015240733,599.838913212316,0.204049482206113,0.198768519737058,0.00528096246905482,-0.000664372905740979,14.9304901614136,0.706038087423524,40
43.275,-0.00254397665074229,600.129015240733,600.131559217384,0.203945106612495,0.198768519737058,0.00517658687543712,-0.000751691533125237,13.9304901614136,-0.310265365957194,-40
43.3,0.577302758542275,601.001872868888,600.424570110345,0.204551346926965,0.198781853881351,0.00576949304561375,-0.000117336902901582,14.9304901614136,0.708682381389385,40
43.325,0.28388330985706,601.001872868888,600.71798955903,0.204542068213848,0.198781853881351,0.00576021433249677,-8.89013078112511e-05,14.1763094545841,-0.0265505780935937,-30.1672282731824
43.35,-0.00900120873155296,601.001872868888,601.010874077619,0.20383354545499,0.198781853881351,0.00505169157363844,-0.000786221106935103,13.1763094545841,-1.05760283074701,-40
43.375,0.594782155392784,601.898102511623,601.30332035623,0.203920534219777,0.198795121748648,0.00512541247112941,-0.00067573872363208,14.1763094545841,-0.0386550834004306,40
43.4,0.301718096619252,601.898102511623,601.596384415003,0.204688485914068,0.198795121748648,0.00589336416542013,0.000135402692702791,15.1763094545841,0.993279899575192,40.0000000000001
43.425,0.00815754379797214,601.898102511623,601.889944967825,0.204644173651717,0.198795121748648,0.00584905190306892,0.000116380608535832,14.1763094545841,-0.0247851174491863,-40
43.45,0.587461820926531,602.771410888545,602.183949067619,0.205298460041454,0.198807238717499,0.0064912213239553,0.000783656959250562,15.1763094545841,0.961385747676783,40
43.475,0.293111668403025,602.771410888545,602.478299220142,0.205155855056922,0.198807238717499,0.00634861633942313,0.000676152982374528,14.1763094545841,-0.00572718079304325,-40
43.5,-0.00052724810023391,602.771410888545,602.771938136645,0.204330817911747,0.198807238717499,0.00552357919424815,-0.000129670174361024,13.1763094545841,-1.02284010926287,-40
43.525,0.603617400982137,603.668603167606,603.064985766624,0.204316258140599,0.198819381881362,0.00549687625923728,-0.000103727081759014,14.1763094545841,0.0100469622673058,40
43.55,0.310084396553753,603.668603167606,603.358518771053,0.204995878590861,0.198819381881362,0.0061764967094988,0.00063464774238231,15.1763094545841,1.04293403379748,40
43.575,0.0161690884800701,603.668603167606,603.652434079126,0.204875070349384,0.198819381881362,0.00605568846802174,0.000553347848824715,14.1763094545841,0.0258211053276517,-40
43.6,0.597719442056417,604.544414650136,603.946695208079,0.20546364426828,0.198830272388558,0.00663337187972238,0.00116489866330421,15.1763094545841,1.00870817685783,40
43.625,0.303190065767993,604.544414650136,604.241224584368,0.20527192786811,0.198830272388558,0.00644165547955178,0.00101227404653556,14.1861873813702,0.0449560671525138,-39.6048829285537
43.65,0.00943221834293416,604.544414650136,604.534982431793,0.204405656539221,0.198830272388558,0.00557538415066283,0.000163953633156744,13.1861873813702,-0.978673969338958,-40
43.675,0.616711230776681,605.444810929871,604.828099699095,0.204357146011757,0.198840997621815,0.00551614838994244,0.000138937506464681,14.1861873813702,0.0317369759272318,40
43.7,0.323147777916177,605.444810929871,605.121663151955,0.20500949708549,0.198840997621815,0.00616849946367515,0.000824127714327327,15.1861873813702,1.04887261006362,40
43.725,0.0292320194943723,605.444810929871,605.415578910377,0.204867514900991,0.198840997621815,0.00602651727917589,0.000687998957742353,14.1861873813702,0.016008244200003,-40
43.75,0.615150532275719,606.324969439368,605.709818907093,0.205440574110512,0.198850375076307,0.00659019903420485,0.0012483228033153,15.1861873813702,0.989827311133379,40
43.775,0.320358850595352,606.324969439368,606.004610588773,0.205642927758398,0.198850375076307,0.00679255268209161,0.0014567644738534,14.7761393522783,0.603598348974837,-16.4019211636768
43.8,0.0258087971579028,606.324969439368,606.29916064221,0.205117116564559,0.198850375076307,0.00626674148825224,0.00091815143495827,13.7761393522783,-0.422582584091785,-40
43.825,0.574660213142576,607.168189230422,606.59352901728,0.205363356590859,0.198859100825296,0.00650425576556324,0.00117013694982326,14.7761393522783,0.601236482841591,40
43.85,0.280472773437635,607.168189230422,606.887716456985,0.204876585787087,0.198859100825296,0.00601748496179114,0.000709131643361754,13.7761393522783,-0.368798967895771,-40
43.875,-0.0125618505765768,607.168189230422,607.180751080999,0.203762928303015,0.198859100825296,0.00490382747771895,-0.00039665050721413,12.7761393522783,-1.38883441863313,-40
43.9,0.564460520427489,608.037287450414,607.472826929986,0.203508162519972,0.198868228081002,0.00463993443897029,-0.00065903324994987,13.7761393522783,-0.408869869370496,40
43.925,0.272289146874658,608.037287450414,607.764998303539,0.20387180227193,0.198868228081002,0.00500357419092839,-0.000281559774758716,14.6067040662644,0.45165939387827,33.222588559445
43.95,-0.0198609456585529,608.037287450414,608.057148396072,0.203488795235696,0.198868228081002,0.00462056715469455,-0.000667386958769139,13.6067040662644,-0.568376056859092,-40
43.975,0.540492528451428,608.889804384767,608.349311856315,0.203861886415916,0.198743528985637,0.00511835743027908,-0.000288303866126494,14.6067040662644,0.444879183758286,40
44,0.248336691199945,608.889804384767,608.641467693567,0.203488053016946,0.198743528985637,0.00474452403130896,-0.000648730482389531,13.6067040662644,-0.54186557562433,-40
44.025,-0.0428201240425008,608.889804384767,608.932624508809,0.202474657417758,0.198743528985637,0.00373112843212045,-0.00167736318536213,12.6067040662644,-1.57861033500695,-40
44.05,0.551702576271297,609.774661179164,609.222958602893,0.202309130079302,0.19875835115065,0.00355077892865205,-0.00187497282279289,13.6067040662644,-0.604194118380438,40
44.075,0.261065386210935,609.774661179164,609.513595792954,0.202870883548103,0.19875835115065,0.0041125323974523,-0.00132492879289331,14.6067040662644,0.42022209824608,40
44.1,-0.0298148277879299,609.774661179164,609.804476006952,0.202660550453631,0.19875835115065,0.00390219930298083,-0.00156445887395362,13.6067040662644,-0.605361685127401,-40
44.125,0.547858331940136,610.643457343219,610.095599011279,0.203184026415027,0.198771831614299,0.00441219480072738,-0.00105104488471247,14.6067040662644,0.418023912637848,40
44.15,0.256216907035046,610.643457343219,610.387240436184,0.2033862578424,0.198771831614299,0.00461442622810124,-0.000842353499344028,14.2450647959582,0.0800171882664876,-14.4655708122506
44.175,-0.0351883835914876,610.643457343219,610.678645726811,0.202867643413698,0.198771831614299,0.00409581179939844,-0.00137525400829777,13.2450647959582,-0.946350265798609,-40
44.2,0.569119610343372,611.539001999172,610.969882388828,0.203126725274757,0.198784748801105,0.00434197647365162,-0.00114822048818877,14.2450647959582,0.0272822801362939,40
44.225,0.277157144135322,611.539001999172,611.261844855036,0.203865519303495,0.198784748801105,0.00508077050238939,-0.000421777850060534,14.9777274840786,0.783577514191588,29.3065075248157
44.25,-0.0152784756857979,611.539001999172,611.554280474857,0.20380596130006,0.198784748801105,0.0050212124989546,-0.000511645017607781,13.9777274840786,-0.242789939873509,-40
44.275,0.567502862084065,612.414656399839,611.847153537754,0.204457180414726,0.198796798775952,0.00566038163877366,0.000119991653400042,14.9777274840786,0.768169875445827,40
44.3,0.27427530257341,612.414656399839,612.140381097265,0.204321527384362,0.198796798775952,0.00552472860841052,-1.56953874227983e-05,13.9777274840786,-0.206121509962136,-40
44.325,-0.018261157207559,612.414656399839,612.432917557046,0.203511448321424,0.198796798775952,0.00471464954547249,-0.000843855764779078,12.9777274840786,-1.2304128953701,-40
44.35,0.592605094568231,613.317496789486,612.724891694918,0.203518532115138,0.198809332791092,0.0047091993240464,-0.00086455108203648,13.9777274840786,-0.246610726566542,40
44.375,0.300109884400587,613.317496789486,613.017386905086,0.204225212607508,0.198809332791092,0.00541587981641573,-0.000193819571226217,14.9777274840786,0.737191442237015,40
44.4,0.00719161573926636,613.317496789486,613.310305173747,0.204135136984746,0.198809332791092,0.00532580419365386,-0.000361568299282106,13.9777274840786,-0.329006388959428,-40
44.425,0.595856883473986,614.199469832752,613.603612949278,0.204756979562781,0.198821087333085,0.00593589222969548,0.00018191006715948,14.9777274840786,0.654795779844128,40
44.45,0.301898465088903,614.199469832752,613.897571367663,0.205058783544551,0.198821087333085,0.00623769621146555,0.000436842068772897,14.6460998298889,0.352734412307639,-13.265106167588
44.475,0.00805780412714787,614.199469832752,614.191412028625,0.204619583748639,0.198821087333085,0.00579849641555358,-5.69772666254575e-05,13.6460998298889,-0.667699301039153,-40
44.5,0.617153629801405,615.102329483929,614.485175854128,0.20494030206311,0.198832649400192,0.0061076526629181,0.000229131842709868,14.6460998298889,0.349831409887802,40
44.525,0.322687797090711,615.102329483929,614.779641686838,0.205599550099612,0.198832649400192,0.00676690069941996,0.000871069385414674,15.1996607895233,0.92092308044923,22.142438385379
44.55,0.0278678332511671,615.102329483929,615.074461650678,0.205464256146889,0.198832649400192,0.00663160674669658,0.000698544598150636,14.1996607895234,-0.111546208623816,-40
44.575,0.6126003660385,615.982206385187,615.369606019149,0.206042949812935,0.198843700026827,0.00719924978610806,0.00122472373792368,15.1996607895233,0.85833551345498,40
44.6,0.317188535952324,615.982206385187,615.665017849235,0.205866123154447,0.198843700026827,0.00702242312761969,0.00101733055952186,14.2408855439741,-0.0805580100154462,-38.3510098219689
44.625,0.0225330957662616,615.982206385187,615.959673289421,0.205013529548326,0.198843700026827,0.0061698295214988,0.000118233836561871,13.2408855439741,-1.11067628793665,-40
44.65,0.632116381714023,616.885817088433,616.253700706719,0.204977099749259,0.198855237308912,0.00612186244034743,5.66660418080123e-05,14.2408855439741,-0.0907945658578548,40
44.675,0.337633831704015,616.885817088433,616.548183256729,0.205639079649775,0.198855237308912,0.0067838423408639,0.000723065748845009,15.2408855439741,0.945046174463285,40
44.7,0.0427945443873036,616.885817088433,616.843022544046,0.205503552709871,0.198855237308912,0.00664831540095989,0.000582487142596649,14.2408855439741,-0.0691130852155772,-40
44.725,0.628786641581231,617.766972347961,617.13818570638,0.20607988146549,0.198865794242383,0.00721408722310687,0.00114901493677233,15.2408855439741,0.921452816043176,40
44.75,0.333120003697841,617.766972347961,617.433852344263,0.206223871856824,0.198865794242383,0.00735807761444107,0.00130942204099491,14.7477947685968,0.462244509127616,-19.723631015093
44.775,0.0377829737911197,617.766972347961,617.72918937417,0.205644288176785,0.198865794242383,0.00677849393440266,0.000733869260129139,13.7477947685968,-0.55387302241062,-40
44.8,0.644106366370447,618.668368920156,618.024262553785,0.20584036914129,0.198876034020835,0.00696433512045469,0.00095327443308818,14.7477947685968,0.472843777413502,40
44.825,0.348433009105257,618.668368920156,618.319935911051,0.206474521029711,0.198876034020835,0.00759848700887644,0.00162728465414291,15.4240526001361,1.17581840877689,27.0503132615708
44.85,0.0524368478485636,618.668368920156,618.615932072307,0.206314545049449,0.198876034020835,0.00743851102861434,0.00148642717143557,14.4240526001361,0.152535208601009,-40.0000000000001
44.875,0.63524441033347,619.54746778422,618.912223373887,0.206869852514775,0.198885367182395,0.00798448533238036,0.00204303969676481,15.4240526001361,1.12925200842513,40.0000000000001
44.9,0.33873320346322,619.54746778422,619.208734580757,0.206642730983713,0.198885367182395,0.00775736380131786,0.0018367998206236,14.4240526001361,0.155968808249249,-40.0000000000001
44.925,0.0430392110607221,619.54746778422,619.504428573159,0.205746681478197,0.198885367182395,0.00686131429580222,0.000943449974231125,13.4240526001361,-0.867314391926631,-40
44.95,0.592330404931547,620.391774477372,619.79944407244,0.205673576815152,0.198894855842988,0.00677872097216348,0.000884101376091573,14.4240526001361,0.147690509427628,40
44.975,0.297678788057902,620.391774477372,620.094095689314,0.205246254621354,0.198894855842988,0.00635139877836582,0.00049156770162298,13.9054756291863,-0.339172251522653,-20.7430788379918
45,0.00410699565793773,620.391774477372,620.387667481714,0.204180472768829,0.198894855842988,0.00528561692584098,-0.000556409047345247,12.9054756291863,-1.35745804152314,-40
45.025,0.580623417028946,621.260961879639,620.68033846261,0.203963890799384,0.198904430796947,0.00505946000243709,-0.000767659601316167,13.9054756291863,-0.372588517560271,40
45.05,0.287773172116002,621.260961879639,620.973188707523,0.204409711130243,0.198904430796947,0.00550528033329567,-0.000300226635555734,14.8114351831126,0.557079584319804,36.2383821570541
45.075,-0.00515918391744961,621.260961879639,621.266121063556,0.20409354434464,0.198904430796947,0.00518911354769278,-0.000615858093970079,13.8114351831126,-0.469211867726464,-40
45.1,0.551892288575509,622.111042734177,621.559150445602,0.204520675127195,0.198779815114118,0.00574086001307644,-0.00017150277991751,14.8114351831126,0.554496680227264,40
45.125,0.258803824981086,622.111042734177,621.852238909196,0.204189546242499,0.198779815114118,0.00540973112838039,-0.000470546406930838,13.8114351831126,-0.420764152957741,-40
45.15,-0.0333379056113821,622.111042734177,622.144380639788,0.20320946558158,0.198779815114118,0.00442965046746135,-0.00144084611816944,12.8114351831126,-1.44602498614274,-40
45.175,0.556459953604423,622.99220037122,622.435740417616,0.203069710067472,0.198794606927516,0.00427510313995552,-0.00159006698785469,13.8114351831126,-0.471285819327745,40
45.2,0.264862728362108,622.99220037122,622.727337642858,0.203518763732458,0.198794606927516,0.00472415680494198,-0.00113221497598415,14.622428745608,0.364446909982637,32.4397424998153
45.225,-0.026825347401035,622.99220037122,623.019025718621,0.20320885078796,0.198794606927516,0.00441424386044326,-0.00145270332521236,13.622428745608,-0.660813923202363,-40
45.25,0.547237931179449,623.858060922324,623.310822991144,0.203644725333156,0.198808071183484,0.00483665414967233,-0.00101394681049194,14.622428745608,0.357170868160163,40
45.275,0.255219711295723,623.858060922324,623.602841211028,0.203524212076527,0.198808071183484,0.00471614089304309,-0.00111133759745924,13.9090554911138,-0.325544864355972,-28.5349301797691
45.3,-0.0361338845525095,623.858060922324,623.894194806876,0.202727194079043,0.198808071183484,0.00391912289555957,-0.00190289527684384,12.9090554911138,-1.34488734237788,-40
45.325,0.568669676598145,624.753680949769,624.185011273171,0.202746708419234,0.198821138024246,0.00392557039498839,-0.00189313627350537,13.9090554911138,-0.364229820399783,40
45.35,0.27730637104429,624.753680949769,624.476374578725,0.203466329715008,0.198821138024246,0.00464519169076194,-0.00116713949914266,14.9090554911138,0.658334147366795,40.0000000000001
45.375,-0.0145071646266134,624.753680949769,624.768188114396,0.203389946410655,0.198821138024246,0.00456880838640922,-0.00125827627527,13.9090554911138,-0.36910188486663,-40
45.4,0.570200454865315,625.630620698112,625.060420243247,0.204027150619819,0.198832939164454,0.00519421145536478,-0.000619077411736696,14.9090554911138,0.653462082899947,40
45.425,0.277388379026483,625.630620698112,625.353232319086,0.204206736966544,0.198832939164454,0.00537379780208982,-0.000423196924616592,14.3775314299083,0.144501989461026,-21.2609624482199
45.45,-0.0151553325928943,625.630620698112,625.645776030705,0.203667242771388,0.198832939164454,0.00483430360693313,-0.000969050981010938,13.3775314299083,-0.882934042772401,-40
45.475,0.594449402440493,626.532571141737,625.938121739296,0.203907379606376,0.198844498966826,0.00506288063955043,-0.000754220275728579,14.3775314299083,0.0902578574347962,40
45.5,0.301332471376174,626.532571141737,626.23123867036,0.204727045444159,0.198844498966826,0.00588254647733355,3.2354261454981e-05,15.2513188713742,0.949272774834171,34.9514976586369
45.525,0.00763698683081846,626.532571141737,626.524934154906,0.204735044703537,0.198844498966826,0.00589054573671099,-3.42259187725014e-05,14.2513188713742,-0.115499749232375,-40
45.55,0.593975338279401,627.413130743817,626.819155405538,0.205442843059348,0.198855224891205,0.00658761816814299,0.000598435283536369,15.2513188713742,0.869727726701077,40
45.575,0.299326024489776,627.413130743817,627.113804719327,0.205353968553025,0.198855224891205,0.00649874366181985,0.000467275288791119,14.2513188713742,-0.0973958085173112,-40
45.6,0.00530669480134389,627.413130743817,627.407824049016,0.204582712847137,0.198855224891205,0.0057274879559322,-0.000352929301557753,13.2513188713742,-1.1145193437357,-40
45.625,0.617469012260356,628.318801296537,627.701332284277,0.204622291561109,0.198866461547255,0.00575583001385349,-0.000338745283226888,14.2513188713742,-0.0898515547268856,40
45.65,0.323396940807743,628.318801296537,627.99540435573,0.205355713972354,0.198866461547255,0.00648925242509854,0.000389559959510427,15.2513188713742,0.934816234281929,40
45.675,0.0288668210578935,628.318801296537,628.289934475479,0.205287145774414,0.198866461547255,0.0064206842271585,0.000298456475514186,14.2513188713742,-0.09051597670926,-40
45.7,0.617885462105813,629.202768304642,628.584882842536,0.20592656889905,0.198876994886207,0.00704957401284284,0.00090053630220957,15.2513188713742,0.884151812299554,40
45.725,0.322467153444196,629.202768304642,628.880301151197,0.20596460268453,0.198876994886207,0.00708760779832274,0.0009202714364063,14.521493889473,0.174269458469575,-29.1929992760471
45.75,0.0275160663237739,629.202768304642,629.175252238318,0.205298973070347,0.198876994886207,0.00642197818413989,0.000217898296618807,13.521493889473,-0.855787913459227,-40
45.775,0.638829205032586,630.108656374352,629.46982716932,0.205425875452828,0.198887744778544,0.00653813067428374,0.000327286340836896,14.521493889473,0.164154714611972,40
45.8,0.343579521728631,630.108656374352,629.765076852623,0.206230582615381,0.198887744778544,0.00734283783683609,0.00113608789157138,15.521493889473,1.19126301132081,40.0000000000001
45.825,0.0477818045553526,630.108656374352,630.060874569797,0.206219501886144,0.198887744778544,0.00733175710759956,0.00111283889425215,14.521493889473,0.168371308029655,-40.0000000000001
45.85,0.63353094788313,630.990693815509,630.357162867626,0.206904683920434,0.198897698099899,0.00800698582053463,0.00177740326527406,15.521493889473,1.15317510374654,40.0000000000001
45.875,0.336853959741106,630.990693815509,630.653839855768,0.206790066340019,0.198897698099899,0.00789236824012024,0.00166994851221383,14.521493889473,0.187978899463423,-40.0000000000001
45.9,0.0408493650456149,630.990693815509,630.949844450464,0.205990965367908,0.198897698099899,0.00709326726800877,0.000867022754504759,13.521493889473,-0.827217304819693,-40
45.925,0.649361589049925,631.894655503888,631.245293914838,0.206001075927702,0.198908065556919,0.0070930103707835,0.000892169156357259,14.521493889473,0.197961302230355,40
45.95,0.353406509361721,631.894655503888,631.541248994527,0.206685822003395,0.198908065556919,0.00777775644647616,0.00161637194785516,15.4963765918482,1.20973451012542,38.995308095006
45.975,0.0570632542467336,631.894655503888,631.837592249642,0.206569906645336,0.198908065556919,0.00766184108841755,0.00152600537347264,14.4963765918482,0.196625015645331,-40.0000000000001
46,0.641708558187241,632.775995610012,632.134287051825,0.207163650353025,0.198917596630173,0.00824605372285192,0.00213342530367558,15.4963765918482,1.18351552116524,40.0000000000001
46.025,0.344745766431023,632.775995610012,632.431249843581,0.206969376939487,0.198917596630173,0.00805178030931383,0.00197539002032285,14.4963765918482,0.217250712721804,-40.0000000000001
46.05,0.0485598473430977,632.775995610012,632.727435762669,0.206101130667128,0.198917596630173,0.00718353403695485,0.00112783490871957,13.4963765918482,-0.79901409572164,-40
46.075,0.597847350366773,633.620823991768,633.022976641402,0.206051499723089,0.198927345520953,0.00712415420213663,0.00111489705462872,14.4963765918482,0.226724632281451,40
46.1,0.302721882348694,633.620823991768,633.31810210942,0.205536462952812,0.198927345520953,0.00660911743185896,0.000650256384330999,13.8247236227601,-0.419189608803556,-26.866118763524
46.125,0.00879717989059605,633.620823991768,633.612026811878,0.204394232982807,0.198927345520953,0.00546688746185442,-0.000464752688153131,12.8247236227601,-1.44345088080047,-40
46.15,0.584948495971817,634.489893121341,633.904944625369,0.204110877023829,0.198937452787775,0.00517342423605413,-0.000740776526094555,13.8247236227601,-0.467712152797377,40
46.175,0.291896859292339,634.489893121341,634.197996262048,0.204563441985119,0.198937452787775,0.00562598919734411,-0.00026306495131842,14.8247236227601,0.558026575205714,40.0000000000001
46.2,-0.00124029582691989,634.489893121341,634.491133417167,0.204250709783784,0.198937452787775,0.00531325699600918,-0.000570344274920725,13.8247236227601,-0.466234696791195,-40
46.225,0.554333620644713,635.338700390685,634.78436677004,0.204678591812146,0.198813345664601,0.00586524614754497,-0.000119053383440593,14.8247236227601,0.559504031211893,40
46.25,0.261045978560718,635.338700390685,635.077654412124,0.204345298863677,0.198813345664601,0.00553195319907634,-0.00040893402142278,13.8247236227601,-0.408002865332546,-40
46.275,-0.031286311147501,635.338700390685,635.369986701832,0.203360436549241,0.198813345664601,0.00454709088464028,-0.00136824383432735,12.8247236227601,-1.42550976187698,-40
46.3,0.555728034940576,636.217253363352,635.661525328411,0.203213924802352,0.198828592458747,0.00438533234360469,-0.00150460857129783,13.8247236227601,-0.443016658421423,40
46.325,0.26402713675841,636.217253363352,635.953226226593,0.203571414949947,0.198828592458747,0.00474282249119964,-0.00111539043541911,14.5169036624385,0.281656484712552,27.6872015871365
46.35,-0.0276377601695078,636.217253363352,636.244891123521,0.20317981662084,0.198828592458747,0.00435122416209255,-0.00149179921519249,13.5169036624385,-0.735850411831888,-40
46.375,0.543843953409709,637.080396092513,636.536552139103,0.20354293783456,0.198842503956785,0.00470043387777533,-0.00110006337431545,14.5169036624385,0.286364470922896,40
46.4,0.252012589423499,637.080396092513,636.82838350309,0.203425716937499,0.198842503956785,0.00458321298071343,-0.00117731154645337,13.9019112091118,-0.306413099649018,-24.599698133068
46.425,-0.039154425017635,637.080396092513,637.119550517531,0.202628468334334,0.198842503956785,0.00378596437754941,-0.00195988133136657,12.9019112091118,-1.33419821689423,-40
46.45,0.56272907705781,637.972905949949,637.410176872891,0.202645291424344,0.198855778759243,0.00378951266510075,-0.00194817981933521,13.9019112091118,-0.359148855438098,40
46.475,0.271561954072334,637.972905949949,637.701343995877,0.203360330705813,0.198855778759243,0.0045045519465704,-0.00122088220630792,14.9019112091118,0.665272573577412,40
46.5,-0.0200471905176746,637.972905949949,637.992953140467,0.203277520236744,0.198855778759243,0.00442174147750063,-0.00131155777251979,13.9019112091118,-0.360305997407075,-40
46.525,0.561740170187181,638.84671141393,638.284971243743,0.20390739827331,0.198867537602888,0.00503986067042228,-0.000671991031116481,14.9019112091118,0.664115431608435,40
46.55,0.269228636972927,638.84671141393,638.577482776957,0.203975119461419,0.198867537602888,0.00510758185853169,-0.000579665711874511,14.2217697512506,0.00839540276274206,-27.2056583144482
46.575,-0.0228661155334025,638.84671141393,638.869577529463,0.203338124553828,0.198867537602888,0.00447058695093996,-0.00121427114282177,13.2217697512506,-1.01718316822175,-40
46.6,0.585413775217476,639.746759787489,639.161346012271,0.20349387694632,0.198878969218201,0.00461490772811959,-0.00107522183865713,14.2217697512506,-0.0427617392062329,40
46.625,0.292919291830189,639.746759787489,639.453840495659,0.204329006719641,0.198878969218201,0.00545003750144071,-0.000267462502100246,15.2217697512506,0.939868365582077,40.0000000000001
46.65,-0.000176773473834891,639.746759787489,639.746936560963,0.204349849432908,0.198878969218201,0.00547088021470715,-0.000318045025546471,14.2217697512506,-0.127501529629614,-40
46.675,0.585742845300467,640.626321725291,640.040578879991,0.205069030665108,0.198889279381639,0.00617975128346887,0.00032687352392749,15.2217697512506,0.855128575158695,40
46.7,0.291653573528845,640.626321725291,640.334668151762,0.204990214374315,0.198889279381639,0.00610093499267519,0.000206248916103657,14.2217697512506,-0.112241320052994,-40
46.725,-0.00182330939001612,640.626321725291,640.628145034681,0.204228110265073,0.198889279381639,0.0053388308834334,-0.000604770397700793,13.2217697512506,-1.12961121526468,-40
46.75,0.61059598699039,641.531723996027,640.921128009037,0.204276873009087,0.198899877202415,0.00537699580667222,-0.000582864882904571,14.2217697512506,-0.106671203329397,40
46.775,0.317031450928021,641.531723996027,641.214692545099,0.205019995056087,0.198899877202415,0.00612011785367231,0.000152307189276557,15.2217697512506,0.916268808605897,40
46.8,0.0229904236823148,641.531723996027,641.508733572345,0.204961463084031,0.198899877202415,0.00606158588161609,6.71414111503288e-05,14.2217697512506,-0.110791179458812,-40
46.825,0.613282160533956,642.41649436494,641.803212204406,0.205611919912795,0.198909680303325,0.00670223960947058,0.000676352773569228,15.2217697512506,0.864087486241765,40
46.85,0.318240767147797,642.41649436494,642.098253597792,0.205760098834173,0.198909680303325,0.00685041853084786,0.000800366699205607,14.6328985792816,0.292399480965351,-23.554846878758
46.875,0.0235145998311383,642.41649436494,642.392979765109,0.20519115734306,0.198909680303325,0.00628147703973539,0.000187062796926013,13.6328985792816,-0.740417352342113,-40
46.9,0.635915252416367,643.323379363732,642.687464111316,0.205403812637874,0.198919553792954,0.00648425884492035,0.000373043518172383,14.6328985792816,0.276765814350426,40
46.925,0.34069473474154,643.323379363732,642.982684628991,0.206205939046814,0.198919553792954,0.00728638525386038,0.00117045921209791,15.5195194312277,1.19019502165587,35.464834077843
46.95,0.0449243711763566,643.323379363732,643.278454992556,0.206195488741091,0.198919553792954,0.00727593494813664,0.00113929724677422,14.5195194312277,0.167003377015239,-40.0000000000001
46.975,0.632546021417858,644.207267970292,643.574721948874,0.206884510531021,0.198928771253727,0.00795573927729337,0.0018006957027612,15.5195194312277,1.15341360754825,40.0000000000001
47,0.335880803654082,644.207267970292,643.871387166637,0.206776102159548,0.198928771253727,0.00784733090582032,0.0016937639564566,14.5195194312277,0.189823838081261,-40.0000000000001
47.025,0.0398756133126562,644.207267970292,644.167392356979,0.205985211694186,0.198928771253727,0.00705644044045867,0.000894484526880596,13.5195194312277,-0.823765931385726,-40
47.05,0.650919442571085,645.1137765963,644.462857153729,0.206005551601349,0.198938579727573,0.00706697187377572,0.000925061074082689,14.5195194312277,0.201275315772975,40
47.075,0.354919503396378,645.1137765963,644.758857092904,0.20671962325621,0.198938579727573,0.0077810435286369,0.00167102121747356,15.5195194312277,1.23431302648514,40.0000000000001
47.1,0.0584903101607514,645.1137765963,645.05528628614,0.206631280423382,0.198938579727573,0.00769270069580946,0.00159831021196594,14.5195194312277,0.217350737197315,-40.0000000000001
47.125,0.645645856303094,645.997751277998,645.352105421695,0.207251242451313,0.198947709328167,0.00830353312314625,0.00222006577074557,15.5195194312277,1.20038844790949,40.0000000000001
47.15,0.348523064914272,645.997751277998,645.649228213084,0.207081384332891,0.198947709328167,0.00813367500472365,0.00207515191279156,14.5195194312277,0.233426158621652,-40.0000000000001
47.175,0.0521443500411374,645.997751277998,645.945606927957,0.206235774666325,0.198947709328167,0.00728806533815779,0.00123950220857832,13.5195194312277,-0.783536130666178,-40
47.2,0.603352846322991,646.844723496818,646.241370650495,0.20620731796629,0.198957263300055,0.00725005466623524,0.0012403457962146,14.5195194312277,0.245474083355463,40
47.225,0.307946980000856,646.844723496818,646.536776516817,0.205752880980873,0.198957263300055,0.00679561768081841,0.000831854334873122,13.9071231453484,-0.33791198850219,-24.4958514351719
47.25,0.0136629409496741,646.844723496818,646.831060555868,0.204663297856436,0.198957263300055,0.00570603455638138,-0.000232364410630792,12.9071231453484,-1.35890177448055,-40
47.275,0.59047715918828,647.714882929424,647.124405770235,0.204425788792042,0.198967349291666,0.00545843950037653,-0.000462089838958624,13.9071231453484,-0.379891560458907,40
47.3,0.296979642525042,647.714882929424,647.417903286899,0.20486374345616,0.198967349291666,0.00589639416449481,3.54226678991876e-06,14.829576994737,0.571572502951339,36.8981539755442
47.325,0.00341941069175176,647.714882929424,647.711463518732,0.204538014779584,0.198967349291666,0.00557066548791882,-0.000312339884555424,13.829576994737,-0.449417283027017,-40
47.35,0.558840729585819,648.563939869893,648.005099140307,0.204954313067523,0.198843446954092,0.00611086611343065,0.000128629939454061,14.829576994737,0.572674977045693,40
47.375,0.265170478927333,648.563939869893,648.298769390966,0.20460992077728,0.198843446954092,0.00576647382318762,-0.000171211138443872,13.829576994737,-0.394954542180817,-40
47.4,-0.0275251830275462,648.563939869893,648.591465052921,0.203614145538079,0.198843446954092,0.00477069858398679,-0.00114031977391385,12.829576994737,-1.41258406140733,-40
47.425,0.558443548377337,649.44179158011,648.883348031733,0.203456934718332,0.198859077518932,0.00459785719940067,-0.00128620388431611,13.829576994737,-0.430213580633842,40
47.45,0.266456582112512,649.44179158011,649.175334997997,0.203750224782071,0.198859077518932,0.00489114726313949,-0.000961833803414386,14.4455019877913,0.215247414492575,24.6369997221711
47.475,-0.0254037731447165,649.44179158011,649.467195353255,0.203301265699075,0.198859077518932,0.00444218818014291,-0.00139774674234786,13.4455019877913,-0.805216583435285,-40
47.5,0.544703899353959,650.303674397472,649.758970498118,0.203613078805318,0.198873484899175,0.00473959390614295,-0.00105348871810451,14.4455019877913,0.224319418636854,40
47.525,0.252796215264823,650.303674397472,650.050878182207,0.203497932671727,0.198873484899175,0.00462444777255222,-0.00111965656318966,13.9002613227638,-0.291385244318507,-21.8096266011
47.55,-0.0384443793197222,650.303674397472,650.342118776792,0.20269957992023,0.198873484899175,0.00382609502105494,-0.00188985468066874,12.9002613227638,-1.31184924224637,-40
47.575,0.561129482326819,651.193941632856,650.632812150529,0.202712851461035,0.198887178763088,0.0038256726979467,-0.00186634744537328,13.9002613227638,-0.332313240174226,40
47.6,0.269904981860904,651.193941632856,650.924036650995,0.203422135712373,0.198887178763088,0.00453495694928419,-0.00112736878604811,14.9002613227638,0.697222761897913,40
47.625,-0.0217489218930766,651.193941632856,651.215690554749,0.203331236300897,0.198887178763088,0.00444405753780902,-0.00120692011161325,13.9002613227638,-0.323241236029949,-40
47.65,0.55701513075448,652.064753468867,651.507738338113,0.203951450938805,0.198899228908144,0.00505222203066083,-0.000564135869011773,14.9002613227638,0.695033173479667,40
47.675,0.264572404599069,652.064753468867,651.800181064268,0.203897019158254,0.198899228908144,0.00499779025011024,-0.000586508752631082,14.0613611903849,-0.125592549389605,-33.5560052951554
47.7,-0.0272875768321483,652.064753468867,652.092041045699,0.203152393411298,0.198899228908144,0.00425316450315458,-0.00132595998261592,13.0613611903849,-1.15731813987999,-40
47.725,0.578894375937816,652.962323275635,652.383428899697,0.20321353510775,0.198910937950055,0.00430259715769538,-0.00127908542554711,14.0613611903849,-0.183779446890874,40
47.75,0.286908377796178,652.962323275635,652.675414897839,0.203965527566448,0.198910937950055,0.00505458961639307,-0.00055132848822162,15.0613611903849,0.79944933895126,40
47.775,-0.00556694698839996,652.962323275635,652.967890222623,0.203912897390876,0.198910937950055,0.00500195944082141,-0.000671705991952126,14.0613611903849,-0.267321875206605,-40
47.8,0.579489363883703,653.840302687078,653.260813323194,0.204567602074807,0.198921354142416,0.00564624793239132,-8.71671997557943e-05,15.0613611903849,0.715906910635531,40
47.825,0.286063478801681,653.840302687078,653.554239208276,0.204625058469959,0.198921354142416,0.00570370432754308,-6.8476498375214e-05,14.3380793483421,0.023915200669592,-28.9312736817115
47.85,-0.00693082490201877,653.840302687078,653.84723351198,0.20397805034037,0.198921354142416,0.00505669619795396,-0.000762346281085569,13.3380793483421,-0.994794667253557,-40
47.875,0.603516985553363,654.743404619297,654.139887633744,0.204124493193825,0.198931567048623,0.0051929261452017,-0.000637836097797523,14.3380793483421,0.0322410972634482,40
47.9,0.310149860598541,654.743404619297,654.433254758699,0.204950744264093,0.198931567048623,0.00601917721547035,0.000187756553453766,15.3380793483421,1.05927686178045,40.0000000000001
47.925,0.0161937417528655,654.743404619297,654.727210877545,0.204962738360298,0.198931567048623,0.00603117131167502,0.000182334317576666,14.3380793483421,0.03631262629746,-40.0000000000001
47.95,0.603966729088393,655.62566803663,655.021701307541,0.205673642978566,0.198940732512841,0.00673291046572538,0.000861412669967032,15.3380793483421,1.01334839081446,40.0000000000001
47.975,0.309040688797004,655.62566803663,655.316627347833,0.205586713811009,0.198940732512841,0.00664598129816768,0.000758490443708099,14.3380793483421,0.0307822801578267,-40.0000000000001
48,0.0147377405825674,655.62566803663,655.610930296047,0.204816970619325,0.198940732512841,0.00587623810648358,-4.86175401518407e-05,13.3380793483421,-1.00178383049881,-40
48.025,0.628172779126598,656.532902616022,655.904729836896,0.204859026333457,0.19895022466172,0.00590880167173702,-2.7327366680735e-05,14.3380793483421,0.015650058844553,40
48.05,0.333799938735283,656.532902616022,656.199102677287,0.205596123821751,0.19895022466172,0.00664589916003108,0.000711168199239331,15.3380793483421,1.04445293156223,40.0000000000001
48.075,0.0389581295947278,656.532902616022,656.493944486428,0.205531846936702,0.19895022466172,0.00658162227498182,0.000632367645443194,14.3380793483421,0.0232558042799015,-40.0000000000001
48.1,0.630160303040841,657.419377610387,656.789217307346,0.206177356986982,0.198958961640862,0.00721839534611948,0.00124972902978626,15.3380793483421,1.00205867699758,40.0000000000001
48.125,0.334310255137607,657.419377610387,657.08506735525,0.206348458263538,0.198958961640862,0.00738949662267566,0.00141597219251877,14.7885430508431,0.481325252216259,-21.9814518999599
48.15,0.0387439406716307,657.419377610387,657.380633669716,0.20579902845564,0.198958961640862,0.00684006681477822,0.000846774042602555,13.7885430508431,-0.539871875066065,-40
48.175,0.651166679020222,658.327152288546,657.675985609525,0.206028793987491,0.198967779852821,0.00706101413466936,0.00107747644793577,14.7885430508431,0.486780803803056,40
48.2,0.355104292574144,658.327152288546,657.972047995971,0.206778003541602,0.198967779852821,0.00781022368878079,0.00184824773488787,15.577971711663,1.30688964018262,31.5771464327964
48.225,0.0585610612818904,658.327152288546,658.268591227264,0.206722301835761,0.198967779852821,0.00775452198293955,0.00179693134295153,14.577971711663,0.287569815742266,-40.0000000000001
48.25,0.646796025836957,659.212368671772,658.565572645935,0.207373190982788,0.198976078211001,0.00839711277178767,0.00243756307895338,15.577971711663,1.26824999130192,40.0000000000001
48.275,0.349465646762411,659.212368671772,658.862903025009,0.207232424461451,0.198976078211001,0.00825634625045052,0.00230900854080646,14.577971711663,0.298930166861567,-40.0000000000001
48.3,0.0528367501157201,659.212368671772,659.159531921656,0.206414371207008,0.198976078211001,0.00743829299600743,0.00148759536914631,13.577971711663,-0.72038965757878,-40
48.325,0.605603896428045,660.061190041412,659.455586144984,0.206412480904434,0.198852280780826,0.00756020012360717,0.00149830503279771,14.577971711663,0.302102590989047,40
48.35,0.309980858794193,660.061190041412,659.751209182618,0.205831619874177,0.198852280780826,0.00697933909335041,0.000948651973716214,13.7481464140568,-0.498312504100455,-33.1930119042502
48.375,0.0156449415891946,660.061190041412,660.045545099823,0.204636257537973,0.198852280780826,0.00578397675714715,-0.000234381097771935,12.7481464140568,-1.5189023015837,-40
48.4,0.595788454890259,660.934592301526,660.338803846635,0.204310798821351,0.198868912593954,0.00544188622739736,-0.000563589088343946,13.7481464140568,-0.539492099066942,40
48.425,0.302453160973813,660.934592301526,660.632139140552,0.204729985353461,0.198868912593954,0.00586107275950667,-0.000126904604883987,14.7481464140568,0.489918103449813,40
48.45,0.00907981521381892,660.934592301526,660.925512486312,0.204389947130122,0.198868912593954,0.00552103453616817,-0.000466065686814787,13.7481464140568,-0.530671694033431,-40
48.475,0.568210042088062,661.787152144005,661.218942101917,0.204795857386107,0.198751342668773,0.00604451471733358,-3.85073638852762e-05,14.7481464140568,0.498738508483326,40
48.5,0.274760637356112,661.787152144005,661.512391506649,0.204443700431768,0.198751342668773,0.00569235776299468,-0.00035114359510921,13.7481464140568,-0.471851288999916,-40
48.525,-0.0177022822925187,661.787152144005,661.804854426298,0.203442009566685,0.198751342668773,0.00469066689791159,-0.00133284772807252,12.7481464140568,-1.49244108648316,-40
48.55,0.571259228563139,662.667754128379,662.096494899816,0.203280526670106,0.198773114638558,0.00450741203154745,-0.0014910130758812,13.7481464140568,-0.513030883966407,40
48.575,0.279325921312888,662.667754128379,662.388428207066,0.203838798098512,0.198773114638558,0.00506568345995398,-0.000908727572507373,14.7481464140568,0.516379318550351,40
48.6,-0.0128291740329447,662.667754128379,662.680583302412,0.203616460265319,0.198773114638558,0.00484334562676103,-0.00112419695892158,13.7481464140568,-0.504210478932892,-40
48.625,0.556353002888119,663.529303518513,662.972950515624,0.204121969981649,0.198793154977027,0.00532881500462223,-0.000596833786118411,14.7481464140568,0.517639886843927,40
48.65,0.263789589961423,663.529303518513,663.265513928551,0.203913975999488,0.198793154977027,0.00512082102246098,-0.000762262756061727,13.8341541679989,-0.363240400874631,-36.559689842316
48.675,-0.027979038105917,663.529303518513,663.557282556618,0.203034549844626,0.198793154977027,0.00424139486759878,-0.00161629863564866,12.8341541679989,-1.38012844253529,-40
48.7,0.569995788462987,664.418387766464,663.848391978001,0.202976980855103,0.198812551425078,0.00416442943002537,-0.00166319489885566,13.8341541679989,-0.39701648419594,40
48.725,0.278453986651977,664.418387766464,664.139933779812,0.203623831548774,0.198812551425078,0.00481128012369642,-0.000987059417453778,14.8341541679989,0.630831190663903,40.0000000000001
48.75,-0.0134291596218575,664.418387766464,664.431816926085,0.203477048238839,0.198812551425078,0.00466449681376099,-0.00112356875659414,13.8341541679989,-0.391321134476258,-40
48.775,0.563987324807384,665.288002223307,664.7240148985,0.204047294079559,0.198830205358019,0.00521708872154042,-0.000524461648210017,14.8341541679989,0.636526540383583,40
48.8,0.271380548410672,665.288002223307,665.016621674896,0.204063603425762,0.198830205358019,0.00523339806774331,-0.000463443783682266,14.1616712476719,-0.0081087050835743,-26.89931681308
48.825,-0.0207322089599414,665.288002223307,665.308734432267,0.203376739622951,0.198830205358019,0.00454653426493221,-0.00112701035343318,13.1616712476719,-1.03026103022373,-40
48.85,0.582590171744636,666.183037213119,665.600447041374,0.203484879751765,0.198847053947278,0.00463782580448671,-0.000987209447465304,14.1616712476719,-0.0140713987562762,40
48.875,0.290221603746188,666.183037213119,665.892815609373,0.204274464151816,0.198847053947278,0.00542741020453796,-0.000155914373703298,15.1616712476719,1.00637260027102,40.0000000000001
48.9,-0.00268147136613281,666.183037213119,666.185718684485,0.204250826210066,0.198847053947278,0.00540377226278813,-0.000164240285462081,14.1616712476719,-0.0231834007016795,-40
48.925,0.578310786100144,667.057414792723,666.479104006623,0.204927652703991,0.198862223794064,0.00606542890992692,0.000507060323716974,15.1616712476719,0.949941252677171,40
48.95,0.284539310312463,667.057414792723,666.77287548241,0.204807720300775,0.198862223794064,0.00594549650671117,0.000398575921275762,14.1616712476719,-0.0269340939439763,-40
48.975,-0.00856163916013047,667.057414792723,667.065976431883,0.20400588488641,0.198862223794064,0.00514366109234615,-0.00041229588296926,13.1616712476719,-1.05380944056513,-40
49,0.59950494306483,667.958034024549,667.358529081484,0.204017501334535,0.198877072695813,0.00514042863872166,-0.000392444216432836,14.1616712476719,-0.030684787186273,40
49.025,0.306420239865753,667.958034024549,667.651613784683,0.204726324382643,0.198877072695813,0.00584925168683001,0.000339305128652073,15.1616712476719,0.992439866192579,40
49.05,0.0129041414919685,667.958034024549,667.945129883057,0.204635560823058,0.198877072695813,0.00575848812724486,0.000249020899806107,14.1616712476719,-0.034435480428573,-40
49.075,0.600193363105036,668.839236528234,668.239043165129,0.205257109065552,0.198890519975111,0.00636658909044077,0.000856053449725974,15.1616712476719,0.944908448774725,40
49.1,0.305808362231943,668.839236528234,668.533428166002,0.205303218728059,0.198890519975111,0.00641269875294739,0.000909634710243551,14.4640647172694,0.276645847575523,-27.9042612161001
49.125,0.0118699361876553,668.839236528234,668.827366592047,0.204645857774819,0.198890519975111,0.00575533779970772,0.000243565941540208,13.4640647172694,-0.744010223221178,-40
49.15,0.623823009259067,669.744774780389,669.12095177113,0.204783417444633,0.198903564364769,0.00587985307986338,0.000388468310088902,14.4640647172694,0.278273458302172,40
49.175,0.329536016821956,669.744774780389,669.415238763567,0.205601884934852,0.198903564364769,0.00669832057008249,0.00122945949918904,15.4640647172694,1.30270733367408,40.0000000000001
49.2,0.0346700542698715,669.744774780389,669.710104726119,0.205606612032368,0.198903564364769,0.0067030476675988,0.00123471786502158,14.4640647172694,0.277141209045979,-40.0000000000001
49.225,0.62374383904959,670.629240109513,670.005496270463,0.206311343003958,0.198915398882379,0.00739594412157879,0.00192107344031431,15.4640647172694,1.25157508441788,40.0000000000001
49.25,0.327924291042905,670.629240109513,670.30131581847,0.206218740276237,0.198915398882379,0.00730334139385846,0.00182879090772506,14.4640647172694,0.276008959789788,-40.0000000000001
49.275,0.0327344361980823,670.629240109513,670.596505673315,0.205444083728457,0.198915398882379,0.00652868484607774,0.00103551876240487,13.4640647172694,-0.74955716483831,-40
49.3,0.587902871294394,671.479089927719,670.891187056425,0.205482481884601,0.198927420694366,0.00655506119023458,0.00106833543794471,14.4640647172694,0.266771859827442,40
49.325,0.293438563830657,671.479089927719,671.185651363889,0.205146049818286,0.198927420694366,0.00621862912391993,0.000743210387404908,13.9303864529648,-0.242389452819521,-21.3471305721817
49.35,-7.16466911413416e-05,671.479089927719,671.47916157441,0.204163192925746,0.198927420694366,0.00523577223138028,-0.000248793628145172,12.9303864529648,-1.26787250116194,-40
49.375,0.581558888418047,672.353444552746,671.771885664328,0.204023776338331,0.19893986831598,0.00508390802235154,-0.000414798346837608,13.9303864529648,-0.293267488907881,40
49.4,0.28855745096459,672.353444552746,672.064887101781,0.204531834211157,0.19893986831598,0.00559196589517696,8.67062156017229e-05,14.8231602789027,0.624111349284052,35.7109530375148
49.425,-0.00460832370159065,672.353444552746,672.358052876447,0.204272065322481,0.19893986831598,0.00533219700650089,-0.000197325755974614,13.8231602789027,-0.401283638461887,-40
49.45,0.556445237320298,673.207834870638,672.651389633317,0.204751402725323,0.198818413264239,0.00593298946108381,0.00027757272329057,14.8231602789027,0.623321373792176,40
49.475,0.262983910024782,673.207834870638,672.944850960613,0.20446644864964,0.198818413264239,0.00564803538540135,5.22855358800478e-06,13.8231602789027,-0.35207361395376,-40
49.5,-0.0295869559626696,673.207834870638,673.2374218266,0.203526648552706,0.198818413264239,0.00470823528846687,-0.00094221303592229,12.8231602789027,-1.3774686016997,-40
49.525,0.562196850397472,674.091455569651,673.529258719254,0.203422836337115,0.198836768962326,0.00458606737478845,-0.00107092927963004,13.8231602789027,-0.402863589445639,40
49.55,0.270113045041181,674.091455569651,673.82134252461,0.203861154373079,0.198836768962326,0.00502438541075265,-0.000637272282258045,14.5743892459248,0.372970389830553,30.0491586808851
49.575,-0.0220373675071266,674.091455569651,674.113492937158,0.203539934178074,0.198836768962326,0.00470316521574757,-0.000980638284219376,13.5743892459248,-0.652424597915387,-40
49.6,0.551983863733866,674.957711431429,674.405727567696,0.203964772883866,0.198854066893743,0.00511070599012214,-0.000558357971095408,14.5743892459248,0.371504967515375,40
49.625,0.259557221433004,674.957711431429,674.698154209996,0.203828262032259,0.198854066893743,0.0049741951385158,-0.000675270335214223,13.8567991531228,-0.314595723116003,-28.7036037120831
49.65,-0.0321706886108802,674.957711431429,674.98988212004,0.203013028044246,0.198854066893743,0.00415896115050271,-0.00148675821014593,12.8567991531228,-1.3331063209453,-40
49.675,0.570600255931496,675.851636645987,675.281036390055,0.203013299111977,0.198871064346564,0.00414223476541284,-0.00149621879801745,13.8567991531228,-0.351616918774605,40
49.7,0.278937709276241,675.851636645987,675.57269893671,0.203711996706973,0.198871064346564,0.00484093236040867,-0.000783767851832234,14.8567991531228,0.679872483396098,40.0000000000001
49.725,-0.0131328785871808,675.851636645987,675.864769524574,0.203611023743531,0.198871064346564,0.00473995939696639,-0.000885706795599434,13.8567991531228,-0.338638114433204,-40
49.75,0.567335242413824,676.724548205013,676.157212962599,0.204221672140419,0.19888669122124,0.00533498091917961,-0.000264867178059874,14.8567991531228,0.676741395111554,40
49.775,0.274434982101353,676.724548205013,676.450113222912,0.204270553303727,0.19888669122124,0.00538386208248692,-0.000196158909769123,14.1809931813688,0.016314932902298,-27.0322388701606
49.8,-0.0180099040140329,676.724548205013,676.742558109027,0.203611322794767,0.19888669122124,0.00472463157352715,-0.000862154161847428,13.1809931813688,-1.01830555755294,-40
49.825,0.586969751060369,677.621604197676,677.034634446615,0.203742624543367,0.198901938723676,0.00484068581969083,-0.000753197772153047,14.1809931813688,-0.0427516077605173,40
49.85,0.294214455387294,677.621604197676,677.327389742288,0.204548405002853,0.198901938723676,0.00564646627917645,2.51221223465659e-05,15.1774707575094,0.94093796156493,39.8591030456254
49.875,0.000909927667963134,677.621604197676,677.620694270008,0.204536596567259,0.198901938723676,0.00563465784358314,-5.33742232664558e-05,14.1774707575094,-0.121850045250262,-40
49.9,0.581610548165057,678.496100327558,677.914489779393,0.205221349526077,0.198915842799727,0.00630550672635036,0.000565023867021591,15.1774707575094,0.863823764671081,40
49.925,0.287426002601727,678.496100327558,678.208674324957,0.205105209647063,0.198915842799727,0.00618936684733587,0.000415915216616602,14.1774707575094,-0.103183079759129,-40
49.95,-0.00608522650995953,678.496100327558,678.502185554068,0.204303324061581,0.198915842799727,0.00538748126185415,-0.00042524837117966,13.1774707575094,-1.12018992418934,-40
49.975,0.60032990765572,679.395470547088,678.795140639433,0.204311544589441,0.198929657415326,0.00538188717411528,-0.00043640748162857,14.1774707575094,-0.100993686828556,40
50,0.306855258263013,679.395470547088,679.088615288825,0.205013662459205,0.198929657415326,0.00608400504387924,0.000263364879512229,15.1774707575094,0.918202550532228,40
50.025,0.0129663707051206,679.395470547088,679.382504176383,0.204912765926333,0.198929657415326,0.00598310851100689,0.000139755306260425,14.1774707575094,-0.11260121210699,-40
50.05,0.597031062109418,680.273799994457,679.676768932347,0.205521393101306,0.19894216590959,0.00657922719171666,0.000711354724026697,15.1774707575094,0.861129419594639,40
50.075,0.302460974380421,680.273799994457,679.971339020076,0.205359444772268,0.19894216590959,0.0064172788626779,0.000530666064452734,14.2044886304414,-0.0943413515961646,-38.9192850827191
50.1,0.00862114044410121,680.273799994457,680.265178854013,0.204519279228557,0.19894216590959,0.00557711331896718,-0.000347559716960794,13.2044886304414,-1.12682999571899,-40
50.125,0.618845250497586,681.177261187824,680.558415937327,0.204496013251565,0.198954485478103,0.00554152777346206,-0.000390566182573132,14.2044886304414,-0.109318639841814,40
50.15,0.325126009402681,681.177261187824,680.852135178422,0.205172683668742,0.198954485478103,0.00621819819063937,0.000286910190485323,15.2044886304414,0.91525296371531,40.0000000000001
50.175,0.0310217699792001,681.177261187824,681.146239417845,0.205051750887276,0.198954485478103,0.00609726540917319,0.000149353882326231,14.2044886304414,-0.110175432727565,-40
50.2,0.619508452452326,682.060206089103,681.440697636651,0.205645251245366,0.198965492033568,0.00667975921179781,0.000713403550310326,15.2044886304414,0.867555413580017,40
50.225,0.324443385098066,682.060206089103,681.735762704005,0.205903694177916,0.198965492033568,0.0069382021443484,0.00096624722147326,14.848884335479,0.539681964925195,-14.2241717984962
50.25,0.0295460383452094,682.060206089103,682.030660050758,0.205425656076901,0.198965492033568,0.00646016404333299,0.000468004384098747,13.848884335479,-0.482587188767222,-40
50.275,0.639414911028144,682.964854811969,682.325439900941,0.205714673453196,0.198975862658265,0.0067388107949316,0.00075671292656937,14.848884335479,0.541678885693676,40
50.3,0.343943113702563,682.964854811969,682.620911698266,0.206376296240834,0.198975862658265,0.00740043358256942,0.00144062321196931,15.4419067255725,1.16707220095418,23.7208956037378
50.325,0.0481021511747902,682.964854811969,682.916752660794,0.206244472417727,0.198975862658265,0.00726860975946206,0.00131539284335475,14.4419067255725,0.149443126121223,-40.0000000000001
50.35,0.635843974140325,683.848781203301,683.212937229161,0.206830709326535,0.198985356175624,0.00784535315091106,0.00189466377781417,15.4419067255725,1.13181405128827,40.0000000000001
50.375,0.339357620200281,683.848781203301,683.509423583101,0.206677971079521,0.198985356175624,0.00769261490389755,0.00175811790779209,14.5034340561111,0.225624246397523,-37.5389067784528
50.4,0.0435806891778608,683.848781203301,683.805200514124,0.205850585066777,0.198985356175624,0.00686522889115346,0.000931729574365936,13.5034340561111,-0.792092889031909,-40
50.425,0.598626676599932,684.699026567331,684.100399890731,0.205843185415063,0.198995127159525,0.00684805825553778,0.000938018308832861,14.5034340561111,0.227108527751721,40
50.45,0.30366009036877,684.699026567331,684.395366476963,0.20552658825768,0.198995127159525,0.00653146109815514,0.000645900671887301,14.0553107844714,-0.201813327104413,-17.9249308655907
50.475,0.00961964111910815,684.699026567331,684.689406926212,0.204560268994567,0.198995127159525,0.00556514183504142,-0.000321697496203366,13.0553107844714,-1.23261191032078,-40
50.5,0.59120072950818,685.573886348986,684.982685619477,0.204435170167884,0.199005198015827,0.0054299721520574,-0.00046556671408518,14.0553107844714,-0.256797237765433,40
50.525,0.297660998257127,685.573886348986,685.276225350728,0.204903946625411,0.199005198015827,0.00589874860958428,4.36276892759602e-06,14.8739350108378,0.587641661156352,32.7449690546574
50.55,0.00400615056798081,685.573886348986,685.569880198418,0.204610767594488,0.199005198015827,0.00560556957866107,-0.000305551950848693,13.8739350108378,-0.436543666288301,-40
50.575,0.56570510427996,686.429370330753,685.863665226473,0.205062343686186,0.198881423230079,0.00618092045610713,0.000148895781139718,14.8739350108378,0.589271006267047,40
50.6,0.271828808558713,686.429370330753,686.157541522194,0.204754392428662,0.198881423230079,0.00587296919858349,-0.000138921255846275,13.8739350108378,-0.384238874354304,-40
50.625,-0.0211303802987083,686.429370330753,686.450500711051,0.203796023797014,0.198881423230079,0.00491460056693505,-0.00109729387574703,12.8739350108378,-1.40774875497565,-40
50.65,0.572132143420928,687.314837688185,686.742705544764,0.203677969111963,0.198897561577976,0.00478040753398734,-0.00123257217959252,13.8739350108378,-0.431258635597005,40
50.675,0.279632314814715,687.314837688185,687.03520537337,0.204191326716208,0.198897561577976,0.00529376513823204,-0.00071620474737763,14.7475653008195,0.468861773763332,34.9452115992676
50.7,-0.0130376155729222,687.314837688185,687.327875303758,0.20393596716248,0.198897561577976,0.00503840558450419,-0.000986104568975604,13.7475653008195,-0.55464810685802,-40
50.725,0.562115689373785,688.18283661611,687.620720926736,0.204419213197895,0.198912637804074,0.0055065753938203,-0.000505056837389495,14.7475653008195,0.460921441459966,40
50.75,0.26907070856099,688.18283661611,687.913765907549,0.204234025493424,0.198912637804074,0.00532138768934928,-0.000670550967187211,13.8861561746867,-0.368808243728885,-34.456365045311
50.775,-0.0232145505856021,688.18283661611,688.206051166695,0.203379053393241,0.198912637804074,0.00446641558916672,-0.00152194176938153,12.8861561746867,-1.38712880278496,-40
50.8,0.581357819564935,689.079071435662,688.497713616097,0.203347584615055,0.19892766648046,0.00441991813459497,-0.00156092256462509,13.8861561746867,-0.401703847106526,40
50.825,0.289226206507029,689.079071435662,688.789845229155,0.204021263517307,0.19892766648046,0.00509359703684659,-0.00087633791555497,14.8861561746867,0.623546668324248,40
50.85,-0.00328263879776749,689.079071435662,689.08235407446,0.203900709923196,0.19892766648046,0.0049730434427358,-0.00100504976404164,13.8861561746867,-0.401202816244978,-40
50.875,0.579597615278531,689.954809646863,689.375212031585,0.204496689394542,0.198941562005361,0.00555512738918115,-0.000398519741222431,14.8861561746867,0.624047699185792,40
50.9,0.286198546380936,689.954809646863,689.668611100482,0.204673814078826,0.198941562005361,0.00573225207346528,-0.000193661729580991,14.4094140861641,0.174094309357406,-19.0696835409051
50.925,-0.00691655851412262,689.954809646863,689.961726205377,0.20412602882958,0.198941562005361,0.005184466824219,-0.000733835161365382,13.4094140861641,-0.849116991948355,-40
50.95,0.598955836590741,690.853577505951,690.25462166936,0.20435448026066,0.198955098921089,0.00539938133957074,-0.0005148970247143,14.4094140861641,0.127671706745883,40
50.975,0.30538619919723,690.853577505951,690.548191306754,0.205062360237419,0.198955098921089,0.00610726131632966,0.000178556777129218,15.1448838552955,0.853727092780515,29.4187907652554
51,0.0113976130204672,690.853577505951,690.842179892931,0.204967541439769,0.198955098921089,0.00601244251867977,3.02869524821947e-05,14.1448838552955,-0.205687290316243,-40
51.025,0.593360350159292,691.729909174877,691.136548824717,0.205582193480456,0.198967702229205,0.00661449125125108,0.000589126007914026,15.1448838552955,0.779178705096687,40
51.05,0.298696533492416,691.729909174877,691.431212641384,0.205406527489684,0.198967702229205,0.00643882526047915,0.000387487599551567,14.1448838552955,-0.190489693831216,-40
51.075,0.00478635198790869,691.729909174877,691.725122822889,0.204554075950763,0.198967702229205,0.00558637372155857,-0.000500235689322004,13.1448838552955,-1.21015809275913,-40
51.1,0.612825940969558,692.631234201881,692.018408260911,0.204519438758649,0.198980500331776,0.00553893842687259,-0.000547429422481593,14.1448838552955,-0.186018060221753,40
51.125,0.319079835593827,692.631234201881,692.312154366287,0.205184958003375,0.198980500331776,0.00620445767159872,0.000125037554010249,15.1448838552955,0.83812197231562,40
51.15,0.0249706305089433,692.631234201881,692.606263571372,0.205052290549933,0.198980500331776,0.00607179021815704,-1.88801272872907e-05,14.1448838552955,-0.187737995147007,-40
51.175,0.610262394440973,693.510966274696,692.900703880255,0.20563336160208,0.198992128813171,0.00664123278890918,0.000535377017651939,15.1448838552955,0.786402037390364,40
51.2,0.315346055725913,693.510966274696,693.19562021897,0.205733183398491,0.198992128813171,0.00674105458532037,0.000627806404219278,14.581706697722,0.244205669603824,-22.5270863029384
51.225,0.0208159297203965,693.510966274696,693.490150344976,0.205115951190985,0.198992128813171,0.006123822377814,-1.51175931908942e-05,13.581706697722,-0.784813540609259,-40
51.25,0.628400745100857,694.412771062054,693.784370316953,0.20528240415737,0.199003330127792,0.00627907402957875,0.000144899618244154,14.581706697722,0.236167249177653,40
51.275,0.333527377702173,694.412771062054,694.079243684352,0.206015154135515,0.199003330127792,0.00701182400772307,0.000890101824037398,15.4318861083416,1.1107922214308,34.0071764247818
51.3,0.0381985647177601,694.412771062054,694.374572497336,0.205940066368094,0.199003330127792,0.00693673624030261,0.000808657667025037,14.4318861083416,0.085237783064391,-40.0000000000001
51.325,0.621938002528099,695.292250436752,694.670312434224,0.206570802592762,0.199013372156397,0.00755743043636545,0.001420807398478,15.4318861083416,1.06532474005245,40.0000000000001
51.35,0.325876508998677,695.292250436752,694.966373927754,0.206408687267601,0.199013372156397,0.00739531511120428,0.00126450996508493,14.4318861083416,0.0954116970405045,-40.0000000000001
51.375,0.0305443136727774,695.292250436752,695.26170612308,0.205568637985229,0.199013372156397,0.00655526582883242,0.000416165382036066,13.4318861083416,-0.924501345971439,-40
51.4,0.639816654722979,696.196253931573,695.55643727685,0.2055461123683,0.199023468539773,0.00652264382852691,0.000403530602546137,14.4318861083416,0.0990333374356784,40
51.425,0.344601127858735,696.196253931573,695.851652803714,0.206223717192218,0.199023468539773,0.0072002486524442,0.0011156487590735,15.4318861083416,1.13564946862973,40.0000000000001
51.45,0.04899843130846,696.196253931573,696.147255500264,0.206103635254296,0.199023468539773,0.00708016671452297,0.00101611921049252,14.4318861083416,0.122265599823784,-40.0000000000001
51.475,0.636580588975497,697.079795187066,696.443214598091,0.206698310074451,0.199032410653014,0.00766589942143722,0.00161926700248094,15.4318861083416,1.10888173101784,40.0000000000001
51.5,0.340225433991651,697.079795187066,696.739569753075,0.20666768957809,0.199032410653014,0.00763527892507562,0.00161697585123052,14.6606709679542,0.367669466052797,-30.8486056154952
51.525,0.0444202678844001,697.079795187066,697.035374919182,0.205942843329031,0.199032410653014,0.00691043267601715,0.000902405233105363,13.6606709679542,-0.652327658524869,-40
51.55,0.597114576741432,697.927851195258,697.330736618517,0.206021637592608,0.199041216413289,0.0069804211793186,0.00100405077814678,14.6606709679542,0.367966185160019,40
51.575,0.302029168628266,697.927851195258,697.62582202663,0.205564605328,0.199041216413289,0.00652338891471077,0.000580526799743214,13.9083337093429,-0.364077229766407,-30.0934903444526
51.6,0.00805748343868933,697.927851195258,697.919793711819,0.204476483158032,0.199041216413289,0.00543526674474298,-0.000500007144442705,12.9083337093429,-1.39378338608152,-40
51.625,0.58834747531249,698.801188956967,698.212841481654,0.204246032911249,0.199050449040394,0.00519558387085425,-0.000743689817246068,13.9083337093429,-0.421377050798742,40
51.65,0.295085341716008,698.801188956967,698.506103615251,0.204750525400267,0.199050449040394,0.0057000763598721,-0.00023540234305286,14.9083337093429,0.601029284484033,40
51.675,0.00166040911617255,698.801188956967,698.799528547851,0.204487023109963,0.199050449040394,0.0054365740695683,-0.000515540611392473,13.9083337093429,-0.426564380233192,-40
51.7,0.562327969777005,699.655452017514,699.093124047737,0.204963638758632,0.198925641076416,0.00603799768221627,-3.81797669367079e-05,14.9083337093429,0.595841955049582,40
51.725,0.268606713239304,699.655452017514,699.386845304275,0.204676643395904,0.198925641076416,0.0057510023194885,-0.000301977975264961,13.9083337093429,-0.370831138606979,-40
51.75,-0.0242269496822463,699.655452017514,699.679678967196,0.203735936387468,0.198925641076416,0.00481029531105245,-0.00123525459132909,12.9083337093429,-1.38750423226354,-40
51.775,0.568063203094462,700.539847325738,699.971784122643,0.203633308976915,0.198940595759289,0.00469271321762654,-0.00134399127327772,13.9083337093429,-0.4041773259201,40
51.8,0.275690714205399,700.539847325738,700.264156611532,0.204091044343666,0.198940595759289,0.00515044858437699,-0.000871661136722934,14.6826778951644,0.399748251510389,30.9737674328625
51.825,-0.0167810678384001,700.539847325738,700.556628393576,0.203788547846584,0.198940595759289,0.00484795208729505,-0.00117678697013399,13.6826778951644,-0.620670356880685,-40
51.85,0.558626751571562,701.407843608166,700.849216856594,0.204232521950276,0.198954529204968,0.00527799274530721,-0.000716172476012078,14.6826778951644,0.407595091378714,40
51.875,0.26582406238112,701.407843608166,701.142019545785,0.20410105589697,0.198954529204968,0.00514652669200191,-0.000814496356107031,13.944768838402,-0.30204851712433,-29.5163622704976
51.9,-0.0262939151610199,701.407843608166,701.434137523327,0.203293280774423,0.198954529204968,0.00433875156945476,-0.001609917676788,12.944768838402,-1.32378306886493,-40
51.925,0.578806187044376,702.304505568899,701.725699381855,0.203303933255969,0.19896831197368,0.0043356212822884,-0.0016046741341591,13.944768838402,-0.345517620605535,40
51.95,0.286715204218984,702.304505568899,702.01779036468,0.204015561387331,0.19896831197368,0.0050472494136512,-0.000878675580241434,14.944768838402,0.682747827653863,40.0000000000001
51.975,-0.0058071740506234,702.304505568899,702.31031274295,0.203929186432971,0.19896831197368,0.00496087445929103,-0.000968625098646009,13.944768838402,-0.338986724086738,-40
52,0.577689226323957,703.180922736816,702.603233510492,0.204556516202437,0.198980961034339,0.00557555516809785,-0.000331949561781619,14.944768838402,0.679657034756427,40
52.025,0.284251426318112,703.180922736816,702.896671310498,0.204668142221864,0.198980961034339,0.00568718118752512,-0.000195850199685321,14.3331301078999,0.0923816845878574,-24.465549220082
52.05,-0.00881890036689697,703.180922736816,703.189741637183,0.204066196041512,0.198980961034339,0.00508523500717281,-0.000795227656283343,13.3331301078999,-0.933254935078669,-40
52.075,0.598885701683396,704.081409503633,703.48252380195,0.204250546919489,0.198993464832384,0.0052570820871049,-0.000624324162908835,14.3331301078999,0.0448876415098567,40
52.1,0.305392524872771,704.081409503633,703.77601697876,0.205048735799436,0.198993464832384,0.00605527096705172,0.000151144535076447,15.2486304439845,0.944722122717642,36.6200134433816
52.125,0.0113581991167431,704.081409503633,704.070051304516,0.205033158596361,0.198993464832384,0.00603969376397717,7.00929316227172e-05,14.2486304439845,-0.120943732159116,-40
52.15,0.594683133894464,704.959256435595,704.3645733017,0.205717729671365,0.199005029784668,0.00671269988669718,0.000687655306042645,15.2486304439845,0.863390412964125,40
52.175,0.299771933177,704.959256435595,704.659484502418,0.205603553770629,0.199005029784668,0.00659852398596156,0.000540215769094798,14.2486304439845,-0.102275441912628,-40
52.2,0.00553149496902612,704.959256435595,704.953724940626,0.20480529722251,0.199005029784668,0.00580026743784159,-0.000297241713893059,13.2486304439845,-1.11794129678938,-40
52.225,0.614043483744398,705.861457117361,705.247413633617,0.204818735496108,0.199016891344323,0.00580184415178586,-0.000297572928308676,14.2486304439845,-0.0900883573659858,40
52.25,0.31982986245477,705.861457117361,705.541627254907,0.205526775013185,0.199016891344323,0.00650988366886265,0.000418565878185784,15.2486304439845,0.937764582057411,40
52.275,0.0251969109209214,705.861457117361,705.836260206441,0.205431363343342,0.199016891344323,0.00641447199901965,0.000315115902863483,14.2486304439845,-0.0843824785191894,-40
52.3,0.610255912613631,706.741529262247,706.131273349633,0.206045239821258,0.19902777969513,0.00701746012612847,0.000907201886469589,15.2486304439845,0.893470460904212,40
52.325,0.314921402107426,706.741529262247,706.426607860139,0.205905186975563,0.19902777969513,0.00687740728043307,0.000764655618446741,14.3012681779657,-0.031680261045676,-37.8944906407529
52.35,0.0202924946803036,706.741529262247,706.721236767567,0.205083000339188,0.19902777969513,0.00605522064405822,-7.838406595162e-05,13.3012681779657,-1.05946871697674,-40
52.375,0.629850062908195,707.645132356356,707.015282293448,0.205074485910581,0.199038746695197,0.00603573921538411,-8.84811816265485e-05,14.3012681779657,-0.0372571729077993,40
52.4,0.335308071212926,707.645132356356,707.309824285143,0.205762469924962,0.199038746695197,0.00672372322976511,0.0006190425288774,15.3012681779657,0.991506644742077,40.0000000000001
52.425,0.0403722282604634,707.645132356356,707.604760128096,0.205648900290024,0.199038746695197,0.0066101535948272,0.000508172941307838,14.3012681779657,-0.0297295376080446,-40
52.45,0.62648560138898,708.526539347726,707.900053746337,0.206246617816073,0.199048606783343,0.00719801103272991,0.00109416306697585,15.3012681779657,0.949034280041833,40
52.475,0.330719416270231,708.526539347726,708.195819931455,0.206324479378497,0.199048606783343,0.00727587259515422,0.00118288687120846,14.686135754615,0.362665674341051,-24.6052969340263
52.5,0.035367277103179,708.526539347726,708.491172070622,0.205688755871329,0.199048606783343,0.00664014908798599,0.000542409111084552,13.686135754615,-0.658570508009074,-40
52.525,0.64332645216682,709.429517603734,708.786191151567,0.205840094378863,0.199058176451797,0.00678191792706626,0.000708273213287564,14.686135754615,0.366956817927909,40
52.55,0.347673289457308,709.429517603734,709.081844314276,0.206559532976725,0.199058176451797,0.00750135652492823,0.00146549605954044,15.5349679044131,1.25102532540048,33.9532859919258
52.575,0.0515811457776593,709.429517603734,709.377936457956,0.206473412606463,0.199058176451797,0.00741523615466569,0.00140207324129035,14.5349679044131,0.236261683074908,-40.0000000000001
52.6,0.635892961530739,710.310319531961,709.67442657043,0.2070954591732,0.199066698579519,0.00802876059368141,0.00203381708258113,15.5349679044131,1.22149804074934,40.0000000000001
52.625,0.339091657647589,710.310319531961,709.971227874313,0.206926380934597,0.199066698579519,0.007859682355078,0.00189669359852407,14.5349679044131,0.254621906825881,-40.0000000000001
52.65,0.0430275689450331,710.310319531961,710.267291963016,0.206081070848755,0.199066698579519,0.00701437226923618,0.00106736259356791,13.5349679044131,-0.762254227097577,-40
52.675,0.59353132704016,711.156280871254,710.562749544214,0.20605506050468,0.199075372918802,0.00697968758587744,0.00107132456405595,14.5349679044131,0.260605450929789,40
52.7,0.298486454937839,711.156280871254,710.857794416316,0.205514418279211,0.199075372918802,0.0064390453604086,0.000572538158977759,13.7942161324069,-0.457286643049073,-29.6300708802491
52.725,0.00466942779907112,711.156280871254,711.151611443455,0.204352671819198,0.199075372918802,0.00527729890039597,-0.000572223817124767,12.7942161324069,-1.48442696502171,-40
52.75,0.583767583790785,712.028171701933,711.444404118142,0.20405746860664,0.199084443309439,0.00497302529720137,-0.000870422053172837,13.7942161324069,-0.509531745197376,40
52.775,0.290848860333351,712.028171701933,711.7373228416,0.204504928749325,0.199084443309439,0.00542048543988657,-0.000408216182106319,14.7942161324069,0.515363474626959,40
52.8,-0.00215471763686615,712.028171701933,712.03032641957,0.204190781236762,0.199084443309439,0.00510633792732368,-0.000727467473300797,13.7942161324069,-0.509741305548711,-40
52.825,0.557828472120446,712.881260153986,712.323431681865,0.204622669767524,0.198959310975328,0.00566335879219607,-0.00028282608505395,14.7942161324069,0.515153914275624,40
52.85,0.264658288644274,712.881260153986,712.616601865341,0.204295829432972,0.198959310975328,0.00533651845764355,-0.000580799289555012,13.7942161324069,-0.458634922550514,-40
52.875,-0.0275702453159869,712.881260153986,712.908830399301,0.203319468052052,0.198959310975328,0.00436015707672338,-0.00154952940467296,12.7942161324069,-1.48242375937665,-40
52.9,0.564472330536208,713.764754931086,713.20028260055,0.203185278879689,0.198973805204908,0.00421147367478156,-0.00169435002844612,13.7942161324069,-0.506212596202789,40
52.925,0.272678691633943,713.764754931086,713.492076239452,0.203773029271194,0.198973805204908,0.00479922406628663,-0.00109798980557385,14.7942161324069,0.519998566971073,40
52.95,-0.0193871636753563,713.764754931086,713.784142094762,0.203581071715,0.198973805204908,0.00460726651009216,-0.00129986768324608,13.7942161324069,-0.503790269855066,-40
52.975,0.554579088318997,714.631051446107,714.076472357788,0.204119356551198,0.198986940626764,0.00513241592443359,-0.000754471426385961,14.7942161324069,0.519562518976926,40
53,0.261976241437138,714.631051446107,714.36907520467,0.203975492415704,0.198986940626764,0.0049885517889395,-0.000869968814703498,13.9236758009228,-0.318003334259006,-34.8216132593662
53.025,-0.0299271478768514,714.631051446107,714.660978593984,0.203156772286227,0.198986940626764,0.00416983165946339,-0.00167710850473801,12.9236758009228,-1.33502885601078,-40
53.05,0.574030205137657,715.526343909313,714.952313704175,0.203158293961013,0.19899988706762,0.00415840689339295,-0.00167840258386029,13.9236758009228,-0.352054377762565,40
53.075,0.28217528252522,715.526343909313,715.244168626788,0.203862655937359,0.19899988706762,0.00486276886973919,-0.000956891201116805,14.9236758009228,0.677140904230614,40.0000000000001
53.1,-0.0101043262358074,715.526343909313,715.536448235549,0.203770545617582,0.19899988706762,0.00477065854996186,-0.00104970645593444,13.9236758009228,-0.343663813776209,-40
53.125,0.573225686786199,716.402347723842,715.829122037056,0.204393995360935,0.199011697117923,0.00538229824301201,-0.000411167626782422,14.9236758009228,0.67998796174462,40
53.15,0.280025132376879,716.402347723842,716.122322591465,0.204518837088832,0.199011697117923,0.00550713997090904,-0.000257704400088155,14.3342433228899,0.114207259232598,-23.577299121314
53.175,-0.0128290574663789,716.402347723842,716.415176781308,0.203929320955003,0.199011697117923,0.00491762383707997,-0.000841926924243813,13.3342433228899,-0.912140965246575,-40
53.2,0.595421003322788,717.303184179228,716.707763175905,0.204125917866107,0.199023312930513,0.00510260493559397,-0.000659956363475517,14.3342433228899,0.0615108102742511,40
53.225,0.302101886479335,717.303184179228,717.001082292748,0.204938536435703,0.199023312930513,0.00591522350518978,0.000125584949424135,15.2528216510112,0.960222119616184,36.7431331248504
53.25,0.00821882317963778,717.303184179228,717.294965356048,0.204936945877933,0.199023312930513,0.00591363294742014,5.14017780745002e-05,14.2528216510112,-0.109644899163147,-40
53.275,0.592642951615882,718.182001351995,717.589358400379,0.205635514488604,0.19903400585029,0.00660150863831413,0.0006734601775924,15.2528216510112,0.870488082057527,40
53.3,0.297838735253897,718.182001351995,717.884162616741,0.205535125521872,0.19903400585029,0.00650111967158146,0.000528252975058013,14.2528216510112,-0.0993789367218008,-40
53.325,0.00368373154328433,718.182001351995,718.178317620452,0.204750501773504,0.19903400585029,0.00571649592321319,-0.000308904144265404,13.2528216510112,-1.11924595550113,-40
53.35,0.613710862837948,719.085653032349,718.471942169512,0.204777749707101,0.199045065648037,0.00573268405906466,-0.000307073344256475,14.2528216510112,-0.0910078091204575,40
53.375,0.31954024005045,719.085653032349,718.766112792299,0.205499743967005,0.199045065648037,0.00645467831896829,0.000412814738778772,15.2528216510112,0.937230337260212,40
53.4,0.0249294763827908,719.085653032349,719.060723555967,0.205418076670274,0.199045065648037,0.00637301102223714,0.00031413567606639,14.2528216510112,-0.0845315163591175,-40
53.425,0.611686146257998,719.96742103328,719.355734887022,0.206045713149135,0.199055266652002,0.00699044649713218,0.000912075362942383,15.2528216510112,0.893706630021554,40
53.45,0.316301952657738,719.96742103328,719.651119080622,0.20596216098958,0.199055266652002,0.00690689433757785,0.0008230099688043,14.367156624686,0.0362797500770975,-35.426601053005
53.475,0.0215471498426319,719.96742103328,719.945873883437,0.205189809491435,0.199055266652002,0.00613454283943246,3.09902095571302e-05,13.367156624686,-0.985482103542231,-40
53.5,0.632255617637661,720.872368087389,720.240112469752,0.205225538293664,0.19906563352217,0.00615990477149345,6.68708049269551e-05,14.367156624686,0.0383361529068983,40
53.525,0.337461372976869,720.872368087389,720.534906714413,0.205952724535164,0.19906563352217,0.00688709101299387,0.000813522823495005,15.367156624686,1.06539090106893,40.0000000000001
53.55,0.0422213915476556,720.872368087389,720.830146695842,0.205873556720835,0.19906563352217,0.00680792319866469,0.000735466601115314,14.367156624686,0.0424456492309559,-40.0000000000001
53.575,0.628766911298703,721.754556702428,721.12578979113,0.206501610008075,0.199075040338857,0.00742656966921756,0.00134895389799655,15.367156624686,1.01950039739299,40.0000000000001
53.6,0.332695645739849,721.754556702428,721.421861056689,0.206491895741256,0.199075040338857,0.00741685540239911,0.00134625377054645,14.58889688358,0.268295404449006,-31.1303896442402
53.625,0.037155724129525,721.754556702428,721.717400978299,0.205781520982708,0.199075040338857,0.00670648064385021,0.000626462486292501,13.58889688358,-0.754649847388964,-40
53.65,0.6460858053725,722.658593334987,722.012507529615,0.205869326461818,0.199084457902195,0.00678486855962285,0.000725765045591492,14.58889688358,0.272404900773062,40
53.675,0.350353564492758,722.658593334987,722.308239770495,0.206640114518106,0.199084457902195,0.00755565661591076,0.00153316102112938,15.58889688358,1.30972383698427,40.0000000000001
53.7,0.0541164815266532,722.658593334987,722.604476853461,0.206597508547057,0.199084457902195,0.00751305064486155,0.00151371793356164,14.58889688358,0.297042773195476,-40.0000000000001
53.725,0.638482135545993,723.539649415842,722.901167280296,0.207256376362398,0.199092849102662,0.0081635272597359,0.00218421509845901,15.58889688358,1.28436170940669,40.0000000000001
53.75,0.341434507809702,723.539649415842,723.198214908032,0.207117877052776,0.199092849102662,0.00802502795011328,0.00208097950337682,14.58889688358,0.31964510382092,-40.0000000000001
53.775,0.0450865022936591,723.539649415842,723.494562913549,0.206297658181394,0.199092849102662,0.00720480907873175,0.001281277215188,13.58889688358,-0.695071501764841,-40
53.8,0.594394989502962,724.384729735828,723.790334746325,0.206292116074969,0.199101427507905,0.00719068856706404,0.00130845879883137,14.58889688358,0.325804764873489,40
53.825,0.299106236759125,724.384729735828,724.085623499069,0.205639355111078,0.199101427507905,0.00653792760317229,0.000698826082114107,13.6646902771801,-0.577525574888103,-36.9682642559969
53.85,0.00519745876357877,724.384729735828,724.379532277064,0.204380076507708,0.199101427507905,0.00527864899980232,-0.000543423302179352,12.6646902771801,-1.60664930824977,-40
53.875,0.58357675138712,725.255860773213,724.672284021825,0.203999938691301,0.199110601463584,0.00488933722771751,-0.000924520746203694,13.6646902771801,-0.629444853454948,40
53.9,0.290814969857322,725.255860773213,724.965045803355,0.204373150559079,0.199110601463584,0.00526254909549595,-0.00053278176203303,14.6646902771801,0.397759601339879,40
53.925,-0.00192967436692183,725.255860773213,725.25779044758,0.203993558654545,0.199110601463584,0.00488295719096196,-0.000912181806937501,13.6646902771801,-0.625035943865298,-40
53.95,0.557825560002849,726.10837231675,725.550546756747,0.204367802159072,0.198985566490972,0.0053822356680997,-0.000518568065864866,14.6646902771801,0.402168510929528,40
53.975,0.264993257251361,726.10837231675,725.843379059498,0.204113284825558,0.198985566490972,0.00512771833458597,-0.000735378736775455,13.8414858744416,-0.390973062672267,-32.9281761095396
54,-0.0269902262001375,726.10837231675,726.13536254295,0.203196861332998,0.198985566490972,0.0042112948420254,-0.00163343151281259,12.8414858744416,-1.41091023353557,-40
54.025,0.563589090390839,726.990235632578,726.426646542187,0.203112308608247,0.198999912468912,0.0041123961393349,-0.00171625640407116,13.8414858744416,-0.430847404398874,40
54.05,0.271900118684576,726.990235632578,726.718335513893,0.203740933575363,0.198999912468912,0.00474102110645161,-0.00106528511554574,14.8414858744416,0.599215424737825,40.0000000000001
54.075,-0.0201130898551101,726.990235632578,727.010348722433,0.203582090362626,0.198999912468912,0.00458217789371387,-0.00121916421417731,13.8414858744416,-0.420721746125479,-40
54.1,0.551424326687696,727.854092959704,727.302668633017,0.204147206645783,0.199012745399065,0.00513446124671735,-0.000638982988081294,14.8414858744416,0.595195909687205,40
54.125,0.258864174856384,727.854092959704,727.595228784848,0.203934112153399,0.199012745399065,0.00492136675433383,-0.000824570758538645,13.8414858744416,-0.383342928027755,-40
54.15,-0.0329035899431761,727.854092959704,727.886996549647,0.203054520318833,0.199012745399065,0.00404177491976782,-0.0017010258650558,12.8414858744416,-1.41188176574272,-40
54.175,0.569452965012235,728.747567831001,728.178114865989,0.203002805615745,0.199025406079567,0.0039773995361779,-0.00176487730413499,13.8414858744416,-0.432341717617904,40
54.2,0.27788532319203,728.747567831001,728.469682507809,0.203660743883872,0.199025406079567,0.00463533780430486,-0.00109725391651355,14.8414858744416,0.59719833050691,40
54.225,-0.0140458399859559,728.747567831001,728.761613670987,0.203527987854084,0.199025406079567,0.00450258177451709,-0.00123664205992183,13.8414858744416,-0.423261621368276,-40
54.25,0.568786383249764,729.622672564017,729.053886180767,0.204116282550226,0.199036846426541,0.00507943612368469,-0.000634040942601638,14.8414858744416,0.606278426756538,40
54.275,0.275947260085775,729.622672564017,729.346725303932,0.20432656688588,0.199036846426541,0.00528972045933906,-0.000391574471963863,14.417770985478,0.212103585917677,-16.948595558547
54.3,-0.0166605544146725,729.622672564017,729.639333118432,0.203809995634893,0.199036846426541,0.00477314920835206,-0.000895640639968553,13.417770985478,-0.808356365957509,-40
54.325,0.590777830680282,730.522550023376,729.931772192696,0.204069333010442,0.199047823231461,0.00502150977898125,-0.000640655346587471,14.417770985478,0.171183682167303,40
54.35,0.297608333976856,730.522550023376,730.2249416894,0.204816134811809,0.199047823231461,0.00576831158034852,8.86962244864009e-05,15.1646434592182,0.899491038872355,29.8748989496094
54.375,0.00395943799291853,730.522550023376,730.518590585384,0.204758659311316,0.199047823231461,0.00571083607985556,-3.23686761682651e-05,14.1646434592182,-0.169074078162831,-40
54.4,0.588720304382687,731.40139886252,730.812678558137,0.205410402285094,0.199057915497237,0.00635248678785666,0.000544194525799513,15.1646434592182,0.802223810620644,40
54.425,0.294280019583219,731.40139886252,731.107118842937,0.205270903687293,0.199057915497237,0.00621298819005611,0.0003545964521732,14.1646434592182,-0.176478300595882,-40
54.45,0.000537456966281604,731.40139886252,731.400861405554,0.204453894485455,0.199057915497237,0.005395978988218,-0.00052593903126491,13.1646434592182,-1.20518041181241,-40
54.475,0.612296531655549,732.306330714771,731.694034183115,0.204454980830496,0.199068390541364,0.00538659028913252,-0.000564861011130069,14.1646434592182,-0.183882523028935,40
54.5,0.318608688115776,732.306330714771,731.987722026655,0.205156424953966,0.199068390541364,0.00608803441260158,0.000119857031741055,15.1646434592182,0.841835255686075,40
54.525,0.0245044624544792,732.306330714771,732.281826252316,0.205058871678815,0.199068390541364,0.00599048113745096,-9.39261360030641e-06,14.1646434592182,-0.182446965598914,-40
54.55,0.613880974849461,733.190194517543,732.576313542694,0.205674992156588,0.199077995571817,0.00659699658477028,0.000562268565439672,15.1646434592182,0.7932708131161,40
54.575,0.318800999728963,733.190194517543,732.871393517814,0.205899012290513,0.199077995571817,0.00682101671869592,0.000765936769463821,14.7304503921785,0.384795524791464,-17.3677226815859
54.6,0.0239394414109422,733.190194517543,733.166255076133,0.205391626864211,0.199077995571817,0.00631363129239354,0.000223962200836259,13.7304503921785,-0.639486696493525,-40
54.625,0.634372109725774,734.095326954451,733.460954844725,0.205656051860753,0.199087421240144,0.00656863062060961,0.000476640379333065,14.7304503921785,0.386231082221485,40
54.65,0.338976746442802,734.095326954451,733.756350208008,0.206354795901445,0.199087421240144,0.00726737466130106,0.00118327419572897,15.4072949585875,1.08879342734545,27.073782656358
54.675,0.0431713013309836,734.095326954451,734.05215565312,0.206252709738327,0.199087421240144,0.00716528849818396,0.00107099716325282,14.4072949585875,0.0645112060604562,-40.0000000000001
54.7,0.629382107159514,734.977717927594,734.348335820435,0.206862793091877,0.199096206464075,0.00776658662780186,0.00165884543831896,15.4072949585875,1.04506834863415,40.0000000000001
54.725,0.332909973780306,734.977717927594,734.644807953814,0.206684119515265,0.199096206464075,0.00758791305119014,0.00148265695835295,14.4072949585875,0.0756254912078405,-40.0000000000001
54.75,0.0371919481716031,734.977717927594,734.940525979423,0.20583059165344,0.199096206464075,0.00673438518936498,0.000617891347456823,13.4072949585875,-0.943817366218466,-40
54.775,0.648255638624904,735.883877514444,735.235621875819,0.205797454862102,0.199105469325126,0.00669198553697545,0.000593014046065626,14.4072949585875,0.0813448151190716,40
54.8,0.352693852047766,735.883877514444,735.531183662396,0.206466199361675,0.199105469325126,0.00736073003654814,0.0012968511712409,15.4072949585875,1.12091412423251,40.0000000000001
54.825,0.0567624876798607,735.883877514444,735.827115026764,0.206337364322812,0.199105469325126,0.00723189499768603,0.00119117257401324,14.4072949585875,0.110483433345955,-40.0000000000001
54.85,0.644683241810478,736.768068483569,736.123385241759,0.206923652514176,0.19911385588782,0.00780979662635586,0.00179042009367111,15.4072949585875,1.1000527424594,40.0000000000001
54.875,0.347944566918596,736.768068483569,736.42012391665,0.207007129563704,0.19911385588782,0.00789327367588449,0.00190868949279974,14.8127747258412,0.538773630670043,-23.7808093098522
54.9,0.0516122666129319,736.768068483569,736.716456216956,0.206377129592109,0.19911385588782,0.00726327370428945,0.0012972381379194,13.8127747258412,-0.477985248373008,-40
54.925,0.601598784513808,737.614062064697,737.012463280184,0.206534609918546,0.199122153112524,0.00741245680602234,0.00148530430861302,14.8127747258412,0.542350497472707,40
54.95,0.305899391959675,737.614062064697,737.308162672738,0.205968135155325,0.199122153112524,0.00684598204280129,0.000959734321610589,13.8127747258412,-0.437313756681582,-40
54.975,0.0114675972502308,737.614062064697,737.602594467447,0.204782328049475,0.199122153112524,0.0056601749369514,-0.000211288705110502,12.8127747258412,-1.46697801083587,-40
55,0.58821326989174,738.48417781041,737.895964540518,0.204464716140629,0.199131133681913,0.00533358245871554,-0.00053322905168271,13.8127747258412,-0.491976809331671,40
55.025,0.294752792997565,738.48417781041,738.189425017413,0.204890680557558,0.199131133681913,0.00575954687564451,-9.30024047403888e-05,14.8127747258412,0.533024392172522,40
55.05,0.00124248992070979,738.48417781041,738.482935320489,0.204555010771422,0.199131133681913,0.00542387708950878,-0.000433461186969547,13.8127747258412,-0.491974406323282,-40
55.075,0.558174132022557,739.334686731165,738.776512599142,0.204965656055633,0.199006048735876,0.00595960731975712,-8.97715082184836e-06,14.8127747258412,0.533026795180911,40
55.1,0.264566700991171,739.334686731165,739.070120030174,0.204617079367598,0.199006048735876,0.00561103063172216,-0.000317907836610815,13.8127747258412,-0.427826829990885,-40
55.125,-0.0280638528288923,739.334686731165,739.362750583994,0.20361852112522,0.199006048735876,0.0046124723893439,-0.00128972472488245,12.8127747258412,-1.43868045516268,-40
55.15,0.560234125494535,740.214803706392,739.654569580897,0.203462155093195,0.199020571608544,0.00444158348465037,-0.0014304526463903,13.8127747258412,-0.449534080334477,40
55.175,0.268208098867895,740.214803706392,739.946595607524,0.203892208755086,0.199020571608544,0.00487163714654198,-0.000965016990417122,14.6192001714939,0.387958854306708,32.2570178261102
55.2,-0.0238753385767916,740.214803706392,740.238679044969,0.203561340018044,0.199020571608544,0.00454076840949935,-0.00127862172510448,13.6192001714939,-0.630973656704865,-40
55.225,0.547415891691251,741.078253829166,740.530837937475,0.203977497816922,0.199033772273552,0.0049437255433703,-0.000834623994117739,14.6192001714939,0.387503773932353,40
55.25,0.25510655178738,741.078253829166,740.823147277379,0.203785902952341,0.199033772273552,0.00475213067878924,-0.000989395637165824,13.8349986209402,-0.378220345984131,-31.3680620221481
55.275,-0.0364360671762172,741.078253829166,741.114689896342,0.202922861861776,0.199033772273552,0.00388908958822479,-0.00184294363936169,12.8349986209402,-1.40974291534691,-40
55.3,0.565408766496046,741.971011340851,741.405602574355,0.202883737969514,0.199046546517793,0.00383719145172159,-0.00189247643833623,13.8349986209402,-0.436181759931289,40
55.325,0.27403217165774,741.971011340851,741.696979169193,0.203550959878651,0.199046546517793,0.00450441336085855,-0.00121780346500927,14.8349986209402,0.587379395484334,40.0000000000001
55.35,-0.0177182637306612,741.971011340851,741.988729604581,0.203424440827809,0.199046546517793,0.00437789431001681,-0.00135659629808327,13.8349986209402,-0.43905944910004,-40
55.375,0.563898848436074,742.844727028274,742.280828179838,0.204016714642727,0.199057899235871,0.0049588154068558,-0.000758583085360087,14.8349986209402,0.584501706315581,40
55.4,0.271260478054395,742.844727028274,742.57346655022,0.20418696851482,0.199057899235871,0.00512906927894835,-0.000560155783702027,14.3512136253897,0.134414860361966,-19.3513998220233
55.425,-0.0210925172591966,742.844727028274,742.865819545533,0.203634712638549,0.199057899235871,0.00457681340267765,-0.00110005478343705,13.3512136253897,-0.881886990041067,-40
55.45,0.585476201822773,743.743432298231,743.157956096408,0.203862531320301,0.199068725335848,0.00479380598445309,-0.000873472218112264,14.3512136253897,0.1018111595559,40
55.475,0.292616758685947,743.743432298231,743.450815539545,0.204628118339535,0.199068725335848,0.00555939300368702,-0.000120795113990102,15.1645953990504,0.898891082813585,32.5352709464288
55.5,-0.000747374655425455,743.743432298231,743.744179672887,0.204585935753432,0.199068725335848,0.0055172104175843,-0.000220859295128412,14.1645953990504,-0.167410767589448,-40
55.525,0.583250002440061,744.621254110644,744.038004108204,0.205250431522552,0.199078499418079,0.00617193210447234,0.000378309771651431,15.1645953990504,0.810715304698923,40
55.55,0.289055192930703,744.621254110644,744.332198917714,0.20512144207913,0.199078499418079,0.00604294266105065,0.000212567319198248,14.1645953990504,-0.161158623012709,-40
55.575,-0.0044572992116131,744.621254110644,744.625711409856,0.204313172200673,0.199078499418079,0.00523467278259387,-0.000642961302314282,13.1645953990504,-1.18303255072434,-40
55.6,0.606825919591539,745.525493643819,744.918667724228,0.204321972699945,0.199088523789269,0.00523344891067515,-0.00069040448846247,14.1645953990504,-0.20490647843597,40
55.625,0.313341908979206,745.525493643819,745.21215173484,0.205030527440062,0.199088523789269,0.00594200365079278,-4.57611643365496e-05,15.1645953990504,0.7732195938524,40
55.65,0.0194295749096909,745.525493643819,745.506064068909,0.204939516138181,0.199088523789269,0.00585099234891159,-0.000242177345368411,14.1645953990504,-0.298654333859226,-40
55.675,0.608852471183098,746.40922353499,745.800371063807,0.205562149644118,0.199097609396624,0.00646454024749415,0.000274530977423526,15.1645953990504,0.679471738429145,40
55.7,0.313973109030779,746.40922353499,746.095250425959,0.205749195807536,0.199097609396624,0.00665158641091199,0.000386822058142916,14.6681977330988,0.206360780907255,-19.855906638063
55.725,0.0193581120658057,746.40922353499,746.389865422924,0.205211190653947,0.199097609396624,0.00611358125732364,-0.000234175061432862,13.6681977330988,-0.820352510663053,-40
55.75,0.630949864550763,747.315231239523,746.684281374973,0.205450868118696,0.19910653328982,0.00634433482887609,-4.95414486513246e-05,14.6681977330988,0.202934197766637,40
55.775,0.335806227532033,747.315231239523,746.979425011991,0.206213811130592,0.19910653328982,0.00710727784077173,0.0006860906401501,15.4648487419625,1.02826687629621,31.8660403545491
55.8,0.0401641446223502,747.315231239523,747.275067094901,0.206168156794075,0.19910653328982,0.00706162350425513,0.00060193184677701,14.4648487419625,0.00694854596205652,-40.0000000000001
55.825,0.62754108473683,748.198703122589,747.571162037852,0.206828315612101,0.199114731624765,0.00771358398733607,0.0012140310343742,15.4648487419625,0.985630215627902,40.0000000000001
55.85,0.331084758554293,748.198703122589,747.867618364034,0.206694076601966,0.199114731624765,0.00757934497720081,0.00105856862841927,14.4648487419625,0.0143118852937483,-40.0000000000001
55.875,0.035320692693682,748.198703122589,748.163382429895,0.205880192381083,0.199114731624765,0.0067654607563174,0.000211526605156359,13.4648487419625,-1.0070064450404,-40
55.9,0.647402704124088,749.105982540848,748.458579836724,0.205882854530683,0.199123429955932,0.00675942457475057,0.000201526311753741,14.4648487419625,0.0155265231353015,40
55.925,0.351689376026207,749.105982540848,748.754293164822,0.206584054575633,0.199123429955932,0.00746062461970096,0.000916691758989868,15.4648487419625,1.05096486642224,40.0000000000001
55.95,0.0555613217095195,749.105982540848,749.050421219139,0.206484531759795,0.199123429955932,0.00736110180386326,0.000819011215072635,14.4648487419625,0.0364032097091811,-40.0000000000001
55.975,0.64441672406413,749.991345699995,749.34692897593,0.207097591850899,0.199131367641969,0.0079662242089294,0.00142363617618643,15.4648487419625,1.02194216343472,40.0000000000001
56,0.34749727802117,749.991345699995,749.643848421973,0.207077784234214,0.199131367641969,0.00794641659224501,0.00141834398105961,14.6877318343064,0.275698753845632,-31.084676306246
56.025,0.0511199115821046,749.991345699995,749.940225788412,0.206360800918818,0.199131367641969,0.00722943327684913,0.000700606015432009,13.6877318343064,-0.743427748087308,-40
56.05,0.662189090684015,750.898352708903,750.236163618219,0.20644536049365,0.199139500373085,0.00730586012056489,0.000806342841763452,14.6877318343064,0.287445749979746,40
56.075,0.365628079114229,750.898352708903,750.532724629789,0.207215403472413,0.199139500373085,0.00807590309932785,0.00161638657650121,15.6877318343064,1.31831924804681,40.0000000000001
56.1,0.0685623029066737,750.898352708903,750.829790405996,0.207173536007266,0.199139500373085,0.00803403563418101,0.00159570813741383,14.6877318343064,0.299192746113863,-40.0000000000001
56.125,0.6548546731835,751.782166017515,751.127311344331,0.207834716291247,0.19914682262771,0.00868789366353745,0.00226223692520619,15.6877318343064,1.28041448298056,40.0000000000001
56.15,0.356973553122879,751.782166017515,751.425192464392,0.207699162418979,0.19914682262771,0.00855233979126913,0.00215346756737084,14.6877318343064,0.311636219847257,-40.0000000000001
56.175,0.059788443249706,751.782166017515,751.722377574265,0.206882412063025,0.19914682262771,0.00773558943531502,0.00134691827102074,13.6877318343064,-0.707142043286047,-40
56.2,0.609998407972197,752.628989095754,752.018990687782,0.206881018657542,0.199021676076254,0.00785934258128815,0.00137606288559383,14.6877318343064,0.323432141311187,40
56.225,0.313903166038103,752.628989095754,752.315085929716,0.206179251895618,0.199021676076254,0.00715757581936463,0.00073107256531918,13.6877318343064,-0.63340361574037,-40
56.25,0.0192545341907491,752.628989095754,752.609734561564,0.20487833987611,0.199021676076254,0.00585666379985583,-0.000525552660070316,12.6877318343064,-1.64023937279193,-40
56.275,0.59827687529187,753.501446045299,752.903169170007,0.204463040136037,0.199037003335828,0.0054260368002082,-0.000907268574760339,13.6877318343064,-0.647075129843481,40
56.3,0.304881372447349,753.501446045299,753.196564672852,0.204806123186668,0.199037003335828,0.00576911985084014,-0.000508366325329329,14.6877318343064,0.391005388326554,40
56.325,0.0115463039880585,753.501446045299,753.489899741311,0.204399895711437,0.199037003335828,0.00536289237560833,-0.000874721484576624,13.6877318343064,-0.620914093503408,-40
56.35,0.571195624214423,754.354403511669,753.783207887454,0.20475075292299,0.198917889305365,0.00583286361762539,-0.000475801501960471,14.6877318343064,0.398441612063318,40
56.375,0.277810967900218,754.354403511669,754.076592543769,0.204523212362841,0.198917889305365,0.00560532305747594,-0.000648290734200113,13.9336798939121,-0.336254622764281,-30.162077615773
56.4,-0.0147565379460179,754.354403511669,754.369160049615,0.203628352423388,0.198917889305365,0.00471046311802356,-0.00151710090158141,12.9336798939121,-1.36689891719755,-40
56.425,0.574162529928789,755.235215314747,754.661052784818,0.203561021761734,0.198937852023904,0.00462316973782978,-0.00157421786036238,13.9336798939121,-0.384649303897978,40
56.45,0.281848250835094,755.235215314747,754.953367063912,0.204199936519872,0.198937852023904,0.00526208449596766,-0.000903711503042887,14.929655476368,0.643575891857547,39.8390232982381
56.475,-0.0107991858770897,755.235215314747,755.246014500624,0.204047501477233,0.198937852023904,0.00510964945332942,-0.00104125389601534,13.929655476368,-0.374174494842877,-40
56.5,0.557898636619061,756.096871515816,755.538972879197,0.204616121762701,0.198955987643273,0.0056601341194279,-0.000439512815154725,14.929655476368,0.654646267153329,40
56.525,0.264700046353804,756.096871515816,755.832171469462,0.204403341462575,0.198955987643273,0.00544735381930253,-0.000599724062101042,13.929655476368,-0.310960893541866,-40
56.55,-0.0277021636665304,756.096871515816,756.124573679482,0.203521411840139,0.198955987643273,0.00456542419686623,-0.00144745023024376,12.929655476368,-1.32656805423706,-40
56.575,0.570673824587762,756.986993421186,756.416319596598,0.203465611158294,0.198973621735016,0.00449198942327772,-0.00148482531155569,13.929655476368,-0.342175214932257,40
56.6,0.278494757234074,756.986993421186,756.708498663952,0.204108032547487,0.198973621735016,0.00513441081247043,-0.000802583499090431,14.9157259243825,0.678288072387077,39.4428179205812
56.625,-0.014023500676306,756.986993421186,757.001016921862,0.203959146862744,0.198973621735016,0.0049855251277274,-0.000928363077317002,13.9157259243825,-0.337319088308118,-40
56.65,0.564669025113843,757.858521282577,757.293852257463,0.204531473754021,0.198989676403285,0.00554179735073668,-0.000320587587575027,14.9157259243825,0.685280423119705,40
56.675,0.271573877334401,757.858521282577,757.586947405243,0.204340628841877,0.198989676403285,0.00535095243859182,-0.000465488013053933,13.9416280151611,-0.266217974673952,-38.9639163688593
56.7,-0.0207553330846393,757.858521282577,757.879276615662,0.203478138141582,0.198989676403285,0.00448846173829726,-0.00130806722877358,12.9416280151611,-1.29361846324613,-40
56.725,0.586530768215894,758.757507415827,758.170976647611,0.203439718889175,0.199005343417754,0.00443437547142056,-0.00134444755862012,13.9416280151611,-0.314645949029821,40
56.75,0.294366135476611,758.757507415827,758.46314128035,0.204107515103371,0.199005343417754,0.00510217168561736,-0.000689940331610434,14.9416280151611,0.664326565186488,40.0000000000001
56.775,0.0018275444201989,758.757507415827,758.755679871407,0.20398104317863,0.199005343417754,0.00497569976087572,-0.00087780263874096,13.9416280151611,-0.406700920597205,-40
56.8,0.588352161328025,759.63691845851,759.048566297182,0.204573264154696,0.199019561168384,0.00555370298631186,-0.000353192904346572,14.9416280151611,0.572271593619105,40
56.825,0.29480713368124,759.63691845851,759.342111324828,0.204905804769586,0.199019561168384,0.00588624360120252,-5.86419015060069e-05,14.6906205192935,0.350236611967818,-10.0402998347037
56.85,0.00133290800039853,759.63691845851,759.635585550509,0.204492023485573,0.199019561168384,0.00547246231718948,-0.000520040717001485,13.6906205192935,-0.670790873815872,-40
56.875,0.60934015185459,760.538366754087,759.929026602233,0.204838201498239,0.199032940170879,0.00580526132736023,-0.000200882967280935,14.6906205192935,0.349444515022016,40
56.9,0.315189069885656,760.538366754087,760.223177684202,0.205474306415748,0.199032940170879,0.00644136624486938,0.000430117565411448,15.1748642099795,0.860072296036125,19.3697476274431
56.925,0.0207060937472732,760.538366754087,760.51766066034,0.205320390608368,0.199032940170879,0.0062874504374888,0.000254867754786586,14.1748642099795,-0.163543613635845,-40
56.95,0.606540761498957,761.418995867666,760.812455106167,0.205888825773165,0.199045408429835,0.00684341734332961,0.000788051972639314,15.1748642099795,0.812840476692184,40
56.975,0.311433849292955,761.418995867666,761.107562018373,0.205772760035162,0.199045408429835,0.00672735160532673,0.000659720453365098,14.3120182621142,-0.023721991283724,-34.5138379146135
57,0.0169928526512543,761.418995867666,761.402003015015,0.204975022107051,0.199045408429835,0.00592961367721526,-0.000165571466945486,13.3120182621142,-1.04743851139429,-40
57.025,0.628942575529818,762.32484398168,761.695901406151,0.204992662747076,0.199057991066007,0.0059346716810692,-0.000153599656755987,14.3120182621142,-0.0211550315048651,40
57.05,0.334505358684236,762.32484398168,761.990338622996,0.205708336472327,0.199057991066007,0.0066503454063199,0.000575152604334828,15.3120182621142,1.00512844838456,40.0000000000001
57.075,0.0396312772637491,762.32484398168,762.285212704417,0.205622586541509,0.199057991066007,0.00656459547550253,0.000483564240347706,14.3120182621142,-0.0185880717260045,-40
57.1,0.629113089075114,763.209601015246,762.580487926171,0.206249291746611,0.199069453641393,0.00717983810521744,0.00109601056872641,15.3120182621142,0.968809875639694,40
57.125,0.333277230099479,763.209601015246,762.876323785147,0.20641677235268,0.199069453641393,0.0073473187112873,0.0012767775117716,14.7837513771935,0.477592699285038,-21.1306753968288
57.15,0.0377322957260268,763.209601015246,763.17186871952,0.205861382952341,0.199069453641393,0.0067919293109478,0.000723312193269432,13.7837513771935,-0.535357592148897,-40
57.175,0.648333940794548,764.115525296042,763.467191355247,0.206085952680028,0.199080664461172,0.00700528821885643,0.000966251946717372,14.7837513771935,0.489079215071265,40
57.2,0.352330485862378,764.115525296042,763.763194810179,0.206799461755109,0.199080664461172,0.00771879729393696,0.00171270234054663,15.528831265654,1.25924346302144,29.8031955384218
57.225,0.0558946610846463,764.115525296042,764.059630634957,0.206710811383102,0.199080664461172,0.0076301469219307,0.0016345253699292,14.528831265654,0.234327822511061,-40.0000000000001
57.25,0.642752710500245,764.999214937159,764.356462226658,0.207333955171665,0.199091077125919,0.00824287804574664,0.00224892518748415,15.528831265654,1.20941218200069,40.0000000000001
57.275,0.345609150822763,764.999214937159,764.653605786336,0.207167489802891,0.199091077125919,0.00807641267697259,0.00209228124602354,14.528831265654,0.23449654149031,-40.0000000000001
57.3,0.0492006745187436,764.999214937159,764.95001426264,0.206325707668673,0.199091077125919,0.00723463054275447,0.00124129229711692,13.528831265654,-0.790419099020064,-40
57.325,0.601351240824615,765.847170629099,765.245819388275,0.206304596970733,0.199101860209654,0.00720273676107983,0.00122925929140258,14.528831265654,0.234025121848361,40
57.35,0.305909295615014,765.847170629099,765.541261333484,0.205831563440809,0.199101860209654,0.00672970323115546,0.000794113534071494,13.8783162807909,-0.373320829543079,-26.020599394527
57.375,0.0116096575619968,765.847170629099,765.835560971537,0.204727387755512,0.199101860209654,0.00562552754585896,-0.000282435033131245,12.8783162807909,-1.38015179607134,-40
57.4,0.59048595003074,766.719394367426,766.128908417396,0.204481712553158,0.19911310499728,0.00536860755587837,-0.000509237809519419,13.8783162807909,-0.386982762599608,40
57.425,0.296952099445656,766.719394367426,766.422442267981,0.204971059639514,0.19911310499728,0.00585795464223446,1.74774178837434e-05,14.8783162807909,0.643292363139281,40
57.45,0.00328473922987068,766.719394367426,766.716109628196,0.204690567770725,0.19911310499728,0.00557746277344567,-0.000244749773660041,13.8783162807909,-0.376432511121834,-40
57.475,0.560784924043663,767.570701608517,767.009916684474,0.205149661165198,0.198990149831026,0.00615951133417222,0.000242595142128516,14.8783162807909,0.641458387946574,40
57.5,0.26688488154292,767.570701608517,767.303816726974,0.204842874956142,0.198990149831026,0.00585272512511661,-2.49560972769569e-05,13.8783162807909,-0.337221861681647,-40
57.525,-0.0260919833096356,767.570701608517,767.596793591827,0.203880200028969,0.198990149831026,0.00489005019794367,-0.000973932983314579,12.8783162807909,-1.36590211130987,-40
57.55,0.561572409109683,768.45057716268,767.889004753571,0.20375494916693,0.19900687557431,0.00474807359261933,-0.00110396781435407,13.8783162807909,-0.389787691867771,40
57.575,0.26924432119256,768.45057716268,768.181332841488,0.204035966227189,0.19900687557431,0.00502909065287846,-0.00080855360297713,14.43373758174,0.191748028523451,22.2168520379649
57.6,-0.022940277165362,768.45057716268,768.473517439846,0.203576579068473,0.19900687557431,0.00456970349416275,-0.0012720679977152,13.43373758174,-0.832137552034447,-40
57.625,0.548686433891332,769.314290395609,768.765603961718,0.203882183589252,0.199022499226261,0.00485968436299128,-0.000951457852921445,14.43373758174,0.193976867407653,40
57.65,0.256451446391533,769.314290395609,769.057838949218,0.203796672723587,0.199022499226261,0.00477417349732645,-0.000997330217979431,13.938253635576,-0.263599331437202,-19.8193578465575
57.675,-0.0351536899954787,769.314290395609,769.349444085605,0.203022976091927,0.199022499226261,0.0040004768656666,-0.00174527373697178,12.938253635576,-1.27569158411812,-40
57.7,0.565144320954556,770.205678515895,769.64053419494,0.20305920208603,0.19903743911883,0.00402176296720039,-0.00169519125776577,13.938253635576,-0.287783836799038,40
57.725,0.273494155898737,770.205678515895,769.932184359996,0.203789477729488,0.19903743911883,0.00475203861065845,-0.000930747402786675,14.938253635576,0.743750907731559,40.0000000000001
57.75,-0.0186091472382777,770.205678515895,770.224287663133,0.203714658010834,0.19903743911883,0.00467721889200406,-0.000989005640849694,13.938253635576,-0.274714347737844,-40
57.775,0.55970200400654,771.07650579647,770.516803792464,0.20434931576617,0.199050758026605,0.00529855773956547,-0.000325842009438582,14.938253635576,0.745488452973324,40
57.8,0.266846215116567,771.07650579647,770.809659581354,0.204210156465683,0.199050758026605,0.00515939843907801,-0.000426308339530335,13.9638591804241,-0.208703201467494,-38.9757782060796
57.825,-0.0253095046589664,771.07650579647,771.101815301129,0.203390293865854,0.199050758026605,0.0043395358392494,-0.00123375790536315,12.9638591804241,-1.23850040075633,-40
57.85,0.58040788341547,771.973803846346,771.393395962931,0.203386938761822,0.19906384980527,0.00432308895655231,-0.00124440409513144,13.9638591804241,-0.264268676430228,40
57.875,0.288318367967325,771.973803846346,771.685485478379,0.204083304459585,0.19906384980527,0.0050194546543148,-0.000566106738621425,14.9638591804241,0.718700173274295,40
57.9,-0.00418072773822729,771.973803846346,771.977984574084,0.203979580773865,0.19906384980527,0.00491573096859468,-0.000732109629889344,13.9638591804241,-0.348330977021182,-40
57.925,0.580201655254538,772.851061415249,772.270859759995,0.204589803518569,0.199075603941719,0.0055141995768497,-0.000187052698385815,14.9638591804241,0.634637872683339,40
57.95,0.286776127920492,772.851061415249,772.564285287329,0.204758764920524,0.199075603941719,0.00568316097880497,-5.07827326550747e-05,14.4592282472431,0.162975789206943,-20.1852373272367
57.975,-0.0063599613520452,772.851061415249,772.857421376601,0.204203361249158,0.199075603941719,0.00512775730743881,-0.000646084498517607,13.4592282472431,-0.854055361088535,-40
58,0.601410399541575,773.751745628413,773.150335228872,0.204427100461638,0.199086807397896,0.00534029306374195,-0.0004381007807088,14.4592282472431,0.172307319686282,40
58.025,0.307783269419386,773.751745628413,773.443962358994,0.205184021507072,0.199086807397896,0.00609721410917588,0.000323684737706081,15.2674414844302,1.00688323764815,32.328529487482
58.05,0.0136646221286925,773.751745628413,773.738081006285,0.205132450427614,0.199086807397896,0.00604564302971808,0.000259602352673222,14.2674414844302,-0.016754081577038,-40
58.075,0.598533889872727,774.631180523553,774.03264663368,0.205787675982405,0.199096897486521,0.00669077849588365,0.000887383766646488,15.2674414844302,0.959608599197779,40
58.1,0.303611224083497,774.631180523553,774.327569299469,0.205649066786024,0.199096897486521,0.00655216929950311,0.0007357040709495,14.2674414844302,-0.0251431875036768,-40
58.125,0.00938417807753277,774.631180523553,774.621796345475,0.204831232328407,0.199096897486521,0.00573433484188549,-0.000117911580698488,13.2674414844302,-1.05989497420513,-40
58.15,0.62059922137578,775.53605403109,774.915454809714,0.20483125844564,0.199107143775969,0.00572411466967032,-0.000138172783039126,14.2674414844302,-0.0446467609065863,40
58.175,0.326424215193823,775.53605403109,775.209629815896,0.205531693275907,0.199107143775969,0.00642454949993759,0.000564033979751161,15.2674414844302,0.98321435373786,40
58.2,0.0318312890100184,775.53605403109,775.50422274208,0.205432733294266,0.199107143775969,0.00632558951829654,0.00045071837966007,14.2674414844302,-0.0389245316176927,-40
58.225,0.621374377847097,776.420575341797,775.799200963949,0.206048352159448,0.199116359694841,0.00693199246460663,0.00103979237422436,15.2674414844302,0.941309314458442,40
58.25,0.325857844298046,776.420575341797,776.094717497499,0.206193720128665,0.199116359694841,0.00707736043382398,0.00118314144753912,14.7207192372073,0.424820913311661,-21.8688898889168
58.275,0.0306595340150632,776.420575341797,776.389915807781,0.205619770987064,0.199116359694841,0.00650341129222304,0.000593182699109573,13.7207192372073,-0.594945240612203,-40
58.3,0.642276873152235,777.327146421358,776.684869548205,0.205829186308841,0.199125379809283,0.0067038064995579,0.000809279569939036,14.7207192372073,0.434864686178067,40
58.325,0.346611697360366,777.327146421358,776.980534723997,0.206596240400186,0.199125379809283,0.00747086059090288,0.00160289140900338,15.55956229261,1.30415780699228,33.5537222161099
58.35,0.050440592533934,777.327146421358,777.276705828824,0.206554297090907,0.199125379809283,0.00742891728162334,0.00156954012256194,14.55956229261,0.28460787240375,-40.0000000000001
58.375,0.638340338216635,778.211677690421,777.573337352204,0.207218555977425,0.199133595905623,0.00808496007180109,0.0022269966749677,15.55956229261,1.26505793781522,40.0000000000001
58.4,0.341339687980243,778.211677690421,777.87033800244,0.207088345081184,0.199133595905623,0.00795474917556027,0.00211179493084707,14.55956229261,0.295508003226688,-40.0000000000001
58.425,0.0450233929778728,778.211677690421,778.166654297443,0.206278717088495,0.199133595905623,0.00714512118287117,0.00130089267501279,13.55956229261,-0.724041931361845,-40
58.45,0.598285831844893,779.060698435094,778.462412603249,0.206286491550579,0.199142271458788,0.00714422009179089,0.00131604547025194,14.55956229261,0.288675000716408,40
58.475,0.302893644493347,779.060698435094,778.757804790601,0.205779880952044,0.199142271458788,0.0066376094932557,0.000832919390605175,13.8238090497982,-0.42197708334669,-29.4301297124732
58.5,0.00868584689307923,779.060698435094,779.052012588201,0.204648296036904,0.199142271458788,0.00550602457811533,-0.000296336095722355,12.8238090497982,-1.44687592459796,-40
58.525,0.589426743538811,779.934660945078,779.345234201539,0.204380652251972,0.199151644722959,0.00522900752901306,-0.000571541181629498,13.8238090497982,-0.460073322273206,40
58.55,0.29604576431812,779.934660945078,779.63861518076,0.204852714799635,0.199151644722959,0.00570107007667617,-8.38339089898055e-05,14.8238090497982,0.57193461098123,40.0000000000001
58.575,0.00255242707950303,779.934660945078,779.932108517999,0.204558786199848,0.199151644722959,0.00540714147688837,-0.000377176421491876,13.8238090497982,-0.446057455764336,-40
58.6,0.562482719224843,780.788208039989,780.225725320764,0.205007826829689,0.199027003394028,0.00598082343566039,9.28120128663723e-05,14.8238090497982,0.583416234338205,40
58.625,0.268785050782912,780.788208039989,780.519422989206,0.204693676372204,0.199027003394028,0.00566667297817591,-0.000182906888042039,13.8238090497982,-0.387110075559251,-40
58.65,-0.0239806110248184,780.788208039989,780.812188651014,0.203725795422667,0.199027003394028,0.00469879202863818,-0.00113231287349175,12.8238090497982,-1.40763638545671,-40
58.675,0.566301843056469,781.670484229522,781.104182386466,0.203597200829928,0.19904221479067,0.00455498603925802,-0.00125947112159489,13.8238090497982,-0.428162695354167,40
58.7,0.274015599672829,781.670484229522,781.396468629849,0.20412099691072,0.19904221479067,0.00507878212004997,-0.000713795052947719,14.7288997925306,0.50640173748076,36.2036297092953
58.725,-0.0184491907459029,781.670484229522,781.688933420268,0.203870233565592,0.19904221479067,0.00482801877492206,-0.000960099963411898,13.7288997925306,-0.514124572416698,-40
58.75,0.55289611990698,782.534472715878,781.981576595971,0.204355042283977,0.199056196799667,0.00529884548431014,-0.000461445390692206,14.7288997925306,0.500018509905396,40
58.775,0.260118081456084,782.534472715878,782.274354634422,0.204082053804087,0.199056196799667,0.00502585700441985,-0.000704579618655693,13.7458565639653,-0.457549692518337,-39.3217291426101
58.8,-0.0317803845690224,782.534472715878,782.566253100447,0.203147846556908,0.199056196799667,0.00409164975724172,-0.00163016059901547,12.7458565639653,-1.48207466637682,-40
58.825,0.56948925294784,783.426911657166,782.857422404218,0.203046612952329,0.199070033648575,0.00397657930375403,-0.00173457484941195,13.7458565639653,-0.497560730837237,40
58.85,0.277943769380571,783.426911657166,783.148967887785,0.203659032126307,0.199070033648575,0.00458899847773195,-0.00110325068028197,14.7458565639653,0.532924281087417,40.0000000000001
58.875,-0.013896723562842,783.426911657166,783.440808380729,0.203482938374776,0.199070033648575,0.00441290472620176,-0.00127647867130137,13.7458565639653,-0.486590706987931,-40
58.9,0.566896405175244,784.299821882957,783.732925477782,0.204030551299671,0.199082538750869,0.00494801254880228,-0.000705131348447768,14.7458565639653,0.543329110514334,40
58.925,0.274205790959416,784.299821882957,784.025616091998,0.204294670192381,0.199082538750869,0.00521213144151184,-0.000399411292590995,14.455181897294,0.282574261345259,-11.6269866668536
58.95,-0.0183175896881051,784.299821882957,784.318139472645,0.203819384164987,0.199082538750869,0.0047368454141174,-0.000852768880322957,13.455181897294,-0.737505921152475,-40
58.975,0.585099959466988,785.195642681893,784.610542722426,0.204110184096644,0.199094276252442,0.0050159078442012,-0.000556876809274937,14.455181897294,0.242413896349789,40
59,0.292040676464753,785.195642681893,784.903602005428,0.204729552500678,0.199094276252442,0.00563527624823607,5.77973064663784e-05,14.9871241542528,0.760882139740615,21.2776902783544
59.025,-0.00132331891138317,785.195642681893,785.196966000804,0.204558232508009,0.199094276252442,0.00546395625556617,-0.000161561070464972,13.9871241542528,-0.302591873827415,-40
59.05,0.580016582961096,786.07063047381,785.490613890849,0.205109006936185,0.199105024937415,0.00600398199877006,0.000327908735679866,14.9871241542528,0.667997341915264,40
59.075,0.28610229234197,786.07063047381,785.784528181468,0.204949763801717,0.199105024937415,0.00584473886430184,0.000130983547414337,14.0884938803285,-0.210043716266407,-35.945210956974
59.1,-0.00708473257580706,786.07063047381,786.077715206385,0.204111804522981,0.199105024937415,0.00500677958556603,-0.00075941716967845,13.0884938803285,-1.23945450052373,-40
59.125,0.601582331646217,786.971885235128,786.370302903482,0.204092233764885,0.199115798412112,0.00497643535277367,-0.00080910596980141,14.0884938803285,-0.218865284781051,40
59.15,0.308507613005612,786.971885235128,786.663377622122,0.204773804660238,0.199115798412112,0.00565800624812618,-0.000138578203450757,15.0884938803285,0.801723930961629,40.0000000000001
59.175,0.0150432511695392,786.971885235128,786.956841983958,0.204656493761698,0.199115798412112,0.00554069534958648,-0.000285627697457075,14.0884938803285,-0.227686853295692,-40
59.2,0.602091800053224,787.852756214685,787.250664414632,0.205254395907718,0.199125310539781,0.00612908536793752,0.000273945745846466,15.0884938803285,0.753577807337895,40
59.225,0.307674809574974,787.852756214685,787.54508140511,0.205494517986035,0.199125310539781,0.00636920744625408,0.000501658355004181,14.7017181915465,0.395694047757791,-15.47102755128
59.25,0.0134526127120893,787.852756214685,787.839303601973,0.204999550051592,0.199125310539781,0.00587423951181124,-1.85591185317413e-05,13.7017181915465,-0.62541402304031,-40
59.275,0.622307407477857,788.755691670897,788.133384263419,0.205274720314331,0.199134282501262,0.00614043781306814,0.000253618420063467,14.7017181915465,0.401093474556137,40
59.3,0.327532049976378,788.755691670897,788.428159620921,0.205956412141513,0.199134282501262,0.006822129640251,0.000951609616134635,15.3401618156239,1.06646851551589,25.5377449630974
59.325,0.0323644687329812,788.755691670897,788.723327202164,0.205840040594103,0.199134282501262,0.00670575809284085,0.000833003351380923,14.3401618156239,0.0433999323982073,-40.0000000000001
59.35,0.618691130505743,789.637547742862,789.018856612356,0.206439666670475,0.199142382526478,0.00729728414399755,0.00141444342461666,15.3401618156239,1.02033134928053,40.0000000000001
59.375,0.322866028870037,789.637547742862,789.314681713992,0.20626918005908,0.199142382526478,0.00712679753260215,0.00124703367695544,14.3627695925194,0.0698705430583497,-39.0956889241798
59.4,0.027777751917209,789.637547742862,789.609769990945,0.205424298555295,0.199142382526478,0.006281916028817,0.000388397083531805,13.3627695925194,-0.953198040059333,-40
59.425,0.640479627872991,790.544734699879,789.904255072006,0.205401579501995,0.199150779060843,0.00625080044115195,0.000361252442090454,14.3627695925194,0.0577495848144222,40
59.45,0.34550705886489,790.544734699879,790.199227641014,0.206082805974938,0.199150779060843,0.0069320269140942,0.00105840305294108,15.3627695925194,1.08643034302139,40.0000000000001
59.475,0.0501410106378814,790.544734699879,790.494593689241,0.205967652483785,0.199150779060843,0.00681687342294165,0.000941567877337457,14.3627695925194,0.0651111012283653,-40.0000000000001
59.5,0.641272797892575,791.431597532659,790.790324734766,0.206569831407361,0.19915823822789,0.00741159317947115,0.0015340680476042,15.3627695925194,1.05397437553543,40.0000000000001
59.525,0.344925605588998,791.431597532659,791.08667192707,0.206832837133254,0.19915823822789,0.00767459890536337,0.00180731351935814,15.000240420091,0.718607033838068,-14.5011668971357
59.55,0.0487395508546394,791.431597532659,791.382857981804,0.206359996951529,0.19915823822789,0.00720175872363898,0.00132676311259142,14.000240420091,-0.304231135430898,-40
59.575,0.601235943056535,792.280170641004,791.678934697948,0.206656443734126,0.19916546552022,0.00749097821390635,0.0016344938750609,15.000240420091,0.722072506575639,40
59.6,0.305276145666329,792.280170641004,791.974894495338,0.206212548510774,0.19916546552022,0.00704708299055481,0.00121991065726923,14.000240420091,-0.249089608265934,-40
59.625,0.0104151305717812,792.280170641004,792.269755510433,0.205135401532279,0.19916546552022,0.00596993601205981,0.000152526447907947,13.000240420091,-1.27025172310751,-40
59.65,0.589062201873744,793.152767413787,792.563705211913,0.204915339241331,0.199173517697258,0.00574182154407352,-7.45134886789289e-05,14.000240420091,-0.291413837949076,40
59.675,0.295106871649604,793.152767413787,792.857660542137,0.20513034893859,0.199173517697258,0.00595683124133184,0.000154184605899166,14.5732226244547,0.310406251573001,22.9192881745461
59.7,0.00137761503940486,793.152767413787,793.151389798748,0.204617375677074,0.199173517697258,0.00544385797981653,-0.000362360902769782,13.5732226244547,-0.71075586326857,-40
59.725,0.562893534611528,794.007848123995,793.444954589383,0.204880215129315,0.199048139409772,0.00583207571954208,-9.4883779568844e-05,14.5732226244547,0.300894860905539,40
59.75,0.269443380786789,794.007848123995,793.738404743208,0.204474751249711,0.199048139409772,0.00542661183993903,-0.000477916574811221,13.6685998886726,-0.576746542921986,-36.1849094312833
59.775,-0.0229559840895756,794.007848123995,794.030804108084,0.203430079048554,0.199048139409772,0.00438193963878117,-0.00151986115022942,12.6685998886726,-1.59976521096743,-40
59.8,0.571178246450182,794.893510096107,794.322331849657,0.203237235250651,0.199062702272735,0.00417453297791603,-0.00171873826714167,13.6685998886726,-0.611266160172489,40
59.825,0.279392487903216,794.893510096107,794.614117608204,0.20377405307777,0.199062702272735,0.00471135080503574,-0.00116674138406342,14.6685998886726,0.418193981224389,40.0000000000001
59.85,-0.0125907888400132,794.893510096107,794.906100884947,0.203535957576938,0.199062702272735,0.00447325530420373,-0.00140641734730748,13.6685998886726,-0.602345877378734,-40
59.875,0.562508986301619,795.760789778453,795.198280792152,0.204033141960317,0.199075955794055,0.00495718616626178,-0.000891624033449112,14.6685998886726,0.424967957226498,40
59.9,0.269856807786361,795.760789778453,795.490932970667,0.204207574825363,0.199075955794055,0.00513161903130768,-0.000682703111503757,14.3079515690151,0.0921986665966285,-14.4259327862996
59.925,-0.0225102309319841,795.760789778453,795.783300009385,0.203657704676044,0.199075955794055,0.00458174888198914,-0.00121855152173916,13.3079515690151,-0.929922304375751,-40
59.95,0.577326893827085,796.652775326838,796.075448433011,0.20388665154303,0.199088594180628,0.00479805736240232,-0.000993040937442791,14.3079515690151,0.0479567246518678,40
59.975,0.284573485403761,796.652775326838,796.368201841434,0.204497334229027,0.199088594180628,0.00540874004839909,-0.000365697463540371,14.9006509250115,0.668535109675866,23.7079742398551
60,-0.00847229524352563,796.652775326838,796.661247622081,0.204319962666208,0.199088594180628,0.00523136848558053,-0.000544119140871074,13.9006509250115,-0.353585861296512,-40
60.025,0.569687787807135,797.524255665325,796.954567877518,0.204866641509704,0.199100300908572,0.00576634060113149,1.12358511496768e-05,14.9006509250115,0.659783287555039,40
60.05,0.276143006196355,797.524255665325,797.248112659129,0.204657647741269,0.199100300908572,0.00555734683269632,-0.000169559864068941,13.9349784739914,-0.27658324392424,-38.6268980408047
60.075,-0.0166059946619232,797.524255665325,797.540861659987,0.203777283579325,0.199100300908572,0.00467698267075234,-0.00103994518086889,12.9349784739914,-1.2972773243834,-40
60.1,0.589775867056319,798.422727928299,797.832952061243,0.203721293757631,0.199112153217297,0.00460914054033434,-0.00109540064756958,13.9349784739914,-0.309246783317342,40
60.125,0.297250200674526,798.422727928299,798.125477727624,0.204371339590442,0.199112153217297,0.0052591863731451,-0.000452855661880996,14.9349784739914,0.678783757748718,40
60.15,0.00438056303625847,798.422727928299,798.418347365263,0.204226268767448,0.199112153217297,0.00511411555015126,-0.000647226126758466,13.9349784739914,-0.383185701185225,-40
60.175,0.589082638994603,799.300616718721,798.711534079727,0.204799383647843,0.19912279486001,0.0056765887878325,-0.000124195740870026,14.9349784739914,0.604795981561878,40
60.2,0.295300514714123,799.300616718721,799.005316204007,0.205068889069284,0.19912279486001,0.00594609420927411,0.00012209471040045,14.6224649133642,0.319588658790863,-12.5005424250884
60.225,0.00167895750397056,799.300616718721,799.298937761217,0.204597274611608,0.19912279486001,0.00547447975159737,-0.000384691046532298,13.6224649133642,-0.703105103352938,-40
60.25,0.607822199715223,800.200266066461,799.592443866746,0.204890445022005,0.199132799523259,0.00575764549874588,-0.000112131976562319,14.6224649133642,0.309629290412438,40
60.275,0.313653380636874,800.200266066461,799.886612685824,0.205516053074703,0.199132799523259,0.00638325355144431,0.000506996206921267,15.1617561597489,0.864039362167974,21.5716498553884
60.3,0.0191717136969324,800.200266066461,800.181094352764,0.205349249903171,0.199132799523259,0.00621645037991175,0.000310813535815191,14.1617561597489,-0.170841812461201,-40
60.325,0.602617769936673,801.078483823162,800.475866053226,0.205903259090587,0.199141906993481,0.00676135209710541,0.000819583886927044,15.1617561597489,0.799670555076278,40
60.35,0.307583209691442,801.078483823162,800.770900613471,0.20573530945128,0.199141906993481,0.00659340245779858,0.000627780265567063,14.2476084314146,-0.0939648057204735,-36.5659091333692
60.375,0.0132869761964684,801.078483823162,801.065196846966,0.204889657783101,0.199141906993481,0.00574775078961917,-0.000258424554847286,13.2476084314146,-1.12345243818299,-40
60.4,0.623322313774612,801.982206602827,801.358884289053,0.20486342899197,0.19915112608382,0.00571230290814997,-0.000304562124301438,14.2476084314146,-0.102940070645515,40
60.425,0.329156049721943,801.982206602827,801.653050553106,0.205539030809577,0.19915112608382,0.00638790472575734,0.000379942647284859,15.2476084314146,0.933556088900525,40
60.45,0.0346074367518056,801.982206602827,801.947599166076,0.205416374458711,0.19915112608382,0.0062652483748914,0.000255811734722777,14.2476084314146,-0.0799477515534337,-40
60.475,0.622829940965858,802.865329563508,802.242499622542,0.206009657064272,0.199159166617609,0.00685049044666286,0.000840446171785914,15.2476084314146,0.90910628721915,40
60.5,0.327357122534545,802.865329563508,802.537972440974,0.206222785466344,0.199159166617609,0.0070636188487353,0.00106657006604899,14.8280036384573,0.51837301693433,-16.7841917182926
60.525,0.0321138907122847,802.865329563508,802.833215672796,0.205704915004592,0.199159166617609,0.00654574838698307,0.000545166253458629,13.8280036384573,-0.50275546039318,-40
60.55,0.641860766561806,803.770148951166,803.128288184604,0.205960843145768,0.199166778817799,0.00679406432796895,0.00081646687024084,14.8280036384573,0.523482403014313,40
60.575,0.346111586328024,803.770148951166,803.424037364838,0.206635069534413,0.199166778817799,0.00746829071661448,0.00152277655395006,15.4790187774487,1.20159359413767,26.0406055596548
60.6,0.0499790689720232,803.770148951166,803.720169882194,0.206512582395661,0.199166778817799,0.00734580357786255,0.00141161631229966,14.4790187774487,0.178689646269652,-40.0000000000001
60.625,0.637200341179152,804.653857605781,804.016657264602,0.207107387207626,0.199173606693536,0.00793378051408955,0.00199988763257319,15.4790187774487,1.15578569840164,40.0000000000001
60.65,0.340433256907535,804.653857605781,804.313424348873,0.206918719021581,0.199173606693536,0.00774511232804465,0.00182430785289744,14.4809731102068,0.18483608329177,-39.9218266896745
60.675,0.0444259035800775,804.653857605781,804.609431702201,0.206058947745435,0.199173606693536,0.00688534105189895,0.000959380001734178,13.4809731102068,-0.838067864576243,-40
60.7,0.598784778693767,805.503602133986,804.904817355292,0.206024227647315,0.199180837237761,0.00684339040955428,0.00092861010845216,14.4809731102068,0.174454850669357,40
60.725,0.303654725480683,805.503602133986,805.199947408506,0.205704668746405,0.199180837237761,0.00652383150864416,0.00063277510666182,14.0638468738396,-0.21296150946796,-16.6850494546895
60.75,0.00945746916287286,805.503602133986,805.494144664823,0.204733946018305,0.199180837237761,0.00555310878054455,-0.000332322543547425,13.0638468738396,-1.23325163323804,-40
60.775,0.590088125693848,806.377661282276,805.787573156582,0.204605259031494,0.199188408396854,0.00541685063464059,-0.000465185650740385,14.0638468738396,-0.245346536525592,40
60.8,0.296422502989946,806.377661282276,806.081238779286,0.205046788702829,0.199188408396854,0.00585838030597516,-9.32457562602407e-06,14.8481051871734,0.56529915468032,31.3703325333539
60.825,0.00268062556025948,806.377661282276,806.374980656716,0.204728212359896,0.199188408396854,0.00553980396304199,-0.000332722135813229,13.8481051871734,-0.458313467447614,-40
60.85,0.563346859750661,807.232164865612,806.668818005861,0.205158083666335,0.199062091789696,0.00609599187663989,0.000110904332995126,14.8481051871734,0.568073910424448,40
60.875,0.269449448458483,807.232164865612,806.962715417154,0.204829493093253,0.199062091789696,0.00576740130355752,-0.000186528335756803,13.8481051871734,-0.403392404911841,-40
60.9,-0.0235015244860619,807.232164865612,807.255666390098,0.203851456666206,0.199062091789696,0.00478936487651063,-0.00115348165903204,12.8481051871734,-1.42485872024813,-40
60.925,0.568829134893116,808.11666584844,807.547836713547,0.20371668714389,0.199075799874565,0.00464088726932471,-0.00129433969081794,13.8481051871734,-0.446325035584424,40
60.95,0.276373862453525,808.11666584844,807.840291985987,0.204232578282934,0.199075799874565,0.00515677840836842,-0.000764226925540762,14.7457900181118,0.47989348001766,35.907393237535
60.975,-0.0162535497170124,808.11666584844,808.132919398157,0.203977514541401,0.199075799874565,0.00490171466683539,-0.00102262493653654,13.7457900181118,-0.541572835318628,-40
61,0.55790951113032,808.983632888233,808.425723377102,0.204461296699734,0.199088410731158,0.00537288596857644,-0.000532815879609072,14.7457900181118,0.471759516783027,40
61.025,0.264923227675437,808.983632888233,808.718709660557,0.204251742485427,0.199088410731158,0.00516333175426906,-0.000718131805560213,13.8511363887119,-0.395051880339198,-35.7861451759979
61.05,-0.0272707386000029,808.983632888233,809.010903626833,0.203374315938722,0.199088410731158,0.00428590520756389,-0.001590657102294,12.8511363887119,-1.41720964806147,-40
61.075,0.576603149235282,809.879049653405,809.30244650417,0.203324207695263,0.199100971894763,0.00422323580050046,-0.00164575298805628,13.8511363887119,-0.429931308443044,40
61.1,0.284614233643708,809.879049653405,809.594435419761,0.203982633425274,0.199100971894763,0.00488166153051101,-0.000971839870621299,14.8511363887119,0.59862240965017,40.0000000000001
61.125,-0.00773209861524882,809.879049653405,809.88678175202,0.203847803335676,0.199100971894763,0.00474683144091309,-0.00110856734592488,13.8511363887119,-0.422823872256615,-40
61.15,0.57489843571054,810.754358838713,810.179460403002,0.204432531768151,0.199112392185518,0.0053201395826333,-0.000505793253906983,14.8511363887119,0.605413644623197,40
61.175,0.281661730541158,810.754358838713,810.472697108171,0.204641375454308,0.199112392185518,0.00552898326878992,-0.000261741275250776,14.4340698641674,0.216633495277441,-16.6826609817809
61.2,-0.011334255646962,810.754358838713,810.76569309436,0.204119933104493,0.199112392185518,0.00500754091897521,-0.000768195602246668,13.4340698641674,-0.805080129523795,-40
61.225,0.594245876509962,811.652753051081,811.058507174571,0.204372271495992,0.199123385752201,0.0052488857437904,-0.000518107513562377,14.4340698641674,0.173206245674972,40
61.25,0.300755925738902,811.652753051081,811.351997125342,0.205057489837291,0.199123385752201,0.00593410408508938,0.00016037283423101,15.1062610448663,0.838255645663483,26.887647227957
61.275,0.00687566493402249,811.652753051081,811.645877386147,0.204942796923512,0.199123385752201,0.00581941117131055,2.00698287045054e-07,14.1062610448663,-0.218886135046932,-40
61.3,0.589077723760411,812.529192306019,811.940114582259,0.205542098593333,0.199133497014175,0.00640860157915815,0.000544867323604065,15.1062610448663,0.758167182261159,40
61.325,0.294564507116252,812.529192306019,812.234627798903,0.205353052595842,0.199133497014175,0.00621955558166692,0.000324633391755591,14.1062610448663,-0.220173042597405,-40
61.35,0.000820941802734121,812.529192306019,812.528371364216,0.204488993278062,0.199133497014175,0.00535549626388707,-0.000585453780751671,13.1062610448663,-1.24851326745597,-40
61.375,0.609691895157128,813.431169807718,812.821477912561,0.204446333632236,0.199143842275475,0.00530249135676053,-0.000651808076255089,14.1062610448663,-0.226853492314528,40
61.4,0.316132476427299,813.431169807718,813.11503733129,0.205106969370759,0.199143842275475,0.00596312709528415,4.2903590794785e-06,15.1062610448663,0.794806282826907,40
61.425,0.0222150790231242,813.431169807718,813.408954728695,0.204970165760238,0.199143842275475,0.00582632348476345,-0.00015560735795378,14.1062610448663,-0.233533942031657,-40
61.45,0.608714167750969,814.311914581577,813.703200413826,0.205549745237221,0.199153061141016,0.00639668409620445,0.000391773183486849,15.1062610448663,0.747798611402568,40
61.475,0.313905080735075,814.311914581577,813.998009500842,0.205768581120509,0.199153061141016,0.00661551997949275,0.000603824483086324,14.7143143473484,0.384626588092371,-15.677867900715
61.5,0.0193232813658042,814.311914581577,814.292591300211,0.205253253932094,0.199153061141016,0.00610019279107768,6.84913889522354e-05,13.7143143473484,-0.636598737699945,-40
61.525,0.627014669197927,815.214015076465,814.587000407267,0.205508865005738,0.199161774655132,0.00634709035060649,0.000326420630714946,14.7143143473484,0.390279602945907,40
61.55,0.331949176628849,815.214015076465,814.882065899836,0.206160348837919,0.199161774655132,0.00699857418278749,0.00100115971843759,15.3368700537202,1.04234730922853,24.9022282548704
61.575,0.0365357514692589,815.214015076465,815.177479324995,0.206015574037435,0.199161774655132,0.00685379938230365,0.000862544269756349,14.3368700537202,0.0218593091393832,-40.0000000000001
61.6,0.621107412068072,816.09432037827,815.473212966202,0.206588477823889,0.199169594576717,0.00741888324717152,0.00142691030483758,15.3368700537202,1.00137130905024,40.0000000000001
61.625,0.325122542782703,816.09432037827,815.769197835487,0.20638556082594,0.199169594576717,0.00721596624922291,0.00123780600995718,14.3495181022562,0.0435313574971209,-39.4940780585591
61.65,0.0299211813107676,816.09432037827,816.064399196959,0.205510387321596,0.199169594576717,0.00634079274487834,0.000360539168109547,13.3495181022562,-0.97695664259202,-40
61.675,0.640785709724325,816.999739663494,816.35895395377,0.205459426832683,0.199177624084247,0.00628180274843618,0.000317816134915355,14.3495181022562,0.0368844542557441,40
61.7,0.345783751860197,816.999739663494,816.653955911634,0.206114239759885,0.199177624084247,0.00693661567563805,0.00099984033765238,15.3495181022562,1.0652988879899,40.0000000000001
61.725,0.0504259031878359,816.999739663494,816.949313760306,0.205974188486627,0.199177624084247,0.00679656440238016,0.000868181671150381,14.3495181022562,0.043713321724046,-40.0000000000001
61.75,0.639691816010422,817.884693423578,817.245001607568,0.206553114904911,0.199184571186602,0.00736854371830889,0.00144480151765336,15.3495181022562,1.02998934666743,40.0000000000001
61.775,0.343422939234411,817.884693423578,817.541270484344,0.206790660811644,0.199184571186602,0.00760608962504225,0.00170005222074038,14.981714181516,0.690266230388064,-14.7121568296087
61.8,0.047350112112468,817.884693423578,817.837343311466,0.206294306077119,0.199184571186602,0.00710973489051742,0.00120347179625868,13.981714181516,-0.331652965151084,-40
61.825,0.598487408282472,818.731762547898,818.133275139615,0.206569326548993,0.199191125740343,0.00737820080864995,0.00149781875143676,14.981714181516,0.696427839309771,40
61.85,0.30270095587044,818.731762547898,818.429061592027,0.206105869653426,0.199191125740343,0.00691474391308336,0.00107035119540996,13.981714181516,-0.275491356229374,-40
61.875,0.00803877693539121,818.731762547898,818.723723770963,0.205010985220815,0.199191125740343,0.0058198594804714,-9.33725076918135e-06,12.981714181516,-1.29741055176852,-40
61.9,0.585897483344619,819.60334975897,819.017452275625,0.204775220926709,0.199198334901079,0.00557688602563014,-0.000247784966559694,13.981714181516,-0.31932974730767,40
61.925,0.292161776292589,819.60334975897,819.311187982677,0.205004644565562,0.199198334901079,0.00580630966448326,-1.42903242145165e-06,14.5948030498046,0.3218399254418,24.5235547315447
61.95,-0.00136920316761797,819.60334975897,819.604718962137,0.204503961630486,0.199198334901079,0.00530562672940754,-0.000503423875358039,13.5948030498046,-0.700079270097347,-40
61.975,0.560018931297235,820.458123543381,819.898104612084,0.204777750770163,0.199071934598292,0.0057058161718708,-0.000223290465922649,14.5948030498046,0.311335194245797,40
62,0.266740248072954,820.458123543381,820.191383295308,0.204368569974988,0.199071934598292,0.00529663537669545,-0.00060897638792709,13.6706563922776,-0.586195666376034,-36.9658663010811
62.025,-0.0254862589948186,820.458123543381,820.483609802376,0.203321532263762,0.199071934598292,0.00424959766546959,-0.00165285308474597,12.6706563922776,-1.60957986947084,-40
62.05,0.569268943654769,821.344234492712,820.774965549057,0.203127941866618,0.19908540362693,0.00404253823968775,-0.00185308603950082,13.6706563922776,-0.622065594688119,40
62.075,0.277651874747681,821.344234492712,821.066582617964,0.203665717750153,0.19908540362693,0.00458031412322255,-0.00130197515737787,14.6706563922776,0.406012572753888,40
62.1,-0.0141683709013682,821.344234492712,821.358402863613,0.203430125302545,0.19908540362693,0.00434472167561423,-0.00154211585790015,13.6706563922776,-0.615909259804107,-40
62.125,0.562408201236006,822.212835854416,821.65042765318,0.203931536835798,0.19896463867467,0.00496689816112783,-0.00102635955095462,14.6706563922776,0.411046559159683,40
62.15,0.269907402032287,822.212835854416,821.942928452384,0.204103033539428,0.19896463867467,0.0051383948647577,-0.000824117429834015,14.2974925148013,0.06515470186061,-14.9265550990505
62.175,-0.0223088689443987,822.212835854416,822.235144723361,0.203552924432903,0.19896463867467,0.00458828575823347,-0.00136440419918263,13.2974925148013,-0.957573277962199,-40
62.2,0.579975876739991,823.107122425268,822.527146548528,0.203784228834257,0.198982963406602,0.00480126542765552,-0.00114115883610472,14.2974925148013,0.0196987422149884,40
62.225,0.287313987268059,823.107122425268,822.819808438,0.2044645343672,0.198982963406602,0.00548157096059798,-0.000449196600064816,14.9830288664322,0.732507114023034,27.4214540652344
62.25,-0.00573653784887902,823.107122425268,823.112858963117,0.204349297983144,0.198982963406602,0.00536633457654243,-0.000570833960925943,13.9830288664322,-0.290220865799775,-40
62.275,0.574630909786168,823.980900985786,823.406270075999,0.204951824521787,0.199000005041578,0.00595181948020881,3.48272839265085e-05,14.9830288664322,0.722696027094058,40
62.3,0.280935644292891,823.980900985786,823.699965341493,0.204769039261168,0.199000005041578,0.00576903421958996,-0.000125552268639112,13.9830288664322,-0.248582178030614,-40
62.325,-0.0120015166155104,823.980900985786,823.992902502401,0.20391347901425,0.199000005041578,0.00491347397267169,-0.000977134853181572,12.9830288664322,-1.26986038315529,-40
62.35,0.596579585155395,824.881796144102,824.285216558946,0.203881153820748,0.199017002018992,0.00486415180175614,-0.00101466571143005,13.9830288664322,-0.281816121082785,40
62.375,0.303796910154478,824.881796144102,824.577999233947,0.204553670499639,0.199017002018992,0.00553666848064716,-0.000355136312543886,14.9830288664322,0.706228140989717,40
62.4,0.0106391197391379,824.881796144102,824.871157024363,0.204429677559354,0.199017002018992,0.00541267554036237,-0.000533667945524868,13.9830288664322,-0.355727596937782,-40
62.425,0.597227740438234,825.761888580916,825.164660840478,0.205022642074674,0.199032665069791,0.00598997700488338,4.26375257928102e-06,14.9830288664322,0.632310989348862,40
62.45,0.303112562032685,825.761888580916,825.458776018884,0.20529597444687,0.199032665069791,0.0062633093770795,0.0002504389725492,14.6496824711405,0.327330402051059,-13.3338558116666
62.475,0.00915297184688396,825.761888580916,825.75273560907,0.204828786193672,0.199032665069791,0.00579612112388181,-0.000254949314952929,13.6496824711405,-0.69430378995508,-40
62.5,0.616931939672504,826.663517129359,826.046585189686,0.205126813355816,0.199047591637378,0.00607922171843842,-4.49380517733577e-06,14.6496824711405,0.284062018038781,40
62.525,0.3224015355887,826.663517129359,826.34111559377,0.205774567310179,0.199047591637378,0.00672697567280123,0.000589078622633576,15.2137433560399,0.828385044493842,22.562435395975
62.55,0.027530503673456,826.663517129359,826.635986625685,0.205626948894393,0.199047591637378,0.00657935725701489,0.000346713849893071,14.2137433560399,-0.241352813950473,-40
62.575,0.611683253568044,827.542854547845,826.931171294277,0.206197504153992,0.199061488116915,0.00713601603707753,0.000812474484071485,15.2137433560399,0.724062572889005,40
62.6,0.316237251570106,827.542854547845,827.226617296275,0.206014686876198,0.199061488116915,0.00695319875928388,0.000551326659388229,14.2586372951686,-0.215628101142766,-38.20424243485
62.625,0.0215519493662088,827.542854547845,827.521302598479,0.20515574412631,0.199061488116915,0.00609425600939581,-0.000398205892147507,13.2586372951686,-1.25021271430329,-40
62.65,0.631691789866996,828.447050448887,827.81535865902,0.205117493834572,0.199075391070609,0.0060421027639628,-0.000502502050872933,14.2586372951686,-0.23479732746381,40
62.675,0.337176086391609,828.447050448887,828.109874362496,0.205781788363712,0.199075391070609,0.00670639729310243,0.000127754299193233,15.2586372951686,0.796288962438762,40.0000000000001
62.7,0.0422966842995634,828.447050448887,828.404753764588,0.205647971635987,0.199075391070609,0.00657258056537785,-4.76756921414245e-05,14.2586372951686,-0.222624747658664,-40
62.725,0.629772927562134,829.3297394831,828.699966555538,0.206230227558852,0.199087949177744,0.0071422783811082,0.00049305495687782,15.2586372951686,0.767856663012105,40
62.75,0.334009542436303,829.3297394831,828.995729940663,0.206427726656525,0.199087949177744,0.00733977747878112,0.000678586185285962,14.8328423865029,0.374681573807916,-17.0317963466292
62.775,0.0385005425557805,829.3297394831,829.291238940544,0.205894432489513,0.199087949177744,0.00680648331176933,0.000123622696249048,13.8328423865029,-0.642698606730544,-40
62.8,0.646880726474402,830.233433563768,829.586552837294,0.206135199582088,0.199099858527036,0.00703534105505232,0.00036887509355174,14.8328423865029,0.389222658758436,40
62.825,0.350926538138327,830.233433563768,829.88250702563,0.206777553138859,0.199099858527036,0.0076776946118231,0.00103806059532452,15.4599436986159,1.04824523636041,25.0840524845199
62.85,0.0546353453964104,830.233433563768,830.178798218372,0.20662536085362,0.199099858527036,0.00752550232658419,0.000896786202338573,14.4599436986159,0.0301665018493921,-40.0000000000001
62.875,0.639995727763089,831.115396870609,830.475401142845,0.207192532928663,0.199110728690099,0.00808180423856419,0.00146117496575221,15.4599436986159,1.01208776733837,40.0000000000001
62.9,0.343154402030338,831.115396870609,830.772242468578,0.206976533615339,0.199110728690099,0.00786580492524025,0.00126558103427857,14.4601707300502,0.0442360642616199,-39.9909187426293
62.925,0.0471126197201663,831.115396870609,831.068284250888,0.206090930654609,0.199110728690099,0.00698020196451074,0.000385176664681408,13.4601707300502,-0.9738426702494,-40
62.95,0.658448804370147,832.022115802316,831.363666997946,0.206031963002664,0.199121684502811,0.00691027849985368,0.000340479996977811,14.4601707300502,0.0397646266238341,40
62.975,0.362628365628106,832.022115802316,831.659487436688,0.206680616864894,0.199121684502811,0.00755893236208313,0.00102275676596147,15.4601707300502,1.07003826361477,40.0000000000001
63,0.0664593530770027,832.022115802316,831.955656449239,0.206535831037064,0.199121684502811,0.00741414653425362,0.000893092869236917,14.4601707300502,0.050311900605713,-40.0000000000001
63.025,0.656182922026291,832.908333013527,832.252150091501,0.20711138654193,0.199131455791955,0.00797993074997477,0.00147707787412973,15.4601707300502,1.04377735803748,40.0000000000001
63.05,0.359131810942238,832.908333013527,832.549201202585,0.207319726883452,0.199131455791955,0.00818827109149692,0.00171540139036325,15.0540409186984,0.67021452624001,-16.2451924540689
63.075,0.0623149204435033,832.908333013527,832.846018093083,0.206798939625736,0.199131455791955,0.00766748383378121,0.0012079874086792,14.0540409186984,-0.347218494205738,-40
63.1,0.613654930870249,833.756317072801,833.14266214193,0.207053717368452,0.199140777763046,0.00791293960540615,0.00149470246731612,15.0540409186984,0.682306122675669,40
63.125,0.317182898370705,833.756317072801,833.43913417443,0.206573371515293,0.199140777763046,0.00743259375224684,0.00106290416382249,14.0540409186984,-0.287046911964707,-40
63.15,0.0218573552456565,833.756317072801,833.734459717555,0.205464560702364,0.199140777763046,0.00632378293931804,-1.81839306485909e-05,13.0540409186984,-1.30639994660508,-40
63.175,0.59990779304055,834.628741027957,834.028833234917,0.205217454977308,0.199150672655644,0.00606678232166405,-0.000255452522714084,14.0540409186984,-0.325752981245459,40
63.2,0.305536673721467,834.628741027957,834.323204354236,0.205445239788077,0.199150672655644,0.00629456713243359,1.79908303560294e-06,14.6782360879705,0.329089153386238,24.9678067708828
63.225,0.0113730194972159,834.628741027957,834.61736800846,0.204943249137789,0.199150672655644,0.00579257648214568,-0.00048894275447342,13.6782360879705,-0.690263881254138,-40
63.25,0.572380964652628,835.483764967873,834.91138400322,0.205216070864151,0.199026847878567,0.00618922298558394,-0.000194646977219937,14.6782360879705,0.327325767780678,40
63.275,0.278498794576041,835.483764967873,835.205266173297,0.204772412332679,0.199026847878567,0.00574556445411187,-0.000598056657377916,13.706178246873,-0.612787296998691,-38.8823136439017
63.3,-0.0142844780433658,835.483764967873,835.498049445916,0.203695761461088,0.199026847878567,0.00466891358252083,-0.00165338467166459,12.706178246873,-1.63084252068052,-40
63.325,0.579899533241719,836.369821204227,835.789921670985,0.203476763324131,0.199042841716845,0.00443392160728598,-0.00186225484947011,13.706178246873,-0.641739560429896,40
63.35,0.287800961908521,836.369821204227,836.082020242318,0.203992486285915,0.199042841716845,0.00494964456906916,-0.00131752079204558,14.706178246873,0.388040932623553,40.0000000000001
63.375,-0.00447000439549164,836.369821204227,836.374291208622,0.203737455225627,0.199042841716845,0.00469461350878161,-0.00156234774203118,13.706178246873,-0.632178574322997,-40
63.4,0.571417333422784,837.238156815933,836.66673948251,0.20422173391406,0.199057415179677,0.00516431873438275,-0.00104895893744092,14.706178246873,0.397601918730451,40
63.425,0.278463091373964,837.238156815933,836.959693724559,0.204451802705018,0.199057415179677,0.00539438752534077,-0.000773572473536099,14.4387369915029,0.159946832199708,-10.697650214802
63.45,-0.0142826552426441,837.238156815933,837.252439471176,0.203951058176702,0.199057415179677,0.00489364299702466,-0.00125007286578585,13.4387369915029,-0.860266998960988,-40
63.475,0.58590735995303,838.130942096665,837.545034736712,0.204223908949474,0.199071198444787,0.00515271050468741,-0.0009709720927637,14.4387369915029,0.119519169878319,40
63.5,0.29270812507015,838.130942096665,837.838233971595,0.20478963335472,0.199071198444787,0.00571843490993357,-0.000379368878311526,14.9110641738699,0.621632521084598,18.8930872946788
63.525,-0.000726114864302818,838.130942096665,838.131668211529,0.204575240321728,0.199071198444787,0.0055040418769412,-0.00058601354835966,13.9110641738699,-0.398581310076098,-40
63.55,0.578366622641228,839.003696745182,838.425330122541,0.205092017853125,0.199084093465292,0.00600792438783371,-4.98354465815753e-05,14.9110641738699,0.619958962960224,40
63.575,0.284473148797071,839.003696745182,838.719223596385,0.204920011517162,0.199084093465292,0.00583591805186998,-0.000182032629186313,14.0327586807836,-0.22495950237352,-35.1322197234509
63.6,-0.00867526328848119,839.003696745182,839.01237200847,0.204072784889569,0.199084093465292,0.00498869142427774,-0.00100691012714016,13.0327586807836,-1.24157247462099,-40
63.625,0.598263714904665,839.903171073861,839.304907358956,0.204046835388002,0.199097083210414,0.00494975217758842,-0.00102201554243689,14.0327586807836,-0.25335742407284,40
63.65,0.305252172760998,839.903171073861,839.5979189011,0.204724008514926,0.199097083210414,0.00562692530451236,-0.000343777186738503,15.0327586807836,0.734857626475309,40.0000000000001
63.675,0.0118601642490094,839.903171073861,839.891310909612,0.204603116564506,0.199097083210414,0.00550603335409255,-0.000506873169430294,14.0327586807836,-0.326927322976542,-40
63.7,0.596579367243635,840.781631869236,840.185052501992,0.205198019124831,0.199108849426329,0.00608916969850182,4.38587853632544e-05,15.0327586807836,0.661287727571606,40
63.725,0.302298499279972,840.781631869236,840.479333369955,0.205371265523171,0.199108849426329,0.00626241609684136,0.000199731068311421,14.555051333776,0.212400310343926,-19.1082938803052
63.75,0.00830625528823247,840.781631869236,840.773325613947,0.204817772603961,0.199108849426329,0.00570892317763161,-0.000383121563678063,13.555051333776,-0.808779759876124,-40
63.775,0.614975820497274,841.682069179267,841.06709335877,0.20504151819734,0.199120150009428,0.00592136818791178,-0.000169632135176317,14.555051333776,0.211927741497301,40
63.8,0.320548695957789,841.682069179267,841.361520483309,0.205730081216062,0.199120150009428,0.00660993120663417,0.000525561157512816,15.2687239764779,0.947006439545209,28.5469057080771
63.825,0.0257265325425026,841.682069179267,841.656342646724,0.205617109313205,0.199120150009428,0.00649695930377689,0.000398720456743967,14.2687239764779,-0.0815875051088088,-40
63.85,0.608762216815668,842.560287099222,841.951524882406,0.206217196441543,0.19913044168095,0.00708675476059309,0.000967409004500652,15.2687239764779,0.889818550237176,40
63.875,0.313301994468389,842.560287099222,842.246985104753,0.206028128282353,0.19913044168095,0.00689768660140266,0.000766949862898547,14.2687239764779,-0.0887753944168389,-40
63.9,0.0186100682222859,842.560287099222,842.541677030999,0.20516382669747,0.19913044168095,0.00603338501651912,-0.000126582635428557,13.2687239764779,-1.11736933907086,-40
63.925,0.627417968310206,843.463151465597,842.835733497287,0.205121165211953,0.199140847943919,0.00598031726803375,-0.000178754021954303,14.2687239764779,-0.095963283724872,40
63.95,0.332906687945804,843.463151465597,843.130244777651,0.20578196299268,0.199140847943919,0.00664111504876089,0.000502233656533541,15.2687239764779,0.943756740236858,40
63.975,0.0380352645682975,843.463151465597,843.425116201029,0.205645464496653,0.199140847943919,0.00650461655273396,0.00037634499687178,14.2687239764779,-0.0665232358014088,-40
64,0.624655113607552,844.344973786836,843.720318673228,0.206225896519296,0.199150058081747,0.00707583843754953,0.000961595989457775,15.2687239764779,0.92669816102919,40
64.025,0.328967124182128,844.344973786836,844.016006662654,0.206335363726709,0.199150058081747,0.00718530564496184,0.0010966413816749,14.7185598085973,0.406563569538317,-22.0065667152256
64.05,0.0336489391651991,844.344973786836,844.311324847671,0.205727360749093,0.199150058081747,0.00657730266734602,0.000496951278606161,13.7185598085973,-0.613406854071905,-40
64.075,0.642195345642951,845.248545600584,844.606350254941,0.2059049744402,0.199158857782308,0.00674611665789268,0.000700778499655913,14.7185598085973,0.413410788676105,40
64.1,0.34651953624786,845.248545600584,844.902026064336,0.206619953917636,0.199158857782308,0.00746109613532794,0.00145936924095047,15.5254388967725,1.25014988227217,32.2751635270085
64.125,0.0504089755447516,845.248545600584,845.198136625039,0.206530762364315,0.199158857782308,0.0073719045820072,0.00139362972109103,14.5254388967725,0.230009887693028,-40.0000000000001
64.15,0.635742531223437,846.130386397002,845.494643865778,0.207152721993244,0.199166628684683,0.00798609330856137,0.00202170065458698,15.5254388967725,1.20986989311389,40.0000000000001
64.175,0.338923017910869,846.130386397002,845.791463379091,0.206984279198551,0.199166628684683,0.00781765051386873,0.00187944057479592,14.5254388967725,0.239729898534742,-40.0000000000001
64.2,0.0428386811561124,846.130386397002,846.087547715846,0.206140204403734,0.199166628684683,0.00697357571905111,0.00104367314694395,13.5254388967725,-0.780410096044402,-40
64.225,0.594419559929076,846.977448910812,846.383029350883,0.206117637648977,0.199174597208858,0.00694304044011856,0.0010388060957521,14.5254388967725,0.234847377168261,40
64.25,0.299311897026065,846.977448910812,846.678137013786,0.205626317459242,0.199174597208858,0.00645172025038376,0.000582294252234355,13.8499360330336,-0.412340697033137,-27.0201145495548
64.275,0.00536630245649784,846.977448910812,846.972082608356,0.20450720137401,0.199174597208858,0.00533260416515197,-0.00052242400496863,12.8499360330336,-1.43402590749566,-40
64.3,0.585054718163496,847.85011637286,847.265061654696,0.204250513377549,0.199182958209622,0.00506755516792737,-0.000776724121535732,13.8499360330336,-0.447805402124527,40
64.325,0.291897941958954,847.85011637286,847.558218430901,0.204732706547405,0.199182958209622,0.00554974833778296,-0.000272505756670399,14.8499360330336,0.58125691931416,40.0000000000001
64.35,-0.00138873397074378,847.85011637286,847.85150510683,0.204448125582381,0.199182958209622,0.00526516737275892,-0.000553291648087567,13.8499360330336,-0.439680759247153,-40
64.375,0.558350564419204,848.703283132929,848.14493256851,0.20490669176337,0.199057099354984,0.00584959240838551,-7.16010582994808e-05,14.8499360330336,0.589381562191531,40
64.4,0.264824584186804,848.703283132929,848.438458548742,0.204602129954413,0.199057099354984,0.00554503059942835,-0.00033653952515067,13.8499360330336,-0.381556116369785,-40
64.425,-0.0277874991256938,848.703283132929,848.731070632055,0.203644206794589,0.199057099354984,0.00458710743960494,-0.00127573886334811,12.8499360330336,-1.4024937949311,-40
64.45,0.56339509406664,849.586325062961,849.022929968894,0.203526664722095,0.19907102456036,0.00445564016173522,-0.00139248030616598,13.8499360330336,-0.423431473492409,40
64.475,0.271245710136891,849.586325062961,849.315079352824,0.20403115015178,0.19907102456036,0.00496012559142089,-0.000867571701988729,14.7098811182791,0.465575933191744,34.3978034098188
64.5,-0.0210624833428133,849.586325062961,849.607387546304,0.203766505962526,0.19907102456036,0.00469548140216691,-0.00112999278842976,13.7098811182791,-0.555361745369568,-40
64.525,0.552530883711974,850.45239272512,849.899861841408,0.204242725339845,0.199083760554911,0.00515896478493461,-0.000642562941764846,14.7098811182791,0.458816087386608,40
64.55,0.259870095383898,850.45239272512,850.192522629737,0.204043476655432,0.199083760554911,0.00495971610052101,-0.000815039843328813,13.8383584639494,-0.38728283838396,-34.8609061731891
64.575,-0.0320145336053966,850.45239272512,850.484407258726,0.20317556096279,0.199083760554911,0.00409180040787976,-0.00167783752064421,12.8383584639494,-1.4118591098248,-40
64.6,0.571682869799876,851.347339099595,850.775656229796,0.203134703551118,0.199096337775626,0.00403836577549133,-0.00172552091915276,13.8383584639494,-0.427049846523425,40
64.625,0.279972617155211,851.347339099595,851.06736648244,0.20380238320533,0.199096337775626,0.00470604542970404,-0.00104325620762705,14.8383584639494,0.602931393982326,40.0000000000001
64.65,-0.0121102199297041,851.347339099595,851.359449319525,0.203676699918864,0.199096337775626,0.00458036214323748,-0.00117097663495391,13.8383584639494,-0.41708736551192,-40
64.675,0.57088054893212,852.222760201719,851.651879652787,0.204270821885881,0.199107711274415,0.00516311061146599,-0.000558102212961709,14.8383584639494,0.61288897010293,40
64.7,0.277876200203685,852.222760201719,851.944884001515,0.204490030982223,0.199107711274415,0.00538231970780836,-0.000302315067326892,14.4224597522771,0.226966594045511,-16.6359484668909
64.725,-0.014903970475599,852.222760201719,852.237664172195,0.203978931674489,0.199107711274415,0.00487122040007471,-0.000796515266428183,13.4224597522771,-0.793057070339638,-40
64.75,0.591319814782451,853.121598781648,852.530278966865,0.204241859482808,0.199118642881653,0.00512321660115492,-0.000533476919572645,14.4224597522771,0.186919265275211,40
64.775,0.298006540100102,853.121598781648,852.823592241547,0.204946003001589,0.199118642881653,0.00582736011993623,0.000162146259568785,15.1062311189305,0.858779395949984,27.3508546661357
64.8,0.00427553623585344,853.121598781648,853.117323245412,0.204849073415673,0.199118642881653,0.00573043053401975,1.4399747127275e-05,14.1062311189305,-0.203131840028637,-40
64.825,0.587353729434828,853.998790694674,853.411436965239,0.20546530636893,0.199128707377527,0.00633659899140379,0.000568122319978409,15.1062311189305,0.769866121742748,40
64.85,0.292939706098381,853.998790694674,853.705850988576,0.205292220089572,0.199128707377527,0.00616351271204552,0.000357590380573786,14.1062311189305,-0.207135916485862,-40
64.875,-0.000727448222950157,853.998790694674,853.999518142897,0.204443194598114,0.199128707377527,0.00531448722058703,-0.000542324202686767,13.1062311189305,-1.23413795471448,-40
64.9,0.608887475890381,854.901457146079,854.292569670189,0.204414873832432,0.199139060259206,0.00527581357322585,-0.000597978327375931,14.1062311189305,-0.211139992943086,40
64.925,0.315362976707949,854.901457146079,854.586094169371,0.205089140024893,0.199139060259206,0.00595007976568657,6.91842525058217e-05,15.1062311189305,0.811857968828301,40
64.95,0.0214617640232273,854.901457146079,854.879995382056,0.204965036013014,0.199139060259206,0.00582597575380803,-7.96374161940172e-05,14.1062311189305,-0.215144069400312,-40
64.975,0.608584654570888,855.782826849789,855.174242195218,0.205556540384136,0.199148364960448,0.00640817542368721,0.000478523176328544,15.1062311189305,0.767006190906147,40
65,0.313765093969598,855.782826849789,855.469061755819,0.205777477745448,0.199148364960448,0.00662911278499972,0.000691325107936319,14.7016106662308,0.391034625644104,-16.1848181079855
65.025,0.0191702785970735,855.782826849789,855.763656571192,0.205264492412724,0.199148364960448,0.00611612745227544,0.000156844600781553,13.7016106662308,-0.630316486918301,-40
65.05,0.627106752867235,856.685188125363,856.058081372496,0.205522640136058,0.199157254096886,0.00636538603917258,0.000416352167161099,14.7016106662308,0.397291533988591,40
65.075,0.332021955485807,856.685188125363,856.353166169877,0.206178013913634,0.199157254096886,0.00702075981674832,0.00109493141410105,15.3261892765424,1.0526900988488,24.9831444124626
65.1,0.0365852125465516,856.685188125363,856.648602912816,0.206036551625114,0.199157254096886,0.00687929752822883,0.000960401974783559,14.3261892765424,0.0335100533974387,-40.0000000000001
65.125,0.621037387091281,857.565400362385,856.944362975294,0.206612247998728,0.19916531619505,0.00744693180367814,0.00152908919772593,15.3261892765424,1.01433000794608,40.0000000000001
65.15,0.325030455882868,857.565400362385,857.240369906502,0.206402623794231,0.19916531619505,0.00723730759918054,0.00133550801830171,14.3263854721784,0.0453461581307708,-39.9921521745583
65.175,0.029817773295651,857.565400362385,857.535582589089,0.205521157226853,0.19916531619505,0.0063558410318032,0.000454825043997326,13.3263854721784,-0.973833887320587,-40
65.2,0.640002226487369,858.470140602752,857.830138376264,0.20546424005844,0.199173639382628,0.00629060067581133,0.000406662330119822,14.3263854721784,0.0370783396612692,40
65.225,0.345009286230903,858.470140602752,858.125131316521,0.206113216107504,0.199173639382628,0.00693957672487586,0.00108141411425122,15.3263854721784,1.06259309885132,40.0000000000001
65.25,0.0496705930784029,858.470140602752,858.420470009674,0.205967131044837,0.199173639382628,0.00679349166220905,0.000940655041102856,14.3263854721784,0.0381078580413746,-40.0000000000001
65.275,0.637853976016657,859.353982273237,858.71612829722,0.206539878435011,0.19918088604508,0.00735899238993068,0.00151089879812741,15.3263854721784,1.02751781138858,40.0000000000001
65.3,0.341640097166048,859.353982273237,859.012342176071,0.206750928593803,0.19918088604508,0.00757004254872315,0.00174215777605793,14.9300175621781,0.662654138901755,-15.8547164000145
65.325,0.0456600483150035,859.353982273237,859.308322224922,0.206230532949259,0.19918088604508,0.0070496469041787,0.00122638160818878,13.9300175621781,-0.355841623584707,-40
65.35,0.59539263684614,860.199519479576,859.60412684273,0.206483689254464,0.199187729548566,0.00729595970589822,0.0015027189959812,14.9300175621781,0.67134191517772,40
65.375,0.299765022427484,860.199519479576,859.899754457149,0.206000026123673,0.199187729548566,0.00681229657510707,0.0010580710601269,13.9300175621781,-0.301474546059854,-40
65.4,0.00529108695949996,860.199519479576,860.194228392617,0.20488627445757,0.199187729548566,0.0056985449090044,-3.81563158820541e-05,12.9300175621781,-1.32429100729743,-40
65.425,0.581694109535856,861.069435343059,860.487741233523,0.20463291306744,0.199195157349798,0.00543775571764185,-0.00029246024800833,13.9300175621781,-0.347107468535001,40
65.45,0.28818889704048,861.069435343059,860.781246446019,0.204860415866045,0.199195157349798,0.00566525851624688,-4.67823031798376e-05,14.5639256207753,0.313984128824602,25.3563223438871
65.475,-0.0051069705576973,861.069435343059,861.074542313617,0.20435656733997,0.199195157349798,0.00516140999017228,-0.000551131786052761,13.5639256207753,-0.708832332412972,-40
65.5,0.554531827825556,861.922218731526,861.3676869037,0.204626312939746,0.199068837940859,0.00555747499888712,-0.000272314027422699,14.5639256207753,0.304963257144271,40
65.525,0.261518724392581,861.922218731526,861.660700007133,0.20418833161804,0.199068837940859,0.00511949367718117,-0.000682669550840564,13.6055602820036,-0.624722003387613,-38.3346135508654
65.55,-0.0304026419979241,861.922218731526,861.952621373524,0.203115257880862,0.199068837940859,0.00404641994000302,-0.00174727345424075,12.6055602820036,-1.64604192514786,-40
65.575,0.562952614943743,862.806589114174,862.24363649923,0.20289824699471,0.199082293629014,0.00381595336569612,-0.00196752711975998,13.6055602820036,-0.660596430259307,40
65.6,0.271707708611187,862.806589114174,862.534881405563,0.203415069577983,0.199082293629014,0.00433277594896889,-0.00143559930580087,14.6055602820036,0.365463529887033,40
65.625,-0.0197124027885795,862.806589114174,862.826301516963,0.203160662202395,0.199082293629014,0.00407836857338112,-0.00169421526982191,13.6055602820036,-0.658476509966625,-40
65.65,0.555990468945193,863.6738919166,863.117901447654,0.203645356195946,0.199094308644801,0.0045510475511446,-0.00119531182756269,14.6055602820036,0.367583450179715,40
65.675,0.263849024356853,863.6738919166,863.410042892243,0.203920643704425,0.199094308644801,0.00482633505962365,-0.000890081405342191,14.401869384675,0.189957417888356,-8.14763589314409
65.7,-0.0281464167071098,863.6738919166,863.702038333307,0.203459001579548,0.199094308644801,0.00436469293474639,-0.00134331787752304,13.401869384675,-0.833977717074403,-40
65.725,0.572416964214618,864.566354865198,863.993937900984,0.203765892093753,0.19910548541381,0.00466040667994269,-0.00104646869647529,14.401869384675,0.14208714796284,40
65.75,0.279879577210257,864.566354865198,864.286475287988,0.204342004808773,0.19910548541381,0.0052365193949625,-0.000461208407054103,14.846061618389,0.612344246714014,17.7676893485573
65.775,-0.0129100061926718,864.566354865198,864.579264871391,0.204137650236068,0.19910548541381,0.00503216482225805,-0.000674968435221773,13.846061618389,-0.411590888248741,-40
65.8,0.567238512456095,865.43953742625,864.872298913794,0.204664294348662,0.199115835154469,0.005548459194193,-0.00014629446884637,14.846061618389,0.603500212989993,40
65.825,0.273929846652636,865.43953742625,865.165607579598,0.204538063065442,0.199115835154469,0.00542222791097341,-0.000250144073084185,14.0188895684334,-0.193489933476822,-33.0868819982216
65.85,-0.01869815045529,865.43953742625,865.458235576706,0.203731612292098,0.199115835154469,0.00461577713762965,-0.00105175898783341,13.0188895684334,-1.2133080299881,-40
65.875,0.589917504454055,866.340225687961,865.750308183506,0.203742222994364,0.199126349109318,0.0046158738850465,-0.00104800688465509,14.0188895684334,-0.228419538032089,40
65.9,0.297316621286554,866.340225687961,866.042909066674,0.204452575512266,0.199126349109318,0.00532622640294808,-0.000354482068333356,15.0188895684334,0.756468953923923,40.0000000000001
65.925,0.0042876813426779,866.340225687961,866.335938006618,0.204362134175955,0.199126349109318,0.00523578506663724,-0.000505206444178202,14.0188895684334,-0.308642554120067,-40
65.95,0.590975783525347,867.220335995179,866.629360211654,0.204985074284948,0.199135781137655,0.00584929314729229,5.53047713621746e-05,15.0188895684334,0.67624593783594,40
65.975,0.296967165181139,867.220335995179,866.923368829998,0.205193654029967,0.199135781137655,0.00605787289231211,0.000228259472288883,14.5544075366408,0.237500099464222,-18.5792812717062
66,0.00319737201884038,867.220335995179,867.21713862316,0.204672445813925,0.199135781137655,0.0055366646762699,-0.000340551391880994,13.5544075366408,-0.786763707114841,-40
66.025,0.612173920559422,868.122903188004,867.510729267445,0.204925699061604,0.199144934185023,0.00578076487658169,-0.000114930810191233,14.5544075366408,0.232080528215233,40
66.05,0.317874498516549,868.122903188004,867.805028689488,0.205652351310745,0.199144934185023,0.00650741712572261,0.00060196926512085,15.2837908706888,0.981348964124009,29.1753333619198
66.075,0.0231275824321012,868.122903188004,868.099775605572,0.20557380468618,0.199144934185023,0.00642887050115787,0.00049404131550379,14.2837908706888,-0.0487659340152121,-40
66.1,0.608258691231725,869.003188394135,868.394929702903,0.206204895162444,0.199153289385654,0.00705160577679015,0.00107899166306041,15.2837908706888,0.921119167845568,40
66.125,0.312784323963918,869.003188394135,868.690404070171,0.206043870050386,0.199153289385654,0.00689058066473133,0.000892529311664586,14.2837908706888,-0.0589957302936517,-40
66.15,0.0180402132682361,869.003188394135,868.985148180866,0.205204907244572,0.199153289385654,0.00605161785891822,1.0930344578719e-05,13.2837908706888,-1.08911062843287,-40
66.175,0.628760583835843,869.908051351097,869.279290767261,0.205184931118997,0.199162003080039,0.00602292803895796,-3.13655593465745e-05,14.2837908706888,-0.0692255265720881,40
66.2,0.334133263772368,869.908051351097,869.573918087325,0.205865893384741,0.199162003080039,0.00670389030470184,0.000658657060034373,15.2837908706888,0.970567302855476,40
66.225,0.0391195142315719,869.908051351097,869.868931836865,0.205747313131448,0.199162003080039,0.00658531005140978,0.000541056017389185,14.2837908706888,-0.039639867716956,-40
66.25,0.627061052260502,870.791360506142,870.164299453881,0.206343349263366,0.199169761079499,0.00717358818386774,0.00113189654206491,15.2837908706888,0.951185422702169,40
66.275,0.331194081434839,870.791360506142,870.460166424707,0.206458684283732,0.199169761079499,0.00728892320423333,0.00126203730560179,14.7227414226291,0.417066070904444,-22.441977922388
66.3,0.0356906596558991,870.791360506142,870.755669846486,0.205855661434532,0.199169761079499,0.00668590035503355,0.000655974804175091,13.7227414226291,-0.606003832833582,-40
66.325,0.645123169931682,871.696008295182,871.05088512525,0.206037098605476,0.1991773322958,0.00685976630967605,0.000854088721463392,14.7227414226291,0.420926263428392,40
66.35,0.349252261720896,871.696008295182,871.346756033461,0.206758033217974,0.1991773322958,0.0075807009221743,0.00161161446922259,15.5344778839377,1.26391351975012,32.4694584523459
66.375,0.0529412219029212,871.696008295182,871.643067073279,0.206673134186867,0.1991773322958,0.00749580189106663,0.00154536830473154,14.5344778839377,0.245164314763208,-40.0000000000001
66.4,0.638358271269185,872.578135898138,871.939777626869,0.207297596038931,0.199184041001751,0.00811355503717942,0.00217310383303054,15.5344778839377,1.22641510977629,40.0000000000001
66.425,0.341335109326189,872.578135898138,872.236800788812,0.207130068805531,0.199184041001751,0.00794602780377976,0.00203065655667328,14.5344778839377,0.257665904789375,-40.0000000000001
66.45,0.0450490263820015,872.578135898138,872.533086871756,0.206285417629769,0.199184041001751,0.00710137662801744,0.0011947516390354,13.5344778839377,-0.761083300197538,-40
66.475,0.596122500232396,873.424888637418,872.828766137186,0.206260673265077,0.199191064346619,0.0070696089184584,0.00118572728769334,14.5344778839377,0.250158870183636,40
66.5,0.300848556388604,873.424888637418,873.124040081029,0.205731619579314,0.199191064346619,0.00654055523269534,0.000687704178791881,13.8101562075724,-0.449532686595294,-28.9728670546116
66.525,0.00679011530638289,873.424888637418,873.418098522112,0.204578418571196,0.199191064346619,0.00538735422457659,-0.000456376905883682,12.8101562075724,-1.47490256700893,-40
66.55,0.5856385200832,874.296780248027,873.711141727944,0.204290510882954,0.199198575588141,0.00509193529481286,-0.000744382215910555,13.8101562075724,-0.486583185469406,40
66.575,0.292462370783515,874.296780248027,874.004317877244,0.204743852143003,0.199198575588141,0.00554527655486223,-0.000268815445534448,14.8101562075724,0.54497077942132,40
66.6,-0.000802267506088928,874.296780248027,874.297582515533,0.204432559151463,0.199198575588141,0.00523398356332203,-0.000573796482728928,13.8101562075724,-0.473475255687949,-40
66.625,0.558078240342608,875.149027686704,874.590949446361,0.204866108653307,0.199071872286854,0.0057942363664531,-0.000115481000531437,14.8101562075724,0.553991759126477,40
66.65,0.264648710675393,875.149027686704,874.884378976029,0.204538147329927,0.199071872286854,0.00546627504307293,-0.000402929668405272,13.8101562075724,-0.418541226059096,-40
66.675,-0.0278333368348925,875.149027686704,875.176861023539,0.203558229558942,0.199071872286854,0.00448635727208765,-0.00136388476525709,12.8101562075724,-1.44107421124467,-40
66.7,0.562428786223956,876.030987605608,875.468558819384,0.203419833153673,0.199084887209478,0.00433494594419515,-0.00150181565503824,13.8101562075724,-0.463607196430243,40
66.725,0.270419694220521,876.030987605608,875.760567911388,0.203973716383438,0.199084887209478,0.00488882917395969,-0.000928364683702526,14.76885776791,0.522561378721787,38.3480624135042
66.75,-0.021812383473054,876.030987605608,876.052799989081,0.203749775081921,0.199084887209478,0.00466488787244265,-0.00115141114598516,13.76885776791,-0.499971606463786,-40
66.775,0.550229917360294,876.895481012048,876.345251094688,0.204259236325145,0.199096541195186,0.00516269512995945,-0.000630853011185206,14.76885776791,0.514983492416287,40
66.8,0.257614814006194,876.895481012048,876.637866198042,0.203997224494891,0.199096541195186,0.0049006832997058,-0.000865403722383251,13.76885776791,-0.459087644905133,-40
66.825,-0.034140675183345,876.895481012048,876.929621687232,0.203074417655004,0.199096541195186,0.00397787645981879,-0.00178176149203813,12.76885776791,-1.48315878222656,-40
66.85,0.56895560675058,877.789624461564,877.220668854814,0.202985497627435,0.199108038808439,0.00387745881899509,-0.00187781608656751,13.76885776791,-0.500896565075619,40
66.875,0.277510199932781,877.789624461564,877.512114261631,0.20361127594496,0.199108038808439,0.0045032371365207,-0.00123914103383521,14.76885776791,0.526659063608031,40
66.9,-0.0142534804315345,877.789624461564,877.803877941996,0.203449377230571,0.199108038808439,0.00434133842213172,-0.00140600086678749,13.76885776791,-0.495785307708317,-40
66.925,0.569202181189498,878.665144806033,878.095942624843,0.204012283850976,0.199118290616548,0.00489399323442755,-0.000828384302401369,14.76885776791,0.531770320975337,40
66.95,0.276491693728517,878.665144806033,878.388653112304,0.204356273750977,0.199118290616548,0.0052379831344283,-0.00045288034985308,14.5692027531863,0.359670934935307,-7.98620058894728
66.975,-0.0161624959215903,878.665144806033,878.681307301954,0.203952430955502,0.199118290616548,0.00483414033895407,-0.000845820116661511,13.5692027531863,-0.662773436381039,-40
67,0.589993351643613,879.563934260959,878.973940909316,0.204307648876198,0.199127840613874,0.00517980826232392,-0.000497342325926936,14.5692027531863,0.314782192302614,40
67.025,0.29665494855482,879.563934260959,879.267279312405,0.204929603933004,0.199127840613874,0.00580176331912988,0.000107599589120766,15.0216322750596,0.751659300950428,18.0971808749319
67.05,0.00300473774128175,879.563934260959,879.560929523218,0.204763330897676,0.199127840613874,0.00563549028380234,-0.00011943664925082,14.0216322750596,-0.313893112275041,-40
67.075,0.587241407501083,880.44211503813,879.854873630629,0.205321326512351,0.199136665361079,0.00618466115127159,0.000369566532554211,15.0216322750596,0.662270196773511,40
67.1,0.292986819710448,880.44211503813,880.149128218419,0.205214255948311,0.199136665361079,0.00607759058723184,0.000221476896936385,14.1851102781117,-0.148088491125876,-33.4608798779178
67.125,-0.000611905203875681,880.44211503813,880.442726943334,0.204423363830132,0.199136665361079,0.0052866984690525,-0.000621432172017239,13.1851102781117,-1.17192518207732,-40
67.15,0.610628992465323,881.346419465678,880.735790473212,0.204446400279233,0.199145743316165,0.00530065696306803,-0.000658499177994987,14.1851102781117,-0.193939470845124,40
67.175,0.317021122503244,881.346419465678,881.029398343174,0.205166310499514,0.199145743316165,0.00602056718334928,-5.5578374414389e-06,15.1851102781117,0.784046240387072,40.0000000000001
67.2,0.0229727292488185,881.346419465678,881.323446736429,0.205083183721894,0.199145743316165,0.00593744040572844,-0.000196451188456792,14.1851102781117,-0.287968048380727,-40
67.225,0.61156454464835,882.229462611664,881.617898067015,0.205711519562072,0.1991538093852,0.00655771017687132,0.000324242091731763,15.1851102781117,0.690017662851471,40
67.25,0.31653753113869,882.229462611664,881.912925080525,0.20589947360034,0.1991538093852,0.00674566421513917,0.000438980156621555,14.6855869154859,0.217447550466321,-19.9809345050315
67.275,0.0217762569055625,882.229462611664,882.207686354758,0.205360239521508,0.1991538093852,0.0062064301363072,-0.00017892462856503,13.6855869154859,-0.805599199293042,-40
67.3,0.632065154471459,883.134310319549,882.502245165078,0.205597698625247,0.199161686641287,0.00643601198396029,1.02236749622564e-05,14.6855869154859,0.221354050947594,40
67.325,0.33680902740555,883.134310319549,882.797501292144,0.206322481283857,0.199161686641287,0.00716079464257038,0.000712718251911826,15.4322527365916,0.99497312229393,29.8666328442279
67.35,0.0411070887551068,883.134310319549,883.093203230794,0.206242163809706,0.199161686641287,0.00708047716841917,0.000597429764604723,14.4322527365916,-0.0280736274654343,-40.0000000000001
67.375,0.627376405752996,884.016687312096,883.389310906343,0.206871578929399,0.199168816837594,0.0077027620918047,0.00118103748385945,15.4322527365916,0.948879622775207,40.0000000000001
67.4,0.330949647144552,884.016687312096,883.685737664951,0.206709198279671,0.199168816837594,0.00754038144207655,0.00099859363524199,14.4322527365916,-0.0241671269841607,-40.0000000000001
67.425,0.0352536372567815,884.016687312096,883.981433674839,0.205869506703629,0.199168816837594,0.00670068986603417,0.000125928732706754,13.4322527365916,-1.04721387674352,-40
67.45,0.646579688607029,884.923108219597,884.27652853099,0.205849296483137,0.199176358029828,0.00667293845330905,9.1132179293657e-05,14.4322527365916,-0.0282201293623874,40
67.475,0.350999218607548,884.923108219597,884.572109000989,0.206530278463524,0.199176358029828,0.00735392043369601,0.000787294682251916,15.4322527365916,1.01078224265065,40.0000000000001
67.5,0.055031039757358,884.923108219597,884.86807717984,0.206412145249644,0.199176358029828,0.00723578721981596,0.00067485418214927,14.4322527365916,-0.000215385336312114,-40.0000000000001
67.525,0.643522711098537,885.807923767756,885.164401056657,0.207008946692954,0.199183020676896,0.00782592601605825,0.00127053593994883,15.4322527365916,0.990661433562589,40.0000000000001
67.55,0.346752528890225,885.807923767756,885.461171238865,0.207050208197736,0.199183020676896,0.00786718752084029,0.00133025432190761,14.7636238456302,0.349220099546913,-26.7451556384563
67.575,0.0504427537346819,885.807923767756,885.757481014021,0.206384615006127,0.199183020676896,0.00720159432923081,0.000664894060608295,13.7636238456302,-0.673592343507357,-40
67.6,0.660801458952663,886.714222400879,886.053420941926,0.206513237182434,0.199189675972706,0.00732356120972791,0.000813126273852077,14.7636238456302,0.353595213438375,40
67.625,0.364215614675197,886.714222400879,886.350006786203,0.207270246856464,0.199189675972706,0.00808057088375774,0.0016091916016579,15.6907277582845,1.31197363311471,37.0841565061721
67.65,0.0671408005901256,886.714222400879,886.647081600289,0.207216902519036,0.199189675972706,0.00802722654632934,0.00157655905486445,14.6907277582845,0.293248140136735,-40.0000000000001
67.675,0.653178094954373,887.597776705747,886.944598610793,0.207868892494721,0.199195484933418,0.00867340756130303,0.00223353630427531,15.6907277582845,1.27452264715877,40.0000000000001
67.7,0.355311221739302,887.597776705747,887.242465484008,0.20772553555326,0.199195484933418,0.00853005061984269,0.00211667507061875,14.6907277582845,0.3057971541808,-40.0000000000001
67.725,0.0581485710879832,887.597776705747,887.539628134659,0.20690235531856,0.199195484933418,0.00770687038514209,0.00130340647455907,13.6907277582845,-0.712928338797165,-40
67.75,0.608865444852304,888.445078500473,887.836213055621,0.206896603336105,0.19906876672799,0.0078278366081147,0.00132619460348252,14.6907277582845,0.315291827855375,40
67.775,0.312801837588427,888.445078500473,888.132276662884,0.20619166833363,0.19906876672799,0.00712290160563936,0.000674481005747268,13.6907277582845,-0.643976089557734,-40
67.8,0.0181865213503165,888.445078500473,888.426891979123,0.204888747761313,0.19906876672799,0.00581998103332254,-0.000589095519837296,12.6907277582845,-1.65324400697084,-40
67.825,0.59835168267373,889.318645343909,888.720293661235,0.20447325818124,0.199082533838268,0.00539072434297172,-0.000977157250080629,13.6907277582845,-0.662511924383942,40
67.85,0.304986415477946,889.318645343909,889.013658928431,0.204817793644977,0.199082533838268,0.00573525980670886,-0.000584880821528883,14.6907277582845,0.371886803730595,40
67.875,0.0116772295470326,889.318645343909,889.306968114361,0.204413803900533,0.199082533838268,0.0053312700622648,-0.000958758195695963,13.6907277582845,-0.64371446815487,-40
67.9,0.572938110697327,890.173194274486,889.600256163788,0.204768310290285,0.198961852713876,0.00580645757640866,-0.00056177906054472,14.6907277582845,0.379976168486183,40
67.925,0.279529262880455,890.173194274486,889.893665011605,0.204595737167841,0.198961852713876,0.00563388445396501,-0.000681334415837398,14.0091078726648,-0.277953080492496,-27.264795424789
67.95,-0.0131374935102445,890.173194274486,890.186331767996,0.203749052848124,0.198961852713876,0.00478720013424788,-0.00150098077770427,13.0091078726648,-1.30426244385144,-40
67.975,0.577125258591788,891.055515345392,890.4783900868,0.203724722404406,0.198980275380507,0.00474444702389923,-0.00151811142053768,14.0091078726648,-0.327103457816533,40
68,0.284622784191648,891.055515345392,890.770892561201,0.204352436296628,0.198980275380507,0.00537216091612089,-0.000865223462655523,14.9341299972304,0.625077652784034,37.0008849826261
68.025,-0.00819933839715355,891.055515345392,891.063714683789,0.204191328845933,0.198980275380507,0.00521105346542633,-0.00102077230703707,13.9341299972304,-0.397763361181053,-40
68.05,0.561992345712559,891.918830147174,891.356837801462,0.204754013685272,0.198997006930562,0.00575700675470978,-0.000434362421153134,14.9341299972304,0.629395624853858,40
68.075,0.268636104032467,891.918830147174,891.650194043142,0.204536925034899,0.198997006930562,0.00553991810433627,-0.000606412495110759,13.9341299972304,-0.335161111385264,-40
68.1,-0.0239187227050437,891.918830147174,891.942748869879,0.203652029797272,0.198997006930562,0.00465502286670957,-0.00146302881632079,12.9341299972304,-1.34971784762439,-40
68.125,0.576052775496101,892.810697050892,892.234644275396,0.203594892204734,0.199013361813142,0.00458153039159245,-0.00150625516633038,13.9341299972304,-0.364274583863509,40
68.15,0.283718506239349,892.810697050892,892.526978544653,0.204246909330189,0.199013361813142,0.00523354751704774,-0.000818948625852606,14.9341299972304,0.669346277713726,40
68.175,-0.00896729888976242,892.810697050892,892.819664349782,0.204106482187363,0.199013361813142,0.00509312037422127,-0.000940791737863156,13.9341299972304,-0.347032860709038,-40
68.2,0.570968999604446,893.683647193254,893.112678193649,0.204686718176257,0.199028220611045,0.00565849756521206,-0.000325033465657792,14.9341299972304,0.681277453036697,40
68.225,0.27763639209247,893.683647193254,893.406010801161,0.204569915106948,0.199028220611045,0.00554169449590289,-0.000391848527196703,14.0563036120101,-0.168238618437868,-35.1130554088121
68.25,-0.0150273660948754,893.683647193254,893.698674559349,0.203770617410736,0.199028220611045,0.00474239679969085,-0.0011637680465727,13.0563036120101,-1.18992830469213,-40
68.275,0.592260117494162,894.583052107179,893.990791989685,0.203786477652218,0.199042693676942,0.00474378397527583,-0.00113988651183716,14.0563036120101,-0.211617990946396,40
68.3,0.299607494163015,894.583052107179,894.283444613016,0.204500584632049,0.199042693676942,0.00545789095510685,-0.000434318862684718,15.0563036120101,0.766692322799342,40
68.325,0.00652151840691126,894.583052107179,894.576530588772,0.204412842691273,0.199042693676942,0.00537014901433125,-0.00057972915640922,14.0563036120101,-0.304997363454921,-40
68.35,0.59188163050532,895.461895603614,894.870013973109,0.205037668998627,0.199055774637222,0.00598189436140456,-1.9615213137536e-05,15.0563036120101,0.673312950290814,40
68.375,0.297863525782639,895.461895603614,895.164032077832,0.205172669113434,0.199055774637222,0.00611689447621175,7.9645715423543e-05,14.4846272709496,0.129946922976042,-22.8670536424203
68.4,0.00418068081807397,895.461895603614,895.457714922796,0.204588487593632,0.199055774637222,0.00553271295640934,-0.000550432419879454,13.4846272709496,-0.89174276327822,-40
68.425,0.61269171751379,896.363828185924,895.75113646841,0.204787988389618,0.199068354236603,0.0057196341530148,-0.000376723611674401,14.4846272709496,0.127704794953575,40
68.45,0.318563214019802,896.363828185924,896.045264971904,0.205561304447757,0.199068354236603,0.00649295021115412,0.00039359375020781,15.3458932951951,1.01637788029036,34.4506409698191
68.475,0.0239233817596522,896.363828185924,896.339904804164,0.205523315837105,0.199068354236603,0.00645496160050144,0.00033714428706258,14.3458932951951,-0.00621505861833957,-40.0000000000001
68.5,0.608764633557853,897.243772279423,896.635007645865,0.206189800997124,0.199079758797892,0.00711004219923184,0.000972403770475305,15.3458932951951,0.971859461358776,40.0000000000001
68.525,0.313292358670103,897.243772279423,896.930479920753,0.206059944831157,0.199079758797892,0.00698018603326564,0.000834083262951479,14.3458932951951,-0.00194046554996952,-40.0000000000001
68.55,0.0185066808768055,897.243772279423,897.225265598546,0.205248665141102,0.199079758797892,0.00616890634320968,-1.14099793857569e-06,13.3458932951951,-1.02574039245871,-40
68.575,0.628704449892235,898.148193289292,897.5194888394,0.205253458349459,0.199091242541331,0.00616221580812723,1.44832004897455e-06,14.3458932951951,0.00045968063254307,40
68.6,0.33396120570911,898.148193289292,897.814232083583,0.205956787481302,0.199091242541331,0.00686554493997049,0.000721196084321918,15.3458932951951,1.0266597537238,40.0000000000001
68.625,0.0387993879550596,898.148193289292,898.109393901337,0.205858670255565,0.199091242541331,0.00676742771423394,0.000620459414062219,14.3458932951951,0.00285982681505248,-40.0000000000001
68.65,0.626539573623765,899.031478710733,898.404939137109,0.206473541286399,0.19910160462562,0.00737193666077929,0.0012236601796464,15.3458932951951,0.989425254219429,40.0000000000001
68.675,0.33058402284778,899.031478710733,898.700894687885,0.206448001162273,0.19910160462562,0.00734639653665284,0.00121369613089056,14.558315208455,0.238412594883752,-31.5031234696019
68.7,0.0351764573548644,899.031478710733,898.996302253378,0.205726015242451,0.19910160462562,0.00662441061683081,0.000495637106134844,13.558315208455,-0.775021977711874,-40
68.725,0.646178744695289,899.937444866258,899.291266121562,0.205807228245118,0.199111842109363,0.00669538613575499,0.000597182834806143,14.558315208455,0.249245167656757,40
68.75,0.350593332887445,899.937444866258,899.58685153337,0.206575751605955,0.199111842109363,0.00746390949659245,0.00140222774107429,15.558315208455,1.27656665339488,40.0000000000001
68.775,0.0545027228985405,899.937444866258,899.882942143359,0.206533241560773,0.199111842109363,0.00742139945141013,0.00137511386353822,14.558315208455,0.253888139133007,-40.0000000000001
68.8,0.641650309332322,900.821140441701,900.179490132369,0.207195481879268,0.19912099108008,0.00807449079918823,0.00203465142375334,15.558315208455,1.23120962487113,40.0000000000001
68.825,0.34473814748139,900.821140441701,900.47640229422,0.207061752744527,0.19912099108008,0.00794076166444646,0.0019177119818746,14.558315208455,0.258531110609255,-40.0000000000001
68.85,0.0485170166666771,900.821140441701,900.772623425034,0.20624736109482,0.19912099108008,0.00712637001474031,0.00110182069471979,13.558315208455,-0.764147403652619,-40
68.875,0.600488853872126,901.668767619317,901.068278765445,0.206249668520557,0.199130312220587,0.00711935629996921,0.00112095280016514,14.558315208455,0.261738552335554,40
68.9,0.305161797113064,901.668767619317,901.363605822204,0.205799989801536,0.199130312220587,0.00666967758094847,0.000711285437516723,13.9128254290126,-0.347157179645231,-25.8195911776977
68.925,0.0109445623691061,901.668767619317,901.657823056948,0.204715685018125,0.199130312220587,0.00558537279753815,-0.000348139506137907,12.9128254290126,-1.36056313218357,-40
68.95,0.589661203650328,902.540777710737,901.951116507087,0.204487486947827,0.199140024417455,0.00534746253037158,-0.000564421064615989,13.9128254290126,-0.373969084721912,40
68.975,0.296169640471577,902.540777710737,902.244608070266,0.204973749468654,0.199140024417455,0.00583372505119864,-4.47882505485164e-05,14.8861270735802,0.632458257913474,38.9320657827036
69,0.00254648276763311,902.540777710737,902.53823122797,0.204691009958931,0.199140024417455,0.00555098554147607,-0.0003107775437034,13.8861270735802,-0.384416044018732,-40
69.025,0.560400615282649,903.39239429421,902.831993678927,0.2051491116793,0.199015505373107,0.00613360630619211,0.000177693096038711,14.8861270735802,0.638522395121716,40
69.05,0.266544110071321,903.39239429421,903.125850184138,0.204842169300049,0.199015505373107,0.00582666392694167,-8.72288024404144e-05,13.8861270735802,-0.338539165737838,-40
69.075,-0.0263915392730229,903.39239429421,903.418785833483,0.203880179737713,0.199015505373107,0.00486467436460511,-0.00103220602557122,12.8861270735802,-1.36560072659739,-40
69.1,0.562241983670092,904.273201483322,903.710959499652,0.203756807578198,0.199030683425326,0.00472612415287219,-0.00115826303584926,13.8861270735802,-0.3902152502429,40
69.125,0.269930801527679,904.273201483322,904.003270681794,0.204061702814733,0.199030683425326,0.00503101938940759,-0.000837930644407126,14.4715129010555,0.220556053586901,23.4154330990126
69.15,-0.0222710769724221,904.273201483322,904.295472560294,0.203623866315366,0.199030683425326,0.00459318289004002,-0.00127979208544091,13.4715129010555,-0.804058470058609,-40
69.175,0.550520256489229,905.138127858985,904.587607602496,0.20394940638471,0.199044757270377,0.00490464911433305,-0.00093995486745449,14.4715129010555,0.221327006295877,40
69.2,0.258214464019515,905.138127858985,904.879913394966,0.203873409136079,0.199044757270377,0.00482865186570222,-0.000982263973793668,13.9634441824851,-0.256045688088517,-20.3227487428154
69.225,-0.0334762946955939,905.138127858985,905.171604153681,0.20310905328972,0.199044757270377,0.00406429601934308,-0.0017313154910539,12.9634441824851,-1.27534966390253,-40
69.25,0.568190855220146,906.030985365999,905.462794510779,0.203154770704885,0.199058209076491,0.00409656162839425,-0.00168603128267461,13.9634441824851,-0.294653639716543,40
69.275,0.276425936491547,906.030985365999,905.754559429508,0.203894587983432,0.199058209076491,0.00483637890694116,-0.000925144625047836,14.9634441824851,0.736042384469443,40
69.3,-0.0158062778333649,906.030985365999,906.046791643833,0.203828996917528,0.199058209076491,0.00477078784103707,-0.000986244601183045,13.9634441824851,-0.283261591344569,-40
69.325,0.563907459247842,906.903357839679,906.339450380431,0.20447282818922,0.199070130176522,0.0054026980126988,-0.000320409452315679,14.9634441824851,0.742766428552743,40
69.35,0.27087959087589,906.903357839679,906.632478248803,0.204364681810256,0.199070130176522,0.00529455163373424,-0.000391582001700752,14.0208653724833,-0.173784361551789,-37.7031524000738
69.375,-0.0214901677081928,906.903357839679,906.924848007387,0.20357221485854,0.199070130176522,0.00450208468201876,-0.00116924679476241,13.0208653724833,-1.19775634165448,-40
69.4,0.585273841194349,907.80195361153,907.216679770336,0.203593294003403,0.199081893315562,0.00451140068784103,-0.00115234358826566,14.0208653724833,-0.221728321757168,40
69.425,0.292900526974247,907.80195361153,907.509053084556,0.20431132791679,0.199081893315562,0.00522943460122752,-0.000448526928679027,15.0208653724833,0.763162453654085,40
69.45,8.90652009849876e-05,907.80195361153,907.801864546329,0.204226492718141,0.199081893315562,0.00514459940257844,-0.000591136204126014,14.0208653724833,-0.301946770934665,-40
69.475,0.584979021942807,908.68005589645,908.095076874508,0.204853307174398,0.199092414367795,0.00576089280660233,-2.57337366524057e-05,15.0208653724833,0.681009478355491,40
69.5,0.291240274290984,908.68005589645,908.388815622159,0.204975044222178,0.199092414367795,0.00588262985438284,6.60025971443712e-05,14.4283557295772,0.120788625853736,-23.7003857162439
69.525,-0.00214544315407099,908.68005589645,908.682201339604,0.204379125600305,0.199092414367795,0.00528671123250971,-0.000567998040653911,13.4283557295772,-0.896922583741925,-40
69.55,0.606297208791051,909.581607249866,908.975310041075,0.20456817157287,0.19910255696888,0.00546561460399006,-0.000394708280551159,14.4283557295772,0.127162685358767,40
69.575,0.312474373492071,909.581607249866,909.269132876374,0.205360852379998,0.19910255696888,0.00625829541111808,0.000401322185136416,15.3304742410156,1.05336646589783,36.0847404575353
69.6,0.018114303133142,909.581607249866,909.563492946733,0.205339301285033,0.19910255696888,0.00623674431615265,0.000364486615380355,14.3304742410156,0.0274517349985194,-40.0000000000001
69.625,0.602893114307382,910.461231163183,909.858338048876,0.206019667922213,0.199111588275913,0.0069080796462995,0.00101427938741716,15.3304742410156,1.0025001989973,40.0000000000001
69.65,0.307659768247423,910.461231163183,910.153571394936,0.205901655340693,0.199111588275913,0.00679006706477972,0.000880331602858275,14.3304742410156,0.0171833086829589,-40.0000000000001
69.675,0.0130968846420003,910.461231163183,910.448134278541,0.205100475470608,0.199111588275913,0.00598888719469515,4.07676464043993e-05,13.3304742410156,-1.01813358163138,-40
69.7,0.623374016299422,911.365522571327,910.742148555028,0.205113842078495,0.19912078326255,0.00599305881594456,3.15104645788045e-05,14.3304742410156,-0.00345047194572213,40
69.725,0.328827784260866,911.365522571327,911.036694787066,0.205824556516559,0.19912078326255,0.00670377325400889,0.000741699113394695,15.3304742410156,1.02353091977568,40.0000000000001
69.75,0.0338524350212194,911.365522571327,911.331670136306,0.20573297644276,0.19912078326255,0.00661219318020934,0.000633522289195582,14.3304742410156,0.000512311497080135,-40.0000000000001
69.775,0.621825950378061,912.248864232929,911.627038282551,0.206353597970019,0.199128960583962,0.00722463738605697,0.00123058407928942,15.3304742410156,0.987226428622347,40.0000000000001
69.8,0.326052215057192,912.248864232929,911.922812017871,0.206315326792274,0.199128960583962,0.00718636620831237,0.00119777747767005,14.5171944125626,0.210660717294612,-32.5311931381202
69.825,0.0308424758908446,912.248864232929,912.218021757038,0.205582799561347,0.199128960583962,0.00645383897738583,0.00046058245397132,13.5171944125626,-0.802625165580121,-40
69.85,0.64257452196028,913.155349142098,912.512774620137,0.205655274748668,0.199137142192947,0.00651813255572042,0.000546642800795138,14.5171944125626,0.222589159533562,40
69.875,0.347210838036302,913.155349142098,912.808138304061,0.206416706055201,0.199137142192947,0.00727956386225409,0.00133828679465184,15.5171944125626,1.2492390143972,40.0000000000001
69.9,0.0513503797230562,913.155349142098,913.103998762375,0.206368679953531,0.199137142192947,0.00723153776058352,0.00129971692398584,14.5171944125626,0.225888869260836,-40.0000000000001
69.925,0.639552077665502,914.03986221559,913.400310137925,0.207026648090041,0.199144350465351,0.00788229762469014,0.00194935213283279,15.5171944125626,1.20253872412447,40.0000000000001
69.95,0.342841499805585,914.03986221559,913.697020715785,0.206943966499171,0.199144350465351,0.00779961603382007,0.00187808833203654,14.5945754574065,0.306569623832016,-36.9047582062437
69.975,0.0467534090217824,914.03986221559,913.993108806568,0.206173778028005,0.199144350465351,0.00702942756265393,0.00110125006268208,13.5945754574065,-0.716780521304348,-40
70,0.599474801678064,914.888165217696,914.288690416018,0.206214290595936,0.199151779066558,0.00706251152937715,0.00115290078550273,14.5945754574065,0.307400918197973,40
70.025,0.304183629988452,914.888165217696,914.583981587708,0.205779360177798,0.199151779066558,0.00662758111123982,0.000751471342599008,13.9227163095527,-0.330089531226113,-26.8743659141502
70.05,0.00998203719185887,914.888165217696,914.878183180504,0.204708182957668,0.199151779066558,0.00555640389110948,-0.000302036453673937,12.9227163095527,-1.34572083279644,-40
70.075,0.589236534270029,915.760715426187,915.171478891917,0.204491558729337,0.199159738189081,0.00533182054025605,-0.000514547623132522,13.9227163095527,-0.361352134366771,40
70.1,0.295733044012444,915.760715426187,915.464982382175,0.204979762183907,0.199159738189081,0.00582002399482601,-5.643492082541e-07,14.8841885136291,0.632041730925243,38.4588881630554
70.125,0.00209497346721638,915.760715426187,915.75862045272,0.204699110936297,0.199159738189081,0.00553937274721608,-0.000271859373551592,13.8841885136291,-0.386036607859128,-40
70.15,0.56052078664398,916.612921566547,916.052400779903,0.205159229770139,0.199033631881855,0.00612559788828407,0.000213248180130327,14.8841885136291,0.63832234629268,40
70.175,0.266643526629747,916.612921566547,916.346278039917,0.204854357973208,0.199033631881855,0.00582072609135262,-5.32478104009471e-05,13.8841885136291,-0.337318699555511,-40
70.2,-0.0263157339788502,916.612921566547,916.639237300525,0.203894440706017,0.199033631881855,0.00486080882416168,-0.000998296489067935,12.8841885136291,-1.3629597454037,-40
70.225,0.562959393573221,917.494396598611,916.931437205038,0.203772923305701,0.199047348904046,0.00472557440165514,-0.00112505671722912,13.8841885136291,-0.388600791251894,40
70.25,0.270606724670339,917.494396598611,917.223789873941,0.20409716019148,0.199047348904046,0.00504981128743387,-0.000788284436020054,14.4948794974744,0.24644914674523,24.4276393538126
70.275,-0.0216620786298311,917.494396598611,917.516058677241,0.203676004938423,0.199047348904046,0.00462865603437698,-0.0012166415065292,13.4948794974744,-0.779191899102961,-40
70.3,0.551439463376113,918.359721794143,917.808282330767,0.204015708628415,0.199060058811774,0.00495564981664071,-0.000866040382782707,14.4948794974744,0.245167055048849,40
70.325,0.259043141072196,918.359721794143,918.100678653071,0.203929421809085,0.199060058811774,0.004869362997311,-0.000922663008138813,13.9548711779378,-0.265814306047277,-21.6003327814644
70.35,-0.0327239960522759,918.359721794143,918.392445790195,0.203156174317335,0.199060058811774,0.00409611550556108,-0.00168514446471879,12.9548711779378,-1.28678734760679,-40
70.375,0.569251604423686,919.252951635588,918.683700031165,0.203193965618357,0.199072277376217,0.00412168824214007,-0.00165274772899773,13.9548711779378,-0.307760389166307,40
70.4,0.277434089358182,919.252951635588,918.97551754623,0.203926611109924,0.199072277376217,0.00485433373370769,-0.000904342375588729,14.9548711779378,0.721266569274178,40.0000000000001
70.425,-0.0148405082628693,919.252951635588,919.267792143851,0.203854616313837,0.199072277376217,0.00478233893762026,-0.000977432397715444,13.9548711779378,-0.299706472285341,-40
70.45,0.565087121097969,920.125571028461,919.560483907363,0.204492484645673,0.199083064753391,0.00540941989228236,-0.000321915572431469,14.9548711779378,0.726733269856015,40
70.475,0.272013674319351,920.125571028461,919.853557354142,0.204407780978809,0.199083064753391,0.00532471622541858,-0.0003715810714221,14.0536077923904,-0.146155847428909,-36.050535421895
70.5,-0.0204319730616454,920.125571028461,920.146003001523,0.203635005212835,0.199083064753391,0.00455194045944465,-0.00112940526955799,13.0536077923904,-1.16778157916646,-40
70.525,0.58618074734768,921.024116606243,920.437935858895,0.203672348646006,0.199093728723283,0.00457861992272368,-0.00109429594271651,14.0536077923904,-0.189407310904009,40
70.55,0.293685674234462,921.024116606243,920.730430932008,0.204403649217989,0.199093728723283,0.00530992049470619,-0.000374193493335451,15.0536077923904,0.797170478662097,40
70.575,0.000735630140735349,921.024116606243,921.023380976102,0.204329659605826,0.199093728723283,0.00523593088254315,-0.000502008824718153,14.0536077923904,-0.266251731771794,-40
70.6,0.585071560727811,921.901816967536,921.316745406808,0.204965052354369,0.199103197760739,0.00586185459362987,7.27565745115566e-05,15.0536077923904,0.712732448130427,40
70.625,0.291224015374127,921.901816967536,921.610592952162,0.205020119128608,0.199103197760739,0.00591692136786875,9.56921453191817e-05,14.3561160749432,0.0432617156873385,-27.8996686978891
70.65,-0.00218140615281062,921.901816967536,921.903998373689,0.204366623084685,0.199103197760739,0.00526342532394641,-0.000600504911270561,13.3561160749432,-0.978717299308529,-40
70.675,0.606400630892208,922.803450318664,922.197049687772,0.204505731929651,0.1991124266918,0.00539330523785123,-0.000479178324963969,14.3561160749432,0.0478586781539655,40
70.7,0.312651717258698,922.803450318664,922.490798601406,0.205323555192323,0.1991124266918,0.00621112850052333,0.000342183878122931,15.3561160749432,1.07443465561646,40.0000000000001
70.725,0.0183326078992826,922.803450318664,922.785117710765,0.205323140699345,0.1991124266918,0.00621071400754486,0.000328569528361577,14.3561160749432,0.0510106330789505,-40.0000000000001
70.75,0.60305954938222,923.68300898098,923.079949431598,0.206021049140851,0.199120504601593,0.00690054453925817,0.000998929547441324,15.3561160749432,1.02758661054145,40.0000000000001
70.775,0.307816566920434,923.68300898098,923.37519241406,0.205917700619828,0.199120504601593,0.00679719601823495,0.000883904928344031,14.3561160749432,0.0444298626000728,-40.0000000000001
70.8,0.0132247846699886,923.68300898098,923.66978419631,0.205128759033329,0.199120504601593,0.0060082544317358,6.18861027394668e-05,13.3561160749432,-0.988726885341301,-40
70.825,0.623239238371908,924.587082630676,923.963843392304,0.20515215815455,0.19912872891658,0.00602342923797039,6.88460661581181e-05,14.3561160749432,0.0281163667173227,40
70.85,0.328634866537465,924.587082630676,924.258447764139,0.205871057360684,0.19912872891658,0.00674232844410472,0.000793580823408246,15.3561160749432,1.05645941078754,40.0000000000001
70.875,0.0335903819396774,924.587082630676,924.553492248736,0.205786311581547,0.19912872891658,0.0066575826649678,0.000698739583802926,14.3561160749432,0.0348024548577474,-40.0000000000001
70.9,0.62123414350989,925.470172847648,924.848938704138,0.206412488995101,0.199135959122774,0.00727652987232752,0.00130115028700742,15.3561160749432,1.01314549892796,40.0000000000001
70.925,0.3254171674989,925.470172847648,925.144755680149,0.206320708352132,0.199135959122774,0.00718474922935891,0.00120885962687228,14.4596047269084,0.144977194963414,-35.8604539213902
70.95,0.0302347213489949,925.470172847648,925.439938126299,0.205542439784247,0.199135959122774,0.00640648066147342,0.000414999228288554,13.4596047269084,-0.876679760966376,-40
70.975,0.642443442526783,926.377046864608,925.734603422081,0.205575715314483,0.199143285566853,0.00643242974762975,0.000454726626677004,14.4596047269084,0.151663283103836,40
71,0.347218799792632,926.377046864608,926.029828064815,0.206303654849114,0.199143285566853,0.00716036928226116,0.00120970015344113,15.4596047269084,1.18247474253537,40.0000000000001
71.025,0.0515410614421168,926.377046864608,926.325505803166,0.206227285081855,0.199143285566853,0.00708399951500216,0.00114298519894795,14.4596047269084,0.163286201966892,-40.0000000000001
71.05,0.640851633060649,927.26244916246,926.621597529399,0.206861211726455,0.199149671589011,0.00771154013744463,0.0017716559037903,15.4596047269084,1.14409766139842,40.0000000000001
71.075,0.344275456734586,927.26244916246,926.918173705725,0.206916652701869,0.199149671589011,0.00776698111285776,0.00184403589134621,14.7633491134637,0.478653507385218,-27.8502245377892
71.1,0.0481377991460515,927.26244916246,927.214311363314,0.206265010321158,0.199149671589011,0.00711533873214704,0.00119334548971817,13.7633491134637,-0.540535033183255,-40
71.125,0.600689397639374,928.110789847123,927.510100449484,0.206407151442995,0.19915609875407,0.0072510526889244,0.00134787367188308,14.7633491134637,0.476210075509763,40
71.15,0.305194020155669,928.110789847123,927.805595826968,0.2058705201165,0.19915609875407,0.00671442136242945,0.000838700585521074,13.8211494151293,-0.441681807067771,-37.6879879333748
71.175,0.0109221889918988,928.110789847123,928.099867658132,0.204712800356616,0.19915609875407,0.00555670160254573,-0.000313641635777073,12.8211494151293,-1.46737399131093,-40
71.2,0.590876030867173,928.983995612576,928.393119581708,0.204422434977331,0.199163288957258,0.00525914602007371,-0.000613046183916471,13.8211494151293,-0.486644202075372,40
71.225,0.297493597169972,928.983995612576,928.686502015406,0.204874860202783,0.199163288957258,0.00571157124552527,-0.000147021096457228,14.8211494151293,0.544085587160192,40.0000000000001
71.25,0.00402317214714465,928.983995612576,928.979972440428,0.204564204114445,0.199163288957258,0.0054009151571871,-0.000459661518809551,13.8211494151293,-0.475184623604246,-40
71.275,0.564084941681666,929.837630935222,929.273545993541,0.204999094502639,0.199036523612587,0.0059625708900522,-5.11603124381255e-06,14.8211494151293,0.555545165631318,40
71.3,0.270447160150847,929.837630935222,929.567183775072,0.204673274940503,0.199036523612587,0.00563675132791652,-0.000292751117859841,13.8211494151293,-0.413725045133118,-40
71.325,-0.0222454783302804,929.837630935222,929.859876413553,0.203695999764454,0.199036523612587,0.00465947615186726,-0.00125094154167588,12.8211494151293,-1.43299525589755,-40
71.35,0.568900361807323,930.72068742927,930.151787067463,0.20355999273607,0.199049591021175,0.00451040171489531,-0.0013842023364756,13.8211494151293,-0.452265466661992,40
71.375,0.276655717843164,930.72068742927,930.444031711427,0.204144634032325,0.199049591021175,0.00509504301114977,-0.000775812745853782,14.8211494151293,0.57846432257357,40
71.4,-0.0158509543242885,930.72068742927,930.736538383594,0.203947011796587,0.199049591021175,0.0048974207754125,-0.000966661766953786,13.8211494151293,-0.440805888190865,-40
71.425,0.556164232752852,931.585460825416,931.029296592663,0.204478289541766,0.199061367303547,0.0054169222382191,-0.00041781559397755,14.8211494151293,0.576106145837566,40
71.45,0.263215507143667,931.585460825416,931.322245318273,0.204234409919568,0.199061367303547,0.00517304261602097,-0.000633060543628217,13.8211494151293,-0.40439460383487,-40
71.475,-0.0288950283380606,931.585460825416,931.614355853754,0.203326421293501,0.199061367303547,0.00426505398995392,-0.00153788797256163,12.8211494151293,-1.43489535350731,-40
71.5,0.573118899502774,932.478893480013,931.90577458051,0.203248812702201,0.199073053347845,0.00417575935435605,-0.0016292495758109,13.8211494151293,-0.458449606322479,40
71.525,0.281290275954638,932.478893480013,932.197603204058,0.203882586236321,0.199073053347845,0.00480953288847619,-0.000988705146741486,14.8211494151293,0.567996140862351,40
71.55,-0.0108640699490037,932.478893480013,932.489757549962,0.203726088732277,0.199073053347845,0.00465303538443132,-0.00115580189269826,13.8211494151293,-0.455558111952821,-40
71.575,0.570718772065099,933.352935331821,932.782216559756,0.204291580442519,0.199083521631287,0.00520805881123171,-0.000580781528472712,14.8211494151293,0.570887635232008,40
71.6,0.277736013771942,933.352935331821,933.075199318049,0.204469569941243,0.199083521631287,0.00538604830995634,-0.000370715027380619,14.3838034446697,0.167581021621084,-17.4938388183853
71.625,-0.0149670520478903,933.352935331821,933.367902383869,0.20392178952329,0.199083521631287,0.00483826789200362,-0.000902071780728569,13.3838034446697,-0.848379621530204,-40
71.65,0.590449694874186,934.250840244471,933.660390549597,0.204151521541262,0.199093469121842,0.00505805241942023,-0.000669294940139731,14.3838034446697,0.135659735318506,40
71.675,0.297276859779347,934.250840244471,933.953563384692,0.204867298683843,0.199093469121842,0.00577382956200145,3.91055668348683e-05,15.1269245055207,0.864265160559816,29.7248424340384
71.7,0.00367038737864229,934.250840244471,934.247169857093,0.204779560712016,0.199093469121842,0.00568609159017355,-9.98677123358049e-05,14.1269245055207,-0.200250475049833,-40
71.725,0.586058616866544,935.127230252891,934.541171636024,0.205402514059911,0.199102394469054,0.00630011959085786,0.000460863087635877,15.1269245055207,0.773150860840645,40
71.75,0.291746426980423,935.127230252891,934.83548382591,0.205234845165992,0.199102394469054,0.0061324506969388,0.000256567802070784,14.1269245055207,-0.203447803268874,-40
71.775,-0.00182751742812899,935.127230252891,935.129057770319,0.204390321599042,0.199102394469054,0.00528792712998791,-0.000637615815962472,13.1269245055207,-1.2300464673784,-40
71.8,0.607498972486443,936.029522379804,935.422023407317,0.204365368944,0.199111497432822,0.00525387151117845,-0.000688399861214994,14.1269245055207,-0.206645131487914,40
71.825,0.314054115485717,936.029522379804,935.715468264318,0.205042308811184,0.199111497432822,0.00593081137836277,-1.68931154731211e-05,15.1269245055207,0.816756204402567,40
71.85,0.0202264815951389,936.029522379804,936.009295898209,0.20492112558599,0.199111497432822,0.00580962815316849,-0.000161026649011409,14.1269245055207,-0.209842459706954,-40
71.875,0.607611937031364,936.911087233001,936.303475295969,0.205515382996056,0.19911949335961,0.00639588963644613,0.000395948891836723,15.1269245055207,0.764526000876128,40
71.9,0.312875234408025,936.911087233001,936.598211998593,0.205709751883204,0.19911949335961,0.00659025852359474,0.000575734690434565,14.6796347138059,0.341604669744438,-17.8915916685907
71.925,0.0183954260839885,936.911087233001,936.892691806917,0.205175321450235,0.19911949335961,0.00605582809062552,1.11741615499983e-05,13.6796347138059,-0.68402686967248,-40
71.95,0.627688672387915,937.814664585543,937.186975913155,0.2054159918989,0.199127083688119,0.00628890821078101,0.000243358565231666,14.6796347138059,0.340341590910599,40
71.975,0.332714633995103,937.814664585543,937.481949951548,0.206125835792468,0.199127083688119,0.00699875210434917,0.00096322355136963,15.4017748395153,1.08685017720308,28.8856050283758
72,0.0373129961252536,937.814664585543,937.777351589418,0.206032819051145,0.199127083688119,0.00690573536302647,0.000861066767791158,14.4017748395153,0.0612186377861536,-40.0000000000001
72.025,0.623239740448468,938.696383449801,938.073143709352,0.206651254758331,0.199133788661423,0.0075174660969082,0.0014563297559152,15.4017748395153,1.03903741765853,40.0000000000001
72.05,0.327140840767283,938.696383449801,938.369242609033,0.206480065567109,0.199133788661423,0.00734627690568634,0.0012848997798236,14.4017748395153,0.0668561975309027,-40.0000000000001
72.075,0.0317819494772412,938.696383449801,938.664601500323,0.205633572607172,0.199133788661423,0.00649978394574915,0.000422799300844046,13.4017748395153,-0.955325022596718,-40
72.1,0.643520772970088,939.602873338072,938.959352565102,0.205608063736965,0.19914080152648,0.00646726221048571,0.00040086555779234,14.4017748395153,0.0687761754520611,40
72.125,0.348288402050892,939.602873338072,939.254584936021,0.206285358538309,0.19914080152648,0.00714455701182967,0.00110796884006154,15.4017748395153,1.10694372423935,40.0000000000001
72.15,0.0526699330879178,939.602873338072,939.550203404984,0.206165585540765,0.19914080152648,0.0070247840142855,0.00100545533350777,14.4017748395153,0.0951112730266385,-40.0000000000001
72.175,0.642417089625615,940.488595526348,939.846178436722,0.206762212650327,0.19914687003466,0.00761534261566651,0.00160855099694748,15.4017748395153,1.08327882181393,40.0000000000001
72.2,0.345914480077101,940.488595526348,940.14268104627,0.206911336894302,0.19914687003466,0.00776446685964183,0.00178534726267873,14.8850959795102,0.598345537117351,-20.6671544002057
72.225,0.0497257653180478,940.488595526348,940.43886976103,0.206339915868624,0.19914687003466,0.00719304583396385,0.00122474447875209,13.8850959795102,-0.419908887574086,-40
72.25,0.601917022616935,941.336733646856,940.734816624239,0.20655060615774,0.199152789861878,0.00739781629586247,0.00145729897254185,14.8850959795102,0.598310527120289,40
72.275,0.30620210750593,941.336733646856,941.03053153935,0.206032350111077,0.199152789861878,0.0068795602491992,0.000970334659237432,13.8850959795102,-0.383470058185337,-40
72.3,0.011685716477162,941.336733646856,941.325047930378,0.2048905997982,0.199152789861878,0.00573780993632186,-0.000167046973650692,12.8850959795102,-1.41525064349096,-40
72.325,0.590912305936442,942.209478508827,941.618566202891,0.204614012098216,0.199159478511964,0.00545453358625234,-0.000457784613425133,13.8850959795102,-0.440526944150783,40
72.35,0.297264486364776,942.209478508827,941.912214022462,0.205051267504777,0.199159478511964,0.00589178899281306,-1.55661365647264e-05,14.8464109918061,0.545511767485394,38.4526004918396
72.375,0.00354798996663112,942.209478508827,942.20593051886,0.204727957574356,0.199159478511964,0.0055684790623918,-0.000352517231638871,13.8464109918061,-0.479764533174424,-40
72.4,0.563341344833215,943.063075426964,942.499734082131,0.205152215633202,0.19903230204066,0.00611991359254171,7.7146415661894e-05,14.8464109918061,0.54495916616576,40
72.425,0.269486786359105,943.063075426964,942.793588640605,0.204817731341085,0.19903230204066,0.00578542930042519,-0.000225961003789382,13.8464109918061,-0.416499379286928,-40
72.45,-0.023412047921498,943.063075426964,943.086487474886,0.203833566216776,0.19903230204066,0.00480126417611582,-0.00119148074631592,12.8464109918061,-1.42795792473961,-40
72.475,0.567803844022121,943.946399802327,943.378595958305,0.203692022983732,0.199044983442211,0.0046470395415201,-0.00132527239226007,13.8464109918061,-0.439416470192298,40
72.5,0.275438916519944,943.946399802327,943.670960885807,0.204175721464654,0.199044983442211,0.00513073802244285,-0.000813030742710913,14.7083982202342,0.454165715925854,34.4794891371241
72.525,-0.0170549299824882,943.946399802327,943.96345473231,0.203892217631113,0.199044983442211,0.00484723418890179,-0.00108514907227344,13.7083982202342,-0.564239326384098,-40
72.55,0.556256727751236,944.812343551745,944.256086823994,0.204350389493972,0.199056518840038,0.0052938706539338,-0.000604590125925147,14.7083982202342,0.454068322720375,40
72.575,0.263453963288107,944.812343551745,944.548889588457,0.204148575356336,0.199056518840038,0.0050920565162976,-0.000774586444253128,13.8571014931782,-0.378920755231228,-34.0518690822432
72.6,-0.0285670664309541,944.812343551745,944.840910618176,0.203277230704234,0.199056518840038,0.00422071186419562,-0.00164098041610608,12.8571014931782,-1.41061310612675,-40
72.625,0.574554614601285,945.706843487916,945.132288873315,0.203231409883674,0.199067888443766,0.00416352143990834,-0.00170031463590506,13.8571014931782,-0.435873603973216,40
72.65,0.282723957732988,945.706843487916,945.424119530183,0.203892779386132,0.199067888443766,0.00482489094236579,-0.00103326037974452,14.8571014931782,0.588865898180323,40
72.675,-0.00946940244964087,945.706843487916,945.716312890366,0.203760417813607,0.199067888443766,0.00469252936984091,-0.00117842954746208,13.8571014931782,-0.43639459966614,-40
72.7,0.572581025345425,946.581424088052,946.008843062706,0.204346831041961,0.199078024526476,0.00526880651548467,-0.000585650819383804,14.8571014931782,0.588344902487399,40
72.725,0.279510332150597,946.581424088052,946.301913755901,0.204527945872979,0.199078024526476,0.0054499213465026,-0.000373289933372517,14.3981479177457,0.16621385770833,-18.3581430172991
72.75,-0.0132848872771589,946.581424088052,946.594708975329,0.203983175831636,0.199078024526476,0.00490515130516023,-0.00090045668115063,13.3981479177457,-0.846963611638258,-40
72.775,0.592419979350532,947.479713111974,946.887293132623,0.204215574399475,0.199087712734482,0.00512786166499343,-0.000662102400832448,14.3981479177457,0.13985891901515,40
72.8,0.299149552227395,947.479713111974,947.180563559747,0.204931366535629,0.199087712734482,0.00584365380114713,4.97064560544269e-05,15.1379765319133,0.866510063836217,29.5931445667064
72.825,0.00544567898993129,947.479713111974,947.474267432984,0.204843785999197,0.199087712734482,0.00575607326471461,-8.52852421870942e-05,14.1379765319133,-0.196667405510369,-40
72.85,0.587954406675508,948.356320804875,947.7683663982,0.205466772172106,0.199096432250921,0.00637033992118491,0.00048071400386665,15.1379765319133,0.779549529135397,40
72.875,0.293545354224613,948.356320804875,948.062775450651,0.205299159457867,0.199096432250921,0.00620272720694576,0.000282248887291919,14.1379765319133,-0.195200660911433,-40
72.9,-0.000125102818692549,948.356320804875,948.356445907694,0.204454676976595,0.199096432250921,0.00535824472567353,-0.000605643224878133,13.1379765319134,-1.21995085095826,-40
72.925,0.609191974170103,949.258699465675,948.649507491505,0.204429506178921,0.199105363848962,0.0053241423299589,-0.00064998072345257,14.1379765319133,-0.194701041005094,40
72.95,0.315652141522764,949.258699465675,948.943047324152,0.205105928414898,0.199105363848962,0.00600056456593617,2.80398245104396e-05,15.1379765319133,0.830548768948072,40
72.975,0.0217308122918544,949.258699465675,949.236968653383,0.204984109047413,0.199105363848962,0.00587874519845075,-0.000109367001324523,14.1379765319133,-0.194201421098756,-40
73,0.608884027219622,950.140124172135,949.531240144916,0.205577398892003,0.199113209521567,0.00646418937043666,0.000453621492138651,15.1379765319133,0.781048388854411,40
73.025,0.314068103221605,950.140124172135,949.826056068914,0.20575577141876,0.199113209521567,0.00664256189719312,0.000621654504088853,14.6694688753363,0.334340222941282,-18.74030626308
73.05,0.0195309597249177,950.140124172135,950.12059321241,0.20520735279478,0.199113209521567,0.00609414327321306,4.50183816253502e-05,13.6694688753363,-0.693860286394845,-40
73.075,0.62861854953277,951.043533845797,950.414915296265,0.20543554539721,0.19912067721985,0.00631486817736041,0.000264645472131897,14.6694688753363,0.327939204269023,40
73.1,0.333613273703718,951.043533845797,950.709920572094,0.206148599706546,0.19912067721985,0.00702792248669601,0.000988545330537965,15.4121947533738,1.0961821547939,29.7090351214961
73.125,0.0381767805927078,951.043533845797,951.005357065205,0.206057968390185,0.19912067721985,0.00693729117033545,0.000890384239726399,14.4121947533738,0.071699227281365,-40.0000000000001
73.15,0.62370215163673,951.924888605478,951.301186453841,0.206677889348472,0.199127240445877,0.00755064890259502,0.00148702086433619,15.4121947533738,1.04723709855606,40.0000000000001
73.175,0.327564601730276,951.924888605478,951.597324003748,0.206507592661346,0.199127240445877,0.00738035221546929,0.00131489547453556,14.4121947533738,0.0727749698307514,-40.0000000000001
73.2,0.0321664442346502,951.924888605478,951.892722161243,0.205661494694569,0.199127240445877,0.00653425424869167,0.000450343834876382,13.4121947533738,-0.951687158894552,-40
73.225,0.643395024925855,952.830907400858,952.187512375932,0.205635784126051,0.199134088770998,0.00650169535505329,0.00042687968215413,14.4121947533738,0.0738507123801442,40
73.25,0.348124320229177,952.830907400858,952.482783080628,0.206312377658572,0.199134088770998,0.00717828888757452,0.00113286973414178,15.4121947533738,1.11291474426902,40.0000000000001
73.275,0.0524687954598148,952.830907400858,952.778438605398,0.20619168128175,0.199134088770998,0.00705759251075277,0.0010298049573137,14.4121947533738,0.101978776157909,-40.0000000000001
73.3,0.641634562884551,953.716083631318,953.074449068433,0.206787046270559,0.199139970172255,0.00764707609830373,0.00163267456023478,15.4121947533738,1.09104280804679,40.0000000000001
73.325,0.345128757063412,953.716083631318,953.370954874254,0.206893489172444,0.199139970172255,0.0077535190001887,0.00176832301840663,14.8364185936794,0.547826395595523,-23.0310463877738
73.35,0.0489935472087943,953.716083631318,953.667090084109,0.206285363598199,0.199139970172255,0.00714539342594431,0.00117296782000786,13.8364185936794,-0.469613857161405,-40
73.375,0.601137819494448,954.564072450667,953.962934631173,0.206464342810269,0.1991457251055,0.00731861770476971,0.00137678140881412,14.8364185936794,0.550386397185322,40
73.4,0.305567174249547,954.564072450667,954.258505276418,0.205918883669232,0.1991457251055,0.00677315856373203,0.000866442119462491,13.8364185936794,-0.429613348467949,-40
73.425,0.0112309906063786,954.564072450667,954.552841460061,0.204753798861655,0.1991457251055,0.00560807375615499,-0.000289722288244976,12.8364185936794,-1.45961309412122,-40
73.45,0.590847034451595,955.436995707426,954.846148672974,0.204457064550757,0.199152226527686,0.00530483802307152,-0.000597545774262298,13.8364185936794,-0.486100535559772,40
73.475,0.297416856117835,955.436995707426,955.139578851308,0.204904077028829,0.199152226527686,0.00575185050114288,-0.00014380732928107,14.8364185936794,0.537412023001676,40
73.5,0.00390455743527701,955.436995707426,955.433091149991,0.204589302056904,0.199152226527686,0.00543707552921835,-0.000471584349200027,13.8364185936794,-0.489075418436875,-40
73.525,0.564124548842101,956.29082681614,955.726702267298,0.20502091757045,0.199024798387211,0.00599611918323867,-3.4905670455887e-05,14.8364185936794,0.534437140124574,40
73.55,0.270452030598452,956.29082681614,956.020374785541,0.204693009970927,0.199024798387211,0.00566821158371617,-0.000333006108677786,13.8364185936794,-0.428762992728402,-40
73.575,-0.0222741414267817,956.29082681614,956.313100957567,0.203714753393516,0.199024798387211,0.00468995500630531,-0.00129524856363653,12.8364185936794,-1.44196312558138,-40
73.6,0.569315707446227,957.174360898309,956.605045190863,0.203578421682274,0.199037187748957,0.00454123393331746,-0.00142738203852574,13.8364185936794,-0.455163258434353,40
73.625,0.277036952943207,957.174360898309,956.897323945366,0.204162783230758,0.199037187748957,0.00512559548180067,-0.000818474446252049,14.8355866421904,0.574372804174574,39.9667219404387
73.65,-0.0155051181289672,957.174360898309,957.189866016438,0.203965927493128,0.199037187748957,0.00492873974417096,-0.00100832821425348,13.8355866421904,-0.445259181727467,-40
73.675,0.557188947170753,958.039850950137,957.482662002967,0.204498564728869,0.198915432078477,0.00558313265039243,-0.000453479020302516,14.8355866421904,0.578330719447437,40
73.7,0.264199042564088,958.039850950137,957.775651907573,0.204256974410146,0.198915432078477,0.00534154233166903,-0.000659833647093183,13.8355866421904,-0.398079379377655,-40
73.725,-0.0279572286586623,958.039850950137,958.067808178796,0.203352085094321,0.198915432078477,0.00443665301584384,-0.00155328551509398,12.8355866421904,-1.42448947820275,-40
73.75,0.574986004250987,958.934263917969,958.359277913718,0.20327791183189,0.19893325787742,0.00434465395447017,-0.00163636806368092,13.8355866421904,-0.45089957702784,40
73.775,0.283100771783451,958.934263917969,958.651163146185,0.203915389834959,0.19893325787742,0.00498213195753885,-0.000990224165249409,14.8355866421904,0.572690324147064,40
73.8,-0.00911626541307976,958.934263917969,958.943380183382,0.203763144284154,0.19893325787742,0.00482988640673443,-0.00115368699655968,13.8355866421904,-0.453719774678029,-40
73.825,0.573367903750919,959.809276200392,959.235908296641,0.20433297096537,0.198949561205777,0.00538340975959348,-0.000577100149134729,14.8355866421904,0.569870126496877,40
73.85,0.280340470455235,959.809276200392,959.528935729936,0.204473397102667,0.198949561205777,0.00552383589689001,-0.000407088542295958,14.3379663580442,0.106445339533292,-19.9048113658453
73.875,-0.0123581345960464,959.809276200392,959.821634334988,0.203894365390425,0.198949561205777,0.00494480418464777,-0.000971930118688152,13.3379663580442,-0.909359163284157,-40
73.9,0.594392844411494,960.708469710432,960.11407686602,0.204097860981812,0.198965120417508,0.00513274056430352,-0.000767386990845775,14.3379663580442,0.0748363338983888,40
73.925,0.301240499954799,960.708469710432,960.407229210477,0.204873073183714,0.198965120417508,0.00590795276620548,-2.33582734707194e-06,15.1974741894554,0.918539662492072,34.3803132564453
73.95,0.00757548503393084,960.708469710432,960.700894225398,0.204836889738503,0.198965120417508,0.00587176932099448,-9.31822409964977e-05,14.1974741894554,-0.147264840325384,-40
73.975,0.590489529842333,961.585512231712,960.99502270187,0.205504190967191,0.198979312469764,0.00652487849742719,0.000512833806022878,15.1974741894554,0.83185432985654,40
74,0.295992009541573,961.585512231712,961.28952022217,0.205374872284061,0.198979312469764,0.00639555981429654,0.000351575744023641,14.1974741894554,-0.139026499961539,-40
74.025,0.00218219701274438,961.585512231712,961.583330034699,0.204563484966734,0.198979312469764,0.00558417249697024,-0.000501546178791307,13.1974741894554,-1.15990732977962,-40
74.05,0.611239886714271,962.487814692777,961.876574806063,0.204566787896696,0.198993416838737,0.0055733710579586,-0.000548310448270223,14.1974741894554,-0.180788159597701,40
74.075,0.317479280294917,962.487814692777,962.170335412482,0.205267615943098,0.198993416838737,0.00627419910436111,9.5369208584356e-05,15.1974741894554,0.79833101058422,40
74.1,0.0233050074834264,962.487814692777,962.464509685293,0.205166757954926,0.198993416838737,0.00617334111618842,-0.000103611282316757,14.1974741894554,-0.272549819233856,-40
74.125,0.609764256712996,963.368825839144,962.759061582431,0.205777889605054,0.199006203410924,0.00677168619412982,0.000409334508764625,15.1974741894554,0.706569350948064,40
74.15,0.314778389700941,963.368825839144,963.054047449443,0.205789411020097,0.199006203410924,0.00678320760917245,0.000357602251557732,14.4685987063775,0.00679223926487095,-29.1550193231155
74.175,0.0202929993190174,963.368825839144,963.348532839825,0.205098164984037,0.199006203410924,0.00609196157311298,-0.000401928384468259,13.4685987063775,-1.01410938934043,-40
74.2,0.630426281485009,964.273039499487,963.642613218002,0.205203996781592,0.199018603376142,0.00618539340545082,-0.000338900591937141,14.4685987063775,0.00756431926921685,40
74.225,0.335693336836335,964.273039499487,963.937346162651,0.205992155572306,0.199018603376142,0.00697355219616483,0.00042826526323364,15.4685987063775,1.02923802787887,40.0000000000001
74.25,0.040430038251659,964.273039499487,964.232609461235,0.205965741844059,0.199018603376142,0.00694713846791711,0.000364550529215302,14.4685987063775,0.000911736488518582,-40.0000000000001
74.275,0.62637606899578,965.154726264123,964.528350195127,0.206640372501984,0.199029678182142,0.00761069431984226,0.000987899939226045,15.4685987063775,0.972585445098169,40.0000000000001
74.3,0.330255242247986,965.154726264123,964.824471021875,0.206516639622199,0.199029678182142,0.00748696144005731,0.000835873484023447,14.4685987063775,-0.00574084629218286,-40.0000000000001
74.325,0.0348127414801608,965.154726264123,965.119913522643,0.205710070390753,0.199029678182142,0.00668039220861111,-1.42862003813804e-05,13.4685987063775,-1.03406713768253,-40
74.35,0.645411131312337,966.060210892298,965.414799760985,0.205717758164197,0.199040711190566,0.00667704697363103,-2.8344177018802e-05,14.4685987063775,-0.0123934290728843,40
74.375,0.350000844163108,966.060210892298,965.710210048135,0.206422441352058,0.199040711190566,0.00738173016149146,0.000682046762798316,15.4685987063775,1.02183977243311,40.0000000000001
74.4,0.0541691746158293,966.060210892298,966.006041717682,0.206325325205362,0.199040711190566,0.00728461401479552,0.000579135414154969,14.4685987063775,0.00607297393910691,-40.0000000000001
74.425,0.642134165701201,966.94439305179,966.302258886088,0.206940317599191,0.199050568105789,0.00788974949340129,0.00118466636596648,15.4685987063775,0.999216416277697,40.0000000000001
74.45,0.34550986209719,966.94439305179,966.598883189693,0.206908471817524,0.199050568105789,0.00785790371173484,0.00117268513216257,14.6716517864026,0.24190063442664,-31.8778767989968
74.475,0.0494401030887199,966.94439305179,966.894952948701,0.206181652183572,0.199050568105789,0.00713108407778215,0.000455823689367169,13.6716517864026,-0.768468227449493,-40
74.5,0.660758659094647,967.85133275273,967.190574093635,0.206258686276451,0.199060268564305,0.00719841771214549,0.000562664904819543,14.6716517864026,0.261756631532171,40
74.525,0.364519866685944,967.85133275273,967.486812886044,0.207023605548073,0.199060268564305,0.00796333698376792,0.0013743311961317,15.6716517864026,1.29198149051384,40.0000000000001
74.55,0.0677783044065257,967.85133275273,967.783554448324,0.206978945552843,0.199060268564305,0.00791867698853746,0.00135590615440226,14.6716517864026,0.272206349495509,-40.0000000000001
74.575,0.655541562215213,968.736294041538,968.080752479323,0.207639653502654,0.19906886972747,0.00857078377518408,0.00202523230419327,15.6716517864026,1.25243120847718,40.0000000000001
74.6,0.357978816160531,968.736294041538,968.378315225378,0.207505856044145,0.19906886972747,0.00843698631667489,0.00191989067560047,14.6716517864026,0.282656067458844,-40.0000000000001
74.625,0.0611044808450965,968.736294041538,968.675189560693,0.206692930120739,0.19906886972747,0.00762406039326954,0.00111740290448414,13.6716517864026,-0.737119073559492,-40
74.65,0.613878079161847,969.585380317356,968.971502238194,0.206697311491788,0.199077660132303,0.0076196513594847,0.00114895283866059,14.6716517864026,0.289140508088605,40
74.675,0.317917871671022,969.585380317356,969.267462445685,0.206210724929838,0.199077660132303,0.00713306479753517,0.000708568137708532,13.9686382978044,-0.380835285938431,-28.1205395439273
74.7,0.0231137109208063,969.585380317356,969.562266606435,0.205096691831874,0.199077660132303,0.0060190316995706,-0.00037795418049047,12.9686382978044,-1.39779759136728,-40
74.725,0.603244905052804,970.459354516048,969.856109610995,0.204844125325147,0.199086942666607,0.00575718265853919,-0.000619033055506923,13.9686382978044,-0.414759896796134,40
74.75,0.309220551145447,970.459354516048,970.150133964902,0.205329161748489,0.199086942666607,0.00624221908188102,-0.000101277847214587,14.9686382978044,0.618277797775013,40
74.775,0.0150639922430319,970.459354516048,970.444290523805,0.205047132851664,0.199086942666607,0.0059601901850567,-0.00036738229909325,13.9686382978044,-0.398684507653837,-40
74.8,0.574478867891504,971.313067652434,970.738588784542,0.2055067624025,0.198962096934371,0.00654466546812943,0.000127337254112514,14.9686382978044,0.632331401953499,40
74.825,0.280082737549819,971.313067652434,971.032984914884,0.205202800968623,0.198962096934371,0.00624070403425192,-0.00012513061857225,13.9686382978044,-0.336652688439161,-40
74.85,-0.0133981106840158,971.313067652434,971.326465763118,0.204245087024399,0.198962096934371,0.00528299009002819,-0.00105225916089471,12.9686382978044,-1.35563677883182,-40
74.875,0.57648653029186,972.195677592944,971.619191062652,0.204126173468321,0.198976995294946,0.00514917817337529,-0.00115847142824296,13.9686382978044,-0.374620869224481,40
74.9,0.28358739449793,972.195677592944,971.912090198446,0.204476318662514,0.198976995294946,0.00549932336756803,-0.000775956895184365,14.6122286645008,0.299985407079252,25.7436146678558
74.925,-0.00926314282554191,972.195677592944,972.204940735769,0.204078491269211,0.198976995294946,0.00510149597426529,-0.00115951656902344,13.6122286645008,-0.718998683313404,-40
74.95,0.56394327258352,973.061720584934,972.497777312351,0.204438562092211,0.198990845903894,0.00544771618831749,-0.000770013246990081,14.6122286645008,0.305832498702846,40
74.975,0.270949684925474,973.061720584934,972.790770900009,0.204311906064261,0.198990845903894,0.00532106016036657,-0.000850686073804646,13.9884798301887,-0.288008826592374,-24.949953372484
75,-0.02136145709157,973.061720584934,973.083082042026,0.203504991496472,0.198990845903894,0.00451414559257785,-0.00163237681982104,12.9884798301887,-1.3081013175755,-40
75.025,0.580596429201534,973.955431685024,973.374835255822,0.203514086826693,0.199004268994653,0.00450981783204005,-0.00161578923529157,13.9884798301887,-0.328193808558619,40
75.05,0.288318649928638,973.955431685024,973.667113035095,0.204222059897505,0.199004268994653,0.00521779090285179,-0.000880509759513787,14.9884798301887,0.701713700458255,40
75.075,-0.00438310918498451,973.955431685024,973.959814794209,0.204129382746442,0.199004268994653,0.00512511375178851,-0.000963843136133707,13.9884798301887,-0.318378790524865,-40
75.1,0.575539309662731,974.828444600035,974.252905290372,0.204749231863366,0.199016272362596,0.0057329595007696,-0.000315036020825776,14.9884798301887,0.711528718492014,40
75.125,0.282061011502377,974.828444600035,974.546383588532,0.20469114707994,0.199016272362596,0.00567487471734318,-0.000327356071390339,14.1470909235316,-0.0999526791482235,-33.6555562662846
75.15,-0.010823968032678,974.828444600035,974.839268568067,0.203941336580196,0.199016272362596,0.0049250642176,-0.00105194031585312,13.1470909235316,-1.12004517013135,-40
75.175,0.594833734986865,975.726503541678,975.131669806691,0.203997733793416,0.199028068264241,0.00496966552917516,-0.000987858597424479,14.1470909235316,-0.140137661114466,40
75.2,0.301846571716666,975.726503541678,975.424656969961,0.204744491513165,0.199028068264241,0.00571642324892449,-0.000243203234626926,15.1470909235316,0.847194510687458,40
75.225,0.00838515315673568,975.726503541678,975.718118388521,0.204683404174285,0.199028068264241,0.00565533591004422,-0.000349678261191505,14.1470909235316,-0.215473317510618,-40
75.25,0.591035941676503,976.603045520759,976.012009579083,0.205328764046232,0.199038613785762,0.00629015026046945,0.000246868120214461,15.1470909235316,0.769881933562113,40
75.275,0.296763679306666,976.603045520759,976.306281841452,0.205236772407204,0.199038613785762,0.00619815862144171,0.000138125161997987,14.2279623220839,-0.113891416812803,-36.7651440579059
75.3,0.00312997444555083,976.603045520759,976.599915546314,0.20445689717449,0.199038613785762,0.00541828338872771,-0.000665986905442617,13.2279623220839,-1.12853616574007,-40
75.325,0.610977443368491,977.504003127682,976.893025684314,0.204486654314702,0.199049057574764,0.00543759673993707,-0.000639009863720119,14.2279623220839,-0.10335157523494,40
75.35,0.317316477972183,977.504003127682,977.18668664971,0.205209706614999,0.199049057574764,0.00616064904023461,9.96336780579588e-05,15.2279623220839,0.921833015270191,40
75.375,0.023212211156137,977.504003127682,977.480790916526,0.205127667797422,0.199049057574764,0.0060786102226574,1.39508130499455e-05,14.2279623220839,-0.102982394224676,-40
75.4,0.608221175896354,978.383519115599,977.775297939703,0.205754616426814,0.199058289932231,0.00669632649458274,0.000622319922711723,15.2279623220839,0.874407971089839,40
75.425,0.313270974048367,978.383519115599,978.070248141551,0.205763017637878,0.199058289932231,0.00670472770564701,0.000628076005342815,14.4753514257274,0.140277199215266,-30.1044358542597
75.45,0.0188248547787322,978.383519115599,978.36469426082,0.205069143772071,0.199058289932231,0.00601085383983965,-8.97752912821237e-05,13.4753514257274,-0.891242676302808,-40
75.475,0.627394305447584,979.286126734618,978.658732429171,0.205172699312678,0.199067291734095,0.00610540757858308,6.47873535711274e-06,14.4753514257274,0.127237448179118,40
75.5,0.332705866889657,979.286126734618,978.953420867729,0.205958996104133,0.199067291734095,0.00689170437003753,0.000806303133014219,15.4753514257274,1.15512385180324,40.0000000000001
75.525,0.0374885735300763,979.286126734618,979.248638161088,0.205931349349434,0.199067291734095,0.00686405761533873,0.000775020086908079,14.4753514257274,0.133010255427361,-40.0000000000001
75.55,0.622399045399397,980.166731233022,979.544332187623,0.206605194575107,0.199075107203074,0.00753008737203301,0.0014356970191679,15.4753514257274,1.11834639852357,40.0000000000001
75.575,0.32632480223609,980.166731233022,979.840406430786,0.206481333567302,0.199075107203074,0.00740622636422811,0.00132543139065985,14.4753514257274,0.153682541619778,-40.0000000000001
75.6,0.0309278425894669,980.166731233022,980.135803390433,0.205675266729669,0.199075107203074,0.00660015952659479,0.000520870926931261,13.4753514257274,-0.860981315284013,-40
75.625,0.640564739755954,981.071210629947,980.430645890191,0.205683879909524,0.199083015800362,0.00660086410916202,0.000549405942028347,14.4753514257274,0.165568426186624,40
75.65,0.345195750305558,981.071210629947,980.726014879642,0.206389931283432,0.199083015800362,0.00730691548307003,0.00129386860729663,15.4753514257274,1.19608344499083,40.0000000000001
75.675,0.0494021688994366,981.071210629947,981.021808461048,0.206294819207909,0.199083015800362,0.0072118034075476,0.00121798222124986,14.4753514257274,0.176598463795041,-40.0000000000001
75.7,0.636900991767601,981.954892440417,981.317991448649,0.206912199339246,0.199089897469648,0.00782230186959768,0.00183809808462607,15.4753514257274,1.15711348259925,40.0000000000001
75.725,0.340369975955685,981.954892440417,981.614522464461,0.206796664946764,0.199089897469648,0.00770676747711638,0.00174609040551513,14.5544282548951,0.266705330571154,-36.8369268332922
75.75,0.0445031065298715,981.954892440417,981.910389333887,0.205999214516038,0.199089897469648,0.00690931704639025,0.000954959544238743,13.5544282548951,-0.752779650624638,-40
75.775,0.597355464101056,982.803070547131,982.20571508303,0.206016606240728,0.199096885696622,0.00691972054410661,0.000994724321218443,14.5544282548951,0.271833333912888,40
75.8,0.302308145294199,982.803070547131,982.500762401836,0.205617966342069,0.199096885696622,0.00652108064544785,0.000633572672209454,13.9612546775992,-0.294705473881727,-23.726943091838
75.825,0.00829984526499187,982.803070547131,982.794770701866,0.2045791513094,0.199096885696622,0.00548226561277881,-0.000389810786568079,12.9612546775992,-1.31807070438039,-40
75.85,0.587834525466563,983.675752526451,983.087918000984,0.204390848921632,0.199104271951861,0.00528657696977097,-0.000581601548961308,13.9612546775992,-0.341435934879053,40
75.875,0.294465230978856,983.675752526451,983.381287295472,0.204869354257531,0.199104271951861,0.00576508230567013,-8.78466636143604e-05,14.8730236852238,0.596967842246935,36.4707603049861
75.9,0.000971384908078556,983.675752526451,983.674781141543,0.20458212379984,0.199104271951861,0.00547785184797889,-0.000378758897457393,13.8730236852238,-0.42639738825173,-40
75.925,0.560129118266399,984.528539849357,983.96841073109,0.205037588501916,0.198977640853075,0.00605994764884049,9.17631975168864e-05,14.8730236852238,0.600237381249605,40
75.95,0.266405956268158,984.528539849357,984.262133893089,0.204730622650943,0.198977640853075,0.00575298179786726,-0.000179789334172731,13.8730236852238,-0.366943121657972,-40
75.975,-0.0263990954418645,984.528539849357,984.554938944799,0.203770801816152,0.198977640853075,0.00479316096307636,-0.0011217306042873,12.8730236852238,-1.38412362456555,-40
76,0.563928638012171,985.410915336492,984.84698669848,0.203650443152768,0.19899084056807,0.00465960258469847,-0.00123921813420888,13.8730236852238,-0.401304127473126,40
76.025,0.271677700285394,985.410915336492,985.139237636207,0.204040818563237,0.19899084056807,0.00504997799516715,-0.000823855158400444,14.5750341063403,0.333525790735807,28.0804168446604
76.05,-0.0205794253746838,985.410915336492,985.431494761867,0.203678244725631,0.19899084056807,0.00468740415756122,-0.00117745117966964,13.5750341063403,-0.683654712171771,-40
76.075,0.553123752677985,986.27690965999,985.723785907312,0.204069127790253,0.199003014387942,0.00506611340231125,-0.000762129054936195,14.5750341063403,0.340860799185425,40
76.1,0.260646093370749,986.27690965999,986.016263566619,0.203952358453663,0.199003014387942,0.00494934406572109,-0.000841209218923888,13.9264901713632,-0.283167624434467,-25.9417573990836
76.125,-0.031163502757445,986.27690965999,986.308073162748,0.203154695425527,0.199003014387942,0.00415168103758468,-0.00162476616206736,12.9264901713632,-1.30865211307727,-40
76.15,0.571538827934047,987.170876955335,986.599338127401,0.203172309001169,0.199014862981051,0.0041574460201175,-0.00161279227070321,13.9264901713632,-0.333560900314414,40
76.175,0.279736953392443,987.170876955335,986.891140001943,0.203888304511821,0.199014862981051,0.00487344153076941,-0.000884342968333424,14.9264901713632,0.691530312448438,40
76.2,-0.0125006819201465,987.170876955335,987.183377637256,0.203803422978351,0.199014862981051,0.00478855999730005,-0.000976189156420393,13.9264901713632,-0.333378474788704,-40
76.225,0.568394257683681,988.044409437613,987.476015179929,0.204430621396295,0.199025410941325,0.00540521045497042,-0.000337577063907551,14.9264901713632,0.691712737974152,40
76.25,0.275318479026795,988.044409437613,987.769090958586,0.204433841954649,0.199025410941325,0.00540843101332436,-0.000305795154680627,14.1625715420305,-0.0451377578665434,-30.5567451733097
76.275,-0.0172460258821323,988.044409437613,988.061655463495,0.203737242421214,0.199025410941325,0.00471183147988949,-0.000994062080538899,13.1625715420305,-1.06806962437449,-40
76.3,0.588953679506955,988.942760893202,988.353807213695,0.203839634218829,0.199035801227654,0.00480383299117493,-0.000900466050224813,14.1625715420305,-0.090812405113047,40
76.325,0.296154689735485,988.942760893202,988.646606203466,0.204626189299705,0.199035801227654,0.00559038807205103,-0.000130203492534037,15.1625715420305,0.896615474716005,40
76.35,0.00282832062015203,988.942760893202,988.939932572582,0.204599724637089,0.199035801227654,0.00556392340943476,-0.000214265370234751,14.1625715420305,-0.165956645454947,-40
76.375,0.585543232332979,989.819277871128,989.233734638795,0.205274938843492,0.199045051571913,0.00622988727157892,0.000403015000184331,15.1625715420305,0.821471234374107,40
76.4,0.291361998940772,989.819277871128,989.527915872187,0.20515232071087,0.199045051571913,0.00610726913895668,0.000255645138212357,14.1625715420305,-0.143306660606227,-40
76.425,-0.00213993657700567,989.819277871128,989.821417807705,0.204346484866533,0.199045051571913,0.00530143329462046,-0.000581440345253814,13.1625715420305,-1.15808455558656,-40
76.45,0.606139904022072,990.720501215852,990.11436131183,0.204353961185018,0.199054409513708,0.00529955167131013,-0.000584399048936424,14.1625715420305,-0.135190319302251,40
76.475,0.312675643443665,990.720501215852,990.407825572409,0.2050578539742,0.199054409513708,0.00600344446049195,0.000126906415988171,15.1625715420305,0.887703916982064,40
76.5,0.0187939313624733,990.720501215852,990.70170728449,0.204959493490544,0.199054409513708,0.00590508397683556,1.63031570575012e-05,14.1625715420305,-0.139401846733622,-40
76.525,0.604479315689531,991.600448691174,990.995969375484,0.205572236695964,0.199062686037111,0.00650955065885298,0.000602000716284051,15.1625715420305,0.836370523059551,40
76.55,0.309750001853383,991.600448691174,991.29069868932,0.205627632170656,0.199062686037111,0.0065649461335448,0.00064744112049972,14.4947309714396,0.186852582789701,-26.7136228236374
76.575,0.0154631999408606,991.600448691174,991.584985491233,0.204973766663203,0.199062686037111,0.00591108062609241,-3.66915655425903e-05,13.4947309714396,-0.844824786889209,-40
76.6,0.624086822896298,992.503003203604,991.878916380708,0.205111023329952,0.199070740304539,0.0060402830254124,8.78649598965997e-05,14.4947309714396,0.173497843431874,40
76.625,0.329473845371443,992.503003203604,992.173529358232,0.205909467280642,0.199070740304539,0.00683872697610305,0.000894789807983465,15.4717029152132,1.17757881915216,39.0788777509449
76.65,0.0343168366157655,992.503003203604,992.468686366988,0.205891779614715,0.199070740304539,0.00682103931017577,0.000868745237386143,14.4717029152132,0.154687851098817,-40.0000000000001
76.675,0.61880134622651,993.38313350873,992.764332162503,0.206573405392613,0.199077680482522,0.00749572491009118,0.00153171889133916,15.4717029152132,1.13773351337243,40.0000000000001
76.7,0.322766012784279,993.38313350873,993.060367495946,0.206455652356495,0.199077680482522,0.00737797187397307,0.00142143543895418,14.4717029152132,0.170779175646047,-40.0000000000001
76.725,0.0274009054126713,993.38313350873,993.355732603317,0.205654210911844,0.199077680482522,0.00657653042932238,0.000614846023472809,13.4717029152132,-0.846175162080336,-40
76.75,0.636439318721249,994.286987495058,993.650548176337,0.205665910212974,0.199084785502539,0.00658112471043426,0.000640421894967824,14.4717029152132,0.179591183494358,40
76.775,0.34109818565859,994.286987495058,993.945889309399,0.206368436932758,0.199084785502539,0.00728365143021892,0.00137720062333407,15.4641394844372,1.2036961325597,39.6974627689588
76.8,0.0453380548733571,994.286987495058,994.241649440184,0.206269667269483,0.199084785502539,0.00718488176694398,0.00129512364223483,14.4641394844372,0.185364512401078,-40.0000000000001
76.825,0.632183996666571,995.1699770812,994.537793084534,0.206883039912777,0.199090904673862,0.00779213523891475,0.00191009301182346,15.4641394844372,1.16703289224245,40.0000000000001
76.85,0.335739033130541,995.1699770812,994.83423804807,0.206708202360983,0.199090904673862,0.00761729768712044,0.00175883003306329,14.4641394844372,0.19870127208383,-40.0000000000001
76.875,0.0400376106990843,995.1699770812,995.129939470501,0.205859423431519,0.199090904673862,0.00676851875765724,0.000917436346931033,13.4641394844372,-0.819630348074795,-40
76.9,0.592928384636527,996.017959252971,995.425030868335,0.205832109365039,0.199097213951545,0.00673489541349359,0.000912391559373088,14.4641394844372,0.203235744194087,40
76.925,0.298130943941981,996.017959252971,995.719828309029,0.205454989388623,0.199097213951545,0.00635777543707794,0.000570230746548217,13.9572542338513,-0.280783414122898,-20.2754100234346
76.95,0.00434442328824298,996.017959252971,996.013614829683,0.204434115621231,0.199097213951545,0.0053369016696862,-0.000439823399184108,12.9572542338513,-1.30791732185402,-40
76.975,0.583844939594373,996.890408597601,996.306563658007,0.204260512827123,0.199103858108044,0.00515665471907942,-0.000622885484234864,13.9572542338513,-0.334425513419098,40
77,0.2906686793489,996.890408597601,996.599739918252,0.204732269000508,0.199103858108044,0.00562841089246413,-0.000143033474494403,14.8421288934968,0.573940954661367,35.3949863858219
77.025,-0.00262324408341505,996.890408597601,996.893031841685,0.204439021382282,0.199103858108044,0.00533516327423822,-0.000448137050948733,13.8421288934968,-0.452567236903715,-40
77.05,0.55656638958454,997.743017936212,997.186451546628,0.204888931869229,0.19897648103672,0.00591245083250866,7.76173220870535e-06,14.8421288934968,0.5709245715312,40
77.075,0.26306012085077,997.743017936212,997.479957815361,0.204577133442625,0.19897648103672,0.00560065240590432,-0.000276995865658297,13.8421288934968,-0.397279634298655,-40
77.1,-0.029522046161951,997.743017936212,997.772539982374,0.203613122557813,0.19897648103672,0.00463664152109253,-0.00123091734756878,12.8421288934968,-1.41548384012851,-40
77.125,0.561140541274932,998.62550020709,998.064359665815,0.203488971612329,0.198988930612043,0.00450004100028656,-0.00135950756199155,13.8421288934968,-0.433688045958366,40
77.15,0.269091009938727,998.62550020709,998.356409197152,0.203918393958964,0.198988930612043,0.00492946334692176,-0.000912424980608034,14.6046636804186,0.360066833727881,30.5013914768704
77.175,-0.0230173999602926,998.62550020709,998.648517607051,0.203589521162494,0.198988930612043,0.00460059055045178,-0.00123967461350535,13.6046636804186,-0.658713073507633,-40
77.2,0.550837264183938,999.491542799597,998.940705535413,0.204009341811579,0.199000305789384,0.00500903602219571,-0.000797723413346468,14.6046636804186,0.37149228371036,40
77.225,0.258454355139136,999.491542799597,999.233088444458,0.203875558581676,0.199000305789384,0.00487525279229215,-0.000891828500994285,13.8958363483755,-0.30712969111478,-28.3530932817254
77.25,-0.0332390129393682,999.491542799597,999.524781812537,0.203063761611386,0.199000305789384,0.00406345582200235,-0.00168386754543329,12.8958363483755,-1.32692433389679,-40
77.275,0.570031632145024,1000.38594439244,999.815912760298,0.203069535134187,0.199011416547561,0.00405811858662633,-0.00167537283330252,13.8958363483755,-0.34671897667879,40
77.3,0.278378436466381,1000.38594439244,1000.10756595598,0.203775765167018,0.199011416547561,0.00476434861945668,-0.000946171531347517,14.8958363483755,0.683297294769805,40.0000000000001
77.325,-0.0136988212835076,1000.38594439244,1000.39964321373,0.203683206378339,0.199011416547561,0.00467178983077801,-0.00103334883577255,13.8958363483755,-0.336686433781602,-40
77.35,0.568217773583632,1001.26032902215,1000.69211124857,0.204304314903852,0.199021282598852,0.00528303230499991,-0.000395564574927898,14.8958363483755,0.68099042775514,40
77.375,0.275258792334806,1001.26032902215,1000.98507022981,0.20438416768658,0.199021282598852,0.00536288508772795,-0.000289344178344114,14.2479278512753,0.050758792191692,-25.9163398840075
77.4,-0.0172917526139922,1001.26032902215,1001.27762077476,0.203753954167238,0.199021282598852,0.00473267156838636,-0.000919800454391245,13.2479278512753,-0.981564346271566,-40
77.425,0.58936885995304,1002.15921642312,1001.56984756317,0.203913700000156,0.199030934241933,0.00488276575822333,-0.00077822385298662,14.2479278512753,-0.00702291451309534,40
77.45,0.296430757252984,1002.15921642312,1001.86278566587,0.20473233282272,0.199030934241933,0.00570139858078711,1.55680032311589e-05,15.2228992046338,0.954817739339238,38.9988541343405
77.475,0.00292179674281279,1002.15921642312,1002.15629462638,0.204734020519971,0.199030934241933,0.00570308627803795,-4.81750343961362e-05,14.2228992046338,-0.108312960166937,-40
77.5,0.585720936559959,1003.03603821256,1002.450317276,0.205433731819681,0.19903951409973,0.00639421771995105,0.00058637965544997,15.2228992046338,0.878556340326884,40
77.525,0.291285903264807,1003.03603821256,1002.7447523093,0.205332704847557,0.19903951409973,0.00629319074782686,0.000453432193351644,14.2228992046338,-0.0874524926881552,-40
77.55,-0.00249913660328007,1003.03603821256,1003.03853734917,0.204545999021163,0.19903951409973,0.00550648492143366,-0.000371630348847768,13.2228992046338,-1.1034613257032,-40
77.575,0.60578902497924,1003.93757873206,1003.33178970708,0.204570190547149,0.199048310674632,0.00552187987251701,-0.000363940487551145,14.2228992046338,-0.0803951778796434,40
77.6,0.311993550184714,1003.93757873206,1003.62558518188,0.205288594087509,0.199048310674632,0.00624028341287639,0.000356712987475472,15.2228992046338,0.942670969943908,40
77.625,0.0177611388712364,1003.93757873206,1003.91981759319,0.205203057890711,0.199048310674632,0.00615474721607853,0.000254565088627035,14.2228992046338,-0.0842628822325415,-40
77.65,0.603332312798859,1004.81777965278,1004.21444733998,0.205826853071809,0.199056122949399,0.0067707301224095,0.00084644396352776,15.2228992046338,0.889969086862561,40
77.675,0.308370437148614,1004.81777965278,1004.50940921563,0.205688183349663,0.199056122949399,0.00663206040026432,0.000693590350570761,14.2634886264934,-0.0511461525096714,-38.3764231256152
77.7,0.0141085673080667,1004.81777965278,1004.80367108547,0.204868526666264,0.199056122949399,0.00581240371686542,-0.000159986547505792,13.2634886264934,-1.08285081374153,-40
77.725,0.624704577334221,1005.72206131102,1005.09735673368,0.204863893877814,0.199064050202046,0.00579984367576808,-0.00018046489214435,14.2634886264934,-0.0645554749733813,40
77.75,0.330513680693456,1005.72206131102,1005.39154763032,0.205557062639791,0.199064050202046,0.00649301243774503,0.000517440101461764,15.2634886264934,0.961019180493686,40
77.775,0.0359187175296647,1005.72206131102,1005.68614259349,0.205449586167772,0.199064050202046,0.00638553596572614,0.000397375232467773,14.2634886264934,-0.0634061640392437,-40
77.8,0.623708284227564,1006.60481489912,1005.9811066149,0.206054407899338,0.199070942696733,0.00698346520260493,0.000980575374144727,15.2634886264934,0.92047795952896,40
77.825,0.328203686429422,1006.60481489912,1006.27661121269,0.206216010499497,0.199070942696733,0.00714506780276356,0.001147774627691,14.7570650229675,0.447938479571264,-20.2569441410362
77.85,0.0329995591594504,1006.60481489912,1006.57181533996,0.205653497806753,0.199070942696733,0.00658255511001951,0.000579206754052097,13.7570650229675,-0.568177396860526,-40
77.875,0.641911169364292,1007.50869694521,1006.86678577584,0.205869133699741,0.199077553843894,0.00679157985584652,0.000806517351352315,14.7570650229675,0.455372509672376,40
77.9,0.346282932472919,1007.50869694521,1007.16241401273,0.206558878625575,0.199077553843894,0.00748132478168076,0.00152924860701739,15.4824822140984,1.21314189490867,29.0166876452357
77.925,0.0502537070022991,1007.50869694521,1007.4584432382,0.206448628042463,0.199077553843894,0.00737107419856892,0.00143524844064868,14.4824822140984,0.195494089014061,-40.0000000000001
77.95,0.635908243296214,1008.39074775755,1007.75483951425,0.207051345016358,0.199083338872505,0.0079680061438531,0.00203983865887974,15.4824822140984,1.17784628311946,40.0000000000001
77.975,0.339225856406884,1008.39074775755,1008.05152190114,0.206866777221679,0.199083338872505,0.00778343834917419,0.00187930510189704,14.4824822140984,0.20957276105882,-40.0000000000001
78,0.0433009746264983,1008.39074775755,1008.34744678292,0.206009088599474,0.199083338872505,0.00692574972696905,0.00102963326170599,13.4824822140984,-0.808700761001822,-40
78.025,0.595214706437346,1009.23796331974,1008.64274861331,0.20597329001453,0.199089459546073,0.00688383046845742,0.00101964710620753,14.4824822140984,0.218176936967093,40
78.05,0.300247949052343,1009.23796331974,1008.93771537069,0.205548998456803,0.199089459546073,0.00645953891072992,0.000636354312124443,13.9194829805548,-0.317944598607575,-22.5199693417435
78.075,0.00635565197789796,1009.23796331974,1009.23160766777,0.204487136055936,0.199089459546073,0.00539767650986284,-0.00040650361170122,12.9194829805548,-1.34106690063866,-40
78.1,0.585386410114195,1010.10999323158,1009.52460682146,0.204277590639837,0.199095956472551,0.0051816341672859,-0.000615927492179369,13.9194829805548,-0.364189202669746,40
78.125,0.29217328666553,1010.10999323158,1009.81781994491,0.204765623860204,0.199095956472551,0.00566966738765282,-0.000109037278623131,14.8728501296928,0.616055644437126,38.1346859655182
78.15,-0.00117640749487303,1010.10999323158,1010.11116963907,0.204485749591438,0.199095956472551,0.00538979311888699,-0.000389001296353386,13.8728501296928,-0.407066657593963,-40
78.175,0.557445622955872,1010.96210972179,1010.40466409883,0.204946329749601,0.198968370766604,0.00597795898299711,8.87081411328761e-05,14.8728501296928,0.617714342041955,40
78.2,0.26385091377101,1010.96210972179,1010.69825880802,0.204643164059095,0.198968370766604,0.00567479329249132,-0.000181919703066941,13.8728501296928,-0.356489922775639,-40
78.225,-0.0288307749977216,1010.96210972179,1010.99094049679,0.203686109316511,0.198968370766604,0.00471773854990667,-0.00112822583305924,12.8728501296928,-1.38069418759323,-40
78.25,0.561152800317571,1011.84402133879,1011.28286853847,0.203567297490389,0.198980547775476,0.00458674971491249,-0.00125497386542514,13.8728501296928,-0.404898452410825,40
78.275,0.269036767790468,1011.84402133879,1011.574984571,0.20393439872977,0.198980547775476,0.00495385095429365,-0.000876883086992353,14.5404714056471,0.288518558725949,26.7048510381747
78.3,-0.0230555391250786,1011.84402133879,1011.86707687792,0.203551899031511,0.198980547775476,0.00457135125603458,-0.00126715243679335,13.5404714056471,-0.735685706091643,-40
78.325,0.550896493043172,1012.71007411355,1012.15917762051,0.203925413614135,0.198991706559871,0.00493370705426385,-0.000887367919535448,14.5404714056471,0.283196884064536,40
78.35,0.258599074248564,1012.71007411355,1012.45147503931,0.203837326731344,0.198991706559871,0.00484562017147333,-0.000948561558911903,13.9538400870594,-0.272212434455192,-23.4652527435103
78.375,-0.0330699473305487,1012.71007411355,1012.74314406088,0.203064714493347,0.198991706559871,0.00407300793347637,-0.00171158021488838,12.9538400870594,-1.29099043438716,-40
78.4,0.570154809145084,1013.60445793475,1013.03430312561,0.203103937497512,0.199002484330424,0.00410145316708793,-0.00167757279304462,13.9538400870594,-0.309768434319127,40
78.425,0.278428490104012,1013.60445793475,1013.32602944465,0.203838770226713,0.199002484330424,0.0048362858962894,-0.000930486377339973,14.9538400870594,0.71458899552718,40
78.45,-0.0137607296268332,1013.60445793475,1013.61821866438,0.203770963314871,0.199002484330424,0.00476847898444763,-0.00100601772648989,13.9538400870594,-0.311053574626516,-40
78.475,0.567843388342735,1014.47867569169,1013.91083230335,0.204413349239408,0.199011961811035,0.00540138742837298,-0.000353504066316901,14.9538400870594,0.713303855219785,40
78.5,0.274790761974179,1014.47867569169,1014.20388492972,0.204401234641885,0.199011961811035,0.00538927283085036,-0.000340208094780553,14.1477912858772,-0.0683875161160837,-32.2419520472871
78.525,-0.0177325079489208,1014.47867569169,1014.49640819964,0.203692754301778,0.199011961811035,0.00468079249074335,-0.00104511776918273,13.1477912858772,-1.09403008626978,-40
78.55,0.589875252305976,1015.37838009312,1014.78850484081,0.203785819939506,0.199021373446113,0.00476444649339308,-0.000966803573856784,14.1477912858772,-0.119187516263722,40
78.575,0.297141866766644,1015.37838009312,1015.08123822635,0.204565329122324,0.199021373446113,0.00554395567621105,-0.000210057155944604,15.1477912858772,0.866580072903745,40.0000000000001
78.6,0.00388827865272592,1015.37838009312,1015.37449181447,0.204534314359935,0.199021373446113,0.00551294091382193,-0.000305581584538583,14.1477912858772,-0.197652337928791,-40
78.625,0.588515758923979,1016.25673251473,1015.66821675581,0.205206647849288,0.199029732866035,0.0061769149832536,0.000301505470264779,15.1477912858772,0.788115251238675,40
78.65,0.294370481329532,1016.25673251473,1015.9623620334,0.205141681898881,0.199029732866035,0.00611194903284631,0.000204842814743672,14.2316592191971,-0.0934150475454669,-36.6452826672023
78.675,0.000826262954377519,1016.25673251473,1016.25590625178,0.204386669497426,0.199029732866035,0.00535693663139122,-0.000588037581701228,13.2316592191971,-1.10881327964955,-40
78.7,0.610681856378376,1017.1596425337,1016.54896067732,0.204438582162571,0.19903822372538,0.00540035843719042,-0.00055240797602138,14.2316592191971,-0.0858310869451167,40
78.725,0.317046727947803,1017.1596425337,1016.84259580575,0.205181342127571,0.19903822372538,0.00614311840219056,0.000192584767436665,15.2316592191971,0.937151105759319,40
78.75,0.0229414516184086,1017.1596425337,1017.13670108208,0.205117481077727,0.19903822372538,0.00607925735234718,0.000111897314419823,14.2316592191971,-0.0898667015362474,-40
78.775,0.609673293655797,1018.04090635124,1017.43123305758,0.205760372229448,0.19904574102538,0.00671463120406804,0.000723359653617889,15.2316592191971,0.88552596624612,40
78.8,0.314662053418146,1018.04090635124,1017.72624429782,0.205803610513977,0.19904574102538,0.00675786948859719,0.000751842752255538,14.5081850202462,0.179134966976428,-28.9389679580368
78.825,0.0201089620556236,1018.04090635124,1018.02079738918,0.205140280762933,0.19904574102538,0.00609453973755275,5.3126587874236e-05,13.5081850202462,-0.853781833342343,-40
78.85,0.629845750364383,1018.94482766689,1018.31498191653,0.205269754525934,0.199053234568437,0.00621651995749692,0.000164525626290463,14.5081850202462,0.163301366338885,40
78.875,0.334978009569062,1018.94482766689,1018.60984965732,0.206077756992558,0.199053234568437,0.00702452242412097,0.000976528698394985,15.5081850202462,1.19071878305542,40.0000000000001
78.9,0.0395538106138103,1018.94482766689,1018.90527385628,0.206068731165449,0.199053234568437,0.00701549659701151,0.000955477898138296,14.5081850202462,0.168136199771951,-40.0000000000001
78.925,0.624855745967548,1019.82605325689,1019.20119751092,0.206757605534788,0.19905974049318,0.00769786504160785,0.00162346938605365,15.5081850202462,1.15250129681163,40.0000000000001
78.95,0.328533627826437,1019.82605325689,1019.49751962906,0.206646235590903,0.19905974049318,0.00758649509772291,0.00151859606703886,14.5081850202462,0.186866393851312,-40.0000000000001
78.975,0.0328741265953009,1019.82605325689,1019.79317913029,0.20585035445932,0.19905974049318,0.0067906139661397,0.000717721618032824,13.5081850202462,-0.828768509109008,-40
79,0.642297993689412,1020.73059306718,1020.08829507349,0.205866261971279,0.199066517762372,0.00679974420890617,0.000747759525073388,14.5081850202462,0.197037625875973,40
79.025,0.346658597410247,1020.73059306718,1020.38393446977,0.206563347710595,0.199066517762372,0.0074968299482229,0.00147873651204211,15.4887794138562,1.20828693444135,39.223775744398
79.05,0.050608847305883,1020.73059306718,1020.67998421987,0.206459509053033,0.199066517762372,0.00739299129066029,0.00139075163959762,14.4887794138562,0.188941849396776,-40.0000000000001
79.075,0.637390246987598,1021.61379911219,1020.97640886521,0.20706752270413,0.199072405774153,0.00799511692997659,0.0019991477930604,15.4887794138562,1.16959676435221,40.0000000000001
79.1,0.340673061767765,1021.61379911219,1021.27312605043,0.206887448021853,0.199072405774153,0.00781504224769936,0.00184113353606066,14.4887794138562,0.200251679307639,-40.0000000000001
79.125,0.0447081234160942,1021.61379911219,1021.56909098878,0.206033492064756,0.199072405774153,0.00696108629060241,0.000992834507587415,13.4887794138562,-0.819093405736929,-40
79.15,0.597166469823602,1022.46160334489,1021.86443687506,0.20600046939103,0.19907854108704,0.00692192830398977,0.000981078658086665,14.4887794138562,0.204034812824317,40
79.175,0.30213860200576,1022.46160334489,1022.15946474288,0.205597652128198,0.19907854108704,0.00651911104115824,0.000614329469987268,13.9535624215154,-0.305957262622233,-21.4086796936319
79.2,0.00815762849507464,1022.46160334489,1022.45344571639,0.204553852920779,0.19907854108704,0.00547531183373903,-0.000415702648238092,12.9535624215154,-1.33073234572799,-40
79.225,0.587048286438257,1023.33360467779,1022.74655639135,0.204359165443448,0.199085046609819,0.00527411883362894,-0.000615752542930975,13.9535624215154,-0.355507428833739,40
79.25,0.293730619203487,1023.33360467779,1023.03987405859,0.204824449991304,0.199085046609819,0.00573940338148515,-0.000137295742388049,14.857143418398,0.573298484943165,36.1432398753063
79.275,0.00030754421775776,1023.33360467779,1023.33329713357,0.204524606165429,0.199085046609819,0.00543955955560974,-0.000443066520515206,13.857143418398,-0.451476598162589,-40
79.3,0.558659522095105,1024.18549688029,1023.62683735819,0.204967355564985,0.198957515121828,0.00600984044315697,1.2314930832813e-05,14.857143418398,0.573748318731658,40
79.325,0.265043634862328,1024.18549688029,1023.92045324543,0.204648402597533,0.198957515121828,0.00569088747570445,-0.000273322554075445,13.857143418398,-0.394113619347868,-40
79.35,-0.0276373635019235,1024.18549688029,1024.21313424379,0.203677302512124,0.198957515121828,0.00471978739029583,-0.00122837335929302,12.857143418398,-1.41197555742739,-40
79.375,0.562113597331934,1025.06715553433,1024.505041937,0.203545713419236,0.198969730097233,0.00457598332200343,-0.00135872786083369,13.857143418398,-0.429837495506918,40
79.4,0.270007772953345,1025.06715553433,1024.79714776138,0.203939252754466,0.198969730097233,0.00496952265723355,-0.000941730448409339,14.5792362054722,0.324393353487754,28.883711482968
79.425,-0.0221087494510336,1025.06715553433,1025.08926428378,0.203578905231907,0.198969730097233,0.00460917513467424,-0.00129456447188434,13.5792362054722,-0.693468584591772,-40
79.45,0.551195808158165,1025.93261372408,1025.38141791593,0.203970696011784,0.198980838381798,0.00498985762998569,-0.000877974905591883,14.5792362054722,0.332987171995698,40
79.475,0.258858188716098,1025.93261372408,1025.67375553537,0.20384813343614,0.198980838381798,0.00486729505434114,-0.000960979714930199,13.92159468766,-0.298198589229072,-26.3056607124897
79.5,-0.0328049229832708,1025.93261372408,1025.96541864707,0.203045584735806,0.198980838381798,0.00406474635400791,-0.00174629753697161,12.92159468766,-1.3217428326416,-40
79.525,0.570057243100442,1026.82658893315,1026.25653169005,0.203058602897053,0.198991572600841,0.00406703029621144,-0.00173517623556016,13.92159468766,-0.345287076054123,40
79.55,0.278411910842196,1026.82658893315,1026.54817702231,0.203770519844877,0.198991572600841,0.00477894724403591,-0.00100694761693468,14.92159468766,0.680683540373598,40
79.575,-0.0136660206016909,1026.82658893315,1026.84025495375,0.203682912111223,0.198991572600841,0.00469133951038125,-0.00109760199717787,13.92159468766,-0.343345843198681,-40
79.6,0.567987401349076,1027.70071850833,1027.13273110698,0.204308037214987,0.199000981934561,0.00530705528042572,-0.000457166611667864,14.92159468766,0.68262477322904,40
79.625,0.275039803516541,1027.70071850833,1027.42567870481,0.204355974880275,0.199000981934561,0.00535499294571409,-0.000378223103679465,14.2226625434273,0.00966324542405221,-27.9572857693084
79.65,-0.0174585610481902,1027.70071850833,1027.71817706937,0.203698958909594,0.199000981934561,0.00469797697503252,-0.00102573449333518,13.2226625434273,-1.01436613814823,-40
79.675,0.589717036778906,1028.60003453507,1028.01031749829,0.203835985929672,0.199010180765392,0.00482580516428058,-0.000897596905586412,14.2226625434273,-0.0383955217205058,40
79.7,0.296880984788032,1028.60003453507,1028.30315355028,0.204653078857058,0.199010180765392,0.00564289809166665,-9.70046190231222e-05,15.2226625434273,0.949194669898698,40
79.725,0.00347407794979368,1028.60003453507,1028.59656045712,0.204654452020103,0.199010180765392,0.00564427125471109,-0.00015355289297958,14.2226625434273,-0.113215138482102,-40
79.75,0.587298544842113,1029.47778094696,1028.89048240212,0.205354559167798,0.199018276624672,0.00633628254312568,0.000482378258386318,15.2226625434273,0.866111775307331,40
79.775,0.292961539127235,1029.47778094696,1029.18481940783,0.205255090157784,0.199018276624672,0.00623681353311156,0.000346670004052502,14.2226625434273,-0.106971785981166,-40
79.8,-0.000729652665908768,1029.47778094696,1029.47851059963,0.204470991212207,0.199018276624672,0.0054527145875343,-0.000484651604392983,13.2226625434273,-1.13005534726967,-40
79.825,0.608969584180043,1030.38064391636,1029.77167433218,0.20449830955529,0.199026583825371,0.00547172572991922,-0.000479186896683997,14.2226625434273,-0.103421867456992,40
79.85,0.315256818813346,1030.38064391636,1030.06538709755,0.205220370872042,0.199026583825371,0.00619378704667195,0.00024276192802003,15.2226625434273,0.923211612355683,40
79.875,0.0211002280471673,1030.38064391636,1030.35954368831,0.205139433904789,0.199026583825371,0.00611285007941836,0.000145408094165939,14.2226625434273,-0.100154907831639,-40
79.9,0.608310134859485,1031.26241544533,1030.65410531047,0.205768191202076,0.19903394628053,0.0067342449215464,0.000743809516022154,15.2226625434273,0.876478571981038,40
79.925,0.313312157634598,1031.26241544533,1030.94910328769,0.205765654078173,0.19903394628053,0.00673170779764351,0.000729096022260289,14.4499547567473,0.123456584790594,-30.9083114671989
79.95,0.0188319525110731,1031.26241544533,1031.24358349281,0.205063924938653,0.19903394628053,0.00602997865812269,-4.15358487290685e-06,13.4499547567473,-0.906857615719877,-40
79.975,0.629781444659392,1032.16742652648,1031.53764508182,0.205161119327648,0.199041332906271,0.00611978642137698,7.99227236341626e-05,14.4499547567473,0.112828183769656,40
80,0.335078606683943,1032.16742652648,1031.8323479198,0.205942136364684,0.199041332906271,0.00690080345841323,0.000869586407483691,15.4499547567473,1.14107294531388,40.0000000000001
80.025,0.0398541490193991,1032.16742652648,1032.12757237746,0.205910880878554,0.199041332906271,0.00686954797228292,0.000830690638120052,14.4499547567473,0.119317706858102,-40.0000000000001
80.05,0.626800206082112,1033.05006771255,1032.42326750647,0.206581374916575,0.199047758423035,0.00753361649354051,0.00147960658333443,15.4499547567473,1.09756246840233,40.0000000000001
80.075,0.330730211789132,1033.05006771255,1032.71933750076,0.206455111434296,0.199047758423035,0.00740735301126108,0.00135479243110445,14.4499547567473,0.125807229946552,-40.0000000000001
80.1,0.0353419652420349,1033.05006771255,1033.01472574731,0.205647214313852,0.199047758423035,0.00659945589081723,0.000533141906403883,13.4499547567473,-0.895948008509223,-40
80.125,0.646522877753551,1033.95607770444,1033.30955482668,0.205653308823721,0.199054474158974,0.00659883466474728,0.000546175394666198,14.4499547567473,0.130519645916531,40
80.15,0.351173137360229,1033.95607770444,1033.60490456708,0.206356046684217,0.199054474158974,0.00730157252524313,0.00127884260363936,15.4499547567473,1.16451399673646,40.0000000000001
80.175,0.0554052371481823,1033.95607770444,1033.90067246729,0.206257677761108,0.199054474158974,0.00720320360213433,0.00119515223228153,14.4499547567473,0.1485083475564,-40.0000000000001
80.2,0.643688221237642,1034.84051073685,1034.19682251562,0.206870710400815,0.199060312041894,0.00781039835892036,0.00180979526439698,15.4499547567473,1.13250269837634,40.0000000000001
80.225,0.347069312813524,1034.84051073685,1034.49344142404,0.206926205296627,0.199060312041894,0.00786589325473311,0.0018906474405147,14.780485869938,0.497028162386968,-26.7787554723721
80.25,0.0508904023574232,1034.84051073685,1034.7896203345,0.206274019764093,0.199060312041894,0.00721370772219859,0.0012492083843369,13.780485869938,-0.518977486793099,-40
80.275,0.602014032643216,1035.68746138997,1035.08544735733,0.206413512680159,0.199066153381822,0.00734735929833708,0.00141319822761782,14.780485869938,0.502616725818765,40
80.3,0.30650941228746,1035.68746138997,1035.38095197769,0.20584150097995,0.199066153381822,0.00677534759812856,0.00087744342694096,13.791804225891,-0.464470705616379,-39.5472657618801
80.325,0.0122765805058754,1035.68746138997,1035.67518480947,0.204652902279479,0.199066153381822,0.00558674889765753,-0.000299779551752366,12.791804225891,-1.49287649300452,-40
80.35,0.590973788419475,1036.55932831476,1035.96835452634,0.204333977176145,0.199072752777089,0.00526122439905585,-0.000625453425989103,13.791804225891,-0.516711969390239,40
80.375,0.297713217336178,1036.55932831476,1036.26161509743,0.204759948436486,0.199072752777089,0.00568719565939682,-0.000186820592888465,14.791804225891,0.509452554224039,40.0000000000001
80.4,0.00440010907795609,1036.55932831476,1036.55492820568,0.204426307548827,0.199072752777089,0.00535355477173849,-0.0005261251580371,13.791804225891,-0.514382922161685,-40
80.425,0.563462579544354,1037.41177526428,1036.84831268474,0.2048397239364,0.198945409240739,0.00589431469566143,-9.91385098641773e-05,14.791804225891,0.511781601452595,40
80.45,0.270042185931305,1037.41177526428,1037.14173307835,0.204495419231316,0.198945409240739,0.00555000999057673,-0.000409455546714566,13.791804225891,-0.456371569600125,-40
80.475,-0.0224087425910764,1037.41177526428,1037.43418400688,0.203502267563609,0.198945409240739,0.00455685832287048,-0.00138609276744664,12.791804225891,-1.47452474065285,-40
80.5,0.568086362628453,1038.29391759592,1037.72583123329,0.203351196065138,0.19895774293865,0.00439345312648828,-0.00153562902173582,13.791804225891,-0.49267791170557,40
80.525,0.276125218600901,1038.29391759592,1038.01779237732,0.203921726609328,0.19895774293865,0.00496398367067782,-0.000941473792347491,14.791804225891,0.539168917241706,40
80.55,-0.016080589256806,1038.29391759592,1038.30999818518,0.2037125466429,0.19895774293865,0.00475480370425035,-0.00114307306551598,13.791804225891,-0.478984253811017,-40
80.575,0.555750228333807,1039.15819085648,1038.60244062814,0.20423304828149,0.198968707254341,0.00526434102714937,-0.000601519972743353,14.791804225891,0.541835900047812,40
80.6,0.263093216971817,1039.15819085648,1038.89509763951,0.204030478079273,0.198968707254341,0.00506177082493234,-0.000771536368916498,13.8628885106299,-0.366259661354457,-37.156628610444
80.625,-0.0287822574959425,1039.15819085648,1039.18697311397,0.203158800941183,0.198968707254341,0.00419009368684259,-0.00163576370427199,12.8628885106299,-1.39543950749563,-40
80.65,0.572907180572897,1040.05111304815,1039.47820586758,0.203111816839554,0.198979463024278,0.00413235381527577,-0.0016945506817756,13.8628885106299,-0.421402419407923,40
80.675,0.281222563974511,1040.05111304815,1039.76989048418,0.203771570233303,0.198979463024278,0.00479210720902484,-0.00102816021188562,14.8628885106299,0.602634668679785,40
80.7,-0.0108248889338392,1040.05111304815,1040.06193793708,0.203638787644858,0.198979463024278,0.00465932462057989,-0.00117345899375096,13.8628885106299,-0.423328243232508,-40
80.725,0.570582134350829,1040.92490522717,1040.35432309282,0.204224592965835,0.198988961981635,0.0052356309842001,-0.000581643960859579,14.8628885106299,0.600708844855201,40
80.75,0.277677945172135,1040.92490522717,1040.647227282,0.204374682079208,0.198988961981635,0.00538572009757216,-0.000403940263554142,14.3588940389529,0.129014739095621,-20.159778867082
80.775,-0.0149123323120192,1040.92490522717,1040.93981755949,0.203804814176516,0.198988961981635,0.00481585219488068,-0.000962645488865904,13.3588940389529,-0.888684894986904,-40
80.8,0.591052245398674,1041.82321753664,1041.23216529124,0.204015962341098,0.198998019570249,0.00501794277084849,-0.000754421864726879,14.3588940389529,0.0936154709305698,40
80.825,0.298004511021631,1041.82321753664,1041.52521302562,0.204768260391372,0.198998019570249,0.0057702408211234,-1.69102568715052e-05,15.1760815988562,0.893386355650191,32.6875023961328
80.85,0.00447175783915508,1041.82321753664,1041.8187457788,0.204713907961654,0.198998019570249,0.00571588839140538,-0.000131117710649969,14.1760815988562,-0.174030319533511,-40
80.875,0.587637234112039,1042.70035701678,1042.11271978267,0.205365981004401,0.199006051102928,0.00635992990147247,0.000455391464565968,15.1760815988562,0.805573659128803,40
80.9,0.293311468197516,1042.70035701678,1042.40704554858,0.205225380778078,0.199006051102928,0.00621932967514938,0.000279288682283801,14.1760815988562,-0.164822362208882,-40
80.925,-0.000314422939444212,1042.70035701678,1042.70067143972,0.204406147348803,0.199006051102928,0.00540009624587443,-0.000584628269549997,13.1760815988562,-1.18521838354656,-40
80.95,0.609627227828972,1043.60335094868,1042.99372372085,0.204403347059684,0.199014320274045,0.00538902678563968,-0.000610976207367664,14.1760815988562,-0.164130170408333,40
80.975,0.316065254065017,1043.60335094868,1043.28728569461,0.205099709560374,0.199014320274045,0.00608538928632971,7.99379755832552e-05,15.1760815988562,0.856958042729898,40
81,0.0220926854887435,1043.60335094868,1043.58125826319,0.204997148956732,0.199014320274045,0.00598282868268771,-4.75072344301997e-05,14.1760815988562,-0.171953744131877,-40
81.025,0.610085638658248,1044.48569359112,1043.87560795246,0.205607653148195,0.199021597050199,0.00658605609799515,0.000522435495025897,15.1760815988562,0.800509294186354,40
81.05,0.315213103320556,1044.48569359112,1044.1704804878,0.205739316749256,0.199021597050199,0.00671771969905627,0.000635066760195119,14.6171486023942,0.264039336042568,-22.3573198584803
81.075,0.020679333431808,1044.48569359112,1044.46501425769,0.205152959192542,0.199021597050199,0.00613136214234214,1.31949007730892e-05,13.6171486023942,-0.763497625639202,-40
81.1,0.631134088071103,1045.39041741349,1044.75928332542,0.20534922220448,0.199028687408422,0.00632053479605815,0.000194779073154072,14.6171486023942,0.258965412679022,40
81.125,0.336157531593354,1045.39041741349,1045.0542598819,0.206125423858703,0.199028687408422,0.00709673645028089,0.00097539416864828,15.488471233239,1.15452818896059,34.8529052337948
81.15,0.0406647381958281,1045.39041741349,1045.3497526753,0.206090563638581,0.199028687408422,0.00706187623015941,0.000926363557691434,14.488471233239,0.128768334397291,-40.0000000000001
81.175,0.627033465712551,1046.27274570051,1045.6457122348,0.206758325497924,0.199034898160504,0.00772342733742015,0.00157051189531954,15.488471233239,1.11226758836951,40.0000000000001
81.2,0.330701659789151,1046.27274570051,1045.94204404072,0.206630321924247,0.199034898160504,0.00759542376374253,0.00144575994272284,14.488471233239,0.145766842341729,-40.0000000000001
81.225,0.0350528892288158,1046.27274570051,1046.23769281128,0.205821621939292,0.199034898160504,0.00678672377878767,0.000628393964184487,13.488471233239,-0.870733903686049,-40
81.25,0.646045260343535,1047.17882744626,1046.53278218591,0.205827512668903,0.199041487341813,0.00678602532708997,0.000642702829863034,14.488471233239,0.151812689294342,40
81.275,0.350434764696909,1047.17882744626,1046.82839268156,0.206530494297857,0.199041487341813,0.00748900695604421,0.00137740497150116,15.488471233239,1.18675942048281,40.0000000000001
81.3,0.0544049860446778,1047.17882744626,1047.12442246021,0.206432958676733,0.199041487341813,0.0073914713349208,0.00129661099236025,14.488471233239,0.171706151671277,-40.0000000000001
81.325,0.642697044152016,1048.06353311848,1047.42083607433,0.207047103241896,0.199047238485975,0.0079998647559206,0.00191466411768818,15.488471233239,1.15665288285975,40.0000000000001
81.35,0.345920938872952,1048.06353311848,1047.71761217961,0.206956531877356,0.199047238485975,0.00790929339138083,0.00184875493510342,14.6076450793983,0.306203149205105,-35.2330461536276
81.375,0.0497779541592348,1048.06353311848,1048.01375516432,0.206180050674849,0.199047238485975,0.00713281218887338,0.00107977466170439,13.6076450793983,-0.713420430608843,-40
81.4,0.602552755308027,1048.9119344918,1048.30938173649,0.206213648451182,0.199053217069673,0.00716043138150851,0.00113870860767271,14.6076450793983,0.313516713401293,40
81.425,0.307219683964241,1048.9119344918,1048.60471480784,0.205781629884383,0.199053217069673,0.00672841281470934,0.0007472982193929,13.9482757003618,-0.318915521625124,-26.3747751614621
81.45,0.0129725078786002,1048.9119344918,1048.89896198392,0.20471335194088,0.199053217069673,0.00566013487120684,-0.000302225845480231,12.9482757003618,-1.34197837761499,-40
81.475,0.591989941189656,1049.78429553084,1049.19230558965,0.204497651818466,0.199059749035979,0.00543790278248793,-0.000517886876397755,13.9482757003618,-0.365041233604852,40
81.5,0.298446990674587,1049.78429553084,1049.48584854016,0.204973654545375,0.199059749035979,0.00591390550939636,-2.29320758553808e-05,14.8932826931619,0.606902903205414,37.8002797120053
81.525,0.00478536311040623,1049.78429553084,1049.77951016773,0.204683020045004,0.199059749035979,0.00562327100902499,-0.00031334612428599,13.8932826931619,-0.416159952784451,-40
81.55,0.562926051941443,1050.63622578475,1050.07329973281,0.205133118751215,0.198932345767762,0.00620077298345362,0.000151963382185538,14.8932826931619,0.605183925818301,40
81.575,0.26905237895047,1050.63622578475,1050.3671734058,0.204820201863784,0.198932345767762,0.00588785609602255,-0.000125205109464094,13.8932826931619,-0.362445520490497,-40
81.6,-0.0238929744644693,1050.63622578475,1050.66011875922,0.203853940428416,0.198932345767762,0.00492159466065434,-0.00107306494043458,12.8932826931619,-1.3800749667993,-40
81.625,0.565123673490233,1051.5174190515,1050.95229537801,0.203725616574597,0.198944704356778,0.00478091221781904,-0.00119783962235509,13.8932826931619,-0.397704413108095,40
81.65,0.272793962566691,1051.5174190515,1051.24462508893,0.204056357708164,0.198944704356778,0.00511165335138697,-0.000843585492534465,14.5229183517412,0.261084864933467,25.1854263431695
81.675,-0.0194613826705787,1051.5174190515,1051.53688043417,0.203641505390067,0.198944704356778,0.00469680103328912,-0.00125276440579269,13.5229183517412,-0.75976151560421,-40
81.7,0.553347715226083,1052.38244623568,1051.82909852045,0.203985427388198,0.198956056950665,0.0050293704375329,-0.000883519552507067,14.5229183517412,0.269392103858112,40
81.725,0.260961797388562,1052.38244623568,1052.12148443829,0.203887867523115,0.198956056950665,0.00493181057244949,-0.000938951105487723,13.9610247914142,-0.263347837006558,-22.4757424130798
81.75,-0.0307810386499553,1052.38244623568,1052.41322727433,0.203105861571852,0.198956056950665,0.00414980462118658,-0.00169937568319181,12.9610247914142,-1.28419421754424,-40
81.775,0.571061388238974,1053.27550670364,1052.7044453154,0.203135148497216,0.198966955403027,0.00416819309418964,-0.00166610090200736,13.9610247914142,-0.305040598081915,40
81.8,0.279291315745677,1053.27550670364,1052.99621538789,0.203859619934483,0.198966955403027,0.00489266453145615,-0.000917785294580337,14.9610247914142,0.724113021380411,40
81.825,-0.0129265524163108,1053.27550670364,1053.28843325605,0.203781773113171,0.198966955403027,0.00481481771014408,-0.000989725452521406,13.9610247914142,-0.296733359157268,-40
81.85,0.567144715711233,1054.14820539619,1053.58106068048,0.204413870797317,0.198976451820901,0.00543741897641595,-0.000339750569786745,14.9610247914142,0.721553793472031,40
81.875,0.274121736002661,1054.14820539619,1053.87408366018,0.204352534219002,0.198976451820901,0.00537608239810172,-0.000370902613973823,14.0985958384507,-0.119608660708115,-34.4971581185372
81.9,-0.0183059491390811,1054.14820539619,1054.16651134533,0.203601053637304,0.198976451820901,0.00462460181640326,-0.00111659702838143,13.0985958384507,-1.14834216192483,-40
81.925,0.58832207447622,1055.04677666568,1054.45845459121,0.203655992203628,0.198985825106388,0.00467016709724005,-0.00107346828201993,14.0985958384507,-0.172369745475989,40
81.95,0.295792942781682,1055.04677666568,1054.7509837229,0.20440178339983,0.198985825106388,0.00541595829344244,-0.00034859780759855,15.0985958384507,0.812118436496943,40
81.975,0.00278784854140717,1055.04677666568,1055.04398881714,0.204341626615017,0.198985825106388,0.00535580150862941,-0.000472384025436978,14.0985958384507,-0.253393381530128,-40
82,0.587098252004752,1055.92452519322,1055.33742694121,0.204988330879103,0.198994041049476,0.00599428982962735,0.000109075072043496,15.0985958384507,0.731094800442804,40
82.025,0.293200918389555,1055.92452519322,1055.63132427483,0.204999221137808,0.198994041049476,0.00600518008833273,8.73097312502069e-05,14.3223264547461,-0.0120612264688803,-31.0507753481846
82.05,-0.000197229563623294,1055.92452519322,1055.92472242278,0.204309380917998,0.198994041049476,0.00531533986852209,-0.000642211146304333,13.3223264547461,-1.02894786967594,-40
82.075,0.608918983186151,1056.82663729117,1056.21771830799,0.204416895016633,0.199002151531747,0.00541474348488541,-0.000550663749435437,14.3223264547461,-0.00327195547058275,40
82.1,0.315267193064166,1056.82663729117,1056.51137009811,0.205207255328518,0.199002151531747,0.00620510379677044,0.000244017549055953,15.3223264547461,1.02240395873478,40.0000000000001
82.125,0.0210800252741577,1056.82663729117,1056.8055572659,0.205184904008594,0.199002151531747,0.0061827524768466,0.000208411979150169,14.3223264547461,-0.00192012705985622,-40
82.15,0.606855683704675,1057.70708369674,1057.10022801303,0.205863627444996,0.199009188123706,0.00685443932129054,0.000858816913533289,15.3223264547461,0.973755787145508,40
82.175,0.311797678167525,1057.70708369674,1057.39528601857,0.205745411291755,0.199009188123706,0.00673622316804939,0.000727836527823045,14.3223264547461,-0.0098274071846489,-40
82.2,0.017409469064752,1057.70708369674,1057.68967422767,0.204945189440135,0.199009188123706,0.00593600131642935,-0.000106767991309903,13.3223264547461,-1.0434106015148,-40
82.225,0.628554440532618,1058.61206889997,1057.98351445943,0.20495836699694,0.199016426740229,0.0059419402567108,-0.000111562776862917,14.3223264547461,-0.0269937958449592,40
82.25,0.33418288071516,1058.61206889997,1058.27788601925,0.205667998436113,0.199016426740229,0.00665157169588379,0.000601792093685216,15.3223264547461,1.00037567081671,40
82.275,0.0393824365545355,1058.61206889997,1058.57268646341,0.205576727491437,0.199016426740229,0.00656030075120709,0.000497877724412954,14.3223264547461,-0.0222548625216227,-40
82.3,0.628139956271379,1059.49601965209,1058.86787969582,0.206196692141894,0.199022726399125,0.00717396574276871,0.0010942263703779,15.3223264547461,0.959494381015223,40
82.325,0.332413751345617,1059.49601965209,1059.16360590075,0.206332015298341,0.199022726399125,0.00730928889921609,0.00123146600584706,14.756985128067,0.425902297872995,-22.613653067163
82.35,0.0370203627683882,1059.49601965209,1059.45899928933,0.205749150512271,0.199022726399125,0.00672642411314578,0.000637447448626122,13.756985128067,-0.592348458590156,-40
82.375,0.647589141483203,1060.40172280223,1059.75413366075,0.205948603983214,0.199028905010862,0.00691969897235165,0.000846893579483143,14.756985128067,0.435702364982966,40
82.4,0.351772627293637,1060.40172280223,1060.04995017494,0.206686041249666,0.199028905010862,0.00765713623880387,0.00161482882193464,15.5687484214446,1.27895575810954,32.4705317351013
82.425,0.0554901257903018,1060.40172280223,1060.34623267644,0.206618458755623,0.199028905010862,0.00758955374476114,0.00156036351223426,14.5687484214446,0.260445857858575,-40.0000000000001
82.45,0.642441076134254,1061.28538070509,1060.64293962896,0.207258529261896,0.19903432673715,0.00822420252474582,0.00219865193150628,15.5687484214446,1.24193595760762,40.0000000000001
82.475,0.345397376094557,1061.28538070509,1060.939983329,0.207107458482692,0.19903432673715,0.00807313174554164,0.00206796824576111,14.5687484214446,0.273426057356655,-40.0000000000001
82.5,0.0490659623479,1061.28538070509,1061.23631474274,0.206279878525323,0.19903432673715,0.00724555178817243,0.00124482910266094,13.5687484214446,-0.745083842894307,-40
82.525,0.60160945334292,1062.13367232987,1061.53206287653,0.206270246354757,0.199040211360112,0.00723003499464556,0.00125146912931931,14.5687484214446,0.272890377692044,40
82.55,0.306233326218931,1062.13367232987,1061.82743900365,0.20577178682186,0.199040211360112,0.00673157546174794,0.00078332207617135,13.8662461249474,-0.406044432811403,-28.1000918598872
82.575,0.0120303032927947,1062.13367232987,1062.12164202658,0.204647362399531,0.199040211360112,0.00560715103941936,-0.00033369212216619,12.8662461249474,-1.43247694681767,-40
82.6,0.592044217407812,1063.00691188995,1062.41486767255,0.204384110427695,0.199046751808325,0.00533735861937032,-0.000604683887591162,13.8662461249474,-0.452534279272186,40
82.625,0.298653489789873,1063.00691188995,1062.70825840016,0.204858356655369,0.199046751808325,0.00581160484704465,-0.000116205972700484,14.8662461249474,0.577408388273298,40
82.65,0.00514576903691456,1063.00691188995,1063.00176612092,0.204566927006928,0.199046751808325,0.00552017519860384,-0.00040950160020628,13.8662461249474,-0.442648944181215,-40
82.675,0.564496561829903,1063.8598976544,1063.29540109257,0.205016812090583,0.198919348616879,0.00609746347370485,5.96753061856414e-05,14.8662461249474,0.58729372336427,40
82.7,0.270777369227211,1063.8598976544,1063.58912028517,0.204704321082514,0.198919348616879,0.00578497246563572,-0.000215399221848378,13.8662461249474,-0.382763609090243,-40
82.725,-0.0220143023802424,1063.8598976544,1063.88191195678,0.203738930268111,0.198919348616879,0.00481958165123222,-0.00116276673880356,12.8662461249474,-1.40282094154476,-40
82.75,0.568026418680785,1064.74196241282,1064.17393599414,0.203611598555674,0.198931712509202,0.00467988604647154,-0.00128866502312874,13.8662461249474,-0.422878273999273,40
82.775,0.275747924558224,1064.74196241282,1064.46621448827,0.204079788676917,0.198931712509202,0.00514807616771409,-0.000798303671367379,14.6910550499403,0.431873318539134,32.9923569997169
82.8,-0.0166384615609632,1064.74196241282,1064.75860087439,0.203782960773609,0.198931712509202,0.004851248264407,-0.00109011373192175,13.6910550499403,-0.588184013915383,-40
82.825,0.55548385832,1065.60659005401,1065.05110619569,0.204227923959198,0.198942943981743,0.00528497997745461,-0.000629887699583415,14.6910550499403,0.427428328856061,40
82.85,0.262826019139726,1065.60659005401,1065.34376403487,0.204014164400736,0.198942943981743,0.00507122041899288,-0.000812015118524523,13.8389918484892,-0.398156062990629,-34.082528058046
82.875,-0.0290340205211885,1065.60659005401,1065.63562407453,0.203132615179032,0.198942943981743,0.0041896711972895,-0.0016828283210828,12.8389918484892,-1.42167725338616,-40
82.9,0.57288111197342,1066.49970757828,1065.9268264663,0.20307636626361,0.198953984020823,0.00412238224278702,-0.00174089479974418,13.8389918484892,-0.437586529021073,40
82.925,0.281241019396579,1066.49970757828,1066.21846655888,0.203727275683674,0.198953984020823,0.00477329166285081,-0.00107090245335911,14.8389918484892,0.591798277678456,40
82.95,-0.0107485280213939,1066.49970757828,1066.5104561063,0.203586299661469,0.198953984020823,0.00463231564064612,-0.00120981447874241,13.8389918484892,-0.428816915622015,-40
82.975,0.570406716265436,1067.37317723439,1066.80277051812,0.204163994044255,0.198963734647497,0.00520025939675789,-0.000609698628536381,14.8389918484892,0.600567891077514,40
83,0.277562863813677,1067.37317723439,1067.09561437057,0.204337442990154,0.198963734647497,0.00537370834265644,-0.000396412075894914,14.3796270149968,0.170587864284648,-18.3745933396958
83.025,-0.0149963658213524,1067.37317723439,1067.38817360021,0.203786721947821,0.198963734647497,0.00482298730032399,-0.000927305356307695,13.3796270149968,-0.850027329015823,-40
83.05,0.589957166868918,1068.27047091666,1067.68051374979,0.204012971958355,0.198972985232012,0.00503998672634345,-0.000698349783613078,14.3796270149968,0.129357477683706,40
83.075,0.296935801377442,1068.27047091666,1067.97353511528,0.204726486760178,0.198972985232012,0.00575350152816637,8.41373846532933e-06,15.1246197529267,0.861172464900732,29.7997095171971
83.1,0.00348231080530709,1068.27047091666,1068.26698860585,0.204637987839864,0.198972985232012,0.00566500260785188,-0.000129836466688932,14.1246197529267,-0.202005285812169,-40
83.125,0.585668351175357,1069.14650481101,1068.56083645983,0.205259543171194,0.19898121800335,0.00627832516784413,0.000430661323036263,15.1246197529267,0.771300997205718,40
83.15,0.291510372985682,1069.14650481101,1068.85499443802,0.205091954535517,0.19898121800335,0.00611073653216776,0.000227275956248635,14.1246197529267,-0.205392719776397,-40
83.175,-0.00191081831373903,1069.14650481101,1069.14841562932,0.204248752090353,0.19898121800335,0.00526753408700312,-0.000665006632201315,13.1246197529267,-1.23208643675851,-40
83.2,0.607275062385233,1070.04850526884,1069.44123020646,0.204224257542203,0.198989639877408,0.00523461766479433,-0.000715027420703646,14.1246197529267,-0.208780153740624,40
83.225,0.313980441390451,1070.04850526884,1069.73452482745,0.204901029872476,0.198989639877408,0.00591138999506827,-4.36284795997943e-05,15.1246197529267,0.814526129277259,40
83.25,0.020301593421219,1070.04850526884,1070.02820367542,0.204781149215362,0.198989639877408,0.00579150933795367,-0.000186569685728055,14.1246197529267,-0.212167587704854,-40
83.275,0.607788442441638,1070.93002464977,1070.32223620733,0.205376013781329,0.198996973092921,0.00637904068840781,0.000373753369693225,15.1246197529267,0.766408799786435,40
83.3,0.313185982751377,1070.93002464977,1070.61683866702,0.205586178271883,0.198996973092921,0.00658920517896208,0.000571399277093876,14.6978327438885,0.363818401364339,-17.0714803615285
83.325,0.0188179689018663,1070.93002464977,1070.91120668086,0.205066729717517,0.198996973092921,0.00606975662459602,2.33487924826137e-05,13.6978327438885,-0.661984988019551,-40
83.35,0.628051474524983,1071.83345034577,1071.20539887125,0.205319709746466,0.199003912248862,0.00631579749760408,0.000268858100801989,14.6978327438885,0.362211622596564,40
83.375,0.333166322447564,1071.83345034577,1071.50028402333,0.206021306512779,0.199003912248862,0.00701739426391668,0.000983637174094776,15.3933561534634,1.08563006275135,27.8209363829979
83.4,0.0378629941114655,1071.83345034577,1071.79558735166,0.205922724196813,0.199003912248862,0.00691881194795158,0.000880964183105432,14.3933561534634,0.0635250933311795,-40.0000000000001
83.425,0.623957782761997,1072.71523154844,1072.09127376568,0.206535898882768,0.199010022591774,0.00752587629099377,0.00147521773739251,15.3933561534634,1.04142012391101,40.0000000000001
83.45,0.327970187150243,1072.71523154844,1072.38726136129,0.206361670565095,0.199010022591774,0.00735164797332011,0.00130427039995917,14.3933561534634,0.0693151544908479,-40.0000000000001
83.475,0.0327255529420365,1072.71523154844,1072.6825059955,0.205513954212975,0.199010022591774,0.00650393162120069,0.000443897637288831,13.3933561534634,-0.952789814929322,-40
83.5,0.644601168077822,1073.62174190024,1072.97714073216,0.205486768048535,0.199016500154097,0.00647026789443739,0.00041963308071355,14.3933561534634,0.0669823517489627,40
83.525,0.349487648932043,1073.62174190024,1073.27225425131,0.206162023868333,0.199016500154097,0.00714552371423527,0.00112056930558754,15.3933561534634,1.10027039758993,40.0000000000001
83.55,0.0539896746417726,1073.62174190024,1073.5677522256,0.206041838011639,0.199016500154097,0.00702533785754156,0.00101060003384049,14.3933561534634,0.0835584434309034,-40.0000000000001
83.575,0.643945040961129,1074.50755074926,1073.8636057083,0.206637413793122,0.199022077060538,0.00761533673258408,0.00160311975111582,15.3933561534634,1.06684648927187,40.0000000000001
83.6,0.347535413726937,1074.50755074926,1074.16001533554,0.206826412091885,0.199022077060538,0.00780433503134711,0.00180814852051919,14.933994804232,0.634398004329609,-18.3744539692595
83.625,0.0513861732230651,1074.50755074926,1074.45616457604,0.20629022589982,0.199022077060538,0.00726814883928226,0.00126939622818975,13.933994804232,-0.388689131381173,-40
83.65,0.603103300731107,1075.35522107303,1074.7521177723,0.20653013273834,0.199027502093519,0.00750263064482101,0.00152572330465439,14.933994804232,0.638223732908048,40
83.675,0.307342847596403,1075.35522107303,1075.04787822544,0.206037861704673,0.199027502093519,0.00701035961115387,0.00106611844093782,13.933994804232,-0.334863402802733,-40
83.7,0.0127462737671525,1075.35522107303,1075.34247479927,0.204919256649317,0.199027502093519,0.00589175455579777,-4.08403590211048e-05,12.933994804232,-1.35795053851351,-40
83.725,0.591090206491481,1076.22719284911,1075.63610264262,0.204661352228656,0.199033744833575,0.00562760739508072,-0.000305102903879279,13.933994804232,-0.381037674224294,40
83.75,0.297397493213799,1076.22719284911,1075.92979535589,0.204993258977495,0.199033744833575,0.00595951414391957,3.99586565618948e-05,14.7231906252958,0.435071011128782,31.5678328425544
83.775,0.00377565811008561,1076.22719284911,1076.223417191,0.204580532003061,0.199033744833575,0.00554678716948553,-0.000377817568523786,13.7231906252958,-0.588016124581996,-40
83.8,0.563604870232194,1077.08061105692,1076.51700618668,0.204927037983418,0.198906408724859,0.00602062925855845,-2.15235422771631e-05,14.7231906252958,0.432437397109418,40
83.825,0.270067870641801,1077.08061105692,1076.81054318627,0.204526752784385,0.198906408724859,0.0056203440595258,-0.000389296180924092,13.7231906252958,-0.532778756425123,-40
83.85,-0.0224259545986492,1077.08061105692,1077.10303701152,0.20348687212153,0.198906408724859,0.00458046339667004,-0.00141211528340882,12.7231906252958,-1.54799490995966,-40
83.875,0.569661088910369,1077.96432602003,1077.39466493111,0.203296242180002,0.198918896885759,0.00437734529424277,-0.00159889612553588,13.7231906252958,-0.563211063494208,40
83.9,0.277772245036881,1077.96432602003,1077.68655377499,0.203833211530319,0.198918896885759,0.00491431464455963,-0.00103976689079302,14.7231906252958,0.463960868210626,40
83.925,-0.0143163589507011,1077.96432602003,1077.97864237898,0.20359603647406,0.198918896885759,0.0046771395883011,-0.00127400234827024,13.7231906252958,-0.558867200084543,-40
83.95,0.559166970708317,1078.83009634257,1078.27092937186,0.204092556083507,0.198930089810335,0.00516246627317227,-0.000756055561599606,14.7231906252958,0.468304731620288,40
83.975,0.266567912401723,1078.83009634257,1078.56352843017,0.204047129729653,0.198930089810335,0.00511703991931808,-0.000764210518296393,14.0481051813579,-0.179608780612758,-27.0034177575151
84,-0.0254569074755513,1078.83009634257,1078.85555325005,0.20331022678711,0.198930089810335,0.00438013697677539,-0.00148516961373785,13.0481051813579,-1.20243684890793,-40
84.025,0.575535216519485,1079.72264753278,1079.14711231626,0.203378058549955,0.19894092087863,0.00443713767132445,-0.00141962203719578,14.0481051813579,-0.225264917203095,40
84.05,0.283374026400477,1079.72264753278,1079.43927350638,0.204135214526671,0.19894092087863,0.00519429364804061,-0.000645407825019817,15.0481051813579,0.801907014501736,40
84.075,-0.00927734807289753,1079.72264753278,1079.73192488085,0.204085267934565,0.19894092087863,0.00514434705593456,-0.000696625392198447,14.0481051813579,-0.220921053793431,-40
84.1,0.569367612190499,1080.5943890473,1080.02502143511,0.204740631850447,0.198950505300267,0.00579012655018005,-3.05944406905068e-05,15.0481051813579,0.795772750829898,40
84.125,0.275916532768472,1080.5943890473,1080.31847251453,0.204602733653408,0.198950505300267,0.00565222835314147,-0.000138152313726714,14.0481051813579,-0.174017478277558,-40
84.15,-0.016836301269169,1080.5943890473,1080.61122534857,0.203785307737495,0.198950505300267,0.00483480243722823,-0.000943293484161251,13.0481051813579,-1.19380770738501,-40
84.175,0.588926015261158,1081.49233053099,1080.90340451573,0.203782901874465,0.198960161777459,0.00482274009700662,-0.000946017490272399,14.0481051813579,-0.20954978753466,40
84.2,0.296238854060167,1081.49233053099,1081.19609167693,0.204478582510091,0.198960161777459,0.00551842073263203,-0.000261416493422317,15.0481051813579,0.774708132315691,40
84.225,0.00314379410769775,1081.49233053099,1081.48918673688,0.204374837408385,0.198960161777459,0.0054146756309266,-0.000420329081508963,14.0481051813579,-0.291033947833958,-40
84.25,0.587071148607484,1082.36972628717,1081.78265513856,0.204983119241426,0.198968717498481,0.00601440174294493,0.000130001389347684,15.0481051813579,0.693223972016391,40
84.275,0.293178342878174,1082.36972628717,1082.07654794429,0.204984491945739,0.198968717498481,0.0060157744472587,0.000102301848729974,14.3064788852702,-0.0194145086944334,-29.6650518435108
84.3,-0.000201037332033717,1082.36972628717,1082.3699273245,0.204285675856454,0.198968717498481,0.00531695835797327,-0.000635761919335592,13.3064788852702,-1.04042669331748,-40
84.325,0.608299004061064,1083.27118969542,1082.66289069136,0.204384267302676,0.19897710797787,0.00540715932480637,-0.000555211349710982,14.3064788852702,-0.0186140140500321,40
84.35,0.314693268855532,1083.27118969542,1082.95649642657,0.205165745770435,0.19897710797787,0.00618863779256501,0.000226380721803338,15.3064788852702,1.00319866521742,40.0000000000001
84.375,0.0205652876259247,1083.27118969542,1083.2506244078,0.205134911135739,0.19897710797787,0.00615780315786935,0.000176274099302348,14.3064788852702,-0.0249886555151286,-40
84.4,0.605481969282061,1084.15070517062,1083.54522320133,0.205805140245561,0.198984365656206,0.00682077458935523,0.000810617871704472,15.3064788852702,0.946824023752325,40
84.425,0.310508301527173,1084.15070517062,1083.84019686909,0.20567881179382,0.198984365656206,0.00669444613761444,0.000669093114757574,14.3064788852702,-0.0313632969802234,-40
84.45,0.016216264445665,1084.15070517062,1084.13448890617,0.2048708146788,0.198984365656206,0.0058864490225943,-0.000171315533819327,13.3064788852702,-1.05955061771277,-40
84.475,0.626370337036366,1085.05459181887,1084.42822148183,0.204876200328926,0.198991763314538,0.00588443701438743,-0.000178180422074653,14.3064788852702,-0.0377379384453183,40
84.5,0.33211764819514,1085.05459181887,1084.72247417067,0.205578135500634,0.198991763314538,0.00658637218609537,0.000534417459424091,15.3064788852702,0.992197604723685,40
84.525,0.0374467095172482,1085.05459181887,1085.01714510935,0.205479694449939,0.198991763314538,0.00648793113540094,0.000431304003726485,14.3064788852702,-0.027866852107309,-40
84.55,0.625310379125111,1085.93750920469,1085.31219882557,0.206092677014541,0.198998144306196,0.00709453270834434,0.00102772739641693,15.3064788852702,0.953912055062261,40
84.575,0.329740978490798,1085.93750920469,1085.6077682262,0.206210732368078,0.198998144306196,0.00721258806188163,0.00115393322556015,14.7256039685301,0.404816045491805,-23.2349966696009
84.6,0.0345271799063812,1085.93750920469,1085.90298202479,0.205612799131792,0.198998144306196,0.00661465482559542,0.000550352608390453,13.7256039685301,-0.613405047338624,-40
84.625,0.644516499162669,1086.84243338567,1086.19791688651,0.205798836080673,0.199004336480399,0.00679449960027423,0.000753494225621237,14.7256039685301,0.417928175178438,40
84.65,0.34890337623152,1086.84243338567,1086.49353000944,0.206542858461604,0.199004336480399,0.00753852198120489,0.00153406283497151,15.5636780102179,1.28733543938328,33.522961667511
84.675,0.0528146832210366,1086.84243338567,1086.78961870245,0.206481047255686,0.199004336480399,0.00747671077528783,0.00149048098967297,14.5636780102179,0.268668661900341,-40.0000000000001
84.7,0.63945157432813,1087.72559183531,1087.08614026098,0.207125956104567,0.199009677001851,0.00811627910271656,0.00213788276184254,15.5636780102179,1.25000188441741,40.0000000000001
84.725,0.342585631835759,1087.72559183531,1087.38300620347,0.206979406716008,0.199009677001851,0.00796972971415741,0.00201523257637248,14.5636780102179,0.28133510693447,-40.0000000000001
84.75,0.0464246881789618,1087.72559183531,1087.67916714713,0.206156148774756,0.199009677001851,0.00714647177290509,0.00119924799234816,13.5636780102179,-0.737331670548465,-40
84.775,0.598911594427205,1088.57366332486,1087.97475173044,0.206150439154266,0.19901541560798,0.00713502354628642,0.00120885963571124,14.5636780102179,0.275959924917587,40
84.8,0.303697609744616,1088.57366332486,1088.26996571512,0.20564867304733,0.19901541560798,0.00663325743935075,0.000733787552992748,13.8506834545978,-0.417283692638712,-28.5197822248064
84.825,0.00965943448336132,1088.57366332486,1088.56400389038,0.204522208634159,0.19901541560798,0.00550679302617915,-0.000391188673270565,12.8506834545978,-1.44753275457485,-40
84.85,0.590088059768837,1089.44715155087,1088.8570634911,0.204257751633742,0.199021794039251,0.00523595759449116,-0.000667245889367035,13.8506834545978,-0.465593970052078,40
84.875,0.296863325960261,1089.44715155087,1089.15028822491,0.204731655676778,0.199021794039251,0.0057098616375274,-0.000181236000423884,14.8506834545978,0.566344814470698,40.0000000000001
84.9,0.00352009853091235,1089.44715155087,1089.44363145234,0.204441063738564,0.199021794039251,0.00541926969931311,-0.000474345549727057,13.8506834545978,-0.451716401006529,-40
84.925,0.563712420733734,1090.30081713556,1089.73710471483,0.204892497816331,0.198894249581067,0.00599824823526418,-4.9226625978005e-06,14.8506834545978,0.577520001676854,40
84.95,0.270150957673835,1090.30081713556,1090.03066617789,0.204582577618746,0.198894249581067,0.00568832803767913,-0.000279300878119171,13.8506834545978,-0.393243595639763,-40
84.975,-0.0224882066926608,1090.30081713556,1090.32330534225,0.203620621338021,0.198894249581067,0.00472637175695412,-0.00122559930512733,12.8506834545978,-1.41400719295638,-40
85,0.568633341095589,1091.18381621913,1090.61518287803,0.203497122987237,0.198906480092605,0.00459064289463193,-0.00135045644932036,13.8506834545978,-0.434770790272998,40
85.025,0.276442799021197,1091.18381621913,1090.90737342011,0.204040425426399,0.198906480092605,0.00513394533379452,-0.000788150523787889,14.7769488945752,0.520731052387794,37.0506175990964
85.05,-0.0159568191383605,1091.18381621913,1091.19977303827,0.203809195502433,0.198906480092605,0.00490271540982801,-0.00101783988358514,13.7769488945752,-0.500032544928824,-40
85.075,0.556630896611213,1092.04901059708,1091.49237970047,0.204311163169906,0.19891754209449,0.00539362107541533,-0.000503950389108498,14.7769488945752,0.515447009391453,40
85.1,0.263861709975282,1092.04901059708,1091.7851488871,0.204056445116455,0.19891754209449,0.00513890302196465,-0.000730522516792925,13.7947762806754,-0.440767923106565,-39.2869045559919
85.125,-0.0280562844417336,1092.04901059708,1092.07706688152,0.203140884516624,0.19891754209449,0.00422334242213396,-0.00163893475005958,12.7947762806754,-1.46481024170479,-40
85.15,0.574636803643144,1092.94291938146,1092.36828257782,0.203056133312753,0.198928582402418,0.00412755091033487,-0.00172898429769133,13.7947762806754,-0.480986236028454,40
85.175,0.283020956908109,1092.94291938146,1092.65989842455,0.203683184942909,0.198928582402418,0.00475460254049093,-0.00108576575279612,14.7947762806754,0.548789620690078,40
85.2,-0.0089130217028853,1092.94291938146,1092.95183240316,0.203522614386529,0.198928582402418,0.00459403198411062,-0.00124667187257546,13.7947762806754,-0.47143452259139,-40
85.225,0.573406367635987,1093.81747146798,1093.24406510035,0.204083903119265,0.198938454450289,0.00514544866897587,-0.000664901437499227,14.7947762806754,0.55834133412714,40
85.25,0.280573247865953,1093.81747146798,1093.53689822012,0.204370268687323,0.198938454450289,0.00543181423703318,-0.000340215101403918,14.5164413627158,0.30978227288608,-11.1333967183837
85.275,-0.0121247996891546,1093.81747146798,1093.82959626767,0.203916730977051,0.198938454450289,0.00497827652676136,-0.000775041558906009,13.5164413627158,-0.710441870395388,-40
85.3,0.592516608701362,1094.71472004545,1094.12220343675,0.204226148380123,0.198947730362256,0.00527841801786663,-0.000463662493447842,14.5164413627158,0.269333986323143,40
85.325,0.299238118218695,1094.71472004545,1094.41548192723,0.204848275929864,0.198947730362256,0.0059005455676075,0.00015113602179595,15.0289275043592,0.768771120794609,20.4994456657375
85.35,0.00564965815001341,1094.71472004545,1094.7090703873,0.204681511934158,0.198947730362256,0.00573378157190163,-6.57751445838628e-05,14.0289275043592,-0.294277886377366,-40
85.375,0.587943733431989,1095.59089183476,1095.00294810133,0.205235615579295,0.198956220735372,0.00627939484392273,0.000426867740937115,15.0289275043592,0.678888627329082,40
85.4,0.293791045290676,1095.59089183476,1095.29710078947,0.205085587871057,0.198956220735372,0.00612936713568427,0.00024065794642078,14.1370227779349,-0.189849585388821,-35.6761890569741
85.425,0.000353109658142849,1095.59089183476,1095.5905387251,0.204257132511273,0.198956220735372,0.00530091177590075,-0.00063720694128036,13.1370227779349,-1.21668307168238,-40
85.45,0.609358154652684,1096.49274613941,1095.88338798476,0.204244500530127,0.198964924598707,0.00527957593142039,-0.000675624885513565,14.1370227779349,-0.193516557975928,40
85.475,0.316014783428067,1096.49274613941,1096.17673135598,0.204930552065292,0.198964924598707,0.00596562746658538,4.88328608652666e-06,15.1370227779349,0.82964995573052,40
85.5,0.0222763517791601,1096.49274613941,1096.47046978763,0.204817996045837,0.198964924598707,0.00585307144712988,-0.00013079152919715,14.1370227779349,-0.197183530563035,-40
85.525,0.60900750805924,1097.37357736231,1096.76456985425,0.205418071883168,0.19897251249315,0.00644555939001848,0.000434927124444068,15.1370227779349,0.781433310519354,40
85.55,0.314343952081414,1097.37357736231,1097.05923341023,0.205615803934384,0.19897251249315,0.00664329144123463,0.000622316560789732,14.687296712459,0.358480722125308,-17.9890426190348
85.575,0.0199328724064395,1097.37357736231,1097.3536444899,0.205084895337429,0.19897251249315,0.0061123828442799,6.67129505268205e-05,13.687296712459,-0.664745800792868,-40
85.6,0.628133746763842,1098.27599654068,1097.64786279392,0.205326864469229,0.198979724719961,0.00634713974926815,0.000306603469829636,14.687296712459,0.362027676288953,40
85.625,0.333243904302588,1098.27599654068,1097.94275263638,0.20601076983109,0.198979724719961,0.0070310451111284,0.00100809144970138,15.3726437414767,1.07459386704097,27.4138811607076
85.65,0.0379606699506868,1098.27599654068,1098.23803587073,0.205896181872039,0.198979724719961,0.00691645715207753,0.000892976916035765,14.3726437414767,0.0518130287752969,-40.0000000000001
85.675,0.623043618506855,1099.15672311278,1098.53367949427,0.206494469791646,0.19898608830438,0.00750838148726668,0.00147519020018633,15.3726437414767,1.02903219050963,40.0000000000001
85.7,0.327119648863141,1099.15672311278,1098.82960346392,0.206306688010984,0.19898608830438,0.00732059970660465,0.00129290770790425,14.3726437414767,0.0562513522439554,-40.0000000000001
85.725,0.0319576622983778,1099.15672311278,1099.12476545048,0.20544657599449,0.19898608830438,0.00646048769011076,0.000421820162308489,13.3726437414767,-0.966529486021717,-40
85.75,0.642844974836763,1100.06214494029,1099.41929996545,0.205407698663965,0.198992760421042,0.00641493824292311,0.000385451639900364,14.3726437414767,0.0502556366919379,40
85.775,0.34784803627539,1100.06214494029,1099.71429690401,0.206071972658822,0.198992760421042,0.00707921223778055,0.00107634420606209,15.3726437414767,1.08508238645661,40.0000000000001
85.8,0.0524816260366291,1100.06214494029,1100.00966331425,0.205941834427216,0.198992760421042,0.00694907400617412,0.000958508102507694,14.3726437414767,0.0699091362212693,-40.0000000000001
85.825,0.641638731255397,1100.94701028491,1100.30537155366,0.206528095461115,0.198998454411843,0.00752964104927228,0.00154564755741463,15.3726437414767,1.05600821014887,40.0000000000001
85.85,0.34538125222914,1100.94701028491,1100.60162903268,0.20671618201839,0.198998454411843,0.00771772760654696,0.00175118886753209,14.9240229063398,0.631298602480709,-17.9448334054735
85.875,0.0493852390075729,1100.94701028491,1100.8976250459,0.206178939127892,0.198998454411843,0.00718048471604893,0.00121063558379289,13.9240229063398,-0.394790170050612,-40
85.9,0.600442115723165,1101.79386581931,1101.19342370358,0.20641744485527,0.199003908172911,0.00741353668235864,0.00146292318262867,14.9240229063398,0.629121057418068,40
85.925,0.304837492264929,1101.79386581931,1101.48902832704,0.205923936339835,0.199003908172911,0.00692002816692411,0.000999678023938744,13.9240229063398,-0.344265333273858,-40
85.95,0.0103977130307599,1101.79386581931,1101.78346810628,0.204804312161342,0.199003908172911,0.00580040398843071,-0.000110523287734504,12.9240229063398,-1.36765172396579,-40
85.975,0.588403931871617,1102.66534237474,1102.07693844287,0.204545373171148,0.199010107083989,0.00553526608715918,-0.000377921173300794,13.9240229063398,-0.391038114657714,40
86,0.29487284208382,1102.66534237474,1102.37046953265,0.204871410334831,0.199010107083989,0.00586130325084133,-4.07650468626231e-05,14.7060098113022,0.41756239961276,31.2794761984961
86.025,0.00141907576420958,1102.66534237474,1102.66392329897,0.204454130021218,0.199010107083989,0.00544402293722893,-0.000465097187149544,13.7060098113022,-0.605823991079168,-40
86.05,0.561365699245653,1103.51870511822,1102.95733941897,0.204796996034762,0.198882699601438,0.00591429643332417,-0.000112568688027781,14.7060098113022,0.417032352793451,40
86.075,0.268004777747987,1103.51870511822,1103.25070034047,0.204394307669793,0.198882699601438,0.00551160806835532,-0.000481696139743498,13.7060098113022,-0.546354454970832,-40
86.1,-0.0243114290323711,1103.51870511822,1103.54301654725,0.203353140395994,0.198882699601438,0.00447044079455652,-0.00150376829864435,12.7060098113022,-1.55974126273511,-40
86.125,0.5682762233576,1104.4027428389,1103.83446661555,0.203161947501215,0.198895073748826,0.00426687375238982,-0.00168826239707423,13.7060098113022,-0.573128070499394,40
86.15,0.27656437851342,1104.4027428389,1104.12617846039,0.20369911873103,0.198895073748826,0.0048040449822043,-0.00112559293511422,14.7060098113022,0.455618797461766,40
86.175,-0.0153493661467831,1104.4027428389,1104.41809220505,0.203463213407711,0.198895073748826,0.00456813965888547,-0.00135481611530494,13.7060098113022,-0.565634334577073,-40
86.2,0.559028879510888,1105.26923649562,1104.71020761611,0.203961635550604,0.198906151394233,0.00505548415637128,-0.000835691377834069,14.7060098113022,0.456257101103254,40
86.225,0.266549661866815,1105.26923649562,1105.00268683375,0.20398355079456,0.198906151394233,0.0050773994003277,-0.000781066156721688,14.1233713721291,-0.104489902389545,-23.3055375669249
86.25,-0.025446401977234,1105.26923649562,1105.2946828976,0.203305525835151,0.198906151394233,0.00439937444091826,-0.00145099368980289,13.1233713721291,-1.13259846670922,-40
86.275,0.57594116823167,1106.16223388491,1105.58629271668,0.20342464585497,0.198916810835283,0.00450783501968707,-0.00134481822913129,14.1233713721291,-0.160707031028891,40
86.3,0.283686016516445,1106.16223388491,1105.8785478684,0.204191011539837,0.198916810835283,0.00527420070455381,-0.000574467190665506,15.072478405612,0.810291438134296,37.9642813393145
86.325,-0.0090728999469994,1106.16223388491,1106.17130678486,0.204150085816152,0.198916810835283,0.0052332749808684,-0.000631783355915211,14.072478405612,-0.217817126185377,-40
86.35,0.569953089199453,1107.03447690266,1106.46452381346,0.204813927663804,0.198926304169093,0.0058876234947115,3.31750342781878e-05,15.072478405612,0.804074309494948,40
86.375,0.276369237185567,1107.03447690266,1106.75810766547,0.20468434072096,0.198926304169093,0.00575803655186727,-7.06592084991353e-05,14.072478405612,-0.160249775703146,-40
86.4,-0.0165282867034534,1107.03447690266,1107.05100518936,0.203875053601274,0.198926304169093,0.00494874943218074,-0.000867980718163325,13.072478405612,-1.17457386090124,-40
86.425,0.58962162319668,1107.93296192179,1107.3433402986,0.203880217838467,0.198935969172037,0.00494424866643048,-0.000862560407205198,14.072478405612,-0.188822557927153,40
86.45,0.296768245192498,1107.93296192179,1107.6361936766,0.20458285634505,0.198935969172037,0.00564688717301307,-0.000169646159679043,15.072478405612,0.796928745046936,40
86.475,0.00349746217516447,1107.93296192179,1107.92946445962,0.204485793555052,0.198935969172037,0.00554982438301541,-0.000319826708602811,14.072478405612,-0.267319951978976,-40
86.5,0.587738414662579,1108.81085570277,1108.22311728811,0.205100069112817,0.198944614725163,0.00615545438765414,0.000239153551462201,15.072478405612,0.718431350995113,40
86.525,0.293708824101501,1108.81085570277,1108.51714687867,0.205031572460041,0.198944614725163,0.00608695773487755,0.000144652416454283,14.2227690230303,-0.100977055988467,-33.9883753032692
86.55,0.000285651554470384,1108.81085570277,1108.81057005122,0.204273367404259,0.198944614725163,0.00532875267909602,-0.000649344549759234,13.2227690230303,-1.12067608039032,-40
86.575,0.609619246272087,1109.71311693353,1109.10349768726,0.204321090741511,0.198953267691073,0.00536782305043815,-0.000618729144475416,14.2227690230303,-0.101671629255087,40
86.6,0.316117608924644,1109.71311693353,1109.39699932461,0.205058912615278,0.198953267691073,0.00610564492420451,0.000118012101733372,15.2227690230303,0.917332821880148,40.0000000000001
86.625,0.0221524191784401,1109.71311693353,1109.69096451435,0.204990840545268,0.198953267691073,0.00603757285419487,2.76920873520381e-05,14.2227690230303,-0.113662726984615,-40
86.65,0.608238703857481,1110.59358865233,1109.98534994847,0.205628896146915,0.198960862773718,0.00666803337319749,0.000626652306002728,15.2227690230303,0.857146790706412,40
86.675,0.313381443949396,1110.59358865233,1110.28020720838,0.20566636600853,0.198960862773718,0.00670550323481267,0.000645540370301789,14.4969863142636,0.152173599630812,-29.0313083506652
86.7,0.0189897301241085,1110.59358865233,1110.57459892221,0.204998288924747,0.198960862773718,0.00603742615102915,-5.84435542264616e-05,13.4969863142636,-0.87701688267816,-40
86.725,0.628046819538431,1111.49666206371,1110.86861524417,0.205122678941359,0.198968379978494,0.00615429896286485,5.01292744807535e-05,14.4969863142636,0.14379263501287,40
86.75,0.333354163019875,1111.49666206371,1111.16330790069,0.205925481029868,0.198968379978494,0.00695710105137379,0.000861608449000573,15.4969863142636,1.17503619172457,40.0000000000001
86.775,0.0381109752153713,1111.49666206371,1111.45855108849,0.205912558514861,0.198968379978494,0.00694417853636725,0.000843415977397732,14.4969863142636,0.156279748436271,-40.0000000000001
86.8,0.622983473139392,1112.37727218475,1111.75428871161,0.206597452089787,0.19897485263808,0.00762259945170665,0.00151642888443673,15.4969863142636,1.14518821570123,40.0000000000001
86.825,0.326851400501268,1112.37727218475,1112.05042078425,0.20648343375949,0.19897485263808,0.00750858112141017,0.00141887978864172,14.4969863142636,0.182824358803261,-40.0000000000001
86.85,0.0313842741126447,1112.37727218475,1112.34588791064,0.205686074015712,0.19897485263808,0.00671122137763225,0.000627329420812478,13.4969863142636,-0.82953949809471,-40
86.875,0.640575282036343,1113.281385171,1112.64080988896,0.205700314726999,0.198981551306839,0.00671876342016001,0.000666581446814585,14.4969863142636,0.198719943019481,40
86.9,0.345122935522886,1113.281385171,1112.93626223548,0.206407201904695,0.198981551306839,0.00742565059785644,0.00141488633590106,15.4939707873763,1.22396385724636,39.8793789245072
86.925,0.049245476529927,1113.281385171,1113.23213969447,0.206312906702092,0.198981551306839,0.00733135539525342,0.0013411028474507,14.4939707873763,0.20222329836055,-40.0000000000001
86.95,0.636048961032136,1114.16445453897,1113.52840557794,0.206929022518386,0.198987317251926,0.00794170526646037,0.00195977501485611,15.4939707873763,1.18048273947475,40.0000000000001
86.975,0.339477882174038,1114.16445453897,1113.8249766568,0.206757185079148,0.198987317251926,0.00776986782722225,0.00180998743354488,14.4939707873763,0.208742180588937,-40.0000000000001
87,0.0436463521567261,1114.16445453897,1114.12080818682,0.205911589624085,0.198987317251926,0.00692427237215867,0.000968179730302055,13.4939707873763,-0.812998378296868,-40
87.025,0.596239515815719,1115.01227213953,1114.41603262372,0.205885806438497,0.198993323010547,0.00689248342795001,0.000961394089720458,14.4939707873763,0.20950423892963,40
87.05,0.301328437340865,1115.01227213953,1114.71094370219,0.205481313313495,0.198993323010547,0.00648799030294775,0.000591502879418171,13.9458317658928,-0.312374899891876,-21.9255608593383
87.075,0.00746470015967138,1115.01227213953,1115.00480743937,0.204437532772095,0.198993323010547,0.00544420976154733,-0.000439268222301697,12.9458317658928,-1.33611501722992,-40
87.1,0.586846528981825,1115.88464824312,1115.29780171414,0.204243058170864,0.198999740268639,0.00524331790222482,-0.000639266564753327,13.9458317658928,-0.359855134567968,40
87.125,0.293631584110611,1115.88464824312,1115.59101665901,0.20472576282108,0.198999740268639,0.00572602255244051,-0.000143078006883568,14.8736291036611,0.594202085862228,37.1118935107296
87.15,0.000286327087593176,1115.88464824312,1115.88436191603,0.204442390623673,0.198999740268639,0.00544265035503422,-0.00043163092316606,13.8736291036611,-0.429538031475819,-40
87.175,0.559190881666112,1116.73703779659,1116.17784691492,0.204899487037501,0.198872204332957,0.00602728270454395,3.91843687995441e-05,14.8736291036611,0.596721851186136,40
87.2,0.265609600216214,1116.73703779659,1116.47142819637,0.204594323066791,0.198872204332957,0.00572211873383452,-0.000231323881308643,13.8736291036611,-0.370162833871078,-40
87.225,-0.0270564002232011,1116.73703779659,1116.76409419681,0.203636467354128,0.198872204332957,0.00476426302117083,-0.00117153343589768,12.8736291036611,-1.38704751892829,-40
87.25,0.563034182344918,1117.61903888117,1117.05600469882,0.203516324099003,0.198884406674092,0.00463191742491101,-0.00128861753183424,13.8736291036611,-0.403932203985502,40
87.275,0.270924760031273,1117.61903888117,1117.34811412114,0.203899872570423,0.198884406674092,0.00501546589633106,-0.000879609862539321,14.5670326815308,0.322586688826992,27.7361431147882
87.3,-0.0211830319379797,1117.61903888117,1117.64022191311,0.203532242159778,0.198884406674092,0.00464783548568626,-0.00123752653196996,13.5670326815308,-0.694297996230218,-40
87.325,0.552587365892122,1118.48494432767,1117.93235696177,0.203917710778204,0.198895599766922,0.00502211101128119,-0.000828464166178072,14.5670326815308,0.328025959942881,40
87.35,0.260259494829797,1118.48494432767,1118.22468483284,0.203813475075185,0.198895599766922,0.00491787530826296,-0.00089723743121578,13.9421007610442,-0.274582004370594,-24.9972768194629
87.375,-0.0314184958974371,1118.48494432767,1118.51636282356,0.203027632265358,0.198895599766922,0.00413203249843527,-0.00167236235970325,12.9421007610442,-1.3022580481975,-40
87.4,0.571494177808446,1119.37900628625,1118.80751210844,0.203054585035168,0.19890646865576,0.00414811637940854,-0.001652915855679,13.9421007610442,-0.325712876289815,40
87.425,0.279794968648495,1119.37900628625,1119.0992113176,0.203777963794013,0.19890646865576,0.00487149513825316,-0.000917776715705115,14.9421007610442,0.700756907445684,40.0000000000001
87.45,-0.0123519389066709,1119.37900628625,1119.39135822516,0.203700862027974,0.19890646865576,0.00479439337221499,-0.00100150951529515,13.9421007610442,-0.322773308818816,-40
87.475,0.569003422819445,1120.25291951564,1119.68391609282,0.204334283482223,0.198916062121516,0.00541822136070741,-0.000355537183569593,14.9421007610442,0.70369647491668,40
87.5,0.27599995588631,1120.25291951564,1119.97691955976,0.204340167312585,0.198916062121516,0.00542410519106937,-0.000320671093045344,14.1723737165521,-0.0395607858399394,-30.7890817796847
87.525,-0.0164978239674875,1120.25291951564,1120.26941733961,0.203647495872042,0.198916062121516,0.00473143375052668,-0.00100517357764343,13.1723737165521,-1.06309100210444,-40
87.55,0.590420835711603,1121.15192902328,1120.56150818757,0.203752989817037,0.198925561974287,0.00482742784274964,-0.000909292028780956,14.1723737165521,-0.0866212183689443,40
87.575,0.297677816647293,1121.15192902328,1120.85425120663,0.204542040390355,0.198925561974287,0.00561647841606783,-0.000137149227684763,15.1723737165521,0.901145089829468,40.0000000000001
87.6,0.00440191323370648,1121.15192902328,1121.14752711005,0.204519556309114,0.198925561974287,0.0055939943348268,-0.000217639203599324,14.1723737165521,-0.161088601972118,-40
87.625,0.58812761370015,1122.02941226793,1121.44128465423,0.205198069300316,0.198933997241648,0.00626407205866797,0.000398992450799385,15.1723737165521,0.821439433762256,40
87.65,0.29398449542285,1122.02941226793,1121.73542777251,0.20508014102139,0.198933997241648,0.0061461437797421,0.000249566269079238,14.1723737165521,-0.147837597059161,-40
87.675,0.000512744019766643,1122.02941226793,1122.02889952392,0.20428013718448,0.198933997241648,0.00534613994283131,-0.000590779551040838,13.1723737165521,-1.16711462788058,-40
87.7,0.609885024164319,1122.93170576872,1122.32182074455,0.204292442601763,0.198942636752536,0.00534980584922709,-0.000593654374163893,14.1723737165521,-0.139565010187208,40
87.725,0.316436398184108,1122.93170576872,1122.61526937053,0.205000312573838,0.198942636752536,0.00605767582130246,0.000120610624749634,15.1723737165521,0.887984607506159,40
87.75,0.0225635202640216,1122.93170576872,1122.90914224845,0.204907113114874,0.198942636752536,0.00596447636233782,1.73970642763088e-05,14.1723737165521,-0.134465774800473,-40
87.775,0.609388221033116,1123.81279050146,1123.20340228043,0.205524008866296,0.198950300071832,0.00657370879446317,0.0006102486607443,15.1723737165521,0.843083842892897,40
87.8,0.314603413205592,1123.81279050146,1123.49818708825,0.205653702195119,0.198950300071832,0.00670340212328613,0.000733469593525299,14.6040280673397,0.294622900820571,-22.7338259684975
87.825,0.020161630692797,1123.81279050146,1123.79262887077,0.205064936240269,0.198950300071832,0.00611463616843655,0.00011839191835053,13.6040280673397,-0.735492392039317,-40
87.85,0.628981166892129,1124.71578161304,1124.08680044614,0.205257358762102,0.198957770175853,0.00629958858624985,0.000302442037401568,14.6040280673397,0.284392315100795,40
87.875,0.334129769385282,1124.71578161304,1124.38165184365,0.206000565358441,0.198957770175853,0.00704279518258863,0.00105920289224937,15.4351794379564,1.14480509484548,33.2460548246696
87.9,0.0388070504151889,1124.71578161304,1124.67697456262,0.205936786659526,0.198957770175853,0.00697901648367319,0.000992848647514089,14.4351794379564,0.124066503973429,-40.0000000000001
87.925,0.623812743911661,1125.59653668961,1124.9727239457,0.206578148044166,0.198964346762067,0.00761380128209924,0.00161781239372197,15.4351794379564,1.10332791310138,40.0000000000001
87.95,0.327726922477338,1125.59653668961,1125.26880976713,0.206426987419311,0.198964346762067,0.00746264065724367,0.00147333086039159,14.4351794379564,0.132589322229325,-40.0000000000001
87.975,0.0323556725276484,1125.59653668961,1125.56418101708,0.205597894672657,0.198964346762067,0.00663354791058948,0.000635765204641758,13.4351794379564,-0.88814926864273,-40
88,0.642164960538371,1126.50112943567,1125.85896447513,0.2055848313863,0.198971233938638,0.00661359744766157,0.000633472193154766,14.4351794379564,0.137273133993722,40
88.025,0.346886389048788,1126.50112943567,1126.15424304662,0.206270302283783,0.198971233938638,0.00729906834514463,0.00135019983440582,15.4351794379564,1.16845236051787,40.0000000000001
88.05,0.0512116408066325,1126.50112943567,1126.44991779486,0.206157624202374,0.198971233938638,0.00718639026373574,0.00125138812750528,14.4351794379564,0.149631587042017,-40.0000000000001
88.075,0.638751297888547,1127.38470718455,1126.74595588666,0.206757768559036,0.198977183127323,0.00778058543171303,0.00185047065346136,15.4351794379564,1.13081081356616,40.0000000000001
88.1,0.342322369404022,1127.38470718455,1127.04238481515,0.206718311643,0.198977183127323,0.00774112851567674,0.0018320516114462,14.6447103365178,0.371520938651695,-31.6187640575446
88.125,0.0464581362350513,1127.38470718455,1127.33824904832,0.205985678932851,0.198977183127323,0.00700849580552723,0.00110444159819847,13.6447103365178,-0.647299834824157,-40
88.15,0.598085558499905,1128.23174073245,1127.63365517395,0.206056069952044,0.19885041976591,0.00720565018613384,0.00119616524823662,14.6447103365178,0.376932285754275,40
88.175,0.303032638264208,1128.23174073245,1127.92870809418,0.205506696653755,0.19885041976591,0.00665627688784501,0.000682056089300276,13.7716443959263,-0.471901534258762,-34.9226376236588
88.2,0.00922004010177601,1128.23174073245,1128.22252069234,0.204338521993264,0.19885041976591,0.0054881022273533,-0.000473870615053495,12.7716443959263,-1.49766941368033,-40
88.225,0.588747782517996,1129.1040457017,1128.51529791918,0.204037031414477,0.198863816594172,0.00517321482030478,-0.000782861732795875,13.7716443959263,-0.523437293101897,40
88.25,0.295855603502163,1129.1040457017,1128.80819009819,0.204478090297161,0.198863816594172,0.00561427370298917,-0.000331334531926603,14.7716443959263,0.500794827476541,40.0000000000001
88.275,0.00288898231143276,1129.1040457017,1129.10115671939,0.204158768412101,0.198863816594172,0.00529495181792916,-0.000659737049961695,13.7716443959263,-0.524973051945028,-40
88.3,0.562756790901635,1129.95697151263,1129.39421472172,0.204584710972787,0.198742904088941,0.00584180688384572,-0.000224733394120352,14.7716443959263,0.499259068633406,40
88.325,0.269644351300814,1129.95697151263,1129.68732716133,0.2042526068895,0.198742904088941,0.00550970280055865,-0.000524741115716904,13.7716443959263,-0.465717452018471,-40
88.35,-0.0225164848516671,1129.95697151263,1129.97948799748,0.203271304734824,0.198742904088941,0.0045284006458827,-0.00148916243416569,12.7716443959263,-1.48069397267035,-40
88.375,0.568660920262312,1130.83952255591,1130.27086163565,0.203130654098151,0.19876128589934,0.00436936819881154,-0.00162599109454803,13.7716443959263,-0.495670493322226,40
88.4,0.276958620774673,1130.83952255591,1130.56256393513,0.203710490572483,0.19876128589934,0.00494920467314375,-0.00102158234979702,14.7716443959263,0.535131770291315,40
88.425,-0.0150023655500875,1130.83952255591,1130.85452492146,0.203510800133004,0.19876128589934,0.0047495142336649,-0.00121386595939216,13.7716443959263,-0.484065966095147,-40
88.45,0.557637697976807,1131.70437354058,1131.1467358426,0.2040397783918,0.198778011210264,0.00526176718153551,-0.000662627851946457,14.7716443959263,0.539097735904268,40
88.475,0.265157223863208,1131.70437354058,1131.43921631672,0.203903472487424,0.198778011210264,0.00512546127715963,-0.000763982754107134,13.9252046555862,-0.284178302436434,-33.8575896136046
88.5,-0.0266308113519737,1131.70437354058,1131.73100435193,0.203089897561865,0.198778011210264,0.00431188635160068,-0.00156665901048303,12.9252046555862,-1.31101460043702,-40
88.525,0.575073216160367,1132.59730018542,1132.02222696926,0.203092840891708,0.198794205187998,0.0042986357037102,-0.00157341235128355,13.9252046555862,-0.337850898437611,40
88.55,0.2833323055979,1132.59730018542,1132.31396787982,0.203795463045297,0.198794205187998,0.00500125785729919,-0.000863213247654565,14.9252046555862,0.685312803561805,40
88.575,-0.00882913447952617,1132.59730018542,1132.6061293199,0.203700525429509,0.198794205187998,0.004906320241511,-0.000970682276694196,13.9252046555862,-0.341523494438784,-40
88.6,0.572093575196161,1133.47077207428,1132.89867849908,0.204318648433043,0.198808905095336,0.00550974333770726,-0.000347392251330847,14.9252046555862,0.681640207560629,40
88.625,0.279094098905086,1133.47077207428,1133.19167797537,0.204344764066527,0.198808905095336,0.00553585897119133,-0.000297304066553067,14.2030888934148,-0.0120735801473462,-28.8846304868568
88.65,-0.0134271698783496,1133.47077207428,1133.48419924416,0.203669575447291,0.198808905095336,0.00486067035195545,-0.000967315686828479,13.2030888934148,-1.0336716056839,-40
88.675,0.593178997754365,1134.36951645722,1133.77633745946,0.203790218938963,0.198823168203194,0.00496705073576928,-0.0008247056477097,14.2030888934148,-0.00818580042022451,40
88.7,0.300367756816429,1134.36951645722,1134.0691487004,0.204592464159977,0.198823168203194,0.00576929595678352,1.61103346975611e-05,15.2030888934148,1.02047335632866,40.0000000000001
88.725,0.00700531370313503,1134.36951645722,1134.36251114351,0.204581579846442,0.198823168203194,0.00575841164324861,2.31274417394622e-05,14.2030888934148,-0.000867486922452755,-40
88.75,0.590524154097467,1135.24689559485,1134.65637144076,0.205270338433877,0.198836089301755,0.00643424913212193,0.000712102567517192,15.2030888934148,0.977791669826434,40
88.775,0.296263831285434,1135.24689559485,1134.95063176357,0.20516156506009,0.198836089301755,0.00632547575833498,0.000623333780148366,14.2030888934148,0.006450826575319,-40
88.8,0.00266185444498534,1135.24689559485,1135.24423374041,0.204369847727498,0.198836089301755,0.00553375842574241,-0.000166317535017335,13.2030888934148,-1.01489001667579,-40
88.825,0.611944540145678,1136.14924158401,1135.53729704387,0.204389702791182,0.198848984795829,0.00554071799535286,-0.000127085399949906,14.2030888934148,0.0105316280552447,40
88.85,0.318342987712543,1136.14924158401,1135.8308985963,0.205104479710477,0.198848984795829,0.00625549491464827,0.000621924918353112,15.2030888934148,1.03595327278629,40
88.875,0.0243072182484981,1136.14924158401,1136.12493436576,0.205017674541689,0.198848984795829,0.00616868974585991,0.000547191051341378,14.2030888934148,0.0113749175173306,-40
88.9,0.611204431262035,1137.0305709611,1136.41936652984,0.205640513464177,0.198860700837192,0.00677981262698574,0.00116313468691312,15.2030888934148,0.986796562248374,40
88.925,0.316303588630438,1137.0305709611,1136.71426737247,0.205687754098139,0.198860700837192,0.00682705326094682,0.00122217714172612,14.5086313579799,0.31776067154452,-27.7783014173957
88.95,0.0218544907966868,1137.0305709611,1137.0087164703,0.205028947330702,0.198860700837192,0.00616824649351058,0.000556303846753065,13.5086313579799,-0.706817683724436,-40
88.975,0.631754468443366,1137.93455749843,1137.30280302999,0.205161947905335,0.198872149644506,0.00628979826082912,0.000699338399557464,14.5086313579799,0.316200979263356,40
89,0.336979782615802,1137.93455749843,1137.59757771581,0.205972698212067,0.198872149644506,0.00710054856756151,0.00153747947128374,15.5086313579799,1.34305864874265,40.0000000000001
89.025,0.0416437218215472,1137.93455749843,1137.89291377661,0.205967224282182,0.198872149644506,0.00709507463767689,0.00153936896930479,14.5086313579799,0.319916318221933,-40.0000000000001
89.05,0.627228241850032,1138.8159824083,1138.18875416645,0.206658880732431,0.198882411145546,0.00777646958688546,0.0022212426653061,15.5086313579799,1.29677398770122,40.0000000000001
89.075,0.330984487724934,1138.8159824083,1138.48499792057,0.206551087685858,0.198882411145546,0.00766867654031167,0.002123913301287,14.5086313579799,0.32363165718051,-40.0000000000001
89.1,0.0353976458276481,1138.8159824083,1138.78058476247,0.20575940959125,0.198882411145546,0.0068769984457043,0.00132514436468623,13.5086313579799,-0.699510673340201,-40
89.125,0.586067014598959,1139.66170050051,1139.07563348592,0.205778598974434,0.198892783239928,0.00688581573450628,0.0013503079574676,14.5086313579799,0.31757580930207,40
89.15,0.291446489704152,1139.66170050051,1139.37025401081,0.20517740805417,0.198892783239928,0.00628462481424152,0.000771140331422254,13.6252781259709,-0.541743834118953,-35.3341292803603
89.175,-0.00186300883823999,1139.66170050051,1139.66356350935,0.203963866198033,0.198892783239928,0.00507108295810496,-0.000441544141131373,12.6252781259709,-1.56771024553097,-40
89.2,0.577477358963343,1140.53325278135,1139.95577542238,0.203622465170192,0.198903686152493,0.00471877901769857,-0.000799803975762903,13.6252781259709,-0.593081132070667,40
89.225,0.285205347890678,1140.53325278135,1140.24804743346,0.204028369880761,0.198903686152493,0.0051246837282681,-0.000391017379742425,14.6252781259709,0.431547981389636,40
89.25,-0.00709260514327683,1140.53325278135,1140.54034538649,0.203677906840434,0.198903686152493,0.00477422068794089,-0.000756602557787339,13.6252781259709,-0.593822905150063,-40
89.275,0.553102311500388,1141.38579386967,1140.83269155817,0.204076127715025,0.198780402223886,0.00529572549113946,-0.000354019285699142,14.6252781259709,0.430806208310238,40
89.3,0.260673772093617,1141.38579386967,1141.12512009758,0.203809628117445,0.198780402223886,0.00502922589355886,-0.000599488298085288,13.7547786066846,-0.415064197515701,-34.8199807714497
89.325,-0.0308884481386259,1141.38579386967,1141.41668231781,0.202883270929198,0.198780402223886,0.00410286870531165,-0.00152546916074708,12.7547786066846,-1.4404350840554,-40
89.35,0.559973506142517,1142.26750209771,1141.70752859157,0.202788452663758,0.19879639149091,0.00399206117284751,-0.00163761715940486,13.7547786066846,-0.465805970595099,40
89.375,0.268739093305525,1142.26750209771,1141.9987630044,0.203406465574834,0.19879639149091,0.00461007408392358,-0.00101720415128034,14.7547786066846,0.558823142865203,40
89.4,-0.0228035181905364,1142.26750209771,1142.2903056159,0.203238417738406,0.19879639149091,0.00444202624749618,-0.00120088203631188,13.7547786066846,-0.466547743674494,-40
89.425,0.548819763916568,1143.13095891192,1142.582139148,0.203793461234478,0.19881076832135,0.00498269291312767,-0.000645382874897904,14.7547786066846,0.553265980231288,40
89.45,0.256712315898299,1143.13095891192,1142.87424659602,0.203638419264914,0.19881076832135,0.00482765094356419,-0.000780895363708956,13.8508978764147,-0.32316246451877,-36.1552292107987
89.475,-0.0346771711653343,1143.13095891192,1143.16563608308,0.202807841887669,0.19881076832135,0.0039970735663187,-0.00161054799301225,12.8508978764147,-1.34571017899886,-40
89.5,0.566740026935533,1144.02317716852,1143.45643714159,0.202795360445638,0.198824744360567,0.00397061608507152,-0.00163805858314686,13.8508978764147,-0.368257893478949,40
89.525,0.275441200973445,1144.02317716852,1143.74773596755,0.203484151061619,0.198824744360567,0.00465940670105264,-0.000943076053095987,14.8508978764147,0.659194392040959,40
89.55,-0.0162600360564666,1144.02317716852,1144.03943720458,0.20337691574311,0.198824744360567,0.00455217138254288,-0.00106087844661848,13.8508978764147,-0.363353322439131,-40
89.575,0.564854992390334,1144.89636526973,1144.33151027734,0.203984159109246,0.198837298059478,0.00514686104976744,-0.000446787981609187,14.8508978764147,0.659634770133112,40
89.6,0.272287383984085,1144.89636526973,1144.62407788574,0.204079680049146,0.198837298059478,0.00524238198966812,-0.000329548580478456,14.2417453498954,0.073470336186061,-24.3661010607717
89.625,-0.0198949696947751,1144.89636526973,1144.91626023942,0.203463832297751,0.198837298059478,0.00462653423827242,-0.000945873462575131,13.2417453498954,-0.953541571241696,-40
89.65,0.586959124163689,1145.79509841886,1145.20813929469,0.203635280103975,0.198849362257307,0.00478591784666793,-0.000793914275655477,14.2417453498954,0.0194465213305458,40
89.675,0.294350559366627,1145.79509841886,1145.50074785949,0.204464571210583,0.198849362257307,0.00561520895327622,1.64543780428739e-06,15.2179243550027,0.971529788209887,39.0471602042929
89.7,0.00115340944888944,1145.79509841886,1145.79394500941,0.204477188741938,0.198849362257307,0.00562782648463103,-6.65536642140974e-05,14.2179243550027,-0.102565950018097,-40
89.725,0.5848392076668,1146.67251197986,1146.0876727722,0.205186465355152,0.198860150818659,0.00632631453649304,0.000556517417599989,15.2179243550027,0.87333831175392,40
89.75,0.290682436099167,1146.67251197986,1146.38182954376,0.205095842533995,0.198860150818659,0.00623569171533614,0.000409996222383496,14.2179243550027,-0.100757426474061,-40
89.775,-0.0028418977805256,1146.67251197986,1146.67535387764,0.204320341652312,0.198860150818659,0.00546019083365284,-0.000430342419125124,13.2179243550027,-1.12485316470204,-40
89.8,0.607309159394371,1147.57567206196,1146.96836290257,0.204354794704082,0.198871028903007,0.00548376580107571,-0.000439278985151781,14.2179243550027,-0.107285042497503,40
89.825,0.313740605568208,1147.57567206196,1147.26193145639,0.205082892119899,0.198871028903007,0.00621186321689254,0.000266061891657066,15.2179243550027,0.913520591724881,40
89.85,0.0197181743766871,1147.57567206196,1147.55595388759,0.20500847582854,0.198871028903007,0.00613744692553378,0.00015165195917094,14.2179243550027,-0.115673774052731,-40
89.875,0.607725003006158,1148.45811605339,1147.85039105039,0.205642876485854,0.198880853172099,0.00676202331375444,0.000731307163889555,15.2179243550027,0.855131860169653,40
89.9,0.312859826913443,1148.45811605339,1148.14525622648,0.205622286850471,0.198880853172099,0.00674143367837113,0.000678274831791725,14.4105399371835,0.0685530765728232,-32.2953767127686
89.925,0.0185345179633076,1148.45811605339,1148.43958153543,0.20490657486804,0.198880853172099,0.00602572169594059,-8.56599004211145e-05,13.4105399371835,-0.960641289204789,-40
89.95,0.631005044045228,1149.36447553782,1148.73347049378,0.204991957413016,0.198890651997909,0.00610130541510714,-2.70803980249312e-05,14.4105399371835,0.0601643450175986,40
89.975,0.336489564192146,1149.36447553782,1149.02798597363,0.2057631138295,0.198890651997909,0.0068724618315911,0.000737314602080458,15.4105399371835,1.08337296098323,40.0000000000001
90,0.041463716881256,1149.36447553782,1149.32301182094,0.205725021649277,0.198890651997909,0.00683436965136835,0.000674728456565715,14.4105399371835,0.0565815769488674,-40.0000000000001
90.025,0.630260897145238,1150.24876087647,1149.61849997932,0.206389907282692,0.198899436040614,0.00749047124207805,0.001307684315798,15.4105399371835,1.0408716981801,40.0000000000001
90.05,0.334312153586677,1150.24876087647,1149.91444872288,0.206384996777503,0.198899436040614,0.00748556073688963,0.00129941569988337,14.5891076550902,0.253729537318029,-32.8572912837322
90.075,0.0388829490258181,1150.24876087647,1150.20987792744,0.205682349236657,0.198899436040614,0.00678291319604307,0.000582997872720203,13.5891076550902,-0.761980341450741,-40
90.1,0.650810652060229,1151.15569834123,1150.50488768917,0.205778494819288,0.198908318668555,0.00687017615073299,0.000682198547380053,14.5891076550902,0.259149831530488,40
90.125,0.35516071296044,1151.15569834123,1150.80053762827,0.206558143746599,0.198908318668555,0.00764982507804399,0.00148615740804317,15.5891076550902,1.29005119134873,40.0000000000001
90.15,0.0589897715026644,1151.15569834123,1151.09670856973,0.206526663780112,0.198908318668555,0.00761834511155671,0.00146229792264582,14.5891076550902,0.270952551166977,-40.0000000000001
90.175,0.646805621737142,1152.04015567502,1151.39335005328,0.207196531532959,0.198916282339938,0.00828024919302106,0.00212550327795763,15.5891076550902,1.25185391098522,40.0000000000001
90.2,0.349789054837428,1152.04015567502,1151.69036662018,0.207070686426206,0.198916282339938,0.00815440408626836,0.00201527735286555,14.5891076550902,0.28215974593115,-40.0000000000001
90.225,0.0534527200738729,1152.04015567502,1151.98670295495,0.206264304843145,0.198916282339938,0.0073480225032074,0.00120870942725715,13.5891076550902,-0.737534419122922,-40
90.25,0.606088067259027,1152.88857009411,1152.28248202685,0.206271417233447,0.198924567979648,0.0073468492537988,0.00123662480191947,14.5891076550902,0.292200460618469,40
90.275,0.310641837274248,1152.88857009411,1152.57792825684,0.205811712426915,0.198924567979648,0.00688714444726665,0.000815711588695311,13.9225532377892,-0.344619076941101,-26.6621766920383
90.3,0.0163187745796101,1152.88857009411,1152.87225131953,0.204719889677764,0.198924567979648,0.00579532169811603,-0.00025680768891384,12.9225532377892,-1.36488419719971,-40
90.325,0.595541541365536,1153.76117973393,1153.16563819257,0.204483016574292,0.198933405020724,0.00554961155356778,-0.000491057519109439,13.9225532377892,-0.385149317458324,40
90.35,0.301956428897728,1153.76117973393,1153.45922330503,0.204978270767551,0.198933405020724,0.00604486574682686,2.74546912335805e-05,14.9225532377892,0.644585562283066,40.0000000000001
90.375,0.00822754081957041,1153.76117973393,1153.75295219311,0.204704173443414,0.198933405020724,0.00577076842268975,-0.000240608750633753,13.9225532377892,-0.375679557975545,-40
90.4,0.5663847095407,1154.61321441067,1154.04682970113,0.2051673277297,0.198808231920471,0.00635909580922808,0.00023984203120303,14.9225532377892,0.641304016598633,40
90.425,0.272406188159102,1154.61321441067,1154.34080822251,0.204865582937675,0.198808231920471,0.00605735101720309,-3.15972306390577e-05,13.9225532377892,-0.336897019272667,-40
90.45,-0.020658293176513,1154.61321441067,1154.63387270385,0.203908875920056,0.198808231920471,0.00510064399958493,-0.000981757977832814,12.9225532377892,-1.36509805514397,-40
90.475,0.568043594439194,1155.49422343216,1154.92617983772,0.203787600499347,0.198822673123549,0.00496492737579846,-0.00111308929071163,13.9225532377892,-0.38795000786744,40
90.5,0.275612367023426,1155.49422343216,1155.21861106514,0.204072551412923,0.198822673123549,0.00524987828937418,-0.000817499683824302,14.4792930271654,0.195937828785277,22.2695915750475
90.525,-0.016683443208043,1155.49422343216,1155.51090687537,0.203618475490671,0.198822673123549,0.00479580236712177,-0.00127811659424912,13.4792930271654,-0.826914123938196,-40
90.55,0.556192827535924,1156.35930519229,1155.80311236475,0.203927727195774,0.198836092233621,0.00509163496215292,-0.000955215791516112,14.4792930271654,0.200233923338335,40
90.575,0.263820461896969,1156.35930519229,1156.09548473039,0.203861955428094,0.198836092233621,0.00502586319447332,-0.000986954649716709,14.0056909571656,-0.241755906437306,-18.9440827999935
90.6,-0.0279508985638295,1156.35930519229,1156.38725609085,0.203107282715061,0.198836092233621,0.00427119048143962,-0.00172505783467353,13.0056909571656,-1.26014366621311,-40
90.625,0.573829122313411,1157.25236723951,1156.67853811719,0.203159013054154,0.19884890515944,0.00431010789471431,-0.00167172175491331,14.0056909571656,-0.278531425988914,40
90.65,0.281965835043987,1157.25236723951,1156.97040140446,0.203901776005386,0.19884890515944,0.00505287084594597,-0.000905284632394532,15.0056909571656,0.753080814235285,40.0000000000001
90.675,-0.010369834759586,1157.25236723951,1157.26273707426,0.203839803944158,0.19884890515944,0.00499089878471817,-0.00095961298271674,14.0056909571656,-0.265306945540521,-40
90.7,0.569308494627271,1158.12481146034,1157.55550296571,0.204484642443835,0.198860194523925,0.00562444791990976,-0.000293849593406947,15.0056909571656,0.755033168325816,40
90.725,0.276188544727619,1158.12481146034,1157.84862291561,0.20435434598073,0.198860194523925,0.00549415145680479,-0.00039188983415242,14.0285291653471,-0.201788509626302,-39.0864716727382
90.75,-0.0162450391404513,1158.12481146034,1158.14105649948,0.203544178801676,0.198860194523925,0.00468398427775074,-0.00119502320789555,13.0285291653471,-1.23144839575997,-40
90.775,0.590933506137303,1159.02386101136,1158.43292750522,0.203548202790653,0.198871385197318,0.00467681759333483,-0.00120254239590706,14.0285291653471,-0.256769125505752,40
90.8,0.298544166603078,1159.02386101136,1158.72531684475,0.204249863773013,0.198871385197318,0.00537847857569515,-0.000522521173430074,15.0285291653471,0.726246284315942,40
90.825,0.00573653329310339,1159.02386101136,1159.01812447806,0.204152571436541,0.198871385197318,0.0052811862392233,-0.000684994283344176,14.0285291653471,-0.340738305862368,-40
90.85,0.591330091120633,1159.90264610807,1159.31131601695,0.204767120537749,0.198881358054179,0.00588576248356962,-0.000137997536898499,15.0285291653471,0.642277103959322,40
90.875,0.29757417172075,1159.90264610807,1159.60507193635,0.204951016663817,0.198881358054179,0.00606965860963798,1.12060418232252e-05,14.5385813720356,0.185344720469443,-19.5979117324628
90.9,0.00408693689566058,1159.90264610807,1159.89855917117,0.204410065643155,0.198881358054179,0.00552870758897597,-0.000571218818641639,13.5385813720356,-0.831639869708864,-40
90.925,0.61282305835957,1160.80466495291,1160.19184189455,0.204644724051064,0.198890883920207,0.00575384013085634,-0.000353594732997509,14.5385813720356,0.194732991181474,40
90.95,0.318825155317315,1160.80466495291,1160.48583979759,0.20539419309981,0.198890883920207,0.00650330917960296,0.000399735252774258,15.3246180461223,1.0071425261586,31.4414669634715
90.975,0.0243450452619432,1160.80466495291,1160.78031990765,0.205337566097037,0.198890883920207,0.0064466821768295,0.000329928557225412,14.3246180461223,-0.0164846129510613,-40.0000000000001
91,0.609824765435576,1161.68506323539,1161.07523846996,0.205986661176171,0.19889941189181,0.00708724928436172,0.000951225589916838,15.3246180461223,0.959888247939281,40.0000000000001
91.025,0.314557088569959,1161.68506323539,1161.37050614682,0.205843943377507,0.19889941189181,0.00694453148569779,0.000795341412461681,14.3246180461223,-0.0248203964359755,-40.0000000000001
91.05,0.0199906595549422,1161.68506323539,1161.66507257584,0.205023680398343,0.19889941189181,0.00612426850653344,-6.04778836136854e-05,13.3246180461223,-1.05952904081122,-40
91.075,0.631632709081972,1162.59069741128,1161.95906470219,0.205019568113581,0.198908194861912,0.00611137325166844,-8.44301864597052e-05,14.3246180461223,-0.0442376851864802,40
91.1,0.337131844494628,1162.59069741128,1162.25356556678,0.205714265192611,0.198908194861912,0.00680607033069872,0.000613060112223313,15.3246180461223,0.984213618688269,40.0000000000001
91.125,0.0422208293039568,1162.59069741128,1162.54847658197,0.205611176895114,0.198908194861912,0.0067029820332013,0.000497225953815794,14.3246180461223,-0.0373350774369812,-40.0000000000001
91.15,0.631766654194219,1163.47553160584,1162.84376495165,0.206220915343887,0.198916001090143,0.00730491425374391,0.00108281242636271,15.3246180461223,0.943864403601811,40.0000000000001
91.175,0.335949727176391,1163.47553160584,1163.13958187867,0.206359535947652,0.198916001090143,0.00744353485750937,0.00122241676079149,14.7755031004367,0.425948938954976,-21.9645978274251
91.2,0.0404604217626031,1163.47553160584,1163.43507118408,0.205780437531827,0.198916001090143,0.00686443644168389,0.000630922307952336,13.7755031004367,-0.592851580006229,-40
91.225,0.651875778873181,1164.38218220778,1163.7303064289,0.205982952630709,0.198923648835419,0.00705930379528974,0.000843667665689413,14.7755031004367,0.437177258883624,40
91.25,0.355946758684708,1164.38218220778,1164.02623544909,0.206733144312976,0.198923648835419,0.00780949547755724,0.00162386525832339,15.6019368449216,1.29421079746287,33.057349779394
91.275,0.0595342059765235,1164.38218220778,1164.3226480018,0.20667730282225,0.198923648835419,0.00775365398683064,0.00158005893763499,14.6019368449216,0.274810591557257,-40.0000000000001
91.3,0.647026616096348,1165.26652694058,1164.61950032448,0.207327120615453,0.198930508780023,0.00839661183542961,0.00222651596238077,15.6019368449216,1.25541038565165,40.0000000000001
91.325,0.349824187769816,1165.26652694058,1164.91670275281,0.207185110764769,0.198930508780023,0.00825460198474542,0.00210287432980688,14.6019368449216,0.286010179746039,-40.0000000000001
91.35,0.0533218172046197,1165.26652694058,1165.21320512337,0.206365972661416,0.198930508780023,0.0074354638813923,0.00128582071832478,13.6019368449216,-0.733390026159568,-40
91.375,0.606198030524869,1166.11533278817,1165.50913475765,0.206363127035528,0.198937827567747,0.00742529946778175,0.00129419039931769,14.6019368449216,0.280247303372401,40
91.4,0.310647771801917,1166.11533278817,1165.80468501637,0.205848700620271,0.198937827567747,0.00691087305252414,0.000807716704289363,13.8676388021756,-0.427662104674367,-29.3719217098379
91.425,0.0162919464984836,1166.11533278817,1166.09904084167,0.204711145456669,0.198937827567747,0.00577331788892282,-0.000322438272560066,12.8676388021756,-1.45127346997518,-40
91.45,0.596573874048308,1166.98897474397,1166.39240086993,0.204436063631072,0.198945833139871,0.00549023049120084,-0.000600278986498642,13.8676388021756,-0.464255897384489,40
91.475,0.303065426504509,1166.98897474397,1166.68590931747,0.204899522357072,0.198945833139871,0.00595368921720046,-0.000117083536213675,14.8676388021756,0.567412592058374,40.0000000000001
91.5,0.00945459019327162,1166.98897474397,1166.97952015378,0.204599206564573,0.198945833139871,0.00565337342470193,-0.000413275593183715,13.8676388021756,-0.450918918498764,-40
91.525,0.569037211680976,1167.84228254305,1167.27324533137,0.205040728167114,0.198819935747732,0.0062207924193825,5.27106929909815e-05,14.8676388021756,0.579008959934345,40
91.55,0.275239305527962,1167.84228254305,1167.56704323752,0.204721327919123,0.198819935747732,0.00590139217139185,-0.000224788410488647,13.8676388021756,-0.391063161632543,-40
91.575,-0.017621329585189,1167.84228254305,1167.85990387263,0.203750226641985,0.198819935747732,0.00493029089425315,-0.00117393416527378,12.8676388021756,-1.41113528319943,-40
91.6,0.5725186981146,1168.72450662968,1168.15198793157,0.203617117151465,0.198833724654158,0.00478339249730739,-0.00130214329626815,13.8676388021756,-0.431207404766319,40
91.625,0.280155551622896,1168.72450662968,1168.44435107806,0.204125092103193,0.198833724654158,0.00529136744903524,-0.000768947381166285,14.7577117156139,0.488793387105052,35.6029165375303
91.65,-0.0123677690406875,1168.72450662968,1168.73687439873,0.203862426778852,0.198833724654158,0.00502870212469422,-0.00102386973388702,13.7577117156139,-0.531278734461835,-40
91.675,0.559164427463107,1169.58872515004,1169.02956072258,0.204335645424705,0.198846283821305,0.00548936160340019,-0.000534177344908598,14.7577117156139,0.482566815612234,40
91.7,0.266340488143812,1169.58872515004,1169.3223846619,0.204075432089648,0.198846283821305,0.00522914826834298,-0.000762560959192415,13.8045374015715,-0.445489821998257,-38.1269725616968
91.725,-0.0256234196550751,1169.58872515004,1169.6143485697,0.20315410956607,0.198846283821305,0.00430782574476515,-0.00167378769378071,12.8045374015715,-1.47037214556633,-40
91.75,0.576003259665839,1170.48160402808,1169.90560076841,0.203062772000148,0.198858683923087,0.00420408807706099,-0.00176645171017298,13.8045374015715,-0.484990012451781,40
91.775,0.284360990999285,1170.48160402808,1170.19724303708,0.203682633528948,0.198858683923087,0.00482394960586102,-0.00112581567521042,14.8045374015715,0.546052964274882,40.0000000000001
91.8,-0.00758927186888589,1170.48160402808,1170.48919329995,0.203515135048601,0.198858683923087,0.00465645112551374,-0.00128850828498694,13.8045374015715,-0.472904058998454,-40
91.825,0.573618839585849,1171.35505113613,1170.78143229654,0.204069191761701,0.198869766125936,0.00519942563576486,-0.00070931034978694,14.8045374015715,0.556863675462999,40
91.85,0.280811296734107,1171.35505113613,1171.07423983939,0.20431850826254,0.198869766125936,0.00544874213660373,-0.000417460960018101,14.4830359840683,0.265129992421293,-12.8600567001263
91.875,-0.0118122175232631,1171.35505113613,1171.36686335365,0.203832907854647,0.198869766125936,0.00496314172871029,-0.000880541129763823,13.4830359840683,-0.755102273117252,-40
91.9,0.592385255370099,1172.25173871884,1171.65935346347,0.204114058173079,0.198880151784745,0.00523390638833404,-0.00059400569965401,14.4830359840683,0.224665461344201,40
91.925,0.299228798635329,1172.25173871884,1171.9525099202,0.204755079584712,0.198880151784745,0.00587492779996729,4.23643026616072e-05,15.0578784684079,0.785918229076556,22.993699373582
91.95,0.00573617258563363,1172.25173871884,1172.24600254625,0.204604724128396,0.198880151784745,0.00572457234365079,-0.000156124490436532,14.0578784684079,-0.277671487530639,-40
91.975,0.587731144039153,1173.12753822309,1172.53980707905,0.205172616675897,0.198889574082337,0.00628304259356008,0.000351552417849094,15.0578784684079,0.694746885197544,40
92,0.293651492464814,1173.12753822309,1172.83388673062,0.205008073830818,0.198889574082337,0.00611849974848136,0.000151351414653861,14.1275029087979,-0.213210301684234,-37.2150223843985
92.025,0.000304175402533368,1173.12753822309,1173.12723404769,0.204167897597066,0.198889574082337,0.00527832351472915,-0.000738356817671648,13.1275029087979,-1.24079192895605,-40
92.05,0.609628469537062,1174.02960700848,1173.41997853894,0.204145459504199,0.198899115986587,0.00524634351761266,-0.000787318179544638,14.1275029087979,-0.218373556227859,40
92.075,0.316401171680106,1174.02960700848,1173.7132058368,0.204823553732576,0.198899115986587,0.00592443774598897,-0.000116075136324251,15.1275029087979,0.804044816500329,40
92.1,0.0227870572496292,1174.02960700848,1174.00681995123,0.20470542665765,0.198899115986587,0.00580631067106382,-0.000259141797648105,14.1275029087979,-0.223536810771485,-40
92.125,0.610416223690018,1174.91120646451,1174.30079024082,0.205301458030303,0.198907480410479,0.00639397761982377,0.000301439227651773,15.1275029087979,0.756059718456603,40
92.15,0.315837706989249,1174.91120646451,1174.59536875752,0.205561965618876,0.198907480410479,0.00665448520839654,0.000550451716009009,14.7707960431595,0.426201204882248,-14.2682746255359
92.175,0.0214258892967371,1174.91120646451,1174.88978057521,0.205086347116716,0.198907480410479,0.00617886670623721,4.89202122108678e-05,13.7707960431595,-0.596950443053707,-40
92.2,0.630401726823658,1175.81447672288,1175.18407499606,0.205376605972246,0.198915346758819,0.00646125921342702,0.000335783663257094,14.7707960431595,0.429897909010335,40
92.225,0.335418766406026,1175.81447672288,1175.47905795648,0.206036010649516,0.198915346758819,0.00712066389069696,0.00101185401865467,15.360217775855,1.04733863591886,23.5768693078214
92.25,0.0400724609122213,1175.81447672288,1175.77440426197,0.205902164066474,0.198915346758819,0.00698681730765502,0.000876906125870214,14.360217775855,0.025357630131838,-40.0000000000001
92.275,0.626381812773423,1176.69646913598,1176.07008732321,0.206485067999421,0.198922434791991,0.00756263320743028,0.0014434425586351,15.360217775855,1.00337662434482,40.0000000000001
92.3,0.330410358856715,1176.69646913598,1176.36605877713,0.20632147173147,0.198922434791991,0.00739903693947905,0.00128527300082856,14.4112274664634,0.0824053091662004,-37.9596123756643
92.325,0.0351667001892588,1176.69646913598,1176.6613024358,0.205483795207571,0.198922434791991,0.00656136041558025,0.000436753516395855,13.4112274664634,-0.939575696620817,-40
92.35,0.647455650530552,1177.60340549587,1176.95594984534,0.205465163135505,0.198929862225956,0.00653530090954901,0.000418717905966259,14.4112274664634,0.0748375502902643,40
92.375,0.352317680580083,1177.60340549587,1177.25108781529,0.206147722568429,0.198929862225956,0.0072178603424724,0.0011234854610383,15.4112274664634,1.10621326176376,40.0000000000001
92.4,0.0567844758596325,1177.60340549587,1177.54662102001,0.206034756992976,0.198929862225956,0.00710489476701948,0.00101630573880415,14.4112274664634,0.0875889732372622,-40.0000000000001
92.425,0.647071817630389,1178.48959143968,1177.84251962205,0.206636478927934,0.198936362471692,0.00770011645624144,0.00161412059128099,15.4112274664634,1.07526546483106,40.0000000000001
92.45,0.350598348067795,1178.48959143968,1178.13899309161,0.2068446891997,0.198936362471692,0.00790832672800817,0.00183758941029433,14.9709038930482,0.661989445118109,-17.6129429366095
92.475,0.0543589536031944,1178.48959143968,1178.43523248608,0.206325848681731,0.198936362471692,0.0073894862100389,0.00131550789738508,13.9709038930482,-0.360963001179606,-40
92.5,0.606219702914644,1179.33751858025,1178.73129887733,0.206580486507506,0.19894270224755,0.00763778425995612,0.00158595617883681,14.9709038930482,0.66608455252268,40
92.525,0.310325842916473,1179.33751858025,1179.02719273733,0.206101658927361,0.19894270224755,0.00715895667981142,0.00114046531370626,13.9709038930482,-0.305127282765283,-40
92.55,0.015577559932622,1179.33751858025,1179.32194102031,0.20499537532536,0.19894270224755,0.00605267307781066,4.76282549952689e-05,12.9709038930482,-1.32633911805325,-40
92.575,0.593823085427552,1180.20955967533,1179.61573658991,0.204747810097932,0.198949878547584,0.00579793155034891,-0.000203519909635658,13.9709038930482,-0.347550953341209,40
92.6,0.299988343346562,1180.20955967533,1179.90957133199,0.205035131045569,0.198949878547584,0.00608525249798564,0.000100551654748926,14.6837776330521,0.394110951374764,28.5149496001575
92.625,0.00628341805224379,1180.20955967533,1180.20327625728,0.204584896111815,0.198949878547584,0.00563501756423115,-0.00035039940922188,13.6837776330521,-0.627100883913203,-40
92.65,0.566390654295608,1181.06328864586,1180.49689799156,0.204898946844404,0.198823609550283,0.00607533729412063,-2.64617757539665e-05,14.6837776330521,0.388271198223319,40
92.675,0.272863943849073,1181.06328864586,1180.79042470201,0.204471461604045,0.198823609550283,0.00564785205376217,-0.000423730627801211,13.6837776330521,-0.580274391281119,-40
92.7,-0.0195832958627318,1181.06328864586,1181.08287194172,0.203408804964541,0.198823609550283,0.00458519541425803,-0.00147363413178672,12.6837776330521,-1.59881998078556,-40
92.725,0.573060070132404,1181.94748211659,1181.37442204645,0.20319816195577,0.19883714508497,0.00436101687080032,-0.0016822412881379,13.6837776330521,-0.611343838654102,40
92.75,0.281276549100975,1181.94748211659,1181.66620556748,0.203717472007436,0.19883714508497,0.00488032692246626,-0.00114230386556879,14.6837776330521,0.415867846794742,40
92.775,-0.010682961154311,1181.94748211659,1181.95816507774,0.203465565123161,0.19883714508497,0.00462842003819075,-0.00139252427155129,13.6837776330521,-0.606920467756417,-40
92.8,0.563322903333122,1182.81362522058,1182.25030231724,0.203948853469958,0.198849370087666,0.00509948338229199,-0.000888832239433868,14.6837776330521,0.420291217692426,40
92.825,0.270779199832352,1182.81362522058,1182.54284602074,0.20404533329626,0.198849370087666,0.00519596320859397,-0.00075500345972615,14.2280075251283,-0.00699196251731517,-18.2308043169518
92.85,-0.0213780080856338,1182.81362522058,1182.83500322866,0.203430183376593,0.198849370087666,0.00458081328892718,-0.00135315390590438,13.2280075251283,-1.02850503480326,-40
92.875,0.578339915199304,1183.70519488988,1183.12685497468,0.203601473725895,0.198861023924386,0.00474044980150909,-0.00118224635950176,14.2280075251283,-0.0500181070892106,40
92.9,0.285879241047621,1183.70519488988,1183.41931564883,0.204270341472314,0.198861023924386,0.00540931754792839,-0.000493710470002712,14.9759763203164,0.726437615812933,29.9187518075236
92.925,-0.00695385887147693,1183.70519488988,1183.71214874875,0.204144737694849,0.198861023924386,0.00528371377046308,-0.000617338658433303,13.9759763203164,-0.295075456473012,-40
92.95,0.570845730591601,1184.57617114291,1184.00532541232,0.204734363925995,0.198871595031236,0.00586276889475837,-1.42798167667157e-05,14.9759763203164,0.721483587087511,40
92.975,0.277402248286047,1184.57617114291,1184.29876889462,0.204540198448809,0.198871595031236,0.00566860341757297,-0.000175420340447957,13.9759763203164,-0.247965458687349,-40
93,-0.0152677397390426,1184.57617114291,1184.59143888265,0.203674605230251,0.198871595031236,0.00480301019901525,-0.001026087408354,12.9759763203164,-1.26741450446221,-40
93.025,0.590511180898677,1185.47398124739,1184.88347006649,0.203630035865475,0.198882298315063,0.0047477375504125,-0.0010676622760315,13.9759763203164,-0.281796196303516,40
93.05,0.298028937748148,1185.47398124739,1185.17595230965,0.204288776992327,0.198882298315063,0.0054064786772644,-0.000416114331745432,14.9759763203164,0.703822111855171,40
93.075,0.0051880524585474,1185.47398124739,1185.46879319494,0.204153529062662,0.198882298315063,0.00527123074759905,-0.00060213187778263,13.9759763203164,-0.360559579986141,-40
93.1,0.589505741581555,1186.35147050285,1185.76196476127,0.204734071866303,0.198891831767571,0.00584224009873205,-7.47331385527183e-05,14.9759763203164,0.625058728172546,40
93.125,0.295803993683551,1186.35147050285,1186.05566650917,0.204905981995155,0.198891831767571,0.0060141502275837,7.19040843860652e-05,14.5126196233371,0.190142182851966,-18.5342678791746
93.15,0.00238950629601797,1186.35147050285,1186.34908099655,0.204353310086429,0.198891831767571,0.00546147831885802,-0.000517063219060726,13.5126196233371,-0.831417665489249,-40
93.175,0.609343424922192,1187.25161611017,1186.64227268524,0.20457622169597,0.198900895311303,0.00567532638466739,-0.000311108381774922,14.5126196233371,0.18825017295384,40
93.2,0.315468463659199,1187.25161611017,1186.93614764651,0.20529517187546,0.198900895311303,0.00639427656415709,0.000407432605157576,15.2717503579013,0.96704874596117,30.3652293825697
93.225,0.0211540357428516,1187.25161611017,1187.23046207442,0.205210915813389,0.198900895311303,0.00631002050208662,0.000302018739323617,14.2717503579013,-0.0632834155957417,-40
93.25,0.604804967818593,1188.12998106355,1187.52517609573,0.205834704934753,0.19890893954513,0.00692576538962297,0.000886857064309132,15.2717503579013,0.906384422847347,40
93.275,0.309777232036415,1188.12998106355,1187.82020383152,0.205668920586607,0.19890893954513,0.00675998104147651,0.000701766807958581,14.2717503579013,-0.0739477387095649,-40
93.3,0.0154830520793443,1188.12998106355,1188.11449801147,0.204827513595241,0.19890893954513,0.00591857405011031,-0.000177043586638864,13.2717503579013,-1.10427990026648,-40
93.325,0.625270916899653,1189.0334591845,1188.4081882676,0.204803816268027,0.198917174879793,0.00588664138823389,-0.000218773120394561,14.2717503579013,-0.0846120618233881,40
93.35,0.331099023901308,1189.0334591845,1188.7023601606,0.205480475251479,0.198917174879793,0.00656330037168582,0.000465902946405083,15.2717503579013,0.948661523921602,40
93.375,0.0365415644211672,1189.0334591845,1188.99691762008,0.205360996845239,0.198917174879793,0.00644382196544582,0.000341802266627528,14.2717503579013,-0.0680648903334014,-40
93.4,0.62456774253426,1189.91639795236,1189.29183020983,0.205955733431587,0.198924336164818,0.00703139726676891,0.000926076978667673,15.2717503579013,0.922428903892949,40
93.425,0.329133033193731,1189.91639795236,1189.58726491917,0.206099174507088,0.198924336164818,0.00717483834226978,0.00108450792788958,14.7488657240425,0.433737284140175,-20.9153853543534
93.45,0.034019283533765,1189.91639795236,1189.88237866883,0.205523691059536,0.198924336164818,0.00659935489471761,0.000510857350547678,13.7488657240425,-0.582069701753766,-40
93.475,0.644041274574013,1190.82128489513,1190.17724362056,0.205728802655664,0.198931216163127,0.00679758649253717,0.000735952906039561,14.7488657240425,0.444354783521123,40
93.5,0.348493081052695,1190.82128489513,1190.47279181408,0.206460706623558,0.198931216163127,0.00752949046043094,0.00150332996604857,15.5461715667007,1.26808511145427,31.8922337063303
93.525,0.0524842102966442,1190.82128489513,1190.76880068484,0.206389386229994,0.198931216163127,0.00745817006686786,0.00144579175643153,14.5461715667007,0.244509596729157,-40.0000000000001
93.55,0.63931748293968,1191.70454783186,1191.06523034892,0.207026159980235,0.198937243441868,0.00808891653836721,0.0020777118360987,15.5461715667007,1.22093408200405,40.0000000000001
93.575,0.342553005588792,1191.70454783186,1191.36199482627,0.206873572674376,0.198937243441868,0.0079363292325085,0.00193916757229104,14.5461715667007,0.247358567278936,-40.0000000000001
93.6,0.0465004735958382,1191.70454783186,1191.65804735826,0.206046047282084,0.198937243441868,0.00710880384021681,0.00110693163962264,13.5461715667007,-0.776216947446174,-40
93.625,0.599383628463144,1192.5529018903,1191.95351826184,0.206036711900658,0.198943677689023,0.00709303421163548,0.00110676887173047,14.5461715667007,0.243154701898898,40
93.65,0.304254418441365,1192.5529018903,1192.24864747186,0.205577217734626,0.198943677689023,0.00663354004560282,0.000677672830887155,13.8970640953286,-0.373165037552639,-25.9642988548851
93.675,0.0102440498372027,1192.5529018903,1192.54265784047,0.204487829306334,0.198943677689023,0.00554415161731123,-0.000398065109997348,12.8970640953286,-1.39037730563205,-40
93.7,0.59068085952954,1193.42641988088,1192.83573902135,0.204255117115082,0.198950706754988,0.00530441036009421,-0.000631490638244969,13.8970640953286,-0.407589573711461,40
93.725,0.297392190300321,1193.42641988088,1193.12902769058,0.20475619381091,0.198950706754988,0.00580548705592238,-0.000112743242666774,14.8970640953286,0.619176426573235,40.0000000000001
93.75,0.00394820414971653,1193.42641988088,1193.42247167673,0.2044897083356,0.198950706754988,0.00553900158061194,-0.000380716046955332,13.8970640953286,-0.404057573142067,-40
93.775,0.563772217933154,1194.27984993746,1193.71607771952,0.20496170125241,0.198823860075406,0.00613784117700389,0.000108283893940103,14.8970640953286,0.622708427142627,40
93.8,0.270050111027187,1194.27984993746,1194.00979982643,0.204670141731648,0.198823860075406,0.00584628165624201,-0.000150429029523197,13.8970640953286,-0.350525572572675,-40
93.825,-0.0227744527036914,1194.27984993746,1194.30262439016,0.20372464996235,0.198823860075406,0.00490078988694401,-0.00108439387551415,12.8970640953286,-1.37375957228798,-40
93.85,0.567729441957632,1195.16243828356,1194.5947088416,0.203615074318096,0.198836783871284,0.00477829044681199,-0.0012006770296023,13.8970640953286,-0.396993572003286,40
93.875,0.275424165312923,1195.16243828356,1194.88701411825,0.204019948698212,0.198836783871284,0.00518316482692788,-0.000783197392525664,14.6082557560741,0.34096408902695,28.4476664298215
93.9,-0.0169065928244815,1195.16243828356,1195.17934487638,0.203670746523474,0.198836783871284,0.00483396265218977,-0.00113811791542875,13.6082557560741,-0.682269910688355,-40
93.925,0.556533493717322,1196.02825901543,1195.47172552172,0.204071422886438,0.198848760196188,0.00522266269025068,-0.000726175298632781,14.6082557560741,0.341257409004962,40
93.95,0.263974551922186,1196.02825901543,1195.76428446351,0.203935005551431,0.198848760196188,0.00508624535524296,-0.000828426654255005,13.9189969093208,-0.312546233901481,-27.5703538701315
93.975,-0.0278899377452994,1196.02825901543,1196.05614895318,0.2031212747642,0.198848760196188,0.00427251456801211,-0.00162324122852206,12.9189969093208,-1.32709103005463,-40
94,0.57452254040925,1196.92196786239,1196.34744532198,0.20312331787241,0.198860519038794,0.00426279883361594,-0.00161529624680118,13.9189969093208,-0.34163582620779,40
94.025,0.282711777167712,1196.92196786239,1196.63925608522,0.203824182688399,0.198860519038794,0.00496366364960549,-0.000888273954287283,14.9189969093208,0.688752023705514,40.0000000000001
94.05,-0.00951463775740646,1196.92196786239,1196.93148250015,0.203727055310286,0.198860519038794,0.00486653627149247,-0.000976752637467021,13.9189969093208,-0.330860126381189,-40
94.075,0.571128051370485,1197.79521876667,1197.2240907153,0.204341950677731,0.198871031807303,0.00547091887042797,-0.000337830824120422,14.9189969093208,0.69298285201035,40
94.1,0.278074458801324,1197.79521876667,1197.51714430787,0.204367167324951,0.198871031807303,0.00549613551764822,-0.000275388882511857,14.2011103465135,-0.00106073240547589,-28.7154625122947
94.125,-0.0144968675577286,1197.79521876667,1197.80971563423,0.20369005698758,0.198871031807303,0.00481902518027669,-0.000938820758813269,13.2011103465135,-1.02721775401394,-40
94.15,0.591064443354715,1198.69296258261,1198.10189813925,0.203807290590143,0.198881376787079,0.00492591380306404,-0.000828015168620494,14.2011103465135,-0.0533747756223941,40
94.175,0.298216530745064,1198.69296258261,1198.39474605186,0.204604755175791,0.198881376787079,0.00572337838871187,-4.80144895027013e-05,15.2011103465135,0.929240515984838,40
94.2,0.00482642304522065,1198.69296258261,1198.68813615956,0.20458834388546,0.198881376787079,0.00570696709838095,-0.000126164854493904,14.2011103465135,-0.138144192407924,-40
94.225,0.586647455177692,1199.56866135546,1198.98201390028,0.205270408972512,0.198890589253048,0.00637981971946375,0.000491214974875115,15.2011103465135,0.844471099199312,40
94.25,0.29238093024739,1199.56866135546,1199.27628042521,0.205154423971359,0.198890589253048,0.00626383471831043,0.000342968302711688,14.2011103465135,-0.122913609193449,-40
94.275,-0.00121540453983394,1199.56866135546,1199.56987676,0.204355056694663,0.198890589253048,0.00546446744161522,-0.000495751567000297,13.2011103465135,-1.14029831758622,-40
94.3,0.606090002102293,1200.46901188726,1199.86292188516,0.204366436662958,0.198899937078235,0.00546649958472387,-0.000497157889347039,14.2011103465135,-0.110959681195393,40
94.325,0.312519871134632,1200.46901188726,1200.15649201613,0.205072116661371,0.198899937078235,0.00617217958313615,0.00021849757631795,15.2011103465135,0.91837895519543,40
94.35,0.0185289638871771,1200.46901188726,1200.45048292337,0.204976264973047,0.198899937078235,0.00607632789481241,0.000117220681842001,14.2011103465135,-0.102282408413748,-40
94.375,0.603354663238313,1201.34821145884,1200.74485679561,0.20558973077184,0.198908218832659,0.0066815119391809,0.000712067814623213,15.2011103465135,0.877056227977077,40
94.4,0.308615579974376,1201.34821145884,1201.03959587887,0.205505083278342,0.198908218832659,0.006596864445683,0.000627357332986134,14.3306575701687,0.0287218795417127,-34.8181110537929
94.425,0.0145037602516681,1201.34821145884,1201.33370769859,0.204732535331669,0.198908218832659,0.00582431649901022,-0.000164272004413768,13.3306575701687,-0.999159692548825,-40
94.45,0.623936165222084,1202.25124167652,1201.6273055113,0.204767042540983,0.198916466962774,0.00585057557820895,-0.00013187018201985,14.3306575701687,0.0206458675491628,40
94.475,0.329780906795249,1202.25124167652,1201.92146076973,0.205492727715224,0.198916466962774,0.00657626075244902,0.000611646012907002,15.3306575701687,1.04821995647832,40.0000000000001
94.5,0.0351764084223614,1202.25124167652,1202.2160652681,0.205414407562584,0.198916466962774,0.00649794059980974,0.000533294900276593,14.3306575701687,0.0257940454074802,-40.0000000000001
94.525,0.621738158569698,1203.13281626381,1202.51107810524,0.206043438432662,0.198923611231723,0.00711982720093898,0.00114694704302132,15.3306575701687,1.00336813433663,40.0000000000001
94.55,0.326269423988814,1203.13281626381,1202.80654683982,0.206065102144161,0.198923611231723,0.00714149091243843,0.00117494610673041,14.5924524310391,0.29273708413627,-29.5282055651809
94.575,0.031284444883609,1203.13281626381,1203.10153181893,0.205384560898843,0.198923611231723,0.00646094966712008,0.000484393688411577,13.5924524310391,-0.729688826934575,-40
94.6,0.640888039214978,1204.0370154774,1203.39612743818,0.20549890883928,0.198930659438034,0.00656824940124662,0.000607259538227461,14.5924524310391,0.294563319536019,40
94.625,0.345626636935016,1204.0370154774,1203.69138884046,0.206293832395477,0.198930659438034,0.00736317295744296,0.00143144029994843,15.5924524310391,1.32586830193643,40.0000000000001
94.65,0.049821766633803,1204.0370154774,1203.98719371076,0.206275773995829,0.198930659438034,0.00734511455779541,0.00142544268458866,14.5924524310391,0.307173284336838,-40.0000000000001
94.675,0.635878208723771,1204.91936747336,1204.28348926464,0.206957392292745,0.198936681249023,0.00802071104372237,0.00210432758354689,15.5924524310391,1.28847826673725,40.0000000000001
94.7,0.339188933970874,1204.91936747336,1204.58017853939,0.206842527422404,0.198936681249023,0.00790584617338097,0.00200890054576125,14.5924524310391,0.319783249137654,-40.0000000000001
94.725,0.0431620425858784,1204.91936747336,1204.87620543078,0.206046660651314,0.198936681249023,0.00710997940229172,0.0012165050844565,13.5924524310391,-0.69891176846194,-40
94.75,0.594607162916292,1205.76629952288,1205.17169235996,0.206063812056271,0.198942988768494,0.00712082328777761,0.0012548603578772,14.5924524310391,0.327472878417355,40
94.775,0.299539589925227,1205.76629952288,1205.46675993295,0.20547315287808,0.198942988768494,0.00653016410958665,0.000700535741454233,13.7235186396957,-0.515076266046788,-34.7573516537374
94.8,0.00576481291262036,1205.76629952288,1205.76053470997,0.20427112304154,0.198942988768494,0.00532813427304643,-0.000487148874935672,12.7235186396957,-1.5386916191675,-40
94.825,0.586392508539547,1206.63962354388,1206.05323103534,0.20394165820844,0.198950042435795,0.00499161577264448,-0.000821146035016596,13.7235186396957,-0.562306972288203,40
94.85,0.293616590210881,1206.63962354388,1206.34600695367,0.204359820958554,0.198950042435795,0.00540977852275823,-0.000388819169098442,14.7235186396957,0.464077674591088,40
94.875,0.000794630235749165,1206.63962354388,1206.63882891364,0.204022468223779,0.198950042435795,0.00507242578798384,-0.000730920613589314,13.7235186396957,-0.559537678529615,-40
94.9,0.562350011982442,1207.49406974497,1206.93171973298,0.20443400215256,0.198823215638199,0.0056107865143612,-0.000306171712020104,14.7235186396957,0.46582337156499,40
94.925,0.269374835225416,1207.49406974497,1207.22469490974,0.204155638363258,0.198823215638199,0.00533242272505882,-0.000553699440043826,13.8160333521546,-0.413062185290156,-36.2994115016452
94.95,-0.022721359092913,1207.49406974497,1207.51679110406,0.203221764723959,0.198823215638199,0.00439854908576012,-0.00147655627884088,12.8160333521546,-1.43446245460417,-40
94.975,0.569590658348838,1208.37775434816,1207.80816368981,0.203122513163844,0.198835988228998,0.00428652493484682,-0.00158176740554278,13.8160333521546,-0.455862723918186,40
95,0.277834088350331,1208.37775434816,1208.09992025981,0.20373846696573,0.198835988228998,0.00490247873673227,-0.000951410044616435,14.8160333521546,0.5727370067678,40.0000000000001
95.025,-0.0142295646397036,1208.37775434816,1208.3919839128,0.203570768600014,0.198835988228998,0.00473478037101646,-0.00112215187666093,13.8160333521546,-0.448663262546214,-40
95.05,0.558803121836557,1209.24314285234,1208.6843397305,0.204127502230305,0.198847493446607,0.005280008783698,-0.000554557228828079,14.8160333521546,0.571242452730636,40
95.075,0.266151673939696,1209.24314285234,1208.9769911784,0.20400123430259,0.198847493446607,0.00515374085598333,-0.000653476588045571,13.9489110504971,-0.269429262128171,-34.6848920662968
95.1,-0.0258202439749138,1209.24314285234,1209.26896309631,0.203196879103966,0.198847493446607,0.00434938565735887,-0.00145123449755027,12.9489110504971,-1.29297867532956,-40
95.125,0.575835715914065,1210.13621646263,1209.56038074671,0.20320762561607,0.19885889751599,0.00434872810007991,-0.00145028850706261,13.9489110504971,-0.314618682818348,40
95.15,0.283890774916699,1210.13621646263,1209.85232568771,0.203916626508444,0.19885889751599,0.00505772899245394,-0.000730195083229024,14.9489110504971,0.713741309692864,40.0000000000001
95.175,-0.0084819420283118,1210.13621646263,1210.14469840466,0.203827241873561,0.19885889751599,0.00496834435757032,-0.000825447484380681,13.9489110504971,-0.307898697795928,-40
95.2,0.571943407698042,1211.00940781431,1210.43746440661,0.204449491494079,0.198869184411296,0.00558030708278306,-0.000188651025272352,14.9489110504971,0.720461294715283,40
95.225,0.278764871909302,1211.00940781431,1210.7306429424,0.20442225423397,0.198869184411296,0.0055530698226742,-0.000183832053247512,14.1457244713417,-0.0543652919289146,-32.1274631662162
95.25,-0.0138628580854637,1211.00940781431,1211.02327067239,0.203701041500639,0.198869184411296,0.00483185708934247,-0.000892843474413818,13.1457244713417,-1.0760052994177,-40
95.275,0.592380076717686,1211.9078320198,1211.31545194308,0.203781247888652,0.198879435012683,0.00490181287596933,-0.000785622933006519,14.1457244713417,-0.0521273545971941,40
95.3,0.299581816254835,1211.9078320198,1211.60825020354,0.20454772974218,0.198879435012683,0.00566829472949659,2.28899050140896e-05,15.1457244713417,0.975027245439731,40.0000000000001
95.325,0.00628184916349718,1211.9078320198,1211.90155017063,0.204505552029194,0.198879435012683,0.00562611701651089,7.58778158749251e-07,14.1457244713417,-0.0478181545233416,-40
95.35,0.589452958531942,1212.78475695976,1212.19530400123,0.205166213361705,0.198888631460547,0.00627758190115807,0.000662682152314603,15.1457244713417,0.929336445513581,40
95.375,0.295317432119587,1212.78475695976,1212.48943952764,0.205061131860302,0.198888631460547,0.00617250039975514,0.000577719447637681,14.1866683427293,-0.00256508306198175,-38.3622451444996
95.4,0.00183748312636973,1212.78475695976,1212.78291947663,0.204271640827195,0.198888631460547,0.00538300936664804,-0.000210355577832999,13.1866683427293,-1.02541048302506,-40
95.425,0.610279134556619,1213.68614037151,1213.07586123695,0.204291863311602,0.198897976712137,0.00539388659946505,-0.000170487058866214,14.1866683427293,0.00075566945658911,40
95.45,0.316800890512105,1213.68614037151,1213.369339481,0.205005425204479,0.198897976712137,0.00610744849234215,0.000579991513871059,15.1866683427293,1.02923468974971,40.0000000000001
95.475,0.0228917800306337,1213.68614037151,1213.66324859148,0.204916585353588,0.198897976712137,0.00601860864145096,0.000507994405277212,14.1866683427293,0.00771371004282538,-40
95.5,0.608519885611033,1214.56606928491,1213.9575493993,0.205536146215732,0.198906301759172,0.00662984445656031,0.00112721922139211,15.1866683427293,0.986192730335946,40
95.525,0.313734554178308,1214.56606928491,1214.25233473073,0.205608997730984,0.198906301759172,0.00670269597181183,0.00121994324716748,14.5344289590946,0.362432366994432,-26.0895753453852
95.55,0.0193683075005491,1214.56606928491,1214.54670097741,0.204971159404274,0.198906301759172,0.00606485764510156,0.000584404929575233,13.5344289590946,-0.659088612712447,-40
95.575,0.627522279703408,1215.46825328729,1214.84073100759,0.205120669334053,0.198914466177242,0.00620620315681072,0.000749938938317374,14.5344289590946,0.360604709493792,40
95.6,0.33282252942164,1215.46825328729,1215.13543075787,0.20589092970395,0.198914466177242,0.00697646352670761,0.00155030475879422,15.4580527305908,1.30724374565474,36.9449508598455
95.625,0.037615643959789,1215.46825328729,1215.43063764333,0.205850131137094,0.198914466177242,0.00693566495985162,0.0015167679921553,14.4580527305908,0.280259010319545,-40.0000000000001
95.65,0.621865998993684,1216.34816732914,1215.72630133015,0.20651048464655,0.198921615905088,0.00758886874146156,0.00216479827889104,15.4580527305908,1.25327427498435,40.0000000000001
95.675,0.325840461309146,1216.34816732914,1216.02232686783,0.20637551874916,0.198921615905088,0.00745390284407155,0.00203562374978011,14.4580527305908,0.276289539649161,-40.0000000000001
95.7,0.0305077626268296,1216.34816732914,1216.31765956651,0.205560278137055,0.198921615905088,0.00663866223196682,0.00120677710525005,13.4580527305908,-0.750695195686031,-40
95.725,0.580480406073812,1217.19290327864,1216.61242287257,0.205558608164698,0.198928990633585,0.00662961753111299,0.00120976408060541,14.4580527305908,0.272320068978775,40
95.75,0.286140190130746,1217.19290327864,1216.90676308851,0.204983245920524,0.198928990633585,0.00605425528693948,0.00065810600891239,13.6373346382187,-0.520462423207375,-32.828723694883
95.775,-0.00692408490849419,1217.19290327864,1217.19982736355,0.203791913498349,0.198928990633585,0.00486292286476381,-0.000528145892715881,12.6373346382187,-1.54252682302146,-40
95.8,0.571825010642981,1218.06364921477,1217.49182420412,0.203469259596324,0.198936921678491,0.00453233791783253,-0.0008617170243721,13.6373346382187,-0.564591222835534,40
95.825,0.27974213831579,1218.06364921477,1217.78390707645,0.203891176542662,0.198936921678491,0.00495425486417089,-0.000429563306894143,14.6373346382187,0.463344377350389,40
95.85,-0.0123895822817078,1218.06364921477,1218.07603879705,0.203555069089513,0.198936921678491,0.00461814741102168,-0.000772259920027218,13.6373346382187,-0.558720022463686,-40
95.875,0.547393327548038,1218.91563254925,1218.3682392217,0.203965827918323,0.198810777871626,0.00515505004669628,-0.000353054217152149,14.6373346382187,0.461478506945854,40
95.9,0.255138047640684,1218.91563254925,1218.6604945016,0.203648160770157,0.198810777871626,0.00483738289853033,-0.00064873947815125,13.6768725404298,-0.47776146464878,-38.4184839115546
95.925,-0.0361850396193824,1218.91563254925,1218.95181758886,0.202678971168849,0.198810777871626,0.00386819329722249,-0.00161930787064835,12.6768725404298,-1.50653933845455,-40
95.95,0.555317863049108,1219.79768748384,1219.2423696208,0.202548055032066,0.198824089183839,0.00372396584822679,-0.00177166004194998,13.6768725404298,-0.535317212260322,40
95.975,0.26442367523114,1219.79768748384,1219.53326380861,0.203135955005028,0.198824089183839,0.00431186582118895,-0.00118751985242407,14.6768725404298,0.485904913933906,40
96,-0.0267411184951138,1219.79768748384,1219.82442860234,0.202943566544776,0.198824089183839,0.00411947736093707,-0.00140346522586401,13.6768725404298,-0.542872959871866,-40
96.025,0.546452460009611,1220.66230643353,1220.11585397352,0.203478768235293,0.1988359531049,0.00464281513039261,-0.000873917173049854,14.6768725404298,0.478349166322362,40
96.05,0.254646204186658,1220.66230643353,1220.40766022935,0.203486539071787,0.1988359531049,0.00465058596688667,-0.000850450817132337,14.0283004639048,-0.140306768599258,-25.9428830609994
96.075,-0.036660430600003,1220.66230643353,1220.69896686413,0.20279701627939,0.1988359531049,0.00396106317448994,-0.00154093433191893,13.0283004639048,-1.16039062699589,-40
96.1,0.564889789227962,1221.55476383272,1220.98987404349,0.202906407095282,0.198847343873722,0.00405906322155999,-0.00144679890330693,14.0283004639048,-0.180474485392533,40
96.125,0.273321460059256,1221.55476383272,1221.28144237266,0.203700554524897,0.198847343873722,0.00485321065117533,-0.00064661422949483,15.0283004639048,0.847532250498237,40.0000000000001
96.15,-0.018790920527075,1221.55476383272,1221.57355475325,0.203684971777282,0.198847343873722,0.00483762790355974,-0.000672843601320416,14.0283004639048,-0.174461013610998,-40
96.175,0.56114756493872,1222.42730941377,1221.86616184883,0.204371483170575,0.198857457241016,0.00551402592955896,1.8182061498756e-05,15.0283004639048,0.845767047993969,40
96.2,0.268139855740429,1222.42730941377,1222.15916955803,0.204263213585561,0.198857457241016,0.00540575634454538,-7.2616328711278e-05,14.0283004639048,-0.134004890401066,-40
96.225,-0.0242133715300485,1222.42730941377,1222.4515227853,0.20347408733475,0.198857457241016,0.00461663009373434,-0.000868076141565505,13.0283004639048,-1.1637768287961,-40
96.25,0.583785839690806,1223.32712920022,1222.74334336053,0.203497820678743,0.198867690758011,0.00463012992073256,-0.000870458669283841,14.0283004639048,-0.192709330885191,40
96.275,0.291419189012548,1223.32712920022,1223.03571001121,0.204217937073919,0.198867690758011,0.00535024631590797,-0.000190241795569895,15.0283004639048,0.782840214716414,40
96.3,-0.00139170379357649,1223.32712920022,1223.32852090401,0.204138258896595,0.198867690758011,0.00527056813858429,-0.000356470976595052,14.0283004639048,-0.291610239681981,-40
96.325,0.585204677080533,1224.20694449273,1223.62173981565,0.20476911842855,0.198876932021971,0.00589218640657854,0.000182839273211305,15.0283004639048,0.683939305919625,40
96.35,0.29150208078112,1224.20694449273,1223.91544241194,0.204828338399086,0.198876932021971,0.00595140637711475,0.000181174921773164,14.3377832949601,0.0189716825764878,-27.6206867577897
96.375,-0.00176654645360437,1224.20694449273,1224.20871103918,0.204181856373627,0.198876932021971,0.00530492435165611,-0.000534774361058116,13.3377832949601,-1.00547877182191,-40
96.4,0.609334203966555,1225.11096872882,1224.50163452486,0.204326792474766,0.198886118781033,0.00544067369373316,-0.000432554738107827,14.3377832949601,0.0188578304052639,40
96.425,0.315705846101914,1225.11096872882,1224.79526288272,0.205149304692338,0.198886118781033,0.00626318591130523,0.000370883016601709,15.3377832949601,1.04418288018771,40.0000000000001
96.45,0.0214995009977647,1225.11096872882,1225.08946922783,0.205155816541928,0.198886118781033,0.00626969776089484,0.00034370940420908,14.3377832949601,0.0195079299701573,-40.0000000000001
96.475,0.608398224263444,1225.99259414904,1225.38419592477,0.20585886188111,0.198894345875177,0.0069645160059329,0.00100059793792762,15.3377832949601,0.994832979752608,40.0000000000001
96.5,0.313252814662762,1225.99259414904,1225.67934133437,0.205762291723849,0.198894345875177,0.00686794584867151,0.000882148271267702,14.3377832949601,0.0201580295350539,-40.0000000000001
96.525,0.0187498043105898,1225.99259414904,1225.97384434473,0.204981176954048,0.198894345875177,0.00608683107887026,6.51084759737686e-05,13.3377832949601,-1.0045169206825,-40
96.55,0.63034792213286,1226.89816994858,1226.26782202645,0.205009588299867,0.198902920433601,0.00610666786626585,7.63976908866315e-05,14.3377832949601,0.0149048727202578,40
96.575,0.335821568950159,1226.89816994858,1226.56234837963,0.205730884825241,0.198902920433601,0.00682796439163985,0.000802863424995609,15.3377832949601,1.04311236420989,40.0000000000001
96.6,0.0408529664890514,1226.89816994858,1226.85731698209,0.20564943993608,0.198902920433601,0.00674651950247873,0.000710824527749704,14.3377832949601,0.0213198556995162,-40.0000000000001
96.625,0.629217755917439,1227.78190579464,1227.15268803872,0.206275996105492,0.198910655748182,0.00736534035730965,0.0013133211788543,15.3377832949601,0.99952734718915,40.0000000000001
96.65,0.333370991475555,1227.78190579464,1227.44853480316,0.206329913865494,0.198910655748182,0.00741925811731131,0.00136659386616586,14.6489302663922,0.338881810110843,-27.5541211427174
96.675,0.0379677718064515,1227.78190579464,1227.74393802283,0.205676670957018,0.198910655748182,0.00676601520883585,0.000697907142727661,13.6489302663922,-0.682910698399526,-40
96.7,0.648475029335819,1228.68746003914,1228.03898500981,0.205813620618782,0.198918431414435,0.00689518920434629,0.000841673160003664,14.6489302663922,0.345296793090101,40
96.725,0.352753112330066,1228.68746003914,1228.33470692681,0.206603243033167,0.198918431414435,0.00768481161873197,0.00165721027401061,15.6153528141545,1.33992683234204,38.6569019104922
96.75,0.056498690125855,1228.68746003914,1228.63096134902,0.206579226778984,0.198918431414435,0.00766079536454828,0.00164059147513937,14.6153528141545,0.318134323831667,-40.0000000000001
96.775,0.642311960705995,1229.57000626433,1228.92769430362,0.207253953646407,0.19892532730518,0.00832862634122755,0.00230686873955294,15.6153528141545,1.2963418153213,40.0000000000001
96.8,0.345198876332403,1229.57000626433,1229.224807388,0.207131230882255,0.19892532730518,0.00820590357707565,0.00219704108367574,14.6153528141545,0.324549306810929,-40.0000000000001
96.825,0.0487631685268207,1229.57000626433,1229.5212430958,0.206326549421639,0.19892532730518,0.00740122211645913,0.00138865320833731,13.6153528141545,-0.697243201699442,-40
96.85,0.59926864978439,1230.41639106584,1229.81712241605,0.206333759384417,0.198932588329159,0.00740117105525778,0.0014090766133108,14.6153528141545,0.325568831820753,40
96.875,0.303868970144095,1230.41639106584,1230.11252209569,0.205674487045861,0.198932588329159,0.00674189871670131,0.000782909972398466,13.6638705491319,-0.595364328905207,-38.0592906009013
96.9,0.00985787410158273,1230.41639106584,1230.40653319174,0.204411139284657,0.198932588329159,0.00547855095549812,-0.000465198900324426,12.6638705491319,-1.61481522460863,-40
96.925,0.589263561212564,1231.28864332139,1230.69937976018,0.204026389648137,0.198940640011554,0.0050857496365834,-0.000850027219369803,13.6638705491319,-0.634266120312054,40
96.95,0.296415274957048,1231.28864332139,1230.99222804643,0.204394327250632,0.198940640011554,0.00545368723907752,-0.00046040607229017,14.6638705491319,0.396282983984523,40.0000000000001
96.975,0.00359183504224101,1231.28864332139,1231.28505148635,0.204011135380967,0.198940640011554,0.0050704953694129,-0.000838193647859697,13.6638705491319,-0.623167911718901,-40
97,0.563927971694413,1232.14180696725,1231.57787899556,0.204380567564484,0.198814720246029,0.00556584731845469,-0.000446927847359363,14.6638705491319,0.400938514872933,40
97.025,0.27100187023823,1232.14180696725,1231.87080509701,0.204163653471558,0.198814720246029,0.0053489332255296,-0.000627975334558606,13.9000008043196,-0.33882480334755,-30.5547897924927
97.05,-0.0211235900656508,1232.14180696725,1232.16293055732,0.203279770722389,0.198814720246029,0.00446505047636012,-0.00149890278395956,12.9000008043196,-1.36471837675571,-40
97.075,0.569083059730285,1233.02347907166,1232.45439601193,0.20322077660278,0.198828094527217,0.00439268207556368,-0.00156459569326756,13.9000008043196,-0.390611950163878,40
97.1,0.277182313137247,1233.02347907166,1232.74629675852,0.203868787827582,0.198828094527217,0.00504069330036538,-0.000905255015220652,14.9000008043196,0.633494476427957,40
97.125,-0.015066496748781,1233.02347907166,1233.03854556841,0.203726357432501,0.198828094527217,0.00489826290528461,-0.00105584715110693,13.9000008043196,-0.392399096980208,-40
97.15,0.555224643190812,1233.88634370445,1233.33111906126,0.204302724375792,0.198839976696439,0.00546274767935365,-0.000469478623306707,14.9000008043196,0.631707329611626,40
97.175,0.262398021815908,1233.88634370445,1233.62394568263,0.204098828950071,0.198839976696439,0.00525885225363271,-0.000642446360734461,13.9000008043196,-0.336407569510737,-40
97.2,-0.0296461617012553,1233.88634370445,1233.91598986615,0.203226625600711,0.198839976696439,0.00438664890427246,-0.00150074538553513,12.9000008043196,-1.3545224686331,-40
97.225,0.570785670908382,1234.77817611196,1234.20739044105,0.203178189122251,0.198851699790718,0.00432648933153354,-0.00154989720679738,13.9000008043196,-0.372637367755466,40
97.25,0.278934959957448,1234.77817611196,1234.499241152,0.203835804799132,0.198851699790718,0.00498410500841451,-0.000871258284903031,14.9000008043196,0.658408296816229,40
97.275,-0.0132773128754441,1234.77817611196,1234.79145342483,0.203702132742931,0.198851699790718,0.00485043295221349,-0.00100023390128043,13.9000008043196,-0.360546038612078,-40
97.3,0.567378829273074,1235.65138150014,1235.08400267087,0.204286515485472,0.198862161843349,0.0054243536421236,-0.000395525156106302,14.9000008043196,0.662998893462249,40
97.325,0.274454567805941,1235.65138150014,1235.37692693234,0.204240580740751,0.198862161843349,0.00537841889740195,-0.000407810045970153,14.1158191230971,-0.0976378556859545,-31.3672672489012
97.35,-0.0178974001609058,1235.65138150014,1235.66927890031,0.203504110493319,0.198862161843349,0.00464194864997053,-0.00113415162483321,13.1158191230971,-1.12409292361163,-40
97.375,0.589974895076342,1236.55114271188,1235.96116781681,0.203572300834415,0.198872402377519,0.00469989845689656,-0.00107577034859338,14.1158191230971,-0.150229236986401,40
97.4,0.297480883391065,1236.55114271188,1236.25366182849,0.204329939775779,0.198872402377519,0.00545753739826058,-0.000344175083026532,15.1158191230971,0.824847393013259,40
97.425,0.00449256613420536,1236.55114271188,1236.54665014575,0.204281962908918,0.198872402377519,0.00540956053139866,-0.00046697806618165,14.1158191230971,-0.250075976987081,-40
97.45,0.590184933750021,1237.43027400574,1236.84008907199,0.204939644778124,0.198881483900466,0.00605816087765798,0.000109017385884452,15.1158191230971,0.725000653012578,40
97.475,0.296252513706318,1237.43027400574,1237.13402149203,0.204985517201762,0.198881483900466,0.00610403330129575,0.000102227831559554,14.3735262312867,0.00778439120186445,-29.6917156724151
97.5,0.00277075794960096,1237.43027400574,1237.42750324779,0.204327627494815,0.198881483900466,0.00544614359434836,-0.00061835603680907,13.3735262312867,-1.01713897879848,-40
97.525,0.613141477325118,1238.33376745933,1237.720625982,0.204462964963304,0.198890497482414,0.00557246748088963,-0.000519491244214076,14.3735262312867,0.00781015235752326,40
97.55,0.319325153749981,1238.33376745933,1238.01444230558,0.205277539887845,0.198890497482414,0.00638704240543023,0.000285184204459971,15.3735262312867,1.03866253989322,40.0000000000001
97.575,0.0249397433883603,1238.33376745933,1238.30882771594,0.205277706695433,0.198890497482414,0.00638720921301872,0.000263311297993896,14.3735262312867,0.0195149274289106,-40.0000000000001
97.6,0.611650405516929,1239.21537725404,1238.60372684853,0.205975909568301,0.198898517783047,0.00707739178525357,0.000929080834790486,15.3735262312867,1.0003673149646,40.0000000000001
97.625,0.316337071241702,1239.21537725404,1238.8990401828,0.205875932725116,0.198898517783047,0.00697741494206927,0.000822683829430682,14.3735262312867,0.0312197025002948,-40.0000000000001
97.65,0.0216686179147833,1239.21537725404,1239.19370863613,0.205092806333767,0.198898517783047,0.0061942885507196,2.05378128739775e-05,13.3735262312867,-0.987927909964013,-40
97.675,0.633462643584081,1240.12131383647,1239.48785119289,0.205120497974634,0.198906851718561,0.00621364625607276,4.82164491568127e-05,14.3735262312867,0.0355947357630316,40
97.7,0.338770284525451,1240.12131383647,1239.78254355194,0.205842234330885,0.198906851718561,0.00693538261232399,0.000786236715832417,15.3735262312867,1.05911738149008,40.0000000000001
97.725,0.0436330150591239,1240.12131383647,1240.07768082141,0.205762313232632,0.198906851718561,0.00685546151407079,0.000701675594281692,14.3735262312867,0.0326400272171273,-40.0000000000001
97.75,0.632586796042974,1241.00581140222,1240.37322460618,0.20639136918604,0.198914349211763,0.00747701997427652,0.00130912944229672,15.3735262312867,1.00751481256138,40.0000000000001
97.775,0.336567723634475,1241.00581140222,1240.66924367859,0.20644091354108,0.198914349211763,0.00752656432931628,0.00135747472755118,14.6735555311814,0.332418897800289,-27.9988280042134
97.8,0.0409960806793922,1241.00581140222,1240.96481532154,0.205785236687943,0.198914349211763,0.00687088747617959,0.000683211873516221,13.6735555311814,-0.692706316855464,-40
97.825,0.652322785445542,1241.91235207217,1241.26002928673,0.205921402678906,0.198921929164964,0.00699947351394145,0.00082083305258715,14.6735555311814,0.332168468488783,40
97.85,0.35642269530012,1241.91235207217,1241.55592937687,0.206726121978676,0.198921929164964,0.00780419281371178,0.00164797406427311,15.6608053491455,1.34968852976659,39.4899927185648
97.875,0.0599686947696997,1241.91235207217,1241.8523833774,0.206716234077748,0.198921929164964,0.00779430491278352,0.00164359788960655,14.6608053491455,0.329958773080265,-40.0000000000001
97.9,0.646592748060731,1242.79592858228,1242.14933583422,0.207404183936384,0.198928674254639,0.00847550968174582,0.00232260104954754,15.6608053491455,1.31022901639395,40.0000000000001
97.925,0.349241653443438,1242.79592858228,1242.44668692883,0.207293846333767,0.198928674254639,0.00836517207912799,0.0022258663380256,14.6608053491455,0.34049925970763,-40.0000000000001
97.95,0.0525506805526015,1242.79592858228,1242.74337790172,0.206500806369138,0.198928674254639,0.00757213211449922,0.00143087836228548,13.6608053491455,-0.679230496978688,-40
97.975,0.603565543108961,1243.64309405477,1243.03952851167,0.206518901837815,0.198935859643843,0.00758304219397196,0.00146666176507859,14.6608053491455,0.348215392384646,40
98,0.307902078609704,1243.64309405477,1243.33519197616,0.205839474600253,0.198935859643843,0.00690361495640981,0.000826262408056472,13.6659053028919,-0.612796086800861,-39.7960018501431
98.025,0.0136538043633131,1243.64309405477,1243.62944025041,0.204559632506221,0.198935859643843,0.00562377286237806,-0.000431150089598126,12.6659053028919,-1.62890751973279,-40
98.05,0.593595103800283,1244.51609706869,1243.92250196489,0.20416135928457,0.198943966576336,0.0052173927082346,-0.000821195520918278,13.6659053028919,-0.645018952664714,40
98.075,0.300550116677064,1244.51609706869,1244.21554695201,0.204518110045621,0.198943966576336,0.00557414346928517,-0.000433468725537844,14.6659053028919,0.388869614403359,40
98.1,0.00754557703636894,1244.51609706869,1244.50855149165,0.204125594314603,0.198943966576336,0.00518162773826705,-0.000810411878349238,13.6659053028919,-0.627241818528569,-40
98.125,0.568174522389538,1245.36972126979,1244.8015467474,0.204487142440783,0.198818192547236,0.00566894989354641,-0.000420423339334813,14.6659053028919,0.393979000998006,40
98.15,0.275063086386336,1245.36972126979,1245.09465818341,0.204303244559156,0.198818192547236,0.0054850520119194,-0.000564860603819883,13.9590949752377,-0.291610507129623,-28.272413106168
98.175,-0.0172901634407365,1245.36972126979,1245.38701143323,0.203447472533095,0.198818192547236,0.00462927998585866,-0.00140662459093865,12.9590949752377,-1.32038968760305,-40
98.2,0.572399317388783,1246.25113976821,1245.67874045082,0.203412226532613,0.198831718972497,0.00458050756011591,-0.00144596883761483,13.9590949752377,-0.343888543563583,40
98.225,0.280232987515191,1246.25113976821,1245.9709067807,0.20404227333798,0.198831718972497,0.00521055436548257,-0.00080062961400551,14.9050093905498,0.628527015787927,37.8365766124818
98.25,-0.0122556529712703,1246.25113976821,1246.26339542118,0.203883767590542,0.198831718972497,0.00505204861804481,-0.000962133635497631,13.9050093905498,-0.394971840172606,-40
98.275,0.557129196161129,1247.11331462967,1246.5561854335,0.204445572778863,0.198843824675106,0.00560174810375741,-0.000384104126241791,14.9050093905498,0.631529303866863,40
98.3,0.264107440297634,1247.11331462967,1246.84920718937,0.204228307961141,0.198843824675106,0.00538448328603533,-0.000563475797166174,13.9050093905498,-0.334468819596304,-40
98.325,-0.0281120622733405,1247.11331462967,1247.14142669194,0.203343712264127,0.198843824675106,0.00449988758902117,-0.00142653903976261,12.9050093905498,-1.35046694305947,-40
98.35,0.571069783324353,1248.00405385244,1247.43298406911,0.203283641442851,0.198855798533313,0.0044278429095379,-0.00147910902834736,13.9050093905498,-0.366465066522636,40
98.375,0.279079774728191,1248.00405385244,1247.72497407771,0.20393016878225,0.198855798533313,0.00507437024893734,-0.000802459551983742,14.9050093905498,0.667218055463301,40
98.4,-0.0132550474804601,1248.00405385244,1248.01730889992,0.203785824131944,0.198855798533313,0.00493002559863129,-0.000932242244593068,13.9050093905498,-0.349098822550762,-40
98.425,0.565928698651934,1248.87589330292,1248.30996460427,0.204359883353373,0.198866479928506,0.00549340342486621,-0.000329941720028037,14.9050093905498,0.673338100496877,40
98.45,0.272966259781301,1248.87589330292,1248.60292704314,0.204232127413497,0.198866479928506,0.00536564748499049,-0.00041779646845308,14.0179835485638,-0.191250818441442,-35.4810336794383
98.475,-0.0193135641351414,1248.87589330292,1248.89520686705,0.203424401980161,0.198866479928506,0.00455792205165434,-0.00121056408629822,13.0179835485638,-1.2188138953938,-40
98.5,0.587642729535688,1249.77457024148,1249.18692751194,0.203430443639728,0.198876971046872,0.00455347259285618,-0.00120786301883025,14.0179835485638,-0.24195880392011,40
98.525,0.295400771079236,1249.77457024148,1249.4791694704,0.204133853350059,0.198876971046872,0.00525688230318686,-0.000523391042714511,15.0179835485638,0.735023786397243,40.0000000000001
98.55,0.00273756992467026,1249.77457024148,1249.77183267155,0.204038498514649,0.198876971046872,0.00516152746777776,-0.000685933231300256,14.0179835485638,-0.337993623285403,-40
98.575,0.588168247769176,1250.65305098593,1250.06488273817,0.204654803567164,0.198886234660472,0.0057685689066917,-0.000143237714822997,15.0179835485638,0.63898896703195,40
98.6,0.294552518778408,1250.65305098593,1250.35849846716,0.204838293054933,0.198886234660472,0.00595205839446133,-3.98060535131139e-06,14.5246934502238,0.17268145900933,-19.7316039335989
98.625,0.00120530973631401,1250.65305098593,1250.6518456762,0.204297508039438,0.198886234660472,0.00541127337896607,-0.000598754635433157,13.5246934502238,-0.850335950673317,-40
98.65,0.609764495117808,1251.55475354246,1250.94498904734,0.204532484776088,0.198895093613482,0.00563739116260614,-0.000395832258351603,14.5246934502238,0.170077934554072,40
98.675,0.315903552423254,1251.55475354246,1251.23884999004,0.205284427822406,0.198895093613482,0.00638933420892351,0.000347925344602956,15.313480469708,0.986608581074283,31.5514807793673
98.7,0.0215563328495193,1251.55475354246,1251.53319720961,0.205230537601179,0.198895093613482,0.00633544398769623,0.000271361927375618,14.313480469708,-0.0356477918896834,-40
98.725,0.606995471630422,1252.43498249363,1251.827987022,0.205882244194806,0.198902999055998,0.00697924513880752,0.000887959140665473,15.313480469708,0.94209583514635,40
98.75,0.31185230377974,1252.43498249363,1252.12313018985,0.205742396348654,0.198902999055998,0.0068393972926559,0.000736287609136133,14.313480469708,-0.0315126774348165,-40
98.775,0.0174058917765343,1252.43498249363,1252.41757660185,0.204925187669173,0.198902999055998,0.00602218861317452,-0.000107714569647671,13.313480469708,-1.05512119001599,-40
98.8,0.628956443180582,1253.34040959649,1252.71145315331,0.204923938511234,0.198911213092837,0.00601272541839665,-0.000113699043454513,14.313480469708,-0.028729702597149,40
98.825,0.334566955377375,1253.34040959649,1253.00584264111,0.205621369371248,0.198911213092837,0.00671015627841062,0.000597869667966017,15.313480469708,0.997661784821685,40
98.85,0.0397630968344064,1253.34040959649,1253.30064649966,0.205521236500109,0.198911213092837,0.00661002340727146,0.000493121785314271,14.313480469708,-0.0259467277594847,-40
98.875,0.62929900635695,1254.22513091614,1253.59583190978,0.206133755769878,0.198918511240183,0.00721524452969441,0.00108713178933459,15.313480469708,0.953575988622644,40
98.9,0.333581454515021,1254.22513091614,1253.89154946162,0.206274531810918,0.198918511240183,0.00735602057073448,0.00123239518924781,14.7633284272399,0.43294666253668,-22.0060816987239
98.925,0.0381883006140778,1254.22513091614,1254.18694261552,0.205697798675741,0.198918511240183,0.00677928743555709,0.000644949784930043,13.7633284272399,-0.587530621081191,-40
98.95,0.649475647373149,1255.13156053267,1254.4820848853,0.205902493749498,0.198925715905575,0.00697677784392264,0.00085970610213737,14.7633284272399,0.440402124155044,40
98.975,0.353638310554766,1255.13156053267,1254.77792222212,0.20665252552178,0.198925715905575,0.00772680961620489,0.00163957215374089,15.5866016901978,1.29443248629953,32.9309305183158
99,0.0573175092263947,1255.13156053267,1255.07424302345,0.206596983968851,0.198925715905575,0.00767126806327559,0.00159591013610336,14.5866016901978,0.275189585486111,-40.0000000000001
99.025,0.644709733255895,1256.01571354577,1255.37100381252,0.207247126633285,0.198932199435923,0.00831492719736229,0.00224255833703571,15.5866016901978,1.2559466846727,40.0000000000001
99.05,0.347598418076989,1256.01571354577,1255.66811512769,0.207105740726048,0.198932199435923,0.00817354129012524,0.00211942949481209,14.5866016901978,0.28670378385928,-40.0000000000001
99.075,0.0511864817796393,1256.01571354577,1255.96452706399,0.206287405177538,0.198932199435923,0.00735520574161502,0.00130310672029577,13.5866016901978,-0.732539116954134,-40
99.1,0.603779538958751,1256.86414640582,1256.26036686686,0.206285154898065,0.198939204571554,0.00734595032651075,0.00131256185175646,14.5866016901978,0.282002988322258,40
99.125,0.308320154924263,1256.86414640582,1256.55582625089,0.205769316823538,0.198939204571554,0.00683011225198435,0.000825601803973453,13.8493498937964,-0.428038955261242,-29.4900718560557
99.15,0.0140574888682368,1256.86414640582,1256.85008891695,0.204630662293669,0.198939204571554,0.00569145772211491,-0.00030433478765246,12.8493498937964,-1.45082910244335,-40
99.175,0.594029622712345,1257.7373832485,1257.14335362579,0.204354400373099,0.198946956459018,0.00540744391408038,-0.000582332054329282,13.8493498937964,-0.46390430391154,40
99.2,0.300618766084413,1257.7373832485,1257.43676448242,0.204816601746103,0.198946956459018,0.00586964528708447,-9.95693963528888e-05,14.8493498937964,0.567740170107377,40.0000000000001
99.225,0.00710773053578845,1257.7373832485,1257.73027551797,0.204515220753088,0.198946956459018,0.0055682642940694,-0.00039615390221856,13.8493498937964,-0.450615355873708,-40
99.25,0.566274141090108,1258.59017282719,1258.0238986861,0.20495550756264,0.198820864853917,0.00613464270872224,6.9534020688572e-05,14.8493498937964,0.579848040038623,40
99.275,0.272580472527077,1258.59017282719,1258.31759235467,0.204634985413592,0.198820864853917,0.00581412055967453,-0.000207912386262138,13.8493498937964,-0.389688564049045,-40
99.3,-0.0201737633459942,1258.59017282719,1258.61034659054,0.203662793904878,0.198820864853917,0.00484192905096067,-0.00115675384678998,12.8493498937964,-1.40922516813671,-40
99.325,0.569383746967712,1259.47170566432,1258.90232191735,0.20352831272463,0.198834479054165,0.00469383367046453,-0.00128474723380528,13.8493498937964,-0.428761772224378,40
99.35,0.27713981852434,1259.47170566432,1259.19456584579,0.204024012072799,0.198834479054165,0.00518953301863373,-0.000762075490164299,14.7241007352646,0.476452465156102,34.990033658726
99.375,-0.0152473831369029,1259.47170566432,1259.48695304745,0.203750674427325,0.198834479054165,0.00491619537315988,-0.0010257665864119,13.7241007352646,-0.543084138931564,-40
99.4,0.555799768802324,1260.33528807217,1259.77948830337,0.204214314897558,0.198846899793595,0.00536741510396291,-0.000544311746807552,14.7241007352646,0.470306919033457,40
99.425,0.263131539312533,1260.33528807217,1260.07215653286,0.203957433615378,0.198846899793595,0.00511053382178345,-0.000768520133374029,13.7876995811004,-0.441456978227431,-37.4560461665683
99.45,-0.0286805181369065,1260.33528807217,1260.3639685903,0.203038756240645,0.198846899793595,0.00419185644704981,-0.00167667640168079,12.7876995811004,-1.46681972132411,-40
99.475,0.572286238027161,1261.2273579822,1260.65507174417,0.20294922056849,0.198859163257307,0.00409005731118295,-0.00176670007697355,13.7876995811004,-0.480808245032339,40
99.5,0.280791192078105,1261.2273579822,1260.94656679012,0.203570222179815,0.198859163257307,0.00471105892250881,-0.00112379448050415,14.7876995811004,0.550785062833375,40
99.525,-0.0110130399580055,1261.2273579822,1261.23837102215,0.203403570749522,0.198859163257307,0.00454440749221555,-0.00128425789356296,13.7876995811004,-0.467621629300907,-40
99.55,0.569561918125565,1262.10002658447,1261.53046466634,0.203957987554896,0.198870108382165,0.0050878791727309,-0.000703802716411905,14.7876995811004,0.561706969764541,40
99.575,0.276914799299491,1262.10002658447,1261.82311178517,0.204186587129806,0.198870108382165,0.00531647874764091,-0.000432191152793832,14.4362993375081,0.239635325237776,-14.0560097436886
99.6,-0.0155206604149482,1262.10002658447,1262.11554724488,0.203683171985196,0.198870108382165,0.00481306360303158,-0.000912964716425685,13.4362993375081,-0.781036075696774,-40
99.625,0.588214944048501,1262.9960403592,1262.40782541515,0.203948790509697,0.19888038564277,0.00506840486692739,-0.000642155530622052,14.4362993375081,0.198292523368675,40
99.65,0.295272341170736,1262.9960403592,1262.70076801803,0.204601898620341,0.19888038564277,0.00572151297757151,5.77669624354793e-06,15.0477015089515,0.795591998967398,24.4560868577322
99.675,0.0019773833974507,1262.9960403592,1262.9940629758,0.204461976423515,0.19888038564277,0.00558159078074547,-0.000183089329053643,14.0477015089515,-0.268510696877187,-40
99.7,0.583593801887348,1263.87127751931,1263.28768371742,0.205038678115203,0.198889672341865,0.00614900577333857,0.000333247396906655,15.0477015089515,0.704715465635591,40
99.725,0.289697436708,1263.87127751931,1263.5815800826,0.204866199660599,0.198889672341865,0.00597652731873405,0.00012551087682719,14.0949446332147,-0.224815247588368,-38.1102750294695
99.75,-0.00345635452877294,1263.87127751931,1263.87473387384,0.204019366664774,0.198889672341865,0.00512969432290919,-0.000769988723643422,13.0949446332147,-1.25158908507559,-40
99.775,0.605560446200946,1264.77283663948,1264.16727619328,0.203991185741733,0.198899088453622,0.005092097288111,-0.0008234464807369,14.0949446332147,-0.228362922562809,40
99.8,0.312542613921409,1264.77283663948,1264.46029402556,0.204664426781913,0.198899088453622,0.00576533832829162,-0.000155492792958678,15.0949446332147,0.794863239949972,40
99.825,0.0191438561334594,1264.77283663948,1264.75369278335,0.204542473552376,0.198899088453622,0.00564338509875442,-0.000300555180347412,14.0949446332147,-0.231910597537247,-40
99.85,0.606773692078471,1265.6542167567,1265.04744306462,0.205135374531057,0.198907341634411,0.00622803289664606,0.000256799915522271,15.0949446332147,0.745426299300221,40
99.875,0.312398414793283,1265.6542167567,1265.34181834191,0.20542118099502,0.198907341634411,0.00651383936060873,0.000529084496850907,14.7778381511071,0.452525485066815,-12.6842592843029
99.9,0.0181556210513468,1265.6542167567,1265.63606113565,0.204967615986397,0.198907341634411,0.00606027435198647,4.59236249939488e-05,13.7778381511071,-0.573268847059012,-40
99.925,0.626921414701507,1266.55713771569,1265.93021630098,0.205276954418666,0.198915073699206,0.00636188071945981,0.000346753826902718,14.7778381511071,0.450936820815161,40
99.95,0.332074558124588,1266.55713771569,1266.22506315756,0.205922013874998,0.198915073699206,0.0070069401757917,0.00100242976855197,15.3228693755691,1.02176368429722,21.80124897848
99.975,0.0368826743741127,1266.55713771569,1266.52025504131,0.205776366116039,0.198915073699206,0.00686129241683328,0.000848829327557837,14.3228693755691,-0.00244067668270839,-40
100,0.623303343886172,1267.43907192875,1266.81576858486,0.206349463279471,0.198922081362483,0.00742738191698811,0.00139801655625127,15.3228693755691,0.973354962337356,40
100.025,0.327493405937263,1267.43907192875,1267.11157852281,0.20620559176218,0.198922081362483,0.00728351039969771,0.00125143220745966,14.4134577275798,0.0897389533680964,-36.376465919573
100.05,0.0323844511233723,1267.43907192875,1267.40668747763,0.205385261177724,0.198922081362483,0.00646317981524172,0.000411614333026111,13.4134577275798,-0.934465407611838,-40
100.075,0.644655523707661,1268.34587918216,1267.70122365845,0.20538174193844,0.198929441461734,0.00645230047670547,0.000406878739743183,14.4134577275798,0.0881330893540714,40
100.1,0.349608276897977,1268.34587918216,1267.99627090526,0.206077528445959,0.198929441461734,0.00714808698422406,0.00112839253859418,15.4134577275798,1.12694658023018,40.0000000000001
100.125,0.0541477107908516,1268.34587918216,1268.29173147136,0.205976352174678,0.198929441461734,0.00704691071294389,0.00104109542293715,14.4134577275798,0.115760071106278,-40.0000000000001
100.15,0.644382483827845,1269.23195589097,1268.58757340714,0.206588415432515,0.198935903747139,0.00765251168537623,0.00165686092174611,15.4134577275798,1.10457356198238,40.0000000000001
100.175,0.34797866152405,1269.23195589097,1268.88397722944,0.206768999002206,0.198935903747139,0.00783309525506698,0.00186053196908748,14.9203033932852,0.640517772849969,-19.726173371784
100.2,0.0518452277043976,1269.23195589097,1269.18011066326,0.206226924365102,0.198935903747139,0.0072910206179628,0.00132323876577112,13.9203033932852,-0.380383681987845,-40
100.225,0.603888978147347,1270.07992937041,1269.47604039226,0.206461884938916,0.198942300228286,0.0075195847106298,0.00157630271047571,14.9203033932852,0.640271217251117,40
100.25,0.30815769707443,1270.07992937041,1269.77177167334,0.205966580924741,0.198942300228286,0.00702428069645444,0.00111133981512523,13.9203033932852,-0.33789280540334,-40
100.275,0.0135938069811049,1270.07992937041,1270.06633556343,0.204846479509688,0.198942300228286,0.00590417928140133,-2.82704349197083e-06,12.9203033932852,-1.3660568280578,-40
100.3,0.592343431192064,1270.95227164806,1270.35992821687,0.204587160218939,0.198949591296177,0.00563756892276118,-0.000276734171422793,13.9203033932852,-0.39369920235528,40
100.325,0.298664508570278,1270.95227164806,1270.65360713949,0.204950148037068,0.198949591296177,0.00600055674089095,8.90207130820608e-05,14.7558740202978,0.464229050359778,33.4228250805016
100.35,0.00501521775645538,1270.95227164806,1270.9472564303,0.204564887378161,0.198949591296177,0.00561529608198311,-0.000313466648378891,13.7558740202978,-0.563413323937705,-40
100.375,0.564777352298693,1271.80568565978,1271.24090830748,0.204934508956714,0.198823371469983,0.00611113748673051,5.67469439083923e-05,14.7558740202978,0.458944301764812,40
100.4,0.271147149989986,1271.80568565978,1271.53453850979,0.204554644111954,0.198823371469983,0.00573127264197107,-0.00029531165488883,13.7558740202978,-0.50162573458536,-40
100.425,-0.0214663093849647,1271.80568565978,1271.82715196916,0.203532774202684,0.198823371469983,0.00470940273270062,-0.0013009269367264,12.7558740202978,-1.51219577093553,-40
100.45,0.569913739397289,1272.68883553987,1272.11892180047,0.203356863522074,0.198836961420374,0.00451990210169945,-0.00147043461488547,13.7558740202978,-0.522765807285701,40
100.475,0.277865092435228,1272.68883553987,1272.41097044744,0.203905617958004,0.198836961420374,0.00506865653762964,-0.000896714396858983,14.7558740202978,0.505289936975676,40
100.5,-0.0143979666801889,1272.68883553987,1272.70323350655,0.203678735439863,0.198836961420374,0.00484177401948904,-0.00111758609677653,13.7558740202978,-0.516654318762943,-40
100.525,0.558018366032091,1273.5537251009,1272.99570673486,0.204183062348624,0.198849298548641,0.00533376379998296,-0.000589789633218069,14.7558740202978,0.509611058452248,40
100.55,0.265325005380223,1273.5537251009,1273.28840009552,0.204006641714834,0.198849298548641,0.0051573431661926,-0.000726172302596584,13.883759702464,-0.333973173366044,-34.8845727133501
100.575,-0.0266189508431159,1273.5537251009,1273.58034405174,0.20315749547651,0.198849298548641,0.0043081969278688,-0.0015559424351671,12.883759702464,-1.35544308735059,-40
100.6,0.574385790516562,1274.44605693282,1273.8716711423,0.20312800576027,0.198861469954203,0.0042665358060672,-0.00158370298391242,13.883759702464,-0.376913001335128,40
100.625,0.282587683275517,1274.44605693282,1274.16346924955,0.20380070087081,0.198861469954203,0.00493923091660659,-0.000889453291769982,14.883759702464,0.65161708468033,40.0000000000001
100.65,-0.00958738354229508,1274.44605693282,1274.45564431636,0.203678399514318,0.198861469954203,0.00481692956011512,-0.00100807847893228,13.883759702464,-0.369852829304209,-40
100.675,0.570075205395877,1275.31824185203,1274.74816664663,0.204270719072002,0.198872414308349,0.00539830476365322,-0.000400882216621989,14.883759702464,0.646610389132969,40
100.7,0.27710978843765,1275.31824185203,1275.04113206359,0.204314543279598,0.198872414308349,0.00544212897124957,-0.000323727209149999,14.221505539393,0.0134905861417792,-26.4901665228402
100.725,-0.015397363141883,1275.31824185203,1275.33363921517,0.203652554907602,0.198872414308349,0.0047801405992533,-0.000971452948597046,13.221505539393,-1.00737505377841,-40
100.75,0.589049349973372,1276.21482647613,1275.62577712616,0.203781984407337,0.198883060551778,0.00489892385555976,-0.000809176616230034,14.221505539393,0.0217593063014098,40
100.775,0.296240748643413,1276.21482647613,1275.91858572749,0.204574699229002,0.198883060551778,0.00569163867722439,3.23076910495601e-05,15.200639605114,1.03002773210221,39.1653626288394
100.8,0.00289621743905415,1276.21482647613,1276.21193025869,0.20455374412691,0.198883060551778,0.00567068357513223,3.88743427797711e-05,14.200639605114,0.00916209218202435,-40
100.825,0.583822058540285,1277.08957869073,1276.50575663219,0.205231541654499,0.198892503114234,0.00633903854026571,0.00072599721416669,15.200639605114,0.988296452261838,40
100.85,0.289612074428872,1277.08957869073,1276.7999666163,0.205111693981686,0.198892503114234,0.0062191908674519,0.00063191436444382,14.200639605114,0.0133200780169665,-40
100.875,-0.00392324243985749,1277.08957869073,1277.09350193317,0.20430893115653,0.198892503114234,0.00541642804229645,-0.000165911190762535,13.200639605114,-1.0116562962279,-40
100.9,0.602854682187862,1277.98933705066,1277.38648236847,0.204317430889083,0.198902022530951,0.00541540835813198,-0.000135430579335821,14.200639605114,0.0133673295272267,40
100.925,0.309352001465003,1277.98933705066,1277.6799850492,0.205020834320638,0.198902022530951,0.00611881178968784,0.000604532905528921,15.200639605114,1.03839095528235,40
100.95,0.0154303233892274,1277.98933705066,1277.97390672727,0.204923382591146,0.198902022530951,0.00602136006019585,0.000521203292683126,14.200639605114,0.0134145810374836,-40
100.975,0.600226003338505,1278.86843662342,1278.26821062008,0.205535933387117,0.19891042481253,0.00662550857458732,0.00113041167912264,15.200639605114,0.99100969929051,40
101,0.305586288030964,1278.86843662342,1278.56285033539,0.205410681087571,0.19891042481253,0.00650025627504061,0.00102172374039522,14.2722542869615,0.0902194993910068,-37.135412726101
101.025,0.0116260949677154,1278.86843662342,1278.85681052845,0.204604073185708,0.19891042481253,0.00569364837317826,0.000213792579092126,13.2722542869615,-0.93218538235597,-40
101.05,0.62188498098981,1279.77209819044,1279.15021320945,0.204610216947594,0.198918813051383,0.00569140389621098,0.000235649559531426,14.2722542869615,0.0918321595693849,40
101.075,0.327960698777435,1279.77209819044,1279.44413749166,0.205312575238649,0.198918813051383,0.00639376218726595,0.000970501744413765,15.2722542869615,1.1190468435489,40.0000000000001
101.1,0.0336162741674736,1279.77209819044,1279.73848191627,0.205215345181837,0.198918813051383,0.0062965321304542,0.000885185376668374,14.2722542869615,0.0962615275284161,-40
101.125,0.621773300461174,1280.65498473568,1280.03321143522,0.205829305401512,0.19892610312196,0.00690320227955268,0.00149336600153549,15.2722542869615,1.07347621150793,40
101.15,0.326492752762183,1280.65498473568,1280.32849198292,0.205993347247462,0.19892610312196,0.00706724412550247,0.00167132215440513,14.7549289900926,0.583365598618604,-20.6930118747539
101.175,0.0315052725736074,1280.65498473568,1280.6234794631,0.205435767007182,0.19892610312196,0.00650966388522178,0.00110957312575991,13.7549289900926,-0.43941971740188,-40
101.2,0.582497942072908,1281.5007403691,1280.91824242702,0.205656419063133,0.198933120120414,0.00672329894271934,0.00133479774720638,14.7549289900926,0.572583935432479,40
101.225,0.287952097559546,1281.5007403691,1281.21278827154,0.205148011633643,0.198933120120414,0.00621489151322885,0.000844294950241908,13.7549289900926,-0.406968765809935,-40
101.25,-0.00540951763734928,1281.5007403691,1281.50614988673,0.204015801500142,0.198933120120414,0.0050826813797282,-0.000293542003506037,12.7549289900926,-1.43652146705235,-40
101.275,0.573169732400933,1282.3716950146,1281.7985252822,0.203745609356794,0.198940816227709,0.00480479312908502,-0.000583939261297128,13.7549289900926,-0.458019321188323,40
101.3,0.280636269470184,1282.3716950146,1282.09105874513,0.204214146467047,0.198940816227709,0.00527333023933796,-0.00011359056488916,14.7549289900926,0.569961176318729,40
101.325,-0.0120100143820185,1282.3716950146,1282.38370502898,0.20391955511343,0.198940816227709,0.00497873888572137,-0.000422442898344672,13.7549289900926,-0.452058326174219,-40
101.35,0.547569827229853,1283.22404681618,1282.67647698895,0.204367396580198,0.198814665844579,0.00555273073561896,3.22412773433034e-05,14.7549289900926,0.575922171332831,40
101.375,0.254712574371068,1283.22404681618,1282.96933424181,0.20405527380174,0.198814665844579,0.00524060795716075,-0.000254996838680466,13.7549289900926,-0.396097331160115,-40
101.4,-0.0372211734953153,1283.22404681618,1283.26126798968,0.203092241979597,0.198814665844579,0.00427757613501861,-0.0012126161807012,12.7549289900926,-1.41811683365306,-40
101.425,0.554235103061263,1284.10667496145,1283.55243985838,0.202967889536838,0.198828164554558,0.00413972498227991,-0.00134825125658125,13.7549289900926,-0.440136336146013,40
101.45,0.262764723935895,1284.10667496145,1283.84391023751,0.203490559903328,0.198828164554558,0.00466239534877042,-0.000816270374110029,14.6520692901768,0.484984461445228,35.8856120033676
101.475,-0.0288896108232437,1284.10667496145,1284.13556457227,0.203243043525234,0.198828164554558,0.00441487897067602,-0.00107173872044838,13.6520692901768,-0.537035041047717,-40
101.5,0.544948599437349,1284.97235453332,1284.42740593388,0.203731665817492,0.198840470756901,0.00489119506059035,-0.000582938117222515,14.6520692901768,0.473765795008781,40
101.525,0.252895862415907,1284.97235453332,1284.71945867091,0.203554533606476,0.198840470756901,0.0047140628495751,-0.000751670907926272,13.7951723432834,-0.370539948781979,-34.2758778757378
101.55,-0.0384106781119374,1284.97235453332,1285.01076521143,0.202706885961738,0.198840470756901,0.00386641520483672,-0.00161875561531902,12.7951723432834,-1.40794874567929,-40
101.575,0.565576090593625,1285.86703698306,1285.30146089246,0.202680947913857,0.198852634267883,0.00382831364597466,-0.00167961600375363,13.7951723432834,-0.433442723631354,40
101.6,0.274400786376652,1285.86703698306,1285.59263619668,0.203359189552601,0.198852634267883,0.00450655528471813,-0.00101461683991458,14.7951723432834,0.591063298416583,40
101.625,-0.0171624964598775,1285.86703698306,1285.88419947952,0.203244128594015,0.198852634267883,0.00439149432613251,-0.00115920394594796,13.7951723432834,-0.434430679535482,-40
101.65,0.566065125247804,1286.74218808839,1286.17612296314,0.203845151048901,0.198863618309931,0.0049815327389702,-0.000568237367914226,14.7951723432834,0.587882738096063,40
101.675,0.273545167857036,1286.74218808839,1286.46864292053,0.2040878164522,0.198863618309931,0.00522419814226913,-0.000310500083326753,14.4036135890896,0.230704269112146,-15.6623501677495
101.7,-0.0187830285958794,1286.74218808839,1286.76097111698,0.203598357978557,0.198863618309931,0.00473473966862667,-0.000798225972578559,13.4036135890896,-0.784915445678033,-40
101.725,0.587756897331161,1287.64091812382,1287.05316122648,0.203877627717495,0.198874170164645,0.00500345755285017,-0.00052859569192551,14.4036135890896,0.199464839531788,40
101.75,0.294850152772702,1287.64091812382,1287.34606797104,0.204590188985048,0.198874170164645,0.00571601882040379,0.000164647119827638,15.0814197048319,0.861651240483912,27.1122446296921
101.775,0.00151269597892318,1287.64091812382,1287.63940542784,0.204502235782801,0.198874170164645,0.00562806561815626,1.42618697681618e-05,14.0814197048319,-0.203968474306265,-40
101.8,0.584937562982014,1288.51807412686,1287.93313656388,0.205124183320468,0.198883884714918,0.00624029860555009,0.000563110077269668,15.0814197048319,0.767910113098229,40
101.825,0.290896632330415,1288.51807412686,1288.22717749453,0.204957833297691,0.198883884714918,0.00607394858277285,0.00034950016274915,14.0814197048319,-0.210211299497277,-40
101.85,-0.0024078037889405,1288.51807412686,1288.52048193065,0.204116307484308,0.198883884714918,0.00523242276939054,-0.000551981449688849,13.0814197048319,-1.23833271209278,-40
101.875,0.607856041813234,1289.42103547349,1288.81317943168,0.204092431951675,0.198893944664151,0.00519848728752456,-0.000611721475963445,14.0814197048319,-0.216454124688288,40
101.9,0.314680362273944,1289.42103547349,1289.10635511122,0.20476873621389,0.198893944664151,0.00587479154973891,4.93998582684063e-05,15.0814197048319,0.805424462716208,40
101.925,0.0211231751503337,1289.42103547349,1289.39991229834,0.204648413681411,0.198893944664151,0.00575446901725965,-0.000103251921109465,14.0814197048319,-0.222696949879299,-40
101.95,0.609055545709055,1290.30287495542,1289.69381940971,0.205241461320906,0.198903001033768,0.00633846028713803,0.000444803616370087,15.0814197048319,0.752022832889014,40
101.975,0.314525139960065,1290.30287495542,1289.98834981546,0.205528800948395,0.198903001033768,0.00662579991462769,0.000709457819240006,14.768606162854,0.461357581181505,-12.5125416791171
102,0.0201294963940798,1290.30287495542,1290.28274545902,0.205074704275111,0.198903001033768,0.00617170324134292,0.000216920605446341,13.768606162854,-0.566494128548077,-40
102.025,0.628472459029636,1291.2055207978,1290.57704833877,0.205381555691884,0.198911613060777,0.00646994263110667,0.000506766709234635,14.768606162854,0.45565416172234,40
102.05,0.333496846567997,1291.2055207978,1290.87202395123,0.206007110569751,0.198911613060777,0.00709549750897415,0.00113619347103491,15.292013405044,1.00478727051044,20.9362896876008
102.075,0.0382067404889834,1291.2055207978,1291.16731405731,0.205842274234825,0.198911613060777,0.00693066117404845,0.000958214146372344,14.292013405044,-0.0194868628914763,-40
102.1,0.623400716083283,1292.08629651342,1291.46289579734,0.206396391079747,0.198919527660469,0.00747686341927839,0.00148460673672723,15.292013405044,0.956239003706605,40
102.125,0.327553782452378,1292.08629651342,1291.75874273097,0.206231540475598,0.198919527660469,0.00731201281512944,0.00131444701593367,14.3797175816998,0.0696690469604291,-36.4918329337703
102.15,0.0324401028216103,1292.08629651342,1292.0538564106,0.20539047199592,0.198919527660469,0.00647094433545192,0.000452363495130642,13.3797175816998,-0.95460508644149,-40
102.175,0.643263215464374,1292.99162885402,1292.34836563855,0.205366463631555,0.198927738378043,0.00643872525351161,0.000426532597445323,14.3797175816998,0.0679084757212454,40
102.2,0.348273920439288,1292.99162885402,1292.64335493358,0.206041997394511,0.198927738378043,0.00711425901646731,0.00112728197423101,15.3797175816998,1.10563306902914,40.0000000000001
102.225,0.0529017194455321,1292.99162885402,1292.93872713457,0.205920749865661,0.198927738378043,0.00699301148761775,0.00101947486057394,14.3797175816998,0.0933576623370383,-40.0000000000001
102.25,0.641385823014086,1293.87583680672,1293.23445098371,0.206513083412619,0.19893491637174,0.00757816704087938,0.00161511624259014,15.3797175816998,1.08108225564493,40.0000000000001
102.275,0.345132413438641,1293.87583680672,1293.53070439328,0.206669582563407,0.19893491637174,0.00773466619166749,0.00179547856963555,14.8797854939128,0.610819914059452,-19.9972835114774
102.3,0.0491836419009686,1293.87583680672,1293.82665316482,0.206104542136777,0.19893491637174,0.00716962576503777,0.00123695797529344,13.8797854939128,-0.409510339739095,-40
102.325,0.599901732467854,1294.72226778447,1294.122366052,0.206317787075657,0.198941857834188,0.00737592924146863,0.00146858669650932,14.8797854939128,0.60851273449312,40
102.35,0.304417309442034,1294.72226778447,1294.41785047503,0.205801976325869,0.198941857834188,0.00686011849168103,0.000981268266691759,13.8797854939128,-0.373464191274666,-40
102.375,0.010128234161236,1294.72226778447,1294.71213955031,0.20466259092104,0.198941857834188,0.00572073308685186,-0.000155918482931117,12.8797854939128,-1.40544111704245,-40
102.4,0.587970595823005,1295.5934023247,1295.00543172888,0.204385411855541,0.198949488058838,0.00543592379670366,-0.000450825613382083,13.8797854939128,-0.433632742823598,40
102.425,0.294589135457773,1295.5934023247,1295.29881318924,0.204767573617462,0.198949488058838,0.00581808555862479,-6.85984747484381e-05,14.7661376793601,0.474527816842539,35.4540874178914
102.45,0.00121065951702065,1295.5934023247,1295.59219166519,0.204397976888117,0.198949488058838,0.00544848882927912,-0.000457827170499997,13.7661376793601,-0.553663808938606,-40
102.475,0.560523274643312,1296.44611860578,1295.88559533114,0.204780665145589,0.198823363949816,0.00595730119577356,-7.67782934581462e-05,14.7661376793601,0.468144565280246,40
102.5,0.267121635162494,1296.44611860578,1296.17899697062,0.204411878336882,0.198823363949816,0.00558851438706642,-0.000419851882235894,13.7661376793601,-0.492867399050345,-40
102.525,-0.0252806888041386,1296.44611860578,1296.47139929458,0.203399658249164,0.198823363949816,0.00457629429934803,-0.00141787893435022,12.7661376793601,-1.50387936338094,-40
102.55,0.56645142173336,1297.32942547818,1296.76297405644,0.203232605551213,0.198836883150653,0.00439572240056038,-0.00158064621178478,13.7661376793601,-0.514891327711533,40
102.575,0.274582351828566,1297.32942547818,1297.05484312635,0.203789918096525,0.198836883150653,0.00495303494587271,-0.00100099138305332,14.7661376793601,0.512181889012619,40
102.6,-0.0175165041719087,1297.32942547818,1297.34694198235,0.203571554218386,0.198836883150653,0.00473467106773337,-0.00121648095353871,13.7661376793601,-0.510744894263225,-40
102.625,0.556074816447535,1298.19534145038,1297.63926663394,0.204084730239035,0.198849058965556,0.0052356712734794,-0.000687771276386251,14.7661376793601,0.508391814478497,40
102.65,0.263513505998573,1298.19534145038,1297.93182794438,0.203918052381691,0.198849058965556,0.00506899341613534,-0.000826574645267475,13.8946298567738,-0.341786694949696,-34.8603129034521
102.675,-0.0283159151404662,1298.19534145038,1298.22365736552,0.203079191899002,0.198849058965556,0.00423013293344623,-0.00166190423662993,12.8946298567738,-1.37045738179158,-40
102.7,0.575005086505932,1299.08989333766,1298.51488825115,0.203060741370857,0.198861034901894,0.00419970646896345,-0.00169766891775716,13.8946298567738,-0.399128068633468,40
102.725,0.283283916361123,1299.08989333766,1298.80660942129,0.203745314315159,0.198861034901894,0.00488427941326525,-0.00101335743867692,14.8946298567738,0.622201244524646,40.0000000000001
102.75,-0.00883443711576132,1299.08989333766,1299.09872777477,0.203635661934757,0.198861034901894,0.00477462703286322,-0.00114355182308318,13.8946298567738,-0.406469442317242,-40
102.775,0.573751026240759,1299.96496552681,1299.39121450057,0.204241442491297,0.198871821447451,0.00536962104384578,-0.000540765697857853,14.8946298567738,0.614859870840871,40
102.8,0.280733607168709,1299.96496552681,1299.68423191964,0.204388832027024,0.198871821447451,0.0055170105795731,-0.000372620025591935,14.3604967355434,0.114557760573859,-21.365324849218
102.825,-0.0119667841484414,1299.96496552681,1299.97693231096,0.203818140498888,0.198871821447451,0.00494631905143711,-0.000937102776959936,13.3604967355434,-0.901611228462701,-40
102.85,0.595065856689341,1300.86445396482,1300.26938810813,0.204028361276056,0.198882294658027,0.0051460666180293,-0.000732714167816895,14.3604967355434,0.0827752822780121,40
102.875,0.301896187983552,1300.86445396482,1300.56255777684,0.204801554549753,0.198882294658027,0.00591925989172634,2.43753920831091e-05,15.2090847360778,0.915749793553141,33.9435200213766
102.9,0.00821407544862035,1300.86445396482,1300.85623988938,0.204766121145388,0.198882294658027,0.00588382648736094,-7.07957889754807e-05,14.2090847360778,-0.149863695706145,-40
102.925,0.591866822130448,1301.74225349167,1301.15038666954,0.205433692337647,0.198891810735213,0.00654188160243402,0.000534634895456132,15.2090847360778,0.834522815034568,40
102.95,0.297348501283792,1301.74225349167,1301.44490499038,0.205307036538142,0.198891810735213,0.00641522580292905,0.000376744807263713,14.2090847360778,-0.133931869588537,-40
102.975,0.00351273080825629,1301.74225349167,1301.73874076086,0.20450027215122,0.198891810735213,0.00560846141600721,-0.000469637683227497,13.2090847360778,-1.15238655421164,-40
103,0.613363031441185,1302.64538002572,1302.03201699428,0.204506982850948,0.198901637420184,0.00560534543076396,-0.000482696695964902,14.2090847360778,-0.132185544229184,40
103.025,0.319566985893119,1302.64538002572,1302.32581303983,0.20521013887123,0.198901637420184,0.00630850145104644,0.000217727613894408,15.2090847360778,0.888015465753276,40
103.05,0.0253529194038995,1302.64538002572,1302.62002710632,0.205113419232986,0.198901637420184,0.0062117818128016,9.80044942532343e-05,14.2090847360778,-0.141783524264258,-40
103.075,0.612624630497086,1303.52724789503,1302.91462326453,0.205727301928669,0.198910525002822,0.0068167769258469,0.000673119432231667,15.2090847360778,0.830652470793329,40
103.1,0.317566482010644,1303.52724789503,1303.20968141301,0.205775044819619,0.198910525002822,0.00686451981679753,0.000703542269535451,14.5265450553753,0.170548785148402,-27.3015872281005
103.125,0.0229603542519088,1303.52724789503,1303.50428754077,0.205116560937084,0.198910525002822,0.00620603593426222,1.12519530516553e-05,13.5265450553753,-0.857015219794015,-40
103.15,0.633187342341286,1304.43171762166,1303.79853027932,0.205249236342854,0.198919355412707,0.00632988093014744,0.000130940015861225,14.5265450553753,0.165420775263572,40
103.175,0.338258186082562,1304.43171762166,1304.09345943558,0.206059029750845,0.198919355412707,0.00713967433813859,0.000947850879973233,15.5265450553753,1.1910690747565,40.0000000000001
103.2,0.0427699177901511,1304.43171762166,1304.38894770387,0.206052456003372,0.198919355412707,0.00713310059066563,0.000930732144607677,14.5265450553753,0.166717374249423,-40.0000000000001
103.225,0.628257571061433,1305.31319513997,1304.68493756891,0.206742430025829,0.198927191438333,0.00781523858749664,0.00160012042032989,15.5265450553753,1.1496365282075,40.0000000000001
103.25,0.331867500460542,1305.31319513997,1304.98132763951,0.206632860665197,0.198927191438333,0.00770566922686478,0.00149628864351961,14.5265450553753,0.182555682165565,-40.0000000000001
103.275,0.0361376296303043,1305.31319513997,1305.27705751034,0.205839337101862,0.198927191438333,0.00691214566352905,0.000696159670280916,13.5265450553753,-0.834525163876365,-40
103.3,0.645603349473703,1306.2178489946,1305.57224564512,0.205856191066057,0.198935313307919,0.00692087775813757,0.000724509888847674,14.5265450553753,0.189467156297459,40
103.325,0.349892995191803,1306.2178489946,1305.8679559994,0.206551073796651,0.198935313307919,0.00761576048873225,0.00145452297257903,15.5043250642843,1.20288615734955,39.1112003563612
103.35,0.0537749410020211,1306.2178489946,1306.16407405359,0.20644612487775,0.198935313307919,0.00751081156983036,0.00137003351645626,14.5043250642843,0.188525149492608,-40.0000000000001
103.375,0.64042229917249,1307.1009867751,1306.46056447592,0.20705210198877,0.198942550895002,0.00810955109376751,0.00198387902622343,15.5043250642843,1.17416414163567,40.0000000000001
103.4,0.343641693858409,1307.1009867751,1306.75734508124,0.206871032168656,0.198942550895002,0.00792848127365356,0.00183213080489722,14.5043250642843,0.206017833792094,-40.0000000000001
103.425,0.0476145354332284,1307.1009867751,1307.05337223966,0.20601694516496,0.198942550895002,0.00707439426995754,0.000990811415611748,13.5043250642843,-0.812128474051485,-40
103.45,0.599885707653358,1307.94866472459,1307.34877901694,0.205982701030891,0.198950037289054,0.00703266374183767,0.000985148307674905,14.5043250642843,0.212737774809245,40
103.475,0.3048042221595,1307.94866472459,1307.64386050243,0.205571453644199,0.198950037289054,0.0066214163551454,0.000615991551636524,13.9580972800617,-0.308623760552608,-21.8491113689034
103.5,0.0107806712741104,1307.94866472459,1307.93788405332,0.20452114675381,0.198950037289054,0.00557110946475597,-0.000415588751934953,12.9580972800617,-1.33375751169187,-40
103.525,0.589452484706849,1308.82048004902,1308.23102756431,0.20431979750502,0.198957902188763,0.00536189531625714,-0.000618258817229572,13.9580972800617,-0.35889126283114,40
103.55,0.296107983159102,1308.82048004902,1308.52437206586,0.20478331585939,0.198957902188763,0.00582541367062728,-0.000138362792589386,14.8686978770567,0.57657558302458,36.4240238797997
103.575,0.00265993592035615,1308.82048004902,1308.8178201131,0.204482720242399,0.198957902188763,0.00552481805363586,-0.000442355755602503,13.8686978770567,-0.448558168114685,-40
103.6,0.560765696828298,1309.67214923419,1309.11138353736,0.204923811576327,0.198831793814497,0.00609201776182941,1.32688420640126e-05,14.8686978770567,0.576308080746045,40
103.625,0.267128207961637,1309.67214923419,1309.40502102623,0.204604223957465,0.198831793814497,0.0057724301429673,-0.000270933155380626,13.8686978770567,-0.390889162410785,-40
103.65,-0.0255739356644558,1309.67214923419,1309.69772316986,0.203633354136857,0.198831793814497,0.00480156032235915,-0.00122349947653699,12.8686978770567,-1.40808640556762,-40
103.675,0.563925430328427,1310.5535769066,1309.98965147627,0.203500991414707,0.198845325538269,0.00465566587643806,-0.00135222605309296,13.8686978770567,-0.425283648724447,40
103.7,0.271807051914366,1310.5535769066,1310.28176985468,0.203884171240247,0.198845325538269,0.00503884570197721,-0.000943111555073789,14.577863698451,0.316684929512977,28.3666328557701
103.725,-0.0203089445205152,1310.5535769066,1310.57388585112,0.203515810962297,0.198845325538269,0.00467048542402754,-0.00130138064594143,13.577863698451,-0.700512313643855,-40
103.75,0.552829560074797,1311.41885731625,1310.86602775618,0.203899878330875,0.19885774446599,0.00504213386488489,-0.00089135877191393,14.577863698451,0.324513379805203,40
103.775,0.260505781443885,1311.41885731625,1311.15835153481,0.203781592316428,0.19885774446599,0.00492384785043762,-0.000970151416991055,13.9349370498209,-0.293387575375786,-25.7170659452018
103.8,-0.0311497746612792,1311.41885731625,1311.45000709091,0.202983617901557,0.19885774446599,0.00412587343556658,-0.0017519666001122,12.9349370498209,-1.31836188192673,-40
103.825,0.571567994974527,1312.31268603125,1311.74111803627,0.202999761987724,0.198869764962565,0.00412999702515865,-0.00173966238416617,13.9349370498209,-0.343336188477675,40
103.85,0.279920971127333,1312.31268603125,1312.03276506012,0.203713625326167,0.198869764962565,0.00484386036360165,-0.0010122728942337,14.9349370498209,0.68113400519411,40.0000000000001
103.875,-0.0121620959017118,1312.31268603125,1312.32484812715,0.203628690598244,0.198869764962565,0.00475892563567867,-0.0011037217456277,13.9349370498209,-0.344395801134109,-40
103.9,0.569311240020191,1313.18664382008,1312.61733258006,0.204255416568965,0.198880440324881,0.00537497624408323,-0.000465783020282412,14.9349370498209,0.680074392537676,40
103.925,0.276363548309896,1313.18664382008,1312.91028027177,0.204290451292387,0.198880440324881,0.00541001096750596,-0.000404380107059538,14.2144347816485,-0.0159576819629717,-28.8200907268971
103.95,-0.0161184798084719,1313.18664382008,1313.20276229989,0.203623411311988,0.198880440324881,0.00474297098710622,-0.00106697691886837,13.2144347816485,-1.04148748829119,-40
103.975,0.591067127687499,1314.08593968198,1313.49487255429,0.203751208678501,0.198890919399343,0.00486028927915766,-0.000953052798266879,14.2144347816485,-0.0663786287549393,40
104,0.298273816291901,1314.08593968198,1313.78766586569,0.204559815511145,0.198890919399343,0.00566889611180138,-0.000166065251341219,15.2144347816485,0.920074536175745,40.0000000000001
104.025,0.00492006141586349,1314.08593968198,1314.08101962056,0.204555032060428,0.198890919399343,0.0056641126610843,-0.000233963837286272,14.2144347816485,-0.143472298893571,-40
104.05,0.588884836755672,1314.96376468338,1314.37487984663,0.205249313073854,0.198900294644901,0.00634901842895372,0.000396610074911707,15.2144347816485,0.842980866037112,40
104.075,0.294616453547266,1314.96376468338,1314.66914822984,0.205145971379137,0.198900294644901,0.00624567673423665,0.000262421806923846,14.2144347816485,-0.122800954107329,-40
104.1,0.000998483227043739,1314.96376468338,1314.96276620016,0.204359619962922,0.198900294644901,0.00545932531802171,-0.000561509511055103,13.2144347816485,-1.13858277425177,-40
104.125,0.610893961317062,1315.86674699746,1315.25585303615,0.204384420959012,0.198909882706033,0.00547453825297939,-0.000553031028454942,14.2144347816485,-0.11568696653534,40
104.15,0.317261920590754,1315.86674699746,1315.54948507687,0.205103790519126,0.198909882706033,0.00619390781309337,0.000168240434511441,15.2144347816485,0.907208841181092,40
104.175,0.0231889896878406,1315.86674699746,1315.84355800777,0.205021642851644,0.198909882706033,0.00611176014561135,6.87200851142988e-05,14.2144347816485,-0.11989535110248,-40
104.2,0.610579170973579,1316.74861293462,1316.13803376365,0.205648808520091,0.198918528724825,0.00673027979526553,0.000663724266239507,15.2144347816485,0.855430585127897,40
104.225,0.315625733371951,1316.74861293462,1316.43298720125,0.20570424980787,0.198918528724825,0.00678572108304504,0.000704198509649701,14.525517317413,0.184568202657643,-27.5566985694194
104.25,0.0211128090046866,1316.74861293462,1316.72750012562,0.205053125890391,0.198918528724825,0.0061345971655655,1.79645148300767e-05,13.525517317413,-0.847376715577129,-40
104.275,0.631556169916789,1317.6532168828,1317.02166071289,0.205192967831865,0.19892713749369,0.00626583033817538,0.000140379119937833,14.525517317413,0.170678366188105,40
104.3,0.336698456786888,1317.6532168828,1317.31651842602,0.206009785874879,0.19892713749369,0.00708264838118897,0.000961176066936187,15.525517317413,1.19766028173758,40.0000000000001
104.325,0.0412712536502641,1317.6532168828,1317.61194562915,0.206010027737072,0.19892713749369,0.00708289024338218,0.000948848164044003,14.525517317413,0.174642197287064,-40.0000000000001
104.35,0.627137574251197,1318.53502204839,1317.90788447414,0.206706689816591,0.198934786370036,0.00777190344655523,0.00162405329259685,15.525517317413,1.15917494009337,40.0000000000001
104.375,0.330788814353283,1318.53502204839,1318.20423323404,0.206603591803798,0.198934786370036,0.00766880543376219,0.00152681889401207,14.525517317413,0.193707682899662,-40.0000000000001
104.4,0.0350909359403224,1318.53502204839,1318.49993111245,0.20581630457665,0.198934786370036,0.00688151820661492,0.000733913642284201,13.525517317413,-0.821759574294039,-40
104.425,0.644898715305159,1319.43999488438,1318.79509616908,0.205839218421323,0.198942767099126,0.00689645132219671,0.000769977969001634,14.525517317413,0.203726102602987,40
104.45,0.349204647860298,1319.43999488438,1319.09079023652,0.206537630867369,0.198942767099126,0.00759486376824295,0.00150250855901168,15.4999706828344,1.21065258821706,38.9781346168541
104.475,0.0530979446771087,1319.43999488438,1319.38689693971,0.206436225072922,0.198942767099126,0.00749345797379544,0.00141828104935907,14.4999706828344,0.193125708409768,-40.0000000000001
104.5,0.640065097394374,1320.32344595915,1319.68338086176,0.207045752162929,0.198949921948239,0.0080958302146899,0.00203047134431331,15.4999706828344,1.17559882860248,40.0000000000001
104.525,0.343286342534132,1320.32344595915,1319.98015961662,0.206868081554164,0.198949921948239,0.00791815960592551,0.00187793793790522,14.4999706828344,0.208071948795198,-40.0000000000001
104.55,0.0472567130103229,1320.32344595915,1320.27618924614,0.206017178790222,0.198949921948239,0.00706725684198328,0.00103651616394926,13.4999706828344,-0.809454931012087,-40
104.575,0.599626065347687,1321.17122848636,1320.57160242101,0.205985916312959,0.19895738341924,0.00702853289371883,0.00103164742172474,14.4999706828344,0.216464466538847,40
104.6,0.304535182736988,1321.17122848636,1320.86669330362,0.205576712115913,0.19895738341924,0.00661932869667342,0.000663314939663179,13.9528655683995,-0.304721250345073,-21.8842045773942
104.625,0.0105001738725195,1321.17122848636,1321.16072831249,0.204528147843369,0.19895738341924,0.00557076442412896,-0.000366889118562808,12.9528655683995,-1.32880185279414,-40
104.65,0.589070453642922,1322.04295530683,1321.45388485318,0.204328261413461,0.19896527532661,0.00536298608685171,-0.000567708461695848,13.9528655683995,-0.352882455243201,40
104.675,0.295715883041019,1322.04295530683,1321.74723942378,0.20478745090756,0.19896527532661,0.00582217558095066,-9.10803087199596e-05,14.8556604278417,0.575831801749959,36.111794377689
104.7,0.00226457591000337,1322.04295530683,1322.04069073092,0.204482853015018,0.19896527532661,0.00551757768840866,-0.000397416248978572,13.8556604278417,-0.448248800699106,-40
104.725,0.560055705483876,1322.89430670831,1322.33425100283,0.204920214055901,0.198839232699809,0.00608098135609134,5.6674529098244e-05,14.8556604278417,0.57767059685183,40
104.75,0.266427556418528,1322.89430670831,1322.6278791519,0.204596971785556,0.198839232699809,0.00575773908574656,-0.000228613552481466,13.8556604278417,-0.388632942203124,-40
104.775,-0.0262591043654894,1322.89430670831,1322.92056581268,0.203622436157037,0.198839232699809,0.00478320345722763,-0.00118193991943472,12.8556604278417,-1.40493648125807,-40
104.8,0.562653376265367,1323.77512586682,1323.21247249055,0.203486408504973,0.198852853760623,0.00463355474434976,-0.00131112006346412,13.8556604278417,-0.421240020313025,40
104.825,0.270568545947595,1323.77512586682,1323.50455732087,0.203858040026354,0.198852853760623,0.00500518626573143,-0.000910063445445503,14.5536273375689,0.310423350359242,27.9186763890888
104.85,-0.021497212566382,1323.77512586682,1323.79662307938,0.203479080757837,0.198852853760623,0.00462622699721377,-0.00127519131184486,13.5536273375689,-0.705880188695709,-40
104.875,0.55096346432799,1324.63966286257,1324.08869939825,0.203853411581468,0.198865366796576,0.00498804478489279,-0.000872777833741456,14.5536273375689,0.317405887723667,40
104.9,0.258717010160447,1324.63966286257,1324.38094585241,0.203729397287161,0.198865366796576,0.0048640304905854,-0.000956541199452293,13.9155099739399,-0.297425399485998,-25.5246945451616
104.925,-0.032852366973649,1324.63966286257,1324.67251522955,0.202925725533835,0.198865366796576,0.00406035873725985,-0.00174446479048956,12.9155099739399,-1.32413932306662,-40
104.95,0.569020253813259,1325.53255157526,1324.96353132144,0.202936279920192,0.198877455748049,0.00405882417214221,-0.00173705198704838,13.9155099739399,-0.347835496167881,40
104.975,0.277476482861204,1325.53255157526,1325.25507509239,0.203644680480619,0.198877455748049,0.00476722473256971,-0.00101353311035934,14.9155099739399,0.677829664866396,40.0000000000001
105,-0.0144951561149945,1325.53255157526,1325.54704673137,0.203554327416892,0.198877455748049,0.00467687166884292,-0.00110804825100377,13.9155099739399,-0.346505174099328,-40
105.025,0.566129006695705,1326.40554083124,1325.83941182454,0.204175792460978,0.198888157278016,0.00528763518296144,-0.000472372839015162,14.9155099739399,0.679159986934948,40
105.05,0.273317201030083,1326.40554083124,1326.13222363021,0.204193563672295,0.198888157278016,0.00530540639427934,-0.000424691968248431,14.1776588796111,-0.0330259463595995,-29.5140437731527
105.075,-0.0190054868232395,1326.40554083124,1326.42454631806,0.203511102779782,0.198888157278016,0.00462294550176637,-0.00109871616915425,13.1776588796111,-1.05736078532532,-40
105.1,0.587474194416316,1327.30395063317,1326.71647643875,0.203625211390183,0.198898627509302,0.00472658388088162,-0.000994561559851309,14.1776588796111,-0.0816956242910461,40
105.125,0.294879293563886,1327.30395063317,1327.0090713396,0.20442173748804,0.198898627509302,0.00552310997873817,-0.000215831498282498,15.1776588796111,0.90529190888236,40.0000000000001
105.15,0.00173998177980809,1327.30395063317,1327.30221065139,0.204406244164049,0.198898627509302,0.00550761665474778,-0.000290720045319215,14.1776588796111,-0.157720557944237,-40
105.175,0.585311333505659,1328.18115376647,1327.59584243296,0.205091164760307,0.198907942046237,0.00618322271407015,0.000332183357996008,15.1776588796111,0.826510817073881,40
105.2,0.291283497218446,1328.18115376647,1327.88987026925,0.204979619032315,0.198907942046237,0.00607167698607788,0.000189589179409339,14.1776588796111,-0.141687936421944,-40
105.225,-0.00208345323038286,1328.18115376647,1328.1832372197,0.204186082257266,0.198907942046237,0.0052781402110289,-0.000643371320900588,13.1776588796111,-1.15988668991777,-40
105.25,0.607657870369409,1329.08372198612,1328.47606411575,0.204204755427764,0.198917411849556,0.00528734357820734,-0.000642491367756015,14.1776588796111,-0.136830474824677,40
105.275,0.31429308696388,1329.08372198612,1328.76942889915,0.204919067510469,0.198917411849556,0.00600165566091262,7.25486465762426e-05,15.1776588796111,0.886225740268412,40
105.3,0.0204932342759827,1329.08372198612,1329.06322875184,0.2048327820094,0.198917411849556,0.00591537015984342,-3.20540377105605e-05,14.1776588796111,-0.140718044638495,-40
105.325,0.608080204250798,1329.96550718554,1329.35742698129,0.20545677165234,0.198925894218236,0.00653087743410333,0.000558392953805553,15.1776588796111,0.833892725644601,40
105.35,0.313353382679385,1329.96550718554,1329.65215380286,0.205583383637719,0.198925894218236,0.00665748941948252,0.000668067480343204,14.594074260638,0.267368049697785,-23.3433847589238
105.375,0.0189715139377663,1329.96550718554,1329.9465356716,0.204993554659936,0.198925894218236,0.00606766044170007,4.06311106750379e-05,13.594074260638,-0.765572007275938,-40
105.4,0.629070452630028,1330.86971822915,1330.24064777652,0.205186378085119,0.19893421903596,0.00625215904915924,0.000213061733927322,14.594074260638,0.25148793575034,40
105.425,0.334251540932934,1330.86971822915,1330.53546668822,0.205964881737927,0.19893421903596,0.00703066270196659,0.000992244300196871,15.4733642414633,1.15688492551123,35.1715992330133
105.45,0.0389127033387743,1330.86971822915,1330.83080552581,0.205932898216909,0.19893421903596,0.0069986791809486,0.000944086403240701,14.4733642414633,0.132991934446777,-40.0000000000001
105.475,0.625038200611155,1331.75165279967,1331.12661459906,0.206602708149627,0.198941667397817,0.00766104075181007,0.00158961882238196,15.4733642414633,1.11816482252292,40.0000000000001
105.5,0.328853538853186,1331.75165279967,1331.42279926082,0.206477337446789,0.198941667397817,0.00753567004897215,0.00146795432253977,14.4733642414633,0.153337710599066,-40.0000000000001
105.525,0.0333480440616794,1331.75165279967,1331.71830475561,0.205671695176214,0.198941667397817,0.00673002777839707,0.000655094305727105,13.4733642414633,-0.861489401324787,-40
105.55,0.644050416377909,1332.65730474657,1332.01325433019,0.205679711125935,0.198949500993197,0.00673021013273781,0.000673985130800608,14.4733642414633,0.162990135595136,40
105.575,0.348577303601171,1332.65730474657,1332.30872744297,0.206384076356868,0.198949500993197,0.00743457536367093,0.00140930821859861,15.4733642414633,1.19402339515684,40.0000000000001
105.6,0.0526825987882379,1332.65730474657,1332.60462214778,0.206288553567423,0.198949500993197,0.00733905257422571,0.00132704277037055,14.4733642414633,0.17505665471854,-40.0000000000001
105.625,0.640725978473427,1333.54162884731,1332.90090286883,0.206903956765222,0.198956505038838,0.00794745172638395,0.00194053961619164,15.4733642414633,1.15608991428024,40.0000000000001
105.65,0.344085273449969,1333.54162884731,1333.19754357386,0.206808949131162,0.198956505038838,0.00785244409232447,0.00186555340459513,14.5836105676748,0.297369500053398,-35.5901469515418
105.675,0.0480833555328086,1333.54162884731,1333.49354549177,0.206029388931337,0.198956505038838,0.00707288389249872,0.00108989878723575,13.5836105676748,-0.7215972403849,-40
105.7,0.600589596181618,1334.38961579034,1333.78902619415,0.206059802025456,0.19896375612978,0.00709604589567597,0.00114273776314047,14.5836105676748,0.305727397793642,40
105.725,0.305401832034569,1334.38961579034,1334.0842139583,0.20563194275003,0.19896375612978,0.00666818662025029,0.000753174227151349,13.9334118241181,-0.317146707584543,-26.007949742269
105.75,0.0112944168813848,1334.38961579034,1334.37832137345,0.204567854520475,0.19896375612978,0.00560409839069498,-0.000293924307212617,12.9334118241181,-1.339822069406,-40
105.775,0.590035683195944,1335.26156557137,1334.67152988817,0.204355123485742,0.198971571839248,0.00538355164649376,-0.000507910249093357,13.9334118241181,-0.362497431227457,40
105.8,0.296628264869553,1335.26156557137,1334.9649373065,0.204828114561933,0.198971571839248,0.00585654272268557,-1.68834618726466e-05,14.8712296165178,0.602644999350861,37.5127116959911
105.825,0.0031060486823502,1335.26156557137,1335.25845952269,0.204535538380016,0.198971571839248,0.00556396654076827,-0.000309796079982577,13.8712296165178,-0.420030362470595,-40
105.85,0.560982151238307,1336.11308845647,1335.55210630523,0.204983376433265,0.198845518963465,0.0061378574697995,0.000153411953201427,14.8712296165178,0.602318411258554,40
105.875,0.267254146947647,1336.11308845647,1335.84583430952,0.204669123658695,0.198845518963465,0.00582360469522952,-0.000124748580864475,13.8712296165178,-0.364922430486625,-40
105.9,-0.0255436450721191,1336.11308845647,1336.13863210154,0.203702240748672,0.198845518963465,0.00485672178520663,-0.00107269342011845,12.8712296165178,-1.3821632722318,-40
105.925,0.563107534843257,1336.99376687292,1336.43065933808,0.203572700571362,0.198859174892821,0.00471352567854094,-0.00119798400638649,13.8712296165178,-0.399404113976983,40
105.95,0.27092552411511,1336.99376687292,1336.72284134881,0.203907380463271,0.198859174892821,0.00504820557044997,-0.000838835824729267,14.5085944508941,0.267702128174725,25.4945933750502
105.975,-0.0211873197492893,1336.99376687292,1337.01495419267,0.203496432360792,0.198859174892821,0.00463725746797031,-0.00124290468200108,13.5085944508941,-0.752556464049818,-40
106,0.551222405525418,1337.85825647408,1337.30703406855,0.203843037266396,0.198871817999075,0.00497121926732019,-0.000870508479262289,14.5085944508941,0.275860486550628,40
106.025,0.258976600205279,1337.85825647408,1337.59927987387,0.203740797446877,0.198871817999075,0.00486897944780121,-0.000930776070128647,13.936328497143,-0.267988516599986,-22.8906381500426
106.05,-0.0326197893644602,1337.85825647408,1337.89087626344,0.202955249397703,0.198871817999075,0.00408343139862746,-0.00169540263596041,12.936328497143,-1.28957156599954,-40
106.075,0.568756547176401,1338.75069875347,1338.1819422063,0.202980809131094,0.198884012587394,0.0040967965436999,-0.00166694933296954,13.936328497143,-0.311154615399088,40
106.1,0.277144256501799,1338.75069875347,1338.47355449697,0.203701465469291,0.198884012587394,0.00481745288189658,-0.000923942572789244,14.936328497143,0.717262335201362,40.0000000000001
106.125,-0.0149108592451921,1338.75069875347,1338.76560961272,0.203620880589523,0.198884012587394,0.00473686800212869,-0.00100042641900266,13.936328497143,-0.304320714198188,-40
106.15,0.564796385291985,1339.62286631135,1339.05806992606,0.204250020865394,0.198894798958768,0.00535522190662654,-0.000353690330334444,14.936328497143,0.715829364839141,40
106.175,0.271938790309532,1339.62286631135,1339.35092752104,0.204194129488894,0.198894798958768,0.00529933053012621,-0.000378528692738966,14.0846733524694,-0.112919542641895,-34.066205786946
106.2,-0.0203307409545686,1339.62286631135,1339.6431970523,0.203447789454854,0.198894798958768,0.00455299049608598,-0.00111720403481338,13.0846733524694,-1.14001330544928,-40
106.225,0.585805071063761,1340.52079325978,1339.93498818871,0.203506494449613,0.19890544430904,0.00460105014057344,-0.00106974688437489,14.0846733524694,-0.165511665535518,40
106.25,0.293423601554088,1340.52079325978,1340.22736965822,0.204254951713655,0.19890544430904,0.00534950740461559,-0.000342621241110869,15.0846733524694,0.817735005789322,40
106.275,0.000562366956352191,1340.52079325978,1340.52023089282,0.204197639069312,0.19890544430904,0.00529219476027259,-0.000464783234374294,14.0846733524694,-0.249018322885836,-40
106.3,0.584425719254229,1341.3979541364,1340.81352841715,0.204846239457106,0.198914919124889,0.00593132033221699,0.000116628029958571,15.0846733524694,0.734228348439005,40
106.325,0.29067884812225,1341.3979541364,1341.10727528828,0.204841972454934,0.198914919124889,0.00592705333004453,7.69880302657622e-05,14.2837079304451,-0.0350449574503876,-32.0386168809692
106.35,-0.0025489486555452,1341.3979541364,1341.40050308506,0.204139694017555,0.198914919124889,0.00522477489266612,-0.000668324782570562,13.2837079304452,-1.05335284131555,-40
106.375,0.606249583596686,1342.29956116853,1341.69331158494,0.204236031829179,0.198924304201425,0.00531172762775467,-0.000588827739070347,14.2837079304451,-0.0247267999244506,40
106.4,0.312800310786103,1342.29956116853,1341.98676085775,0.205016394443449,0.198924304201425,0.0060920902420242,0.000197104876379639,15.2837079304452,1.00389924146665,40.0000000000001
106.425,0.0188284346891519,1342.29956116853,1342.28073273384,0.204986150147998,0.198924304201425,0.00606184594657372,0.00015669586257222,14.2837079304452,-0.0174747171422439,-40
106.45,0.604558051823521,1343.17973549968,1342.57517744786,0.205657728408597,0.198932610374697,0.00672511803390008,0.000804610977760079,15.2837079304452,0.961151324248859,40
106.475,0.309707811287459,1343.17973549968,1342.8700276884,0.205571056264238,0.198932610374697,0.00663844588954182,0.00071127810345617,14.3366862174454,0.0336897734995901,-37.8808685199911
106.5,0.0154851318309212,1343.17973549968,1343.16425036785,0.204798448300685,0.198932610374697,0.00586583792598863,-8.83496094986336e-05,13.3366862174454,-0.996750064249904,-40
106.525,0.626212262376419,1344.08417361513,1343.45796135276,0.204834835842531,0.198941064466557,0.00589377137597416,-6.26652936292216e-05,14.3366862174454,0.0211791210896272,40
106.55,0.331939317726815,1344.08417361513,1343.75223429741,0.205563968341952,0.198941064466557,0.00662290387539466,0.000677192306354157,15.3366862174454,1.04980165758538,40.0000000000001
106.575,0.0372110428990034,1344.08417361513,1344.04696257223,0.205490059477525,0.198941064466557,0.00654899501096765,0.000597434916510153,14.3366862174454,0.0284241940811334,-40.0000000000001
106.6,0.625385265105958,1344.96749175769,1344.34210649258,0.206124512225243,0.198948567640516,0.00717594458472767,0.00121181935863907,15.3366862174454,1.00704673057689,40.0000000000001
106.625,0.329742000854198,1344.96749175769,1344.63774975684,0.20620012425334,0.198948567640516,0.00725155661282392,0.00129008470575578,14.6673610799701,0.366344129597409,-26.7730054990093
106.65,0.0345102632435895,1344.96749175769,1344.93298149445,0.20556682856733,0.198948567640516,0.0066182609268142,0.00064398901494267,13.6673610799701,-0.65503333390684,-40
106.675,0.645116409926718,1345.87300348612,1345.2278870762,0.205722801252704,0.198956052141119,0.00676674911158526,0.000806331371920765,14.6673610799701,0.370016275076517,40
106.7,0.349522567496267,1345.87300348612,1345.52348091863,0.206509715798291,0.198956052141119,0.00755366365717208,0.00161861922617476,15.6035449711244,1.33495839659729,37.4473556461707
106.725,0.0533965169262806,1345.87300348612,1345.8196069692,0.206485207581156,0.198956052141119,0.00752915544003735,0.00160084389991394,14.6035449711244,0.313716626963806,-40.0000000000001
106.75,0.640133395250586,1346.75634781659,1346.11621442134,0.20716182847729,0.198962696760437,0.00819913171685296,0.00226821961418536,15.6035449711244,1.29247485733032,40.0000000000001
106.775,0.343140172481102,1346.75634781659,1346.41320764411,0.20704268842419,0.198962696760437,0.00807999166375331,0.00216106034222377,14.6035449711244,0.321233087696832,-40.0000000000001
106.8,0.0468165409123825,1346.75634781659,1346.70953127568,0.206243034462746,0.198962696760437,0.00728033770230865,0.00135666443421692,13.6035449711244,-0.700008681936657,-40
106.825,0.598561691562048,1347.60386997731,1347.00530828574,0.206256913398332,0.198969779571778,0.00728713382655463,0.0013835849915112,14.6035449711244,0.324728695412857,40
106.85,0.303214921282235,1347.60386997731,1347.30065505602,0.205657007158218,0.198969779571778,0.00668722758644014,0.000815432816228201,13.7261879608737,-0.522915073038898,-35.0942804100265
106.875,0.00917566592903776,1347.60386997731,1347.59469431138,0.204446323611476,0.198969779571778,0.00547654403969808,-0.000382370347620981,12.7261879608737,-1.54320183123999,-40
106.9,0.589574395737447,1348.47721555596,1347.88764116023,0.20410882948295,0.198977702967343,0.00513112651560685,-0.000723142262816806,13.7261879608737,-0.563488589441079,40
106.925,0.296561423451515,1348.47721555596,1348.18065413251,0.204519226387779,0.198977702967343,0.00554152342043582,-0.000294938915880089,14.7261879608737,0.46622465235783,40
106.95,0.00351598897376442,1348.47721555596,1348.47369956699,0.204173809661097,0.198977702967343,0.00519610669375389,-0.000639381652582871,13.7261879608737,-0.554062105843262,-40
106.975,0.564250073675719,1349.33105013035,1348.76680005668,0.204577222336858,0.198851769987727,0.00572545234913102,-0.0002172578791379,14.7261879608737,0.47168275610595,40
107,0.271093425711956,1349.33105013035,1349.05995670464,0.204271166305453,0.198851769987727,0.00541939631772614,-0.000488474150749818,13.7914270373129,-0.436008848330684,-37.3904369424341
107.025,-0.0211440725442724,1349.33105013035,1349.3521942029,0.203311793424361,0.198851769987727,0.00446002343663385,-0.00143408246301788,12.7914270373129,-1.45893952920647,-40
107.05,0.570020758796068,1350.21369190752,1349.64367114872,0.203189190414383,0.198865469256051,0.00432372115833166,-0.00156094938163084,13.7914270373129,-0.481870210082245,40
107.075,0.278193864430731,1350.21369190752,1349.93549804309,0.203783541354687,0.198865469256051,0.00491807209863598,-0.000951372236471376,14.7914270373129,0.545199109041974,40.0000000000001
107.1,-0.0139082448035095,1350.21369190752,1350.22760015232,0.203595332708473,0.198865469256051,0.00472986345242163,-0.00114254537197531,13.7914270373129,-0.477731571833809,-40
107.125,0.557766523874441,1351.07773102569,1350.51996450181,0.204132880781657,0.198877849300298,0.00525503148135895,-0.000590973483131224,14.7914270373129,0.545954871631347,40
107.15,0.265129587481309,1351.07773102569,1350.81260143821,0.203995234001244,0.198877849300298,0.00511738470094558,-0.000694266896524909,13.9343441378089,-0.279174712844407,-34.2833159801611
107.175,-0.0268102142723966,1351.07773102569,1351.10454123996,0.203179197142206,0.198877849300298,0.00430134784190797,-0.00149343153885331,12.9343441378089,-1.29722139781613,-40
107.2,0.57334504170525,1351.96925441393,1351.39590937223,0.203178473819898,0.198890018761153,0.0042884550587457,-0.0014922343167077,13.9343441378089,-0.315268082787862,40
107.225,0.281466377852571,1351.96925441393,1351.68778803608,0.203876301724113,0.198890018761153,0.00498628296296064,-0.000771487346033189,14.9343441378089,0.715089829519269,40
107.25,-0.0108237399831416,1351.96925441393,1351.98007815392,0.203775720468133,0.198890018761153,0.00488570170698005,-0.000866063143280221,13.9343441378089,-0.304552258173599,-40
107.275,0.568177367061361,1352.84092324506,1352.272745878,0.2043873169318,0.198900944929422,0.0054863720023777,-0.000230505899552425,14.9343441378089,0.722266531126815,40
107.3,0.275130405636253,1352.84092324506,1352.56579283942,0.204324574588801,0.198900944929422,0.00542362965937901,-0.000253922272620999,14.0951782584888,-0.0900805588928356,-33.5666351728026
107.325,-0.0173182367852524,1352.84092324506,1352.85824148184,0.203571809861673,0.198900944929422,0.00467086493225113,-0.000989103820309312,13.0951782584888,-1.11326176959242,-40
107.35,0.588123291763779,1353.73832537631,1353.15020208455,0.20362447870184,0.1989117322204,0.00471274648144032,-0.000907622867990787,14.0951782584888,-0.0936899885274755,40
107.375,0.295581530246188,1353.73832537631,1353.44274384606,0.20436714329596,0.1989117322204,0.00545541107555989,-0.000124393446290672,15.0951782584888,0.928947867281205,40
107.4,0.00256891038199969,1353.73832537631,1353.73575646593,0.20430413675914,0.1989117322204,0.00539240453874015,-0.000171676119770842,14.0951782584888,-0.0984142769101139,-40
107.425,0.58569486801931,1354.61489157267,1354.02919670465,0.204947190548832,0.198921344206753,0.00602584634207917,0.000465819301807197,15.0951782584888,0.874223578898568,40
107.45,0.291834450852946,1354.61489157267,1354.32305712182,0.204909284501253,0.198921344206753,0.00598794029449976,0.000439030468821683,14.2539134524767,0.0555966286951116,-33.6505922404854
107.475,-0.00146118788595083,1354.61489157267,1354.61635276056,0.204177465872521,0.198921344206753,0.00525612166576822,-0.000302303112088786,13.2539134524767,-0.971765515496204,-40
107.5,0.60680702009605,1355.51599599627,1354.90918897617,0.204247865547715,0.198930885795283,0.00531697975243278,-0.000224190871464719,14.2539134524767,0.0508723403124764,40
107.525,0.313365288884213,1355.51599599627,1355.20263070738,0.20500539218793,0.198930885795283,0.00607450639264687,0.000556931410729267,15.2539134524767,1.07514117303214,40
107.55,0.0194320563609476,1355.51599599627,1355.4965639399,0.204954920147745,0.198930885795283,0.0060240343524626,0.000508731465843015,14.2539134524767,0.0494100057517947,-40
107.575,0.604901159490903,1356.39584370507,1355.79094254558,0.205608639049107,0.198939321629534,0.00666931741957261,0.00115211593255921,15.2539134524767,1.03182043614155,40
107.6,0.310099061377724,1356.39584370507,1356.08574464369,0.205563559598847,0.198939321629534,0.00662423796931277,0.00112079838019546,14.3892284788392,0.199545892893826,-34.5873989454987
107.625,0.0158698127656862,1356.39584370507,1356.3799738923,0.204825989572553,0.198939321629534,0.00588666794301837,0.000382699087034699,13.3892284788392,-0.818043676716426,-40
107.65,0.625843809956581,1357.2995814725,1356.67373766255,0.204891939898961,0.198947781894129,0.00594415800483239,0.000463670275798606,14.3892284788392,0.204208316655939,40
107.675,0.331478990153207,1357.2995814725,1356.96810248235,0.205645979474569,0.198947781894129,0.00669819758043944,0.00124852193910738,15.3892284788392,1.2300332375407,40.0000000000001
107.7,0.0366258686096473,1357.2995814725,1357.2629556039,0.205592953139909,0.198947781894129,0.00664517124578007,0.0012048919286986,14.3892284788392,0.205858158425466,-40.0000000000001
107.725,0.623766723803605,1358.18201893439,1357.55825221058,0.206244989231814,0.198955229901773,0.00728975933004167,0.00184794081847009,15.3892284788392,1.18168307931023,40.0000000000001
107.75,0.328044218727235,1358.18201893439,1357.85397471566,0.206203397274859,0.198955229901773,0.00724816737308626,0.00181650264797009,14.5307933991078,0.34907292046363,-34.3374031892546
107.775,0.0328883511598699,1358.18201893439,1358.14913058323,0.205469649626984,0.198955229901773,0.0065144197252115,0.00107437112865091,13.5307933991078,-0.675102158651605,-40
107.8,0.584982977532,1359.02881058144,1358.44382760391,0.205539707285165,0.198962794406162,0.00657691287900314,0.00115109889161541,14.5307933991078,0.345056681717417,40
107.825,0.290555274260414,1359.02881058144,1358.73825530718,0.205104428912287,0.198962794406162,0.00614163450612529,0.000738172281209926,13.8206737285265,-0.340883295477891,-28.4047868232532
107.85,-0.00278403780434334,1359.02881058144,1359.03159461925,0.204034414054995,0.198962794406162,0.00507161964883263,-0.000330993126399476,12.8206737285265,-1.36670360209187,-40
107.875,0.576369283354277,1359.9003984848,1359.32402920145,0.203817369077895,0.198970901493848,0.00484646758404669,-0.000565629224420494,13.8206737285265,-0.392523908705846,40
107.9,0.283707351326115,1359.9003984848,1359.61669113348,0.204331164207495,0.198970901493848,0.00536026271364645,-5.03179357560779e-05,14.8206737285265,0.631655784680178,40.0000000000001
107.925,-0.00912578469945386,1359.9003984848,1359.9095242695,0.204074537804022,0.198970901493848,0.0051036363101733,-0.000323978251613649,13.8206737285265,-0.3941645219338,-40
107.95,0.549793718285973,1360.75232574781,1360.20253202953,0.204554407748254,0.198845056442245,0.00570935130600894,0.000157223820247382,14.8206737285265,0.629082070473193,40
107.975,0.256659969539353,1360.75232574781,1360.49566577827,0.204268719719674,0.198845056442245,0.00542366327742974,-0.000108639525337101,13.8206737285265,-0.34370295727012,-40
108,-0.0355836197025949,1360.75232574781,1360.78790936751,0.203327340626259,0.198845056442245,0.0044822841840142,-0.00104927209980338,12.8206737285265,-1.36648798501343,-40
108.025,0.554500836665721,1361.63391925042,1361.07941841375,0.20322090961244,0.198858906284887,0.00436200332755249,-0.00117129843172467,13.8206737285265,-0.389273012756744,40
108.05,0.262785292408369,1361.63391925042,1361.37113395801,0.203602567800204,0.198858906284887,0.00474366151531644,-0.00078431516139929,14.495009821723,0.31227805269639,26.9734437278578
108.075,-0.0289252997917022,1361.63391925042,1361.66284455021,0.203233065438844,0.198858906284887,0.00437415915395678,-0.00116547491448571,13.495009821723,-0.710506975046923,-40
108.1,0.544857883157199,1362.49943684194,1361.95457895878,0.203616503383129,0.198871752026295,0.00474475135683372,-0.000780768637998974,14.495009821723,0.306036128718646,40
108.125,0.252918130226688,1362.49943684194,1362.24651871171,0.203532046287449,0.198871752026295,0.00466029426115389,-0.000850518735234812,13.9013473024183,-0.267700411161354,-23.7465007721853
108.15,-0.0383970765383385,1362.49943684194,1362.53783391848,0.202762750493174,0.198871752026295,0.00389099846687921,-0.00162849266374945,12.9013473024183,-1.29777443173672,-40
108.175,0.564741719490993,1363.39338309447,1362.82864137498,0.202803344172181,0.1988842255041,0.00391911866808148,-0.00161399752189706,13.9013473024183,-0.324153559715066,40
108.2,0.273367107346661,1363.39338309447,1363.12001598712,0.203537961905239,0.1988842255041,0.00465373640113959,-0.000885458725962823,14.9013473024183,0.699467312306589,40.0000000000001
108.225,-0.0184693525789144,1363.39338309447,1363.41185244705,0.203470150265896,0.1988842255041,0.00458592476179612,-0.000977080584238788,13.9013473024183,-0.326911815671754,-40
108.25,0.562902417730378,1364.26701379958,1363.70411138185,0.204111075325909,0.198895377902765,0.00521569742314382,-0.000340212242862181,14.9013473024183,0.6967090563499,40
108.275,0.270190430253755,1364.26701379958,1363.99682336932,0.204120512740462,0.198895377902765,0.0052251348376969,-0.000315432233306739,14.1279905230479,-0.0494877279921652,-30.9342711748174
108.3,-0.0220199106717517,1364.26701379958,1364.28903371025,0.203430504089908,0.198895377902765,0.00453512618714275,-0.00100837100280066,13.1279905230479,-1.07232773296379,-40
108.325,0.585280226414759,1365.16612020238,1364.58083997596,0.203537831874342,0.198906402458792,0.0046314294155505,-0.000919586636871333,14.1279905230479,-0.095167737935422,40
108.35,0.29281985628034,1365.16612020238,1364.8733003461,0.204328123538703,0.198906402458792,0.0054217210799111,-0.000156108079080397,15.1279905230479,0.889239265328419,40.0000000000001
108.375,-0.000174678411729331,1365.16612020238,1365.16629488079,0.204306496933374,0.198906402458792,0.00540009447458201,-0.000246486318831896,14.1279905230479,-0.176353731407745,-40
108.4,0.5839346603318,1366.04370650541,1365.45977184508,0.204985493254518,0.198916319457095,0.006069173797423,0.000359046425372073,15.1279905230479,0.802664341535529,40
108.425,0.290052499380605,1366.04370650541,1365.75365400603,0.204893905443667,0.198916319457095,0.00597758598657133,0.000224913559305762,14.1653145622092,-0.130993546359923,-38.507038433549
108.45,-0.0031930659658029,1366.04370650541,1366.04689957138,0.204116297181463,0.198916319457095,0.00519997772436792,-0.000603630718142678,13.1653145622092,-1.15197547341665,-40
108.475,0.606747459854977,1366.94637164333,1366.33962418348,0.204147605114551,0.198926364902414,0.00522124021213766,-0.000599624928749126,14.1653145622092,-0.128861801718013,40
108.5,0.313470208820322,1366.94637164333,1366.63290143451,0.204871678271802,0.198926364902414,0.00594531336938872,0.000117406221766536,15.1653145622092,0.894251869980623,40.0000000000001
108.525,0.0197470810014922,1366.94637164333,1366.92662456233,0.204792388885471,0.198926364902414,0.00586602398305772,1.35287840804521e-05,14.1653145622092,-0.132634458320743,-40
108.55,0.606972632750794,1367.82772609559,1367.22075346284,0.205421215816816,0.198935391142943,0.00648582467387288,0.000602752240987464,15.1653145622092,0.840479213377892,40
108.575,0.312305277687218,1367.82772609559,1367.5154208179,0.205557905761023,0.198935391142943,0.00662251461807978,0.000716225535957349,14.5921893018539,0.282326027051199,-22.9250104142096
108.6,0.017971339884293,1367.82772609559,1367.80975475571,0.204975279661087,0.198935391142943,0.00603988851814388,8.95237747870481e-05,13.5921893018539,-0.752701898920254,-40
108.625,0.627623885091985,1368.73145087959,1368.1038269945,0.20517311494215,0.198944208401391,0.00622890654075969,0.000260341502567041,14.5921893018539,0.262270175108291,40
108.65,0.332853390217102,1368.73145087959,1368.39859748937,0.205935881385149,0.198944208401391,0.00699167298375847,0.00101780007923979,15.444393597973,1.13960498227329,34.0881718447628
108.675,0.0375851261822125,1368.73145087959,1368.69386575341,0.205889136959522,0.198944208401391,0.00694492855813131,0.000949423666186139,14.444393597973,0.114735493319219,-40.0000000000001
108.7,0.62330021390465,1369.61288401163,1368.98958379773,0.20654536189721,0.198952104082868,0.00759325781434145,0.00157539345148763,15.444393597973,1.09755832060962,40.0000000000001
108.725,0.327225425023094,1369.61288401163,1369.28565858661,0.206407257977273,0.198952104082868,0.00745515389440515,0.00143456025488226,14.444393597973,0.13038114790001,-40.0000000000001
108.75,0.0318473029043729,1369.61288401163,1369.58103670873,0.205589693474767,0.198952104082868,0.0066375893918986,0.000602922232361969,13.444393597973,-0.886796024809592,-40
108.775,0.642669266298638,1370.51851218748,1369.87584292118,0.205586854384574,0.198960307628424,0.0066265467561499,0.000604953452834567,14.444393597973,0.137097702932809,40
108.8,0.347353798009231,1370.51851218748,1370.17115838947,0.206281444025362,0.198960307628424,0.00732113639693799,0.00132457655574456,15.444393597973,1.16665751119095,40.0000000000001
108.825,0.0516295133682428,1370.51851218748,1370.46688267411,0.206176953175075,0.198960307628424,0.00721664554665083,0.00122744832562785,14.444393597973,0.146217319449087,-40.0000000000001
108.85,0.640072582647533,1371.40305427775,1370.7629816951,0.20678447943189,0.198967590295169,0.00781688913672154,0.00182716539090047,15.444393597973,1.12577712770723,40.0000000000001
108.875,0.343569330710228,1371.40305427775,1371.05948494704,0.206755912155516,0.198967590295169,0.00778832186034759,0.00181268114670538,14.6599508107956,0.370894148787944,-31.3777114870968
108.9,0.0476158620742389,1371.40305427775,1371.35543841568,0.20603296641608,0.198967590295169,0.00706537612091124,0.00108763047506386,13.6599508107956,-0.649546042953917,-40
108.925,0.600378388150397,1372.25132543654,1371.65094704839,0.206111978413823,0.198974949090643,0.0071370293231805,0.0011808979496917,14.6599508107956,0.373343542184665,40
108.95,0.305155166137962,1372.25132543654,1371.9461702704,0.20564649349604,0.198974949090643,0.00667154440539702,0.000744302852414669,13.8961268605811,-0.36665772191219,-30.5529580085788
108.975,0.0110607012282057,1372.25132543654,1372.24026473531,0.204550399989091,0.198974949090643,0.0055754508984481,-0.000345307892721081,12.8961268605811,-1.39283503579458,-40
109,0.590652244045484,1373.12407192845,1372.53341968441,0.204310862680462,0.198982896493396,0.0053279661870666,-0.00059758149084066,13.8961268605811,-0.419012349676964,40
109.025,0.297300108551357,1373.12407192845,1372.8267718199,0.204805048589957,0.198982896493396,0.0058221520965609,-9.76983885389027e-05,14.8961268605811,0.604810336440652,40.0000000000001
109.05,0.00380317110559728,1373.12407192845,1373.12026875735,0.204531233769683,0.198982896493396,0.00554833727628687,-0.000384954272622501,13.8961268605811,-0.421366977441731,-40
109.075,0.563000828629474,1373.97691810059,1373.41391727196,0.20499609188822,0.198856924120994,0.00613916776722637,8.49692101640709e-05,14.8961268605811,0.602455708675882,40
109.1,0.269246543681935,1373.97691810059,1373.70767155691,0.204697205514455,0.198856924120994,0.00584028139346091,-0.000185573278715712,13.8961268605811,-0.363049736715384,-40
109.125,-0.0235999349174897,1373.97691810059,1374.00051803551,0.20374436094049,0.198856924120994,0.00488743681949544,-0.00112506768360124,12.8961268605811,-1.37855518210665,-40
109.15,0.566623174858165,1374.85923792183,1374.29261474697,0.203628029990233,0.198870655303231,0.00475737468700227,-0.00124090396675117,13.8961268605811,-0.39406062749792,40
109.175,0.274323978568895,1374.85923792183,1374.58491394326,0.204013550267624,0.198870655303231,0.00514289496439321,-0.000833581640666714,14.5884342108025,0.329046384735139,27.692294008854
109.2,-0.017975277138835,1374.85923792183,1374.87721319897,0.203647132972002,0.198870655303231,0.00477647766877126,-0.00119487077269326,13.5884342108025,-0.690153953253152,-40
109.225,0.555666989487027,1375.72520737902,1375.16954038953,0.204033091066444,0.198883368932981,0.00514972213346246,-0.000788774994718772,14.5884342108025,0.332607665331553,40
109.25,0.263156379079214,1375.72520737902,1375.46205099994,0.203916262899288,0.198883368932981,0.0050328939663061,-0.000872625833351737,13.9455981927223,-0.28746673416388,-25.7134407232055
109.275,-0.0286867946241771,1375.72520737902,1375.75389417364,0.203119174255587,0.198883368932981,0.00423580532260506,-0.00166065024747791,12.9455981927223,-1.31470511557918,-40
109.3,0.574397601136206,1376.61959050517,1376.04519290403,0.20313599928309,0.198895752394445,0.00424024688864513,-0.00165522559005085,13.9455981927223,-0.341943496994473,40
109.325,0.282563145099515,1376.61959050517,1376.33702736007,0.203850199536053,0.198895752394445,0.00495444714160809,-0.00093502790895264,14.9455981927223,0.680818121590228,40
109.35,-0.00970612235950816,1376.61959050517,1376.62929662753,0.203764802251548,0.198895752394445,0.00486904985710321,-0.00103442043516744,13.9455981927223,-0.346420259825067,-40
109.375,0.571782372696469,1377.49374759055,1376.92196521786,0.20439069422158,0.198906831034267,0.00548386318731284,-0.000404716490707446,14.9455981927223,0.676341358759639,40
109.4,0.27865995343859,1377.49374759055,1377.21508763711,0.204415274179143,0.198906831034267,0.00550844314487617,-0.000357313420694116,14.2124071175046,-0.0286991675527928,-29.3276430087079
109.425,-0.0139811226419751,1377.49374759055,1377.50772871319,0.203738312623407,0.198906831034267,0.00483148158914051,-0.00103006754008658,13.2124071175046,-1.05054861864752,-40
109.45,0.59310763936875,1378.3930909737,1377.79998333433,0.203856986708937,0.198917742394278,0.00493924431465881,-0.00092249232044822,14.2124071175046,-0.0715288931010386,40
109.475,0.300183648623104,1378.3930909737,1378.09290732508,0.204657056694198,0.198917742394278,0.00573931429992014,-0.000142471005861539,15.2124071175046,0.913395233690084,40
109.5,0.00671239914432114,1378.3930909737,1378.38637857456,0.204643790559505,0.198917742394278,0.00572604816522679,-0.000218310410041889,14.2124071175046,-0.15168063951879,-40
109.525,0.590356281768847,1379.27069984695,1378.68034356519,0.205330031437855,0.198927543760628,0.00640248767722715,0.000403903663633631,15.2124071175046,0.833243487272333,40
109.55,0.295995507814024,1379.27069984695,1378.97470433914,0.205218601246864,0.198927543760628,0.00629105748623668,0.000262145045447221,14.2124071175046,-0.131832385936544,-40
109.575,0.00229743509652044,1379.27069984695,1379.26840241186,0.204424150365596,0.198927543760628,0.00549660660496878,-0.00056865862051983,13.2124071175046,-1.14690825914542,-40
109.6,0.611847703110225,1380.17340518433,1379.56155748122,0.204441272897888,0.198937522476489,0.00550375042139947,-0.000567175116788776,14.2124071175046,-0.12496369898923,40
109.625,0.318158640689789,1380.17340518433,1379.85524654364,0.205153328257895,0.198937522476489,0.00621580578140657,0.000146995119376964,15.2124071175046,0.896980861166959,40
109.65,0.0240395765023698,1380.17340518433,1380.14936560783,0.205063799437409,0.198937522476489,0.00612627696092058,3.98852816179407e-05,14.2124071175046,-0.131074578676849,-40
109.675,0.611010215478648,1381.05488722492,1380.44387700944,0.205684010415705,0.198946505109058,0.00673750530664646,0.000628573556660295,15.2124071175046,0.845044776020083,40
109.7,0.316025791369344,1381.05488722492,1380.73886143355,0.205739854555899,0.198946505109058,0.00679334944684068,0.000670514431784897,14.5339288545848,0.184993551552759,-27.1391305167915
109.725,0.0214819724609828,1381.05488722492,1381.03340525246,0.205088164836338,0.198946505109058,0.00614165972727992,-1.48862358214097e-05,13.5339288545848,-0.846579409994773,-40
109.75,0.631621508628894,1381.95921737583,1381.3275958672,0.205227124291771,0.198955376200689,0.00627174809108252,0.000108321405112438,14.5339288545848,0.171847628457694,40
109.775,0.336734891522648,1381.95921737583,1381.62248248431,0.206042869187631,0.198955376200689,0.0070874929869427,0.000929936420329541,15.5339288545848,1.19920376645816,40.0000000000001
109.8,0.0412802866429567,1381.95921737583,1381.91793708919,0.206041546899952,0.198955376200689,0.00708617069926379,0.000918084284147413,14.5339288545848,0.176559904458618,-40.0000000000001
109.825,0.626933123664517,1382.84083481653,1382.21390169287,0.206736762843471,0.198963219968714,0.00777354287475715,0.00159198977066777,15.5339288545848,1.15860976081485,40.0000000000001
109.85,0.330560223650708,1382.84083481653,1382.51027459288,0.206632000454755,0.198963219968714,0.0076687804860408,0.00149159658108675,14.5339288545848,0.190659617171069,-40.0000000000001
109.875,0.0348398971576053,1382.84083481653,1382.80599491938,0.205842987657515,0.198963219968714,0.00687976768880086,0.000694026009526783,13.5339288545848,-0.827290526472707,-40
109.9,0.644800878133956,1383.74598201642,1383.10118113829,0.205864668962353,0.198971334926523,0.00689333403583026,0.000727141712755924,14.5339288545848,0.199266387105516,40
109.925,0.349090901166194,1383.74598201642,1383.39689111526,0.206555933049467,0.198971334926523,0.00758459812294437,0.00145160555441209,15.4991617889362,1.19772645815462,38.6093173740531
109.95,0.0529768310430194,1383.74598201642,1383.69300518538,0.206448440323025,0.198971334926523,0.00747710539650245,0.0013610163773124,14.4991617889362,0.180953594852397,-40.0000000000001
109.975,0.640438010102981,1384.62992779449,1383.98948978438,0.207053330768572,0.198978587029652,0.00807474373891953,0.00196881915102312,15.4991617889362,1.16418073155018,40.0000000000001
110,0.34366355326826,1384.62992779449,1384.28626424122,0.206871934867445,0.198978587029652,0.00789334783779264,0.00181324121912366,14.4991617889362,0.197407868247955,-40.0000000000001
110.025,0.0476418489431291,1384.62992779449,1384.58228594554,0.206018185677794,0.198978587029652,0.00703959864814152,0.000969986458356276,13.4991617889362,-0.819364995054268,-40
110.05,0.600990142792411,1385.47867925188,1384.87768910908,0.205985345157648,0.198986118231997,0.00699922692565097,0.000961443967947784,14.4991617889362,0.2024692888349,40
110.075,0.305875896913398,1385.47867925188,1385.17280335496,0.205621653030645,0.198986118231997,0.00663553479864798,0.000633843103663767,14.0183444543335,-0.256513761878567,-19.2326933841056
110.1,0.0117556836645467,1385.47867925188,1385.46692356821,0.20461261046811,0.198986118231997,0.00562649223611247,-0.000363947510157364,13.0183444543335,-1.2846794779894,-40
110.125,0.591044651597103,1386.35126417161,1385.76021952002,0.20444760163141,0.198994016725259,0.00545358490615147,-0.00053644419075316,14.0183444543335,-0.309181991055243,40
110.15,0.297538575234068,1386.35126417161,1386.05372559638,0.204888938120363,0.198994016725259,0.00589492139510422,-8.37477286936006e-05,14.8513526727038,0.549323714249215,33.3203287348121
110.175,0.00395819909990034,1386.35126417161,1386.34730597251,0.204569680870408,0.198994016725259,0.00557566414514948,-0.000410430598442063,13.8513526727038,-0.47517879881663,-40
110.2,0.562829364214356,1387.20380672906,1386.64097736485,0.204995570893823,0.198868033448872,0.00612753744495095,2.68444087410113e-05,14.8513526727038,0.550318688117525,40
110.225,0.269104233727974,1387.20380672906,1386.93470249534,0.20466316364641,0.198868033448872,0.00579513019753763,-0.00027247809185546,13.8513526727038,-0.416145781521314,-40
110.25,-0.0236683064589609,1387.20380672906,1387.22747503552,0.203681458125009,0.198868033448872,0.00481342467613707,-0.00123744623882716,12.8513526727038,-1.43261025116016,-40
110.275,0.566672362328673,1388.08613166083,1387.5194592985,0.203540368195714,0.198881800260999,0.0046585679347155,-0.00137581344268276,13.8513526727038,-0.449074720798993,40
110.3,0.27445711601241,1388.08613166083,1387.81167454481,0.203988417563019,0.198881800260999,0.00510661730202042,-0.000902145990991338,14.6636039384733,0.396712075331624,32.4900506307783
110.325,-0.0178409544883349,1388.08613166083,1388.10397261531,0.203675431570641,0.198881800260999,0.00479363130964261,-0.00120483416382508,13.6636039384733,-0.619752394307214,-40
110.35,0.555186842201326,1388.95155625424,1388.39636941204,0.204107113224348,0.198894409099239,0.00521270412510846,-0.000746708403462498,14.6636039384733,0.405717625112018,40
110.375,0.262616628323358,1388.95155625424,1388.68893962592,0.203933318285937,0.198894409099239,0.00503890918669794,-0.000880252159755707,13.8833216495935,-0.349094644348518,-31.2112915551908
110.4,-0.0292104152636301,1388.95155625424,1388.98076666951,0.203087283997462,0.198894409099239,0.00419287489822254,-0.00170912766878892,12.8833216495935,-1.37362462492929,-40
110.425,0.573592426409251,1389.84557672823,1389.27198430182,0.203062170649717,0.19890675785067,0.00415541279904691,-0.00173685065630541,13.8833216495935,-0.398154605510052,40
110.45,0.281894684525381,1389.84557672823,1389.5636820437,0.203740493582371,0.19890675785067,0.00483373573170026,-0.00104375689893849,14.8833216495935,0.626446237267962,40
110.475,-0.0101902716922809,1389.84557672823,1389.85576699992,0.2036243379251,0.19890675785067,0.00471758007442977,-0.00116516115168891,13.8833216495935,-0.398952919954025,-40
110.5,0.571603936693371,1390.71981453195,1390.14821059526,0.204224013404156,0.198917822850456,0.0053061905537008,-0.00055295652448159,14.8833216495935,0.625647922823991,40
110.525,0.278644264171493,1390.71981453195,1390.44117026778,0.204358110248375,0.198917822850456,0.0054402873979196,-0.000391112807221733,14.3390357619377,0.10596287794624,-21.7714355062306
110.55,-0.0139795159871696,1390.71981453195,1390.73379404794,0.203774950738104,0.198917822850456,0.00485712788764844,-0.000968394194442501,13.3390357619377,-0.919436279275742,-40
110.575,0.592208262502416,1391.61836434661,1391.02615608411,0.203974072417022,0.198928517858021,0.00504555455900121,-0.000782095636239322,14.3390357619377,0.0551645635022723,40
110.6,0.299145048809489,1391.61836434661,1391.3192192978,0.204740786653748,0.198928517858021,0.00581226879572658,-3.51245978575943e-05,15.1925076401384,0.896216851115902,34.1388751280272
110.625,0.00557867408036774,1391.61836434661,1391.61278567253,0.204698929333621,0.198928517858021,0.00577041147559998,-0.000137518872730946,14.1925076401384,-0.166202739471151,-40
110.65,0.58846730593769,1392.49527545785,1391.90680815191,0.20536082422916,0.198938178513657,0.00642264571550294,0.000463866557003201,15.1925076401384,0.821377669941799,40
110.675,0.294081097830464,1392.49527545785,1392.20119436002,0.205228611064968,0.198938178513657,0.00629043255131134,0.000303193743498048,14.1925076401384,-0.145216715185996,-40
110.7,0.000384875906532729,1392.49527545785,1392.49489058194,0.204416464683225,0.198938178513657,0.00547828616956858,-0.000544855276704781,13.1925076401384,-1.16181110031378,-40
110.725,0.6096426505434,1393.39766335696,1392.78802070642,0.204418669859185,0.198948066015207,0.00547060384397749,-0.000557754471120719,14.1925076401384,-0.13952215769105,40
110.75,0.315997941693851,1393.39766335696,1393.08166541527,0.205118215274199,0.198948066015207,0.00617014925899209,0.000144509985429309,15.1925076401384,0.882766784931685,40
110.775,0.0219395184861432,1393.39766335696,1393.37572383848,0.205018145812171,0.198948066015207,0.00607007979696353,2.75180663933949e-05,14.1925076401384,-0.144944272445579,-40
110.8,0.608914022595825,1394.27907502778,1393.67016100519,0.20562963411819,0.198956944158116,0.00667268996007478,0.000606743925231495,15.1925076401384,0.829453421224932,40
110.825,0.314014522836347,1394.27907502778,1393.96506050495,0.205678998577227,0.198956944158116,0.00672205441911097,0.000642363447674377,14.5151280778156,0.171777834216816,-27.0951824929148
110.85,0.019563928803721,1394.27907502778,1394.25951109898,0.205021953170061,0.198956944158116,0.00606500901194551,-4.74680094335322e-05,13.5151280778156,-0.858518190468431,-40
110.875,0.629788624516606,1395.1833903632,1394.55360173868,0.205156636479827,0.198965703549493,0.00619093293033399,7.30479608199719e-05,14.5151280778156,0.161185784846319,40
110.9,0.335007320127568,1395.1833903632,1394.84838304307,0.205969054553231,0.198965703549493,0.00700335100373747,0.000891086812749103,15.5151280778156,1.18638270293908,40.0000000000001
110.925,0.0396622060960091,1395.1833903632,1395.1437281571,0.205965100060925,0.198965703549493,0.00699939651143189,0.000874780685178128,14.5151280778156,0.161579621031834,-40.0000000000001
110.95,0.625470087570149,1396.06505014867,1395.4395800611,0.206658384142221,0.198973435854023,0.00768494828819777,0.00154578196159802,15.5151280778156,1.14461134089502,40.0000000000001
110.975,0.32921227362609,1396.06505014867,1395.73583787504,0.206552164842528,0.198973435854023,0.00757872898850417,0.00144369363085814,14.5151280778156,0.177643060758201,-40.0000000000001
111,0.0336088273887468,1396.06505014867,1396.03144132128,0.205762059945802,0.198973435854023,0.00678862409177897,0.000645422607310236,13.5151280778156,-0.839325219378619,-40
111.025,0.643676662759549,1396.97018604934,1396.32650938658,0.205783060755777,0.198981444224042,0.00680161653173447,0.000676120973470584,14.5151280778156,0.184383502640293,40
111.05,0.348067770964566,1396.97018604934,1396.62211827838,0.20649826998626,0.198981444224042,0.00751682576221727,0.00142427397901088,15.5151280778156,1.21948507746781,40.0000000000001
111.075,0.0520230049611881,1396.97018604934,1396.91816304438,0.206411380964391,0.198981444224042,0.00742993674034872,0.00135530291191288,14.5151280778156,0.204586652295323,-40.0000000000001
111.1,0.639315165245362,1397.85392088193,1397.21460571668,0.20703408865798,0.198988569083512,0.00804551957446756,0.00198303034040592,15.5151280778156,1.18968822712284,40.0000000000001
111.125,0.342559076652534,1397.85392088193,1397.51136180527,0.206867980263581,0.198988569083512,0.00787941118006871,0.00184323259535393,14.5151280778156,0.221126598905371,-40.0000000000001
111.15,0.0465355633019947,1397.85392088193,1397.80738531862,0.206027324092907,0.198988569083512,0.00703875500939469,0.00101218320516858,13.5151280778156,-0.797435029312096,-40
111.175,0.599406728532569,1398.70221433156,1398.10280760303,0.20600578640881,0.19899597979368,0.00700980661512995,0.00101679072069055,14.5151280778156,0.228206846001278,40
111.2,0.30429674844647,1398.70221433156,1398.39791758312,0.205599745708835,0.19899597979368,0.00660376591515482,0.000651037144065947,13.9597949677944,-0.301484388706516,-22.2133244008466
111.225,0.010237183742471,1398.70221433156,1398.69197714782,0.204554401984993,0.19899597979368,0.00555842219131225,-0.000376844047052516,12.9597949677944,-1.32584251339315,-40
111.25,0.589491580049779,1399.57465570708,1398.98516412703,0.204358356405304,0.199003839801217,0.0053545166040869,-0.000574996442985864,13.9597949677944,-0.350200638079778,40
111.275,0.296093451163644,1399.57465570708,1399.27856225592,0.204830866082977,0.199003839801217,0.00582702628175963,-8.64503189396959e-05,14.8754449258832,0.591091195322414,36.6259983235528
111.3,0.00257994332233557,1399.57465570708,1399.57207576376,0.20453821502675,0.199003839801217,0.00553437522553316,-0.00038245303571352,13.8754449258832,-0.433266929364217,-40
111.325,0.561102922891829,1400.42681827768,1399.86571535479,0.20498687356834,0.198877764385723,0.0061091091826164,8.11554224372513e-05,14.8754449258832,0.592374945949154,40
111.35,0.267379718427636,1400.42681827768,1400.15943855926,0.204673806804842,0.198877764385723,0.0057960424191186,-0.000195671846099782,13.8754449258832,-0.373917667795545,-40
111.375,-0.0254162232868869,1400.42681827768,1400.45223450097,0.203708487144913,0.198877764385723,0.00483072275918928,-0.00114144817900635,12.8754449258832,-1.39021028154025,-40
111.4,0.564228822164623,1401.30849247715,1400.74426365498,0.203581349408077,0.198891422205372,0.004689927202705,-0.00126335261180457,13.8754449258832,-0.406502895284948,40
111.425,0.272014918132407,1401.30849247715,1401.03647755901,0.203953482844773,0.198891422205372,0.00506206063940057,-0.000863336912181323,14.5620528550662,0.313812420153388,27.4643171673216
111.45,-0.0201807122902569,1401.30849247715,1401.32867318944,0.203575254824222,0.198891422205372,0.00468383261884966,-0.0012292133332357,13.5620528550662,-0.702480193591311,-40
111.475,0.552942611177623,1402.17382332855,1401.62088071737,0.203950982998008,0.19890404019216,0.00504694280584772,-0.000827703136578123,14.5620528550662,0.319522003249744,40
111.5,0.260557595186025,1402.17382332855,1401.91326573336,0.203836111156721,0.19890404019216,0.00493207096456114,-0.000905306639473469,13.9349727688371,-0.285555886138364,-25.0832034491667
111.525,-0.0311621617737105,1402.17382332855,1402.20498549032,0.203040359246076,0.19890404019216,0.00413631905391543,-0.00168886853613806,12.9349727688371,-1.31355368929731,-40
111.55,0.571210921136335,1403.06737330285,1402.49616238171,0.203058232547284,0.198916284232391,0.00414194831489284,-0.00167668936723014,13.9349727688371,-0.33642352599489,40
111.575,0.279497029103148,1403.06737330285,1402.78787627375,0.203773283020846,0.198916284232391,0.004856998788455,-0.000947727558431172,14.9349727688371,0.69070663730753,40.0000000000001
111.6,-0.0126525985898078,1403.06737330285,1403.08002590144,0.203688360679873,0.198916284232391,0.00477207644748218,-0.00103685632435813,13.9349727688371,-0.332163199390051,-40
111.625,0.568114468080388,1403.94068997674,1403.37257550866,0.204314658114076,0.198927188733432,0.00538746938064352,-0.000395359407662249,14.9349727688371,0.69496696391237,40
111.65,0.275128462576062,1403.94068997674,1403.66556151417,0.204315016244414,0.198927188733432,0.00538782751098188,-0.000363193274531631,14.1668326276036,-0.0460430140186931,-30.7256056493393
111.675,-0.0173440632835529,1403.94068997674,1403.95803404003,0.203617126130947,0.198927188733432,0.00468993739751436,-0.00104996017548784,13.1668326276036,-1.06891285071628,-40
111.7,0.589236639068441,1404.83932921296,1404.25009257389,0.203717963374262,0.198937928009766,0.0047800353644957,-0.000955693935567964,14.1668326276036,-0.0917826874138593,40
111.725,0.296532075226692,1404.83932921296,1404.54279713773,0.204502942508981,0.198937928009766,0.00556501449921498,-0.000184650887207066,15.1668326276036,0.896464148138032,40
111.75,0.0033000309395406,1404.83932921296,1404.83602918202,0.204476757419261,0.198937928009766,0.00553882940949421,-0.000265957291198216,14.1668326276036,-0.16528901631008,-40
111.775,0.586790274537636,1405.7165285583,1405.12973828377,0.205152212234067,0.198947536672142,0.00620467556192436,0.000348903824833074,15.1668326276036,0.815564928191044,40
111.8,0.292699337155735,1405.7165285583,1405.42382922115,0.205031637455733,0.198947536672142,0.00608410078359095,0.000196521046896048,14.1668326276036,-0.155689878355606,-40
111.825,-0.00071714597602057,1405.7165285583,1405.71724570428,0.204229418778797,0.198947536672142,0.00528188210665415,-0.000647746162350638,13.1668326276036,-1.17694468490226,-40
111.85,0.608807068100513,1406.61891651589,1406.01010944778,0.204240220089152,0.198957291490327,0.00528292859882418,-0.000654692219824754,14.1668326276036,-0.150869012315925,40
111.875,0.315417078940198,1406.61891651589,1406.30349943695,0.204947304318341,0.198957291490327,0.00599001282801362,5.54622897406543e-05,15.1668326276036,0.875206660270414,40
111.9,0.0216031630107568,1406.61891651589,1406.59731335287,0.204853764036123,0.198957291490327,0.00589647254579515,-5.20927315937891e-05,14.1668326276036,-0.148717667143249,-40
111.925,0.608758188249386,1407.50027315378,1406.89151496554,0.205471036081063,0.198966030408363,0.00650500567270043,0.000536535748719175,15.1668326276036,0.827358005443091,40
111.95,0.314011625190834,1407.50027315378,1407.18626152859,0.205627103227353,0.198966030408363,0.0066610728189902,0.000680888206397195,14.6350402041732,0.313806452828632,-21.2716969372148
111.975,0.0195721776297918,1407.50027315378,1407.48070097616,0.205061431306879,0.198966030408363,0.00609540089851679,8.30909871649688e-05,13.6350402041732,-0.717952676355453,-40
112,0.628824941489724,1408.40372695233,1407.77490201084,0.205274459386558,0.198974523507497,0.00629993587906139,0.000281437343032848,14.6350402041732,0.300288194460459,40
112.025,0.333934242443723,1408.40372695233,1408.06979270988,0.206010826047801,0.198974523507497,0.0070363025403041,0.00102457644901954,15.4299215457188,1.12273340466623,31.7952536618236
112.05,0.0385803958696274,1408.40372695233,1408.36514655646,0.205941816576785,0.198974523507497,0.00696729306928826,0.000945788610648146,14.4299215457188,0.100297273326416,-40.0000000000001
112.075,0.624167241913778,1409.28508848275,1408.66092124084,0.206579637962557,0.198982151930862,0.00759748603169458,0.00156110874126197,15.4299215457188,1.07995986935121,40.0000000000001
112.1,0.328059927811681,1409.28508848275,1408.95702855494,0.206426109358238,0.198982151930862,0.00744395742737608,0.00140910161535329,14.4299215457188,0.109622465376003,-40.0000000000001
112.125,0.0326694558413635,1409.28508848275,1409.25241902691,0.20559566015189,0.198982151930862,0.00661350822102746,0.000565825744212378,13.4299215457188,-0.9107149385992,-40
112.15,0.643415529466228,1410.19063645703,1409.54722092757,0.205582395592454,0.198990125023194,0.00659227056926004,0.000561731963231865,14.4299215457188,0.118054168860225,40
112.175,0.348117914477039,1410.19063645703,1409.84251854256,0.206268626544637,0.198990125023194,0.00727850152144283,0.00128001331752667,15.4299215457188,1.15261977278881,40.0000000000001
112.2,0.0524225989497489,1410.19063645703,1410.13821385808,0.20615718916317,0.198990125023194,0.00716706413997559,0.00118528569082393,14.4299215457188,0.137185376717398,-40.0000000000001
112.225,0.640849044617365,1411.07512385884,1410.43427481423,0.206759254555808,0.19899719506363,0.00776205949217795,0.00179089468380589,15.4299215457188,1.12175098064599,40.0000000000001
112.25,0.344350169886024,1411.07512385884,1410.73077368896,0.2067821043563,0.19899719506363,0.00778490929267059,0.00184091396863412,14.7256371877493,0.452032226605108,-28.1713743187787
112.275,0.0483331464861156,1411.07512385884,1411.02679071236,0.206103186067121,0.19899719506363,0.00710599100349102,0.00117446136214561,13.7256371877493,-0.563402169466303,-40
112.3,0.600222438724263,1411.92264361595,1411.32242117723,0.206220156319145,0.199004293888436,0.0072158624307096,0.00131369302023757,14.7256371877493,0.45325370871791,40
112.325,0.304893838435094,1411.92264361595,1411.61774977751,0.205696768281507,0.199004293888436,0.00669247439307114,0.000820938074348881,13.8324180224297,-0.423309578417522,-35.7287666127861
112.35,0.0107712892146763,1411.92264361595,1411.91187232673,0.204550995589803,0.199004293888436,0.00554670170136715,-0.000321965207045638,12.8324180224297,-1.45665370023331,-40
112.375,0.589894466752101,1412.79488358384,1412.20498911709,0.204269076709552,0.199012098496212,0.00525697821333981,-0.000616628734899066,13.8324180224297,-0.478293502215716,40
112.4,0.296637165359828,1412.79488358384,1412.49824641848,0.204727091993181,0.199012098496212,0.00571499349696891,-0.000149813161752471,14.8324180224297,0.550066695801878,40.0000000000001
112.425,0.00328377710251243,1412.79488358384,1412.79159980674,0.204422070389242,0.199012098496212,0.00540997189302983,-0.000462503342734594,13.8324180224297,-0.471573106180528,-40
112.45,0.562322599926439,1413.6473854317,1413.08506283177,0.204860266774576,0.198886016388613,0.00597425038596236,-1.29198413035547e-05,14.8324180224297,0.554273342896115,40
112.475,0.26878997682753,1413.6473854317,1413.37859545487,0.204538251950432,0.198886016388613,0.00565223556181832,-0.000299064295589874,13.8324180224297,-0.408175018613003,-40
112.5,-0.023803321058317,1413.6473854317,1413.67118875276,0.203565213366961,0.198886016388613,0.00467919697834823,-0.00125019260722631,12.8324180224297,-1.42062338012212,-40
112.525,0.566375055676864,1414.52937991396,1413.96300485829,0.203431493940301,0.198899635301201,0.00453185863910002,-0.00137396615838581,13.8324180224297,-0.433071741631237,40
112.55,0.27426537064004,1414.52937991396,1414.25511454332,0.203958282753607,0.198899635301201,0.00505864745240661,-0.000816150354466694,14.7484689278453,0.515402835813915,36.6420362166251
112.575,-0.0180310315680732,1414.52937991396,1414.54741094553,0.203712423884453,0.198899635301201,0.00481278858325213,-0.00104785486550593,13.7484689278453,-0.502173492156561,-40
112.6,0.553874918341773,1415.39376960477,1414.83989468643,0.204201427271566,0.198912020469559,0.00528940680200748,-0.000534346832205185,14.7484689278453,0.515770253325399,40
112.625,0.261236718565352,1415.39376960477,1415.1325328862,0.203947826975886,0.198912020469559,0.00503580650632712,-0.000754587058520828,13.7842084704601,-0.43054645857787,-38.5704182954094
112.65,-0.0305517980325311,1415.39376960477,1415.4243214028,0.203033000159932,0.198912020469559,0.00412097969037351,-0.0016633811524312,12.7842084704601,-1.46260271309591,-40
112.675,0.571709396158217,1416.28711817167,1415.71540877551,0.202948735940368,0.198924296722914,0.00402443921745443,-0.00175895286202843,13.7842084704601,-0.486004050356662,40
112.7,0.280220817667519,1416.28711817167,1416.006897354,0.203576219360487,0.198924296722914,0.00465192263757364,-0.00112269634986781,14.7842084704601,0.540594612382584,40
112.725,-0.0115870078331615,1416.28711817167,1416.2987051795,0.203416163135557,0.198924296722914,0.00449186641264346,-0.00129168737837351,13.7842084704601,-0.482806724878166,-40
112.75,0.570521775652724,1417.1613348524,1416.59081307675,0.203978130111618,0.198935337790287,0.00504279232133101,-0.000718891014700823,14.7842084704601,0.54379193786108,40
112.775,0.277814428832346,1417.1613348524,1416.88352042357,0.204261755991368,0.198935337790287,0.00532641820108043,-0.0004023565366994,14.500597500235,0.29417252142597,-11.3444388090049
112.8,-0.0147550942002409,1417.1613348524,1417.1760899466,0.203806313785743,0.198935337790287,0.00487097599545611,-0.000840896893123583,13.500597500235,-0.721835924784019,-40
112.825,0.590076676223694,1418.05864371748,1417.46856704126,0.204114642366418,0.198945743815268,0.00516889855114996,-0.000529361232699033,14.500597500235,0.262155629005989,40
112.85,0.296918696412786,1418.05864371748,1417.76172502107,0.204750005993262,0.198945743815268,0.00580426217799462,9.93657541177306e-05,15.0324247068999,0.780643910327926,21.2730882665966
112.875,0.00343208866565422,1418.05864371748,1418.05521162882,0.204595292737639,0.198945743815268,0.00564954892237163,-0.000105297864368414,14.0324247068999,-0.282695015015055,-40
112.9,0.586089797100635,1418.93509441924,1418.34900462214,0.205160507117845,0.19895532615639,0.00620518096145564,0.000397490760603053,15.0324247068999,0.689154371933991,40
112.925,0.292009789812653,1418.93509441924,1418.64308462943,0.205015551437163,0.19895532615639,0.0060602252807736,0.000214376504347469,14.1329746645379,-0.188446283478934,-35.9780016944788
112.95,-0.00136332629195486,1418.93509441924,1418.93645774553,0.204192288433045,0.19895532615639,0.00523696227665518,-0.000661153022512184,13.1329746645379,-1.21659689652989,-40
112.975,0.608265132592437,1419.83751534129,1419.22925020869,0.204185020433534,0.19896512590224,0.00521989453129335,-0.000697827817037783,14.1329746645379,-0.194747509580845,40
113,0.314970354766895,1419.83751534129,1419.52254498652,0.204876624366511,0.19896512590224,0.00591149846427103,-1.60477603664277e-05,15.1329746645379,0.827101877368202,40
113.025,0.0212721798757259,1419.83751534129,1419.81624316141,0.204769746423299,0.19896512590224,0.00580462052105896,-0.000150896263601624,14.1329746645379,-0.201048735682753,-40
113.05,0.608766327739894,1420.71907777205,1420.11031144431,0.205375642252175,0.198973840661902,0.0064018015902732,0.000417812098014031,15.1329746645379,0.779850771109409,40
113.075,0.314111154929681,1420.71907777205,1420.40496661712,0.205599452115071,0.198973840661902,0.00662561145316859,0.000630005528943156,14.7121717264403,0.387848612439362,-16.8321175239041
113.1,0.0196731412764766,1420.71907777205,1420.69940463077,0.20509170658365,0.198973840661902,0.00611786592174779,9.76273779884351e-05,13.7121717264403,-0.633350608133082,-40
113.125,0.628507542011133,1421.62218879826,1420.99368125624,0.205354351270161,0.198982199404415,0.00637215186574572,0.00035912456067011,14.7121717264403,0.395041904211623,40
113.15,0.333547641188562,1421.62218879826,1421.28864115707,0.206034695193774,0.198982199404415,0.00705249578935849,0.00105905389249381,15.3659750361489,1.0781312148303,26.152132388344
113.175,0.0381987788459323,1421.62218879826,1421.58399001941,0.205917702862982,0.198982199404415,0.00693550345856686,0.000944467865104354,14.3659750361489,0.0574172157403658,-40.0000000000001
113.2,0.623870253612389,1422.5035665708,1421.87969631719,0.206514581306192,0.198989790821981,0.00752479048421087,0.00152901336324868,15.3659750361489,1.03670321665044,40.0000000000001
113.225,0.32788542847892,1422.5035665708,1422.17568114232,0.20632607905133,0.198989790821981,0.00733628822934909,0.00135046565776037,14.3659750361489,0.0659892175605163,-40.0000000000001
113.25,0.0326636224260209,1422.5035665708,1422.47090294838,0.205465760426221,0.198989790821981,0.00647596960423938,0.000484255839577563,13.3659750361489,-0.95472478152941,-40
113.275,0.644099135226814,1423.40959597642,1422.76549684119,0.205427112099115,0.198997765211819,0.00642934688729652,0.000447450252280823,14.3659750361489,0.0550902214222967,40
113.3,0.349042891676654,1423.40959597642,1423.06055308474,0.206091873129143,0.198997765211819,0.0070941079173244,0.00113317457221349,15.3659750361489,1.08281495011838,40.0000000000001
113.325,0.0536171740711712,1423.40959597642,1423.35597880235,0.205962233882622,0.198997765211819,0.00696446867080294,0.00100593381993502,14.3659750361489,0.060539678814461,-40.0000000000001
113.35,0.643053094826835,1424.29479941614,1423.65174632131,0.206549010104331,0.199004815699377,0.00754419440495382,0.00158895047147389,15.3659750361489,1.05224245688525,40.0000000000001
113.375,0.346715468661594,1424.29479941614,1423.94808394748,0.206766106918922,0.199004815699377,0.00776129121954519,0.00182374714097056,14.9584425444679,0.674708423441643,-16.3012996672408
113.4,0.0506018873710482,1424.29479941614,1424.24419752877,0.206253435016124,0.199004815699377,0.00724861931674672,0.00131221679585425,13.9584425444679,-0.345293118320945,-40
113.425,0.601342004844241,1425.14148727658,1424.54014527173,0.206512731298891,0.199011634305732,0.00750109699315935,0.00159043604110026,14.9584425444679,0.680492825935747,40
113.45,0.305562003582617,1425.14148727658,1424.83592527299,0.206036538575154,0.199011634305732,0.00702490426942268,0.00115013486525273,13.9584425444679,-0.291207480866607,-40
113.475,0.0109252450579398,1425.14148727658,1425.13056203152,0.204931207002683,0.199011634305732,0.0059195726969512,6.02912990377291e-05,12.9584425444679,-1.31290778766896,-40
113.5,0.587995317518336,1426.01224229802,1425.42424698051,0.204684035767887,0.199019217379327,0.00566481838856001,-0.000188883579981036,13.9584425444679,-0.334608094471316,40
113.525,0.29430933715635,1426.01224229802,1425.71793296087,0.204918992630717,0.199019217379327,0.00589977525139004,6.40029195471958e-05,14.5964377507431,0.331686805001528,25.519808251008
113.55,0.000823169379775263,1426.01224229802,1426.01141912864,0.204422940032257,0.199019217379327,0.00540372265292943,-0.0004319756002234,13.5964377507431,-0.690013501800829,-40
113.575,0.560504838351593,1426.86526646718,1426.30476162883,0.204697728665811,0.19889331886603,0.00580440979978111,-0.000146698133837053,14.5964377507431,0.325098686221311,40
113.6,0.267301093965415,1426.86526646718,1426.59796537322,0.204247327424739,0.19889331886603,0.00535400855870868,-0.000567584873878313,13.6127684340572,-0.628978515894917,-39.3467726674373
113.625,-0.024792975943907,1426.86526646718,1426.89005944313,0.203164410647449,0.19889331886603,0.00427109178141902,-0.00163961853154648,12.6127684340572,-1.64938640132522,-40
113.65,0.568062460525526,1427.74929295155,1427.18123049102,0.202936748023846,0.198907195723408,0.00402955230043844,-0.00186787616891834,13.6127684340572,-0.663385244356246,40
113.675,0.276679393169591,1427.74929295155,1427.47261355838,0.203442053743006,0.198907195723408,0.00453485801959791,-0.001344117825549,14.6127684340572,0.363960995355441,40
113.7,-0.0148618462795562,1427.74929295155,1427.76415479783,0.203178037385549,0.198907195723408,0.00427084166214081,-0.0016082853988475,13.6127684340572,-0.658692764932869,-40
113.725,0.559884475504848,1428.61574368943,1428.05585921393,0.203651810858481,0.198919693127649,0.00473211773083113,-0.00111567043095745,14.6127684340572,0.368653474778818,40
113.75,0.267664587773892,1428.61574368943,1428.34807910166,0.203904420519273,0.198919693127649,0.00498472739162309,-0.000827959801669415,14.3916083523917,0.174839632825068,-8.84640326661741
113.775,-0.0243772012714829,1428.61574368943,1428.6401208907,0.203423224395176,0.198919693127649,0.00450353126752689,-0.0012950436773293,13.3916083523917,-0.847814127463247,-40
113.8,0.57475311171905,1429.50678998383,1428.93203687211,0.203710374016022,0.198931376293278,0.00477899772274393,-0.00101174176868796,14.3916083523917,0.129532112248443,40
113.825,0.282230288010164,1429.50678998383,1429.22455969582,0.204265025173219,0.198931376293278,0.00533364887994059,-0.000441387238193924,14.8324863774034,0.597756376971829,17.635121000468
113.85,-0.0105146356861121,1429.50678998383,1429.51730461952,0.20404201179705,0.198931376293278,0.00511063550377183,-0.000666861888445752,13.8324863774034,-0.424897383316483,-40
113.875,0.568051574103624,1430.37831734178,1429.81026576767,0.204549630430355,0.198942205147055,0.00560742528329911,-0.00015084419072553,14.8324863774034,0.590251074178008,40
113.9,0.274844633736922,1430.37831734178,1430.10347270804,0.204403588618701,0.198942205147055,0.00546138347164507,-0.000268842951446385,14.0009869366321,-0.211288221390829,-33.259977630852
113.925,-0.017654035634054,1430.37831734178,1430.39597137741,0.203579889521597,0.198942205147055,0.00463768437454182,-0.00108258912707399,13.0009869366321,-1.23132807618836,-40
113.95,0.589199377771148,1431.2770881185,1430.68788874073,0.203572768182786,0.198953140878974,0.00461962730381277,-0.00109115388670258,14.0009869366321,-0.245532034845625,40
113.975,0.296779578473884,1431.2770881185,1430.98030854003,0.204265166202459,0.198953140878974,0.00531202532348549,-0.000409932756549991,15.0009869366321,0.740264006497119,40.0000000000001
114,0.00395555714452153,1431.2770881185,1431.27313256135,0.204159438898584,0.198953140878974,0.00520629801961014,-0.000570048890679936,14.0009869366321,-0.32393995216014,-40
114.025,0.589108787009426,1432.15543664719,1431.56632786018,0.204766783275699,0.198962900233128,0.00580388304257118,-1.91326111157464e-05,15.0009869366321,0.661856089182599,40
114.05,0.295351656143694,1432.15543664719,1431.86008499105,0.204956088938908,0.198962900233128,0.00599318870577961,0.000140619960704386,14.5284871436522,0.216102217702331,-18.8999917191956
114.075,0.00185814971890517,1432.15543664719,1432.15357849747,0.204418872073823,0.198962900233128,0.00545597184069524,-0.000438037952116888,13.5284871436522,-0.807151860798047,-40
114.1,0.609559221500876,1433.05642996037,1432.44687073887,0.204656381798791,0.19897228795302,0.00568409384577109,-0.000223652892337084,14.5284871436522,0.210372739322473,40
114.125,0.315571675514293,1433.05642996037,1432.74085828486,0.205378151820914,0.19897228795302,0.00640586386789455,0.000490970029110055,15.2721254476814,0.971943910555038,29.7455321611676
114.15,0.0211410543947179,1433.05642996037,1433.03528890598,0.205296590225379,0.19897228795302,0.00632430227235925,0.000381022541755982,14.2721254476814,-0.0601232222415899,-40
114.175,0.605536984313656,1433.93566003198,1433.33012304767,0.205923751496639,0.198980771515937,0.00694297998070231,0.000961607768147077,15.2721254476814,0.907809644961785,40
114.2,0.310385139785227,1433.93566003198,1433.6252748922,0.205760921507866,0.198980771515937,0.00678014999192925,0.000771559065912281,14.2721254476814,-0.0742574878348426,-40
114.225,0.0159634499642564,1433.93566003198,1433.91969658202,0.204922040311488,0.198980771515937,0.00594126879555096,-0.000112874815055064,13.2721254476814,-1.10632462063147,-40
114.25,0.626343317037619,1434.83986094928,1434.21351763224,0.204901270488769,0.198989544514086,0.00591172597468259,-0.000159971206749515,14.2721254476814,-0.0883917534280985,40
114.275,0.332037195480472,1434.83986094928,1434.5078237538,0.205581020587302,0.198989544514086,0.00659147607321617,0.00052351819286528,15.2721254476814,0.94901211173364,40
114.3,0.037342725102878,1434.83986094928,1434.80251822418,0.205463738197247,0.198989544514086,0.00647419368316085,0.000400788555586479,14.2721254476814,-0.0635840231046207,-40
114.325,0.625660756724644,1435.72323069661,1435.09756993989,0.206060684845944,0.198997327322352,0.00706335752359188,0.000990902727367765,15.2721254476814,0.933130816618918,40
114.35,0.330079956962607,1435.72323069661,1435.39315073965,0.206213047527696,0.198997327322352,0.0072157202053437,0.00116039056482772,14.7600367363693,0.453778895655645,-20.4835484524842
114.375,0.0348099845159247,1435.72323069661,1435.6884207121,0.205644384881595,0.198997327322352,0.00664705755924333,0.000594424819193584,13.7600367363693,-0.563484313995523,-40
114.4,0.64465973971314,1436.62810952417,1435.98344978446,0.205855318157098,0.19900488637013,0.00685043178696843,0.000823033466353484,14.7600367363693,0.458427362765058,40
114.425,0.348956955636455,1436.62810952417,1436.27915256853,0.206570468131594,0.19900488637013,0.00756558176146463,0.0015716066243795,15.5266008907583,1.25111570789531,30.662566175558
114.45,0.0528179012376651,1436.62810952417,1436.57529162293,0.206483614155959,0.19900488637013,0.00747872778582984,0.00149671166245274,14.5266008907583,0.227239898636604,-40.0000000000001
114.475,0.639257132401504,1437.51108647234,1436.87182933994,0.207106760212868,0.199011659535542,0.00809510067732611,0.00211339939927843,15.5266008907583,1.2033640893779,40.0000000000001
114.5,0.342404934454007,1437.51108647234,1437.16868153789,0.206941159669947,0.199011659535542,0.00792950013440538,0.00196047209514827,14.5266008907583,0.2294882801192,-40.0000000000001
114.525,0.0462841028882575,1437.51108647234,1437.46480236945,0.206101116286249,0.199011659535542,0.00708945675070768,0.00111454651270684,13.5266008907583,-0.794387529139503,-40
114.55,0.598604569537744,1438.3589280787,1437.76032350916,0.206080581941734,0.199018855629086,0.00706172631264776,0.00110481351264535,14.5266008907583,0.228397362959098,40
114.575,0.303432806433166,1438.3589280787,1438.05549527226,0.205622715273314,0.199018855629086,0.00660385964422816,0.000681232083699052,13.8954537459222,-0.366777384602848,-25.2458857934418
114.6,0.00937977078952622,1438.3589280787,1438.34954830791,0.204533211451792,0.199018855629086,0.00551435582270579,-0.000388816298041716,12.8954537459222,-1.38080498732875,-40
114.625,0.588959733624295,1439.23163048329,1438.64267074967,0.2042998463202,0.199026596169846,0.00527325015035399,-0.000615447949103148,13.8954537459222,-0.394832590054642,40
114.65,0.295631919860518,1439.23163048329,1438.93599856343,0.204799789818622,0.199026596169846,0.00577319364877593,-8.92344425690028e-05,14.8954537459222,0.634730764820187,40
114.675,0.00215214262274893,1439.23163048329,1439.22947834067,0.204530802281475,0.199026596169846,0.00550420611162836,-0.000350156357061482,13.8954537459222,-0.385705880304981,-40
114.7,0.56094716669686,1440.08406307317,1439.52311590648,0.20500014476911,0.198900361153519,0.00609978361559069,0.00014297200469468,14.8954537459222,0.638700108986981,40
114.725,0.267198539181571,1440.08406307317,1439.81686453399,0.204704873617487,0.198900361153519,0.00580451246396796,-0.000115061116928578,13.8954537459222,-0.336893901721059,-40
114.75,-0.0256464119430843,1440.08406307317,1440.10970948512,0.203754848476023,0.198900361153519,0.00485448732250413,-0.00105125257805819,12.8954537459222,-1.36248791242909,-40
114.775,0.563877262993199,1440.96568530711,1440.40180804412,0.203641114284115,0.198913879731366,0.00472723455274912,-0.00117119292640139,13.8954537459222,-0.388081923137133,40
114.8,0.271606548276151,1440.96568530711,1440.69407875883,0.203983673092648,0.198913879731366,0.00506979336128249,-0.000817070286858457,14.5230147634502,0.263885083682786,25.1024407011183
114.825,-0.0206063103524223,1440.96568530711,1440.98629161746,0.203580018944894,0.198913879731366,0.00466613921352835,-0.00122885271598827,13.5230147634502,-0.761708927025252,-40
114.85,0.552686520407345,1441.83116896039,1441.27848243998,0.203934135778402,0.198926451392151,0.00500768438625129,-0.000864823631616579,14.5230147634502,0.262651131941895,40
114.875,0.26031650029994,1441.83116896039,1441.57085246009,0.203842615564059,0.198926451392151,0.00491616417190852,-0.000922461933041852,13.9560193069802,-0.267786483343758,-22.6798182587999
114.9,-0.031418735406741,1441.83116896039,1441.8625876958,0.203066661277509,0.198926451392151,0.00414020988535796,-0.00167892360418356,12.9560193069802,-1.28122864215942,-40
114.925,0.57077043098944,1442.72457640573,1442.15380597474,0.203101528973276,0.198938638628629,0.00416289034464709,-0.00163687366780299,13.9560193069802,-0.294670800975072,40
114.95,0.278993069642286,1442.72457640573,1442.44558333609,0.20383110098609,0.198938638628629,0.00489246235746124,-0.000879808438572854,14.9560193069802,0.736051144068993,40
114.975,-0.0132385652621,1442.72457640573,1442.73781497099,0.203758236650835,0.198938638628629,0.004819598022206,-0.00094269958949203,13.9560193069802,-0.28322691088694,-40
115,0.567045361816043,1443.59750740383,1443.03046204202,0.204394726848334,0.198949487103743,0.00544523974459066,-0.000283759806415512,14.9560193069802,0.736824098104426,40
115.025,0.27399957682875,1443.59750740383,1443.32350782701,0.204334729497531,0.198949487103743,0.00538524239378732,-0.000310621767415586,14.0895912526882,-0.109552947196211,-34.6571221716802
115.05,-0.0184518770164335,1443.59750740383,1443.61595928085,0.203584679359978,0.198949487103743,0.00463519225623435,-0.00105328833031065,13.0895912526882,-1.13950193820485,-40
115.075,0.588097380737429,1444.49602435419,1443.90792697345,0.203640654482558,0.198960273337906,0.00468038114465233,-0.00100874795650041,14.0895912526882,-0.164866796949542,40
115.1,0.29554375200973,1444.49602435419,1444.20048060218,0.204387042577597,0.198960273337906,0.00542676923969124,-0.00028343210477913,15.0895912526882,0.818989665684865,40.0000000000001
115.125,0.0025145927152617,1444.49602435419,1444.49350976147,0.204327351496425,0.198960273337906,0.00536707815851947,-0.000407321709771896,14.0895912526882,-0.247153871680736,-40
115.15,0.586498485514327,1445.37346950164,1444.78697101613,0.204973965319174,0.198969944539149,0.00600402078002493,0.000173136217304942,15.0895912526882,0.736702590953668,40
115.175,0.292588475540645,1445.37346950164,1445.0808810261,0.204972316531811,0.198969944539149,0.00600237199266151,0.000138607507815747,14.2958858760029,-0.0231463230971853,-31.7482150674102
115.2,-0.000804224916026985,1445.37346950164,1445.37427372656,0.204271400307887,0.198969944539149,0.00530145576873806,-0.000601592809675366,13.2958858760029,-1.03928986046278,-40
115.225,0.607754554033936,1446.27500227101,1445.66724771697,0.204368693098118,0.198979549612576,0.00538914348554281,-0.000519462989693215,14.2958858760029,-0.0130708328311022,40
115.25,0.314139933017533,1446.27500227101,1445.96086233799,0.205149516746157,0.198979549612576,0.00616996713358098,0.000266858667112568,15.2958858760029,1.01314819480058,40.0000000000001
115.275,0.0200041062539498,1446.27500227101,1446.25499816475,0.20511846734692,0.198979549612576,0.0061389177343448,0.000224076866414485,14.2958858760029,-0.0106327775677374,-40
115.3,0.605101753633557,1447.1547060879,1446.54960433426,0.205788869452274,0.198988082552695,0.00680078689957853,0.00086798753218556,15.2958858760029,0.965586250063945,40
115.325,0.310119834285872,1447.1547060879,1446.84458625361,0.205664194811385,0.198988082552695,0.00667611225869041,0.000732606412090969,14.2977230889956,-0.0156684838735152,-39.9265114802936
115.35,0.0158177330524345,1447.1547060879,1447.13888835484,0.204857771010995,0.198988082552695,0.00586968845829974,-0.000105929751245792,13.2977230889956,-1.04876043080364,-40
115.375,0.626066071939748,1448.05869875728,1447.43263268534,0.204864680265241,0.198996790962906,0.00586788930233514,-0.00011454328345839,14.2977230889956,-0.0318523777337543,40
115.4,0.331800106531201,1448.05869875728,1447.72689865075,0.205568028532561,0.198996790962906,0.00657123756965478,0.000595045782582765,15.2977230889956,0.995880788924375,40.0000000000001
115.425,0.037114692757313,1448.05869875728,1448.02158406452,0.205470739474954,0.198996790962906,0.00647394851204777,0.000487694087094509,14.2977230889956,-0.0263860444174927,-40
115.45,0.624943514710732,1448.94159665224,1448.31665313753,0.206084686782517,0.199004514406744,0.0070801723757731,0.00108011896404228,15.2977230889956,0.95496553651851,40
115.475,0.329354276608383,1448.94159665224,1448.61224237563,0.206208776789786,0.199004514406744,0.00720426238304145,0.00120778627051935,14.7245605311036,0.41315455956249,-22.926502315681
115.5,0.0341134746567208,1448.94159665224,1448.90748317759,0.205615744077815,0.199004514406744,0.00661122967107108,0.000604884678593293,13.7245605311036,-0.605493859501509,-40
115.525,0.643795473227687,1449.84624623254,1449.20245075932,0.205805773299933,0.199012065891513,0.00679370740841986,0.00080632803090383,14.7245605311036,0.42284526674195,40
115.55,0.348156176288492,1449.84624623254,1449.49809005626,0.206537971892545,0.199012065891513,0.00752590600103198,0.00157047904736807,15.5411952405462,1.27115840107069,32.6653883777034
115.575,0.0520579797372634,1449.84624623254,1449.79418825281,0.206465605006021,0.199012065891513,0.00745353911450741,0.00151269861486275,14.5411952405462,0.252836825956851,-40.0000000000001
115.6,0.638336577924084,1450.72904101968,1450.09070444176,0.207101152404632,0.199018792562037,0.00808235984259525,0.00214792052360158,15.5411952405462,1.23451525084301,40.0000000000001
115.625,0.34148938471912,1450.72904101968,1450.38755163496,0.206946082147073,0.199018792562037,0.00792728958503675,0.00201465352253841,14.5411952405462,0.266193675729167,-40.0000000000001
115.65,0.0453594750643815,1450.72904101968,1450.68368154462,0.206114986703652,0.199018792562037,0.00709619414161583,0.00118936060723263,13.5411952405462,-0.752127899384672,-40
115.675,0.597418841695154,1451.57664269635,1450.97922385465,0.20610216602418,0.199025916136342,0.00707624988783859,0.00119328230348614,14.5411952405462,0.264869712669697,40
115.7,0.302247987391381,1451.57664269635,1451.27439470896,0.20560666357907,0.199025916136342,0.00658074744272868,0.000727470165731797,13.846692640655,-0.40747790958424,-27.7801039956471
115.725,0.00824556901304517,1451.57664269635,1451.56839712734,0.204484953266782,0.199025916136342,0.00545903713044016,-0.000388409097147324,12.846692640655,-1.435322931947,-40
115.75,0.588077534216873,1452.44950406241,1451.86142652819,0.204224144534499,0.199033636436349,0.00519050809814997,-0.000658348120811114,13.846692640655,-0.455307798703217,40
115.775,0.2948788457139,1452.44950406241,1452.1546252167,0.204700771867399,0.199033636436349,0.0056671354310501,-0.000168747525790353,14.846692640655,0.574707334540569,40
115.8,0.00155884826146788,1452.44950406241,1452.44794521415,0.204411932260907,0.199033636436349,0.00537829582455729,-0.000460618044571121,13.846692640655,-0.445277532215644,-40
115.825,0.561051009616546,1453.30244802299,1452.74139701337,0.204864513462737,0.198907385526406,0.00595712793633146,1.01429244198092e-05,14.846692640655,0.584737601028143,40
115.85,0.267510092652876,1453.30244802299,1453.03493793034,0.204555047236773,0.198907385526406,0.00564766171036751,-0.000262959655941086,13.846692640655,-0.385201335403255,-40
115.875,-0.0251085789216554,1453.30244802299,1453.32755660191,0.203592983615198,0.198907385526406,0.00468559808879204,-0.0012080180469061,12.846692640655,-1.40514027183465,-40
115.9,0.56530394410587,1454.18471716286,1453.61941321875,0.20346916679276,0.198920878848452,0.00454828794430764,-0.00133141065065578,13.846692640655,-0.42507920826605,40
115.925,0.273171370933058,1454.18471716286,1453.91154579192,0.203962426197901,0.198920878848452,0.00504154734944878,-0.000816999747074387,14.70195606954,0.46024528418762,34.2105371554028
115.95,-0.0191035835106064,1454.18471716286,1454.20382074637,0.203688009017742,0.198920878848452,0.00476713016928951,-0.00108743618196022,13.70195606954,-0.559693652243775,-40
115.975,0.553449166894229,1455.04969460706,1454.49624544017,0.204152991849063,0.198933223460141,0.00521976838892207,-0.000609881828358194,14.70195606954,0.453706811513086,40
116,0.2608583765123,1455.04969460706,1454.78883623055,0.203938161640622,0.198933223460141,0.00500493818048156,-0.000797326823187672,13.8224542572418,-0.401723600975551,-35.180072491928
116.025,-0.0309341499007398,1455.04969460706,1455.08062875696,0.203056632543446,0.198933223460141,0.0041234090833058,-0.00167369727576419,12.8224542572418,-1.42765220116599,-40
116.05,0.571532443178456,1455.94329686247,1455.37176441929,0.203001221199206,0.198945425931562,0.00405579526764355,-0.00173512251840324,13.8224542572418,-0.442359673288513,40
116.075,0.279957340092072,1455.94329686247,1455.66333952238,0.203653674077449,0.198945425931562,0.00470824814588677,-0.00106651217151699,14.8224542572418,0.588348722325027,40.0000000000001
116.1,-0.0119697931076687,1455.94329686247,1455.95526665558,0.203514912317785,0.198945425931562,0.00456948638622273,-0.00120503761880655,13.8224542572418,-0.430942882061432,-40
116.125,0.569916789476559,1456.81743869606,1456.24752190658,0.204095250371819,0.198956396239985,0.00513885413183351,-0.000604421714027997,14.8224542572418,0.597956120980311,40
116.15,0.277104447198132,1456.81743869606,1456.54033424886,0.204304270290143,0.198956396239985,0.00534787405015777,-0.00035796134692076,14.4096867705134,0.214087637293582,-16.510699469139
116.175,-0.0154705310935498,1456.81743869606,1456.83290922715,0.203784704237588,0.198956396239985,0.00482830799760262,-0.000860296892269019,13.4096867705134,-0.807013359664675,-40
116.2,0.589768690312486,1457.71507499974,1457.12530630942,0.20403815833151,0.198966879252145,0.0050712790793653,-0.000606891648304408,14.4096867705134,0.171885643377073,40
116.225,0.296685111962322,1457.71507499974,1457.41838988777,0.204733904753374,0.198966879252145,0.00576702550122937,7.93764688570009e-05,15.0952805462515,0.844015857159645,27.4237510295244
116.25,0.00319346373279047,1457.71507499974,1457.711881536,0.204630586261333,0.198966879252145,0.0056637070091877,-7.6374766788484e-05,14.0952805462515,-0.219447704795888,-40
116.275,0.585719790407336,1458.59146703183,1458.00574724142,0.205239703838438,0.198976446217669,0.00626325762076899,0.000469531799418527,15.0952805462515,0.754243519901007,40
116.3,0.291561182702126,1458.59146703183,1458.29990584913,0.205061678765866,0.198976446217669,0.00608523254819679,0.000254032744236743,14.0952805462515,-0.222065255402093,-40
116.325,-0.00184591915673398,1458.59146703183,1458.59331295099,0.204209648987263,0.198976446217669,0.00523320276959383,-0.000648319746910514,13.0952805462515,-1.2483740307052,-40
116.35,0.607609191480892,1459.49370988959,1458.88610069811,0.204177561786576,0.198986275287159,0.00519128649941702,-0.000706778045307555,14.0952805462515,-0.224682806008296,40
116.375,0.314352621456811,1459.49370988959,1459.17935726813,0.204847711517702,0.198986275287159,0.00586143623054297,-4.24754940397121e-05,15.0952805462515,0.799008418688597,40
116.4,0.0207218681402625,1459.49370988959,1459.47298802145,0.204721968594952,0.198986275287159,0.00573569330779303,-0.00019140881043711,14.0952805462515,-0.227300356614506,-40
116.425,0.60832784752219,1460.37529119107,1459.76696334355,0.205311509664015,0.198995046859449,0.00631646280456605,0.000363048755923828,15.0952805462515,0.750618965381809,40
116.45,0.313743201466102,1460.37529119107,1460.0615479896,0.205581825891281,0.198995046859449,0.00658677903183252,0.000620507892816619,14.7617045387211,0.441343865569843,-13.3430403012164
116.475,0.0193146631117425,1460.37529119107,1460.35597652796,0.205113368245344,0.198995046859449,0.00611832138589521,0.000123307292116875,13.7617045387211,-0.584355226711716,-40
116.5,0.627636398557829,1461.2779318034,1460.65029540484,0.205409398293846,0.199003361492162,0.00640603680168431,0.000411915812836561,14.7617045387211,0.439945681006727,40
116.525,0.332643038337462,1461.2779318034,1460.94528876506,0.206046329235867,0.199003361492162,0.00704296774370558,0.00106178436603258,15.3128594160046,1.01841392070123,22.0461950913406
116.55,0.0373188180075487,1461.2779318034,1461.24061298539,0.205891673146825,0.199003361492162,0.00688831165466294,0.000902557121763681,14.3128594160046,-0.00427271688778686,-40
116.575,0.622836036362116,1462.15908049962,1461.53624446325,0.206456152511042,0.199010956464198,0.00744519604684393,0.00144744289523838,15.3128594160046,0.9730406455232,40
116.6,0.326932224405293,1462.15908049962,1461.83214827521,0.206290038374837,0.199010956464198,0.00727908191063931,0.00128378439905619,14.3852351188764,0.0727297108059728,-37.1049718851285
116.625,0.0317620069755858,1462.15908049962,1462.12731849264,0.205448464195753,0.199010956464198,0.00643750773155546,0.000428604857454551,13.3852351188764,-0.949956926783041,-40
116.65,0.642916819577126,1463.06480249629,1462.42188567672,0.205425766415376,0.199018874476132,0.00640689193924476,0.000409331449806399,14.3852351188764,0.0714560240568321,40
116.675,0.347866050602257,1463.06480249629,1462.71693644569,0.206104120022494,0.199018874476132,0.00708524554636222,0.00111592979451758,15.3852351188764,1.10754978772849,40.0000000000001
116.7,0.0524278361864518,1463.06480249629,1463.01237466011,0.205985795767176,0.199018874476132,0.00696692129104462,0.00101214879281145,14.3852351188764,0.0936435514001499,-40.0000000000001
116.725,0.641482002039492,1463.94965191829,1463.30816991625,0.206582263010935,0.19902581918381,0.00755644382712414,0.00161138525758103,15.3852351188764,1.07973731507181,40.0000000000001
116.75,0.345143990698392,1463.94965191829,1463.60450792759,0.206752584970442,0.19902581918381,0.00772676578663192,0.00180379903918423,14.8990436527791,0.621779457039638,-19.4476586438913
116.775,0.0490918652513679,1463.94965191829,1463.90056005303,0.206199731171783,0.19902581918381,0.00717391198797307,0.00125462616734531,13.8990436527791,-0.399986934895248,-40
116.8,0.600030511686344,1464.79642404041,1464.19639352872,0.206424840762678,0.19903258356792,0.00739225719475756,0.0015003314199788,14.8990436527791,0.625075905299636,40
116.825,0.304409778415961,1464.79642404041,1464.49201426199,0.205919357371138,0.19903258356792,0.00688677380321764,0.00102990110705922,13.8990436527791,-0.349861254505479,-40
116.85,0.00997073624261709,1464.79642404041,1464.78645330417,0.204788934431098,0.19903258356792,0.00575635086317747,-8.80418608118494e-05,12.8990436527791,-1.37479841431059,-40
116.875,0.587876184147869,1465.66778408331,1465.07990789916,0.204520599361095,0.199040106910516,0.00548049245057916,-0.000363256012699043,13.8990436527791,-0.399735574115711,40
116.9,0.294348992081694,1465.66778408331,1465.37343509123,0.204872506900845,0.199040106910516,0.00583239999032886,1.05690822566062e-07,14.7299197608024,0.456203374102459,33.2350443209314
116.925,0.000865912131517427,1465.66778408331,1465.66691817118,0.204476709812847,0.199040106910516,0.00543660290233036,-0.000403476197059854,13.7299197608024,-0.568733785702657,-40
116.95,0.56027987045591,1466.52067121665,1465.96039134619,0.204837727208241,0.198913945075388,0.00592378213285244,-3.57842407469888e-05,14.7299197608024,0.450626982971214,40
116.975,0.266838886499365,1466.52067121665,1466.25383233015,0.204449852960345,0.198913945075388,0.005535907884957,-0.000392976483254009,13.7299197608024,-0.513351648543179,-40
117,-0.0255760156892042,1466.52067121665,1466.54624723234,0.203420657193635,0.198913945075388,0.00450671211824663,-0.00140587066014877,12.7299197608024,-1.52733028005757,-40
117.025,0.566116249331494,1467.40392750823,1466.8378112589,0.203239478752496,0.198927551059978,0.0043119276925187,-0.0015830706455649,13.7299197608024,-0.541308911571961,40
117.05,0.274277787719708,1467.40392750823,1467.12964972051,0.203784964828894,0.198927551059978,0.0048574137689168,-0.00101707583124674,14.7299197608024,0.483491328845739,40
117.075,-0.0177726415020458,1467.40392750823,1467.42170014973,0.203555448476551,0.198927551059978,0.00462789741657293,-0.00124685356190041,13.7299197608024,-0.541708430736566,-40
117.1,0.555594184980245,1468.26955440348,1467.7139602185,0.204059126818498,0.19893983755506,0.00511928926343747,-0.000726292074182733,14.7299197608024,0.483091809681131,40
117.125,0.263057127550864,1468.26955440348,1468.00649727593,0.203958275462679,0.19893983755506,0.00501843790761852,-0.000794318496494306,13.965936223647,-0.254282094484752,-30.559341486215
117.15,-0.0288331656595615,1468.26955440348,1468.29838756914,0.203174480786394,0.19893983755506,0.00423464323133352,-0.00156655428345553,12.965936223647,-1.27767246149526,-40
117.175,0.572940169206666,1469.16269119297,1468.58975102376,0.20320297409313,0.19895183067538,0.00425114341775057,-0.00154469505320035,13.965936223647,-0.301062828505769,40
117.2,0.28102566270133,1469.16269119297,1468.88166553026,0.203927389491056,0.19895183067538,0.00497555881567668,-0.000807549022723175,14.965936223647,0.725546804483722,40.0000000000001
117.225,-0.011336527654978,1469.16269119297,1469.17402772062,0.203850231869558,0.19895183067538,0.00489840119417825,-0.00089030004170576,13.965936223647,-0.297843562526786,-40
117.25,0.568902213753833,1470.03570221912,1469.46680000536,0.204483349188536,0.19896259901406,0.00552075017447592,-0.000249096883867261,14.965936223647,0.720780789387395,40
117.275,0.275738980222094,1470.03570221912,1469.75996323889,0.204415877368872,0.19896259901406,0.00545327835481188,-0.000287789880077216,14.0927669384561,-0.120918930541781,-34.9267714076368
117.3,-0.0168201665847775,1470.03570221912,1470.0525223857,0.203659555621051,0.19896259901406,0.00469695660699104,-0.00103252373761922,13.0927669384561,-1.13944936528003,-40
117.325,0.589879252218769,1470.93446894065,1470.34458968843,0.203710450100499,0.198973331787684,0.00473711831281576,-0.000984178191600682,14.0927669384561,-0.157184115987571,40
117.35,0.297232633165008,1470.93446894065,1470.63723630749,0.204452725061977,0.198973331787684,0.00547939327429345,-0.000256520043722175,15.0927669384561,0.82508113330489,40
117.375,0.00411601465486666,1470.93446894065,1470.930352926,0.204389544966824,0.198973331787684,0.00541621317914079,-0.000379521760149742,14.0927669384561,-0.242653617402643,-40
117.4,0.588357840011876,1471.81225485926,1471.22389701925,0.205033360590309,0.198982973902706,0.00605038668760305,0.000200748036997322,15.0927669384561,0.739611631889818,40
117.425,0.294357702144986,1471.81225485926,1471.51789715712,0.205044527227261,0.198982973902706,0.00606155332455563,0.000177189867039101,14.3208497992967,-0.00426835527650055,-30.8766855663745
117.45,0.000858077514833233,1471.81225485926,1471.81139678175,0.204354545675745,0.198982973902706,0.0053715717730394,-0.000557731250703464,13.3208497992967,-1.02623120328345,-40
117.475,0.60946897646677,1472.71396105391,1472.10449207745,0.204461304652719,0.198992551644683,0.00546875300803654,-0.000471157717597398,14.3208497992967,-0.000274083330086204,40
117.5,0.315720726576448,1472.71396105391,1472.39824032734,0.205250260064948,0.198992551644683,0.00625770842026555,0.000318825343680412,15.3208497992967,1.02568303662329,40.0000000000001
117.525,0.0214409055051321,1472.71396105391,1472.69252014841,0.205225979719062,0.198992551644683,0.00623342807437943,0.000278819804291563,14.3208497992967,0.00164015657665811,-40
117.55,0.606404019260974,1473.59368299048,1472.98727897122,0.205902128279217,0.199001072558842,0.00690105572037511,0.000924901135115674,15.3208497992967,0.97759727653003,40
117.575,0.311263267893554,1473.59368299048,1473.28241972259,0.205780826680228,0.199001072558842,0.00677975412138571,0.000796193689966723,14.3208497992967,0.00355439648339924,-40
117.6,0.0167983352883843,1473.59368299048,1473.57688465519,0.204977041034542,0.199001072558842,0.00597596847569967,-3.05102452684836e-05,13.3208497992967,-1.02048848356323,-40
117.625,0.626751995316486,1474.49754695094,1473.87079495562,0.204986108622804,0.199009789096111,0.00597631952669239,-2.60375396324564e-05,14.3208497992967,0.000711361364541826,40
117.65,0.33231763529438,1474.49754695094,1474.16522931564,0.205691129474616,0.199009789096111,0.00668134037850471,0.000694203131598153,15.3208497992967,1.02781161786343,40
117.675,0.0374621999623253,1474.49754695094,1474.46008475098,0.205594894720451,0.199009789096111,0.00658510562433925,0.000595215655882914,14.3208497992967,0.00491187436231261,-40
117.7,0.624912116682842,1475.38023691149,1474.75532479481,0.206209531666544,0.199017531008439,0.00719200065810535,0.00119168552783844,15.3208497992967,0.982012130861197,40
117.725,0.32920668628207,1475.38023691149,1475.05103022521,0.206258829456518,0.199017531008439,0.00724129844807925,0.00124453617993028,14.6402610423092,0.328523630372587,-27.2235502794998
117.75,0.0339494441802519,1475.38023691149,1475.34628746731,0.205601432032279,0.199017531008439,0.00658390102384004,0.000574350577212002,13.6402610423092,-0.694376113128527,-40
117.775,0.643972086018576,1476.28515780569,1475.64118571968,0.205736215560629,0.199025192227652,0.00671102333297655,0.00071726354559809,14.6402610423092,0.332724143370356,40
117.8,0.348398027865277,1476.28515780569,1475.93675977783,0.206526798099877,0.199025192227652,0.00750160587222484,0.00153608609249439,15.6084336810806,1.33116780651082,38.726905550854
117.825,0.0522881210252817,1476.28515780569,1476.23286968467,0.206504029915104,0.199025192227652,0.00747883768745217,0.00152382357974482,14.6084336810806,0.311438830879931,-40.0000000000001
117.85,0.638374641479401,1477.1678376608,1476.52946301932,0.207181799282094,0.199031903505509,0.00814989577658567,0.00219687475015082,15.6084336810806,1.29170985524905,40.0000000000001
117.875,0.341394770293749,1477.1678376608,1476.8264428905,0.207062432414575,0.199031903505509,0.00803052890906619,0.00209465720407456,14.6084336810806,0.321980879618158,-40.0000000000001
117.9,0.0450852170223523,1477.1678376608,1477.12275244378,0.206261499177277,0.199031903505509,0.00722959567176831,0.00129464460327772,13.6084336810806,-0.697748096012731,-40
117.925,0.596276336192462,1478.01479055147,1477.41851421528,0.206274292461899,0.199038952453787,0.00723534000811291,0.00132359772611623,14.6084336810806,0.324272076603347,40
117.95,0.300966372101371,1478.01479055147,1477.71382417937,0.205645144962969,0.199038952453787,0.00660619250918276,0.000727616660163938,13.6916349626675,-0.564804397672593,-36.6719487365214
117.975,0.00700231942494104,1478.01479055147,1478.00778823204,0.204408746998395,0.199038952453787,0.00536979454460865,-0.000496008991493907,12.6916349626675,-1.5870821535355,-40
118,0.587418823726242,1478.88804591621,1478.30062709248,0.204049664933743,0.1990467847123,0.00500288022144277,-0.000859812984069869,13.6916349626675,-0.609359909398403,40
118.025,0.29454101038596,1478.88804591621,1478.59350490582,0.204442167925729,0.1990467847123,0.00539538321342911,-0.000452104058568659,14.6916349626675,0.418362334738692,40
118.05,0.00165349724343743,1478.88804591621,1478.88639241897,0.204081198675277,0.1990467847123,0.00503441396297666,-0.000815748875365729,13.6916349626675,-0.603915421124214,-40
118.075,0.563029734763507,1479.7423459495,1479.17931621473,0.204472180058518,0.198920656175471,0.00555152388304686,-0.000407844472071345,14.6916349626675,0.423806823012882,40
118.1,0.270000755348184,1479.7423459495,1479.47234519415,0.204242922123543,0.198920656175471,0.0053222659480712,-0.000603418228453084,13.8819259636916,-0.358179931825961,-32.3883599590376
118.125,-0.0222125169226696,1479.7423459495,1479.76455846642,0.203349482685946,0.198920656175471,0.00442882651047508,-0.0014837636721155,12.8819259636916,-1.38045768768886,-40
118.15,0.569204225233166,1480.62530524806,1480.05610102282,0.203284589648385,0.198934044834988,0.00435054481339761,-0.00155320470587206,13.8819259636916,-0.402735443551771,40
118.175,0.277232865528599,1480.62530524806,1480.34807238253,0.203929657058644,0.198934044834988,0.00499561222365694,-0.000892869176450289,14.8819259636916,0.624986800585327,40.0000000000001
118.2,-0.0150826029818132,1480.62530524806,1480.64038785104,0.203785275006336,0.198934044834988,0.00485123017134881,-0.00103994490528822,13.8819259636916,-0.397290955277579,-40
118.225,0.556502243116741,1481.48952827106,1480.93302602794,0.204361759008723,0.198946081339182,0.00541567766954021,-0.000450151599435067,14.8819259636916,0.625357567852195,40
118.25,0.263611563744348,1481.48952827106,1481.22591670731,0.204158171587101,0.198946081339182,0.00521209024791885,-0.000621156219455632,13.8819259636916,-0.344008627942717,-40
118.275,-0.0284961626812553,1481.48952827106,1481.51802443374,0.203286277062952,0.198946081339182,0.00434019572377001,-0.00147889180816416,12.8819259636916,-1.36337482373763,-40
118.3,0.572694767686699,1482.38218342745,1481.80948865976,0.203239328740126,0.198958075259938,0.00428125348018787,-0.00152744834856575,13.8819259636916,-0.382741019532539,40
118.325,0.280779354131339,1482.38218342745,1482.10140407331,0.203899177963851,0.198958075259938,0.00494110270391293,-0.000848329478463389,14.8819259636916,0.647097100641833,40
118.35,-0.0114982906913181,1482.38218342745,1482.39368171814,0.203766752204249,0.198958075259938,0.00480867694431039,-0.000978526703845517,13.8819259636916,-0.373064779183794,-40
118.375,0.569439478024301,1483.25573591579,1482.68629643776,0.204352719506782,0.198968911408036,0.00538380809874633,-0.000371054881032173,14.8819259636916,0.655243680224946,40
118.4,0.27639179246007,1483.25573591579,1482.97934412333,0.20438696706167,0.198968911408036,0.00541805565363435,-0.000298801103812141,14.2119600338129,0.0135862097550013,-26.7986371951473
118.425,-0.0161870546687077,1483.25573591579,1483.27192297046,0.203717869908147,0.198968911408036,0.00474895850011084,-0.000950675605458223,13.2119600338129,-1.00810533083626,-40
118.45,0.590273473885905,1484.15439952875,1483.56412605487,0.203843653159095,0.198979501320149,0.00486415183894537,-0.000825440497445928,14.2119600338129,-0.0297968714275227,40
118.475,0.297391406982933,1484.15439952875,1483.85700812177,0.204650181769659,0.198979501320149,0.00567068044950977,-3.31889495842341e-05,15.2119600338129,0.950591620020894,40.0000000000001
118.5,0.003953888513173,1484.15439952875,1484.15044564024,0.204642022724353,0.198979501320149,0.00566252140420384,-0.000102259657824816,14.2119600338129,-0.119019888530692,-40
118.525,0.587012003555713,1485.03139589825,1484.44438389469,0.205333002372848,0.198988956624051,0.00634404574879677,0.000519102632608376,15.2119600338129,0.855991124518768,40
118.55,0.292672022755279,1485.03139589825,1484.73872387549,0.205225207477104,0.198988956624051,0.00623625085305249,0.000369208233624602,14.2119600338129,-0.118997862431772,-40
118.575,-0.00100984850552296,1485.03139589825,1485.03240574675,0.20443345953647,0.198988956624051,0.00544450291241916,-0.000475964853287658,13.2119600338129,-1.14398684938231,-40
118.6,0.607754165469286,1485.93330272281,1485.32554855734,0.204453281277194,0.198998590482985,0.00545469079420929,-0.000487101183932415,14.2119600338129,-0.122982346347333,40
118.625,0.314073503611704,1485.93330272281,1485.6192292192,0.205168028470614,0.198998590482985,0.00616943798762892,0.000219273358625732,15.2119600338129,0.902779431713249,40
118.65,0.0199595437093238,1485.93330272281,1485.9133431791,0.205080404708119,0.198998590482985,0.00608181422513374,0.000107701841557173,14.2119600338129,-0.121458790226169,-40
118.675,0.606311033066885,1486.81416335873,1486.20785232567,0.205702641781641,0.199007230939038,0.00669541084260297,0.000692665438710938,15.2119600338129,0.854302987834409,40
118.7,0.311387186647004,1486.81416335873,1486.50277617209,0.205677159527871,0.199007230939038,0.00666992858883242,0.000653451263696814,14.4149088741057,0.0830136061877439,-31.88204638829
118.725,0.0170119827848947,1486.81416335873,1486.79715137595,0.204955517392487,0.199007230939038,0.00594828645344833,-9.66764738027648e-05,13.4149088741057,-0.941224615751674,-40
118.75,0.627307365062717,1487.71838836414,1487.09108099908,0.205035074614665,0.199015861078427,0.00601921353623827,-2.33001067926897e-05,14.4149088741057,0.0845371623089048,40
118.775,0.332760155254174,1487.71838836414,1487.38562820889,0.205800544263637,0.199015861078427,0.00678468318520983,0.000755092636102295,15.4149088741057,1.11029894036949,40.0000000000001
118.8,0.0377117896586814,1487.71838836414,1487.68067657448,0.205756012244785,0.199015861078427,0.00674015116635762,0.000704904070841839,14.4149088741057,0.0860607184300688,-40.0000000000001
118.825,0.624423528088786,1488.60060157771,1487.97617804963,0.206414888546288,0.199023476096584,0.00739141244970365,0.00134502415700205,15.4149088741057,1.06587089371453,40.0000000000001
118.85,0.328530680399391,1488.60060157771,1488.27207089731,0.206321618470903,0.199023476096584,0.00729814237431931,0.00125670705064973,14.476095304731,0.156867499624342,-37.5525427749862
118.875,0.0332752823695391,1488.60060157771,1488.56732629534,0.205542183521295,0.199023476096584,0.00651870742471061,0.000467588800944441,13.476095304731,-0.863322325091194,-40
118.9,0.643995023292251,1489.50605572862,1488.86206070533,0.20557259310218,0.199031273378101,0.00654131972407862,0.000508056241768806,14.476095304731,0.162707170234747,40
118.925,0.348707050431924,1489.50605572862,1489.15734867819,0.20629621817933,0.199031273378101,0.00726494480122875,0.00126439577836007,15.476095304731,1.19698751731372,40.0000000000001
118.95,0.0529722224931766,1489.50605572862,1489.45308350613,0.206216227471077,0.199031273378101,0.00718495409297618,0.00120156682454281,14.476095304731,0.181267864392698,-40.0000000000001
118.975,0.640820295811378,1490.39004600433,1489.74922570852,0.206845213515781,0.199038147640728,0.00780706587505303,0.00183435991548578,15.476095304731,1.16554821147167,40.0000000000001
119,0.34424611636273,1490.39004600433,1490.04579988796,0.206834359256211,0.199038147640728,0.00779621161548283,0.00185078202922961,14.6911944406892,0.414927694508802,-31.3960345616739
119.025,0.0481986865958515,1490.39004600433,1490.34184731773,0.206126148055308,0.199038147640728,0.00708800041457969,0.0011549858068057,13.6911944406892,-0.600791958412223,-40
119.05,0.59982164968233,1491.23729127184,1490.63746962215,0.206218204526435,0.199045118864667,0.00717308566176775,0.00127196798146276,14.6911944406892,0.419658869419102,40
119.075,0.304506860199626,1491.23729127184,1490.93278441164,0.205710502913256,0.199045118864667,0.00666538404858946,0.000799877077660938,13.8514548412683,-0.399629902170426,-33.5895839768341
119.1,0.010377259676045,1491.23729127184,1491.22691401216,0.204577828158001,0.199045118864667,0.00553270929333438,-0.000322994485220246,12.8514548412683,-1.4291790743391,-40
119.125,0.589403200695667,1492.10945895435,1491.52005575366,0.204307392868881,0.199052751457897,0.0052546414109847,-0.000601071335935233,13.8514548412683,-0.452029306913364,40
119.15,0.296105203355124,1492.10945895435,1491.813353751,0.204775528703146,0.199052751457897,0.00572277724524969,-0.000120599810207483,14.8514548412683,0.575120460512372,40
119.175,0.00269753890183974,1492.10945895435,1492.10676141545,0.204478933908388,0.199052751457897,0.00542618245049098,-0.000422696290847374,13.8514548412683,-0.447729772061893,-40
119.2,0.561675005852626,1492.96196551591,1492.40029051006,0.204924699090956,0.198926440944826,0.00599825814613009,3.72091577253153e-05,14.8514548412683,0.579419995363841,40
119.225,0.268066034290725,1492.96196551591,1492.69389948162,0.204608993215462,0.198926440944826,0.00568255227063541,-0.00024401145280567,13.8514548412683,-0.388356516203106,-40
119.25,-0.024612341631995,1492.96196551591,1492.98657785755,0.203641247830163,0.198926440944826,0.00471480688533721,-0.00119479596860766,12.8514548412683,-1.40613302777005,-40
119.275,0.565483082944176,1493.84396994065,1493.27848685771,0.203512538919284,0.198939857232933,0.00457268168635064,-0.00132156446043094,13.8514548412683,-0.423909539336999,40
119.3,0.273313184715196,1493.84396994065,1493.57065675594,0.203989577353839,0.198939857232933,0.00504972012090571,-0.000820528315559704,14.6895189523131,0.446378060140855,33.522564441792
119.325,-0.0189777377505732,1493.84396994065,1493.86294767841,0.203701059202571,0.198939857232933,0.00476120196963767,-0.00110110133930227,13.6895189523131,-0.57139845142609,-40
119.35,0.553606528218558,1494.70897660544,1494.15537007722,0.204154084208112,0.198952113251749,0.00520197095636291,-0.000629075581683458,14.6895189523131,0.446337771636119,40
119.375,0.261017791336467,1494.70897660544,1494.4479588141,0.20395040510921,0.198952113251749,0.00499829185746178,-0.000803228686764162,13.8407461506539,-0.383169146195248,-33.9509120663685
119.4,-0.0307878976536276,1494.70897660544,1494.73976450309,0.203078388684025,0.198952113251749,0.00412627543227645,-0.00167163398959372,12.8407461506539,-1.4139032623674,-40
119.425,0.571747710020439,1495.60267433395,1495.03092662393,0.203031399730734,0.198964180973609,0.00406721875712451,-0.00173142051108691,13.8407461506539,-0.436381276066715,40
119.45,0.280134285012257,1495.60267433395,1495.32254004894,0.203691371309525,0.198964180973609,0.00472719033591512,-0.00106335549022862,14.8407461506539,0.591140710233972,40
119.475,-0.0118416784681657,1495.60267433395,1495.61451601242,0.203559126837096,0.198964180973609,0.00459494586348666,-0.00120453490016362,13.8407461506539,-0.431337303465339,-40
119.5,0.570159204967012,1496.47698870192,1495.90682949695,0.204145423585185,0.198974996251642,0.00517042733354336,-0.000606813096493963,14.8407461506539,0.59618468283535,40
119.525,0.277297581570741,1496.47698870192,1496.19969112035,0.204335974231645,0.198974996251642,0.00536097798000387,-0.000383653024612379,14.3939269205599,0.182264917440998,-17.8727692037598
119.55,-0.015302777453257,1496.47698870192,1496.49229147937,0.203800779102045,0.198974996251642,0.00482578285040372,-0.000882783518339453,13.3939269205599,-0.831080404672585,-40
119.575,0.590371518866511,1497.3750655209,1496.78469400203,0.204041331841514,0.198985355643631,0.00505597619788295,-0.000601845465553724,14.3939269205599,0.181187677313116,40
119.6,0.297275055711532,1497.3750655209,1497.07779046519,0.204758943740999,0.198985355643631,0.00577358809736805,0.000144613071936472,15.1259693367835,0.903465650240016,29.2816966489447
119.625,0.00374096414330034,1497.3750655209,1497.37132455676,0.204674600812105,0.198985355643631,0.00568924516847391,5.92561844017514e-05,14.1259693367835,-0.134619039906517,-40
119.65,0.586648306407505,1498.25190688837,1497.66525858196,0.205300472143365,0.198994774285198,0.00630569785816693,0.000676328893981143,15.1259693367835,0.853691430510004,40
119.675,0.29239869121178,1498.25190688837,1497.95950819716,0.205137031141478,0.198994774285198,0.00614225685627992,0.000517340405440075,14.1259693367835,-0.129273953754852,-40
119.7,-0.00111924013113776,1498.25190688837,1498.2530261285,0.204297748929322,0.198994774285198,0.00530297464412408,-0.000326207165129405,13.1259693367835,-1.1415099673691,-40
119.725,0.608547622054913,1499.15448984846,1498.54594222641,0.204277082612639,0.19900445838379,0.00527262422884942,-0.000337475263171488,14.1259693367835,-0.123260731834233,40
119.75,0.315147076263342,1499.15448984846,1498.8393427722,0.204957457852426,0.19900445838379,0.00595299946863639,0.000342720471442959,15.1259693367835,0.863907809219011,40
119.775,0.0213585701300745,1499.15448984846,1499.13313127833,0.20484063585099,0.19900445838379,0.00583617746720061,0.000193448818313152,14.1259693367835,-0.183112413657528,-40
119.8,0.609098653723228,1500.03637517943,1499.4272765257,0.205438207143766,0.199013117214071,0.0064250899296952,0.000751894314075102,15.1259693367835,0.801107348095135,40
119.825,0.314377940016153,1500.03637517943,1499.72199723941,0.205654858463152,0.199013117214071,0.00664174124908165,0.000943662223609698,14.7054599516173,0.393621425915472,-16.8203754066505
119.85,0.01988449992228,1500.03637517943,1500.0164906795,0.205140578718086,0.199013117214071,0.00612746150401564,0.000391969995692881,13.7054599516173,-0.629427447172998,-40
119.875,0.628893158866605,1500.93970697186,1500.31081381299,0.205397738627064,0.199021426268512,0.00637631235855218,0.000626263577198638,14.7054599516173,0.384212227962495,40
119.9,0.33388625285214,1500.93970697186,1500.60582071901,0.206084495830262,0.199021426268512,0.00706306956174932,0.00128017798276958,15.3752158527035,1.03474806612866,26.7902360434478
119.925,0.0384826252476375,1500.93970697186,1500.90122434661,0.205972480496621,0.199021426268512,0.00695105422810915,0.00109624893398497,14.3752158527035,-0.0277403353680505,-40.0000000000001
119.95,0.624205339514567,1501.8211969958,1501.19699165629,0.206573624971338,0.19902895546796,0.00754466950337812,0.00161718332905372,15.3752158527035,0.947815749961623,40.0000000000001
119.975,0.328154613321889,1501.8211969958,1501.49304238248,0.206388211292548,0.19902895546796,0.00735925582458793,0.00137426645331989,14.3752158527035,-0.0333957933151026,-40.0000000000001
120,0.0328634968866036,1501.8211969958,1501.78833349891,0.205529982239368,0.19902895546796,0.00650102677140849,0.000446760352419862,13.3752158527035,-1.06043700738009,-40
