t,x,y,e_r,e_n,cte_perp_report,psi_path,psi_ref,chi,psi,beta,r,Uh_kappa,delta_r,s_prog_ok,s_prog_report
0.025,7.49980068355143,0.0375896876028842,-0.000105115562447189,2.16688750901426e-06,2.1919647631011e-05,1.57604105576583,1.73338292489387,1.57605051634301,1.57605051634301,0,0.000753434165665481,0.00787983579140686,0.0174532925199433,0.0375902159668403,0.0375902159668403
0.125,7.49887383701841,0.189667472714575,0.00127206370526878,-0.00137192778445823,0.00114585540533435,1.59701997164957,1.73519816222841,1.57764462264794,1.5765510951013,0.00109352754664305,0.011016160912374,0.0158630195809911,0.0872664625997165,0.189653429327396,0.139653429327396
0.225,7.49745376575833,0.344171452378734,0.00534922294201579,-0.00544573999297999,0.00536093754331673,1.61799888753331,1.73850131399925,1.58173721771094,1.57862324693438,0.00311397077656106,0.0319002625320884,0.0237444943518399,0.15707963267949,0.344038072950166,0.294038072950165
0.325,7.49508148118988,0.500714143120736,0.011788140169859,-0.0118831215706659,0.0120114458827032,1.63897780341705,1.75120647764535,1.58887028698112,1.58323807870039,0.00563220828072852,0.0613614651365583,0.0386049083376977,0.226892802759263,0.500279606444632,0.450279606444631
0.425,7.49122345984105,0.658951432021545,0.0201493279745595,-0.0202448648128866,0.0206673688644382,1.6599567193008,1.76037871158657,1.59937565036318,1.591116379151,0.00825927121217962,0.0964559972270631,0.0459247823623333,0.296705972839036,0.657998024290059,0.607998024290058
0.525,7.48530241271963,0.818571320331755,0.0299277032609027,-0.0300252970891968,0.0308352931022429,1.68093563518451,1.7707262132861,1.61340033963123,1.60265790292746,0.010742436703765,0.133851578808719,0.053021928297745,0.366519142918809,0.816892219821888,0.766892219821886
0.625,7.47672913936624,0.979275180065181,0.0405874109209767,-0.0406876219461767,0.0419860282168033,1.70191455106826,1.79572954308477,1.63092583300642,1.61793988472424,0.0129859482821766,0.170611241146756,0.0660983816063837,0.436332312998582,0.976722687125949,0.926722687125948
0.725,7.46500599778066,1.14077544584717,0.0516675750955136,-0.0517699488810067,0.0536585081591776,1.72289346695199,1.81016480330705,1.65079036825866,1.63650438306773,0.0142859851909292,0.197595703228838,0.0724859107232842,0.436332312998582,1.13729563391907,1.08729563391906
0.825,7.44989984745892,1.30280410811942,0.0629561866575248,-0.063059329386356,0.0656299847404613,1.74387238283574,1.82549675940619,1.67162944924353,1.65721045258725,0.0144189966562882,0.214166101232881,0.0784710562365421,0.436332312998582,1.29843275738731,1.24843275738731
0.925,7.43127543402779,1.46510480644457,0.0743241725088479,-0.0744259496923196,0.077757330428579,1.76485129871949,1.85983226435075,1.69316742895534,1.67923313558802,0.0139342933673188,0.224487580219568,0.089560958548813,0.436332312998582,1.45996873053572,1.40996873053572
1.025,7.4090378507672,1.62743578642809,0.0856699844540945,-0.085767785128374,0.089925835991715,1.78583021460322,1.87839448430357,1.71525656296611,1.70208443675761,0.0131721262085005,0.231177140990018,0.0949688011747817,0.436332312998582,1.62175687809174,1.57175687809175
1.125,7.38311695440806,1.78957146415059,0.0969060799624142,-0.0969970891051955,0.102567939246471,1.80680913048694,1.89811905960628,1.73781970385566,1.72547834723855,0.0123413566171142,0.235711680253922,0.100120948315371,0.436332312998582,1.7836706783709,1.7336706783709
1.225,7.35345981260727,1.95129761952187,0.107951998769574,-0.108033453310568,0.114582787171901,1.82778804637069,1.93813151959061,1.76081215373354,1.74924092917075,0.0115712245627924,0.238872631859972,0.109608972747641,0.436332312998582,1.94559885284604,1.89559885284604
1.325,7.32002785240659,2.11241330762562,0.118733342376678,-0.118802746954068,0.126380015534679,1.84876696225443,1.95798048561366,1.78418906241013,1.77325859544611,0.0109304669640176,0.241074352711351,0.114078181155384,0.436332312998582,2.10744661570315,2.05744661570315
1.425,7.28279742417768,2.27273188694905,0.12918400299561,-0.129239292748788,0.137895754259206,1.86974587813816,1.97805917288693,1.80789004526391,1.7974515160739,0.0104385291900151,0.242565728293819,0.118318244667649,0.436332312998582,2.2691352869973,2.2191352869973
1.525,7.24176257652455,2.43207747732342,0.139249051474581,-0.139288717585155,0.14907877851748,1.8907247940219,2.01730212049731,1.83183842632678,1.82176126770172,0.0100771586250601,0.243530197012973,0.126234332306354,0.436332312998582,2.43059669051077,2.38059669051077
1.625,7.19693612874899,2.59028726780793,0.148887355103384,-0.148910522138525,0.159890663185468,1.91170370990564,2.03646284149587,1.85594634298217,1.84614554975093,0.00980079323123317,0.244127337029231,0.129875498646128,0.436332312998582,2.59177337320714,2.54177337320714
1.725,7.14834887408506,2.74721324864475,0.158072359227379,-0.158078814373222,0.170304526970305,1.93268262578939,2.05584792110056,1.88012660049043,1.87057590121801,0.00955069927241725,0.244499435097227,0.133321100449207,0.436332312998582,2.752618679196,2.702618679196
1.825,7.09604775434782,2.90272027189547,0.166790639430405,-0.16679559964364,0.18030262488686,1.96415099961499,2.09392558119474,1.90430539246296,1.89503616233982,0.00926923012313408,0.24476397683867,0.139740699237699,0.436332312998582,2.9113442345428,2.8613442345428
1.925,7.04009151782485,3.05668613432968,0.175038677632362,-0.175056666130569,0.189873460737327,1.98512991549873,2.1126770933418,1.92843339791495,1.91952065915255,0.00891273876239884,0.245009654740708,0.142541277799014,0.436332312998582,3.07133169534855,3.02133169534855
2.025,6.98054473578183,3.20900103258048,0.18281800092609,-0.182846237074929,0.199008461291539,2.00610883138246,2.13176315781424,1.95249326802496,1.94403138995271,0.0084618780722594,0.245293528935923,0.145334355037783,0.436332312998582,3.2309006658663,3.1809006658663
2.125,6.91747342285789,3.35956168187268,0.190129599054394,-0.190165601667423,0.207698671814722,2.02708774726621,2.16941861627811,1.97650065212947,1.9685740446296,0.00792660749987406,0.245633911270326,0.150773978308471,0.436332312998582,3.39003329081979,3.34003329081979
2.225,6.85093976286495,3.50827074381696,0.196969484565083,-0.19701103917244,0.215932577402072,2.04806666314994,2.18795277486056,2.00049598035218,1.99315351235001,0.00734246800216987,0.246010841587169,0.153149585614633,0.436332312998582,3.54871796318066,3.49871796318066
2.325,6.78099895426807,3.65503526007047,0.203325877187269,-0.203370991650807,0.223695084497925,2.06904557903368,2.20674649903153,2.02453277306086,2.0177701360879,0.00676263697295898,0.24637104416898,0.155397599994227,0.436332312998582,3.70694981763916,3.65694981763916
2.425,6.70769959659187,3.79976286853108,0.20917840857158,-0.209225249664884,0.230967790206704,2.09002449491741,2.24489171020556,2.04866470625176,2.0424175554046,0.00624715084715755,0.246640648247287,0.159887355102844,0.436332312998582,3.86472793999828,3.81472793999828
2.525,6.63108516629253,3.94236195759306,0.214499872791615,-0.21454670099137,0.237730754825943,2.11100341080115,2.26384008812769,2.07292924618115,2.06708264936605,0.0058465968150947,0.246749583403444,0.161797422754054,0.436332312998582,4.02205554550536,3.97205554550536
2.625,6.55119755418642,4.08274297481508,0.219260300856557,-0.219305405598506,0.243965498567528,2.13198232668488,2.28211741912491,2.09733484258988,2.09174752851533,0.00558731407455682,0.246657551716467,0.163606286769332,0.436332312998582,4.17893984319247,4.12893984319247
2.725,6.4680825362029,4.22081877644976,0.223432063452353,-0.223473692864883,0.249658109045528,2.15296124256864,2.31802088280882,2.12185781268904,2.11639286830708,0.00546494438195788,0.246367412062851,0.167312002975591,0.436332312998582,4.33538954886994,4.28538954886994
2.825,6.38179340968619,4.35650774435735,0.226994684258536,-0.227030981354709,0.254801455601849,2.17394015845236,2.33465834635137,2.14644717687944,2.14100156060297,0.00544561627646711,0.245923917195544,0.168845427034619,0.436332312998582,4.49141510232744,4.44141510232744
2.925,6.29239288939353,4.48973640198901,0.229937983828559,-0.229966930558285,0.259395849538484,2.19491907433611,2.35133659833418,2.17103688702695,2.16556178699416,0.00547510003278351,0.245398385331002,0.170297565203638,0.436332312998582,4.6470288933287,4.5970288933287
3.025,6.19995391620295,4.62043947884854,0.232262899096384,-0.232282261545072,0.263448245140987,2.21589799021984,2.38391174538532,2.19556062325392,2.19006891812908,0.00549170512484931,0.244867643453711,0.173354006282772,0.436332312998582,4.80224371200292,4.75224371200292
3.125,6.1045572830856,4.74856076279474,0.233980148696215,-0.233987434102395,0.266970525615256,2.23687690610359,2.39996195261616,2.21996503928339,2.21452604819812,0.0054389910852759,0.244400270740919,0.174440104453865,0.436332312998582,4.95707369281592,4.90707369281592
3.225,6.00628724908006,4.87405265543967,0.235106709442359,-0.235099139515474,0.269977023947109,2.25785582198733,2.41640620778997,2.24422310501126,2.23894311749516,0.00527998751609315,0.244048245232439,0.175611778143731,0.436332312998582,5.11358730318986,5.06358730318986
3.325,5.90522855731897,4.99687144435791,0.235660834448145,-0.235677753194945,0.272481759866849,2.26834527992918,2.44897568699874,2.26834025310179,2.26333431574512,0.00500593735667287,0.243837511339506,0.178012898144068,0.436332312998582,5.26811891192244,5.21811891192243
3.425,5.80146211678784,5.11697446486858,0.235657074007456,-0.235689993302839,0.274496111233415,2.28932419581292,2.46506913288473,2.29235188813317,2.2877142921976,0.00463759593556867,0.243762355299924,0.179012774380454,0.436332312998582,5.42189766420455,5.37189766420455
3.525,5.69506236362161,5.23431688072378,0.235102360885041,-0.235150842783362,0.276027455647871,2.31030311169666,2.48148912681601,2.31631427790007,2.31209416333747,0.00422011456259774,0.243782794656062,0.179963927700468,0.436332312998582,5.57535724038652,5.52535724038652
3.625,5.58609649073237,5.34884934674945,0.233994009436165,-0.234057075760133,0.277079202459341,2.33128202758041,2.5136451215558,2.34029189082936,2.33647856043504,0.00381333039432041,0.243830233018611,0.182076513738237,0.436332312998582,5.72851717862249,5.67851717862249
3.725,5.47462510126481,5.46051752616353,0.232319939897583,-0.232396075876905,0.277652150327144,2.35226094346415,2.52930458541736,2.36434272931973,2.36086450835096,0.00347822096876849,0.243824535203538,0.182885849389205,0.436332312998582,5.88139760840334,5.83139760840335
3.825,5.36070462200984,5.5692632918211,0.230061297173758,-0.230148463717057,0.277747113205838,2.37323985934788,2.54512445970966,2.38850271158635,2.38524231797625,0.00326039361010055,0.243698000135344,0.183657737184957,0.436332312998582,6.03401934077869,5.98401934077869
3.925,5.24439170250904,5.67502687250482,0.227197055400978,-0.227292711672682,0.277368282282901,2.39421877523163,2.57572454761671,2.41277595406573,2.40959815495354,0.00317779911218397,0.243416797334522,0.185413245005588,0.436332312998582,6.18640281921208,6.13640281921208
4.025,5.12574671455644,5.77775083961811,0.223709222031463,-0.223810352890701,0.276134819949934,2.41519769111535,2.59051165144898,2.43713392543521,2.43391755201963,0.0032163734155799,0.242990712099093,0.186069649374289,0.436332312998582,6.33856838985513,6.28856838985513
4.125,5.00483587960122,5.87738414141731,0.219587199295527,-0.219690348007502,0.274897552694447,2.4361766069991,2.6044180607591,2.46152352915006,2.45818888746074,0.0033346416893214,0.24246704585391,0.186556756664522,0.436332312998582,6.49053698645387,6.44053698645387
4.225,4.8817326623867,5.97388421192642,0.214830287473399,-0.21493159529829,0.273240652561498,2.45715552288283,2.63200974072562,2.48588090986076,2.48240607117088,0.00347483868987331,0.241912933703229,0.18788779365301,0.436332312998582,6.64232961174577,6.59232961174577
4.325,4.75651732256812,6.06721768346693,0.209447934739841,-0.209543185253819,0.271194919036874,2.47813443876658,2.64592849860036,2.51014531333374,2.50656991819332,0.00357539514041916,0.241397703838696,0.188431462178787,0.436332312998582,6.79396709511237,6.74396709511237
4.425,4.62927511380586,6.15735930688466,0.203457776439183,-0.203542443025686,0.26879518535322,2.49911335465031,2.65950694817894,2.53427365869949,2.53068816540703,0.00358549329245861,0.240980312227761,0.188949425214256,0.436332312998582,6.94546982519749,6.89546982519749
4.525,4.50009337991212,6.24428913601954,0.196881657018025,-0.196950952197978,0.266078297087944,2.52009227053405,2.68718085505424,2.5582516932019,2.55477390739071,0.00347778581118474,0.240700653814497,0.190181282762155,0.436332312998582,7.09685761322011,7.04685761322011
4.625,4.36905779666211,6.32798911296541,0.189740713729088,-0.189789642373763,0.263081505024893,2.54107118641778,2.7012477216884,2.5820969326152,2.57884266214674,0.00325427046846194,0.240572543678569,0.190620619509905,0.436332312998582,7.2481504214461,7.1981504214461
4.725,4.23624978768711,6.40843913698866,0.182050796250112,-0.182074212620063,0.25984189734372,2.56205010230153,2.71495671284286,2.60585404043585,2.60290865955526,0.0029453808805906,0.24057782799846,0.191041469737861,0.436332312998582,7.39936844322639,7.34936844322639
4.825,4.10174581479924,6.48561358594762,0.17381927826369,-0.173821719413754,0.256397263268339,2.57253956024338,2.74115266874847,2.62958435886356,2.62698137076528,0.00260298809827431,0.24066556569934,0.192069479985705,0.436332312998582,7.5523546758706,7.5023546758706
4.925,3.96561727875182,6.55947991553875,0.165043846181911,-0.165075921597756,0.252788281032373,2.59351847612713,2.75389030321159,2.65335199831708,2.6510633313054,0.00228866701167618,0.240762173021215,0.192292626884005,0.436332312998582,7.70339005285328,7.65339005285328
5.025,3.82793121357422,6.62999934525654,0.155713467336532,-0.155770122168106,0.249061743599908,2.61449739201086,2.76692337421686,2.67720927632122,2.67514986446075,0.00205941186047021,0.240791079438883,0.192647046344788,0.436332312998582,7.85440414110127,7.80440414110127
5.125,3.68875478324901,6.69712823837646,0.145811826889402,-0.145887892112115,0.245274485279392,2.63547630789461,2.79230397048211,2.70118239376938,2.69923052786075,0.00195186590862972,0.240694278522963,0.193521141849724,0.436332312998582,8.00541504196877,7.95541504196877
5.225,3.54815701526453,6.76082282182349,0.135322090983473,-0.135412341842556,0.241496397779532,2.65645522377835,2.80462161708172,2.72526462986635,2.72329195293314,0.00197267693320846,0.240451567079601,0.193824950393156,0.436332312998582,8.156440206765,8.106440206765
5.325,3.40621060143319,6.82104389354815,0.124231794681112,-0.124331005989808,0.237550110193188,2.67743413966209,2.81715799376074,2.74941904947145,2.74732131944118,0.00209773003026603,0.240084215134031,0.194116455018499,0.436332312998582,8.30749698686607,8.25749698686607
5.425,3.26299321228275,6.87776041983931,0.112536574369386,-0.112639575146959,0.234108126581299,2.69841305554583,2.84046817028428,2.77358878678688,2.77130946884867,0.00227931793820524,0.239644226064543,0.194710009496191,0.436332312998582,8.45860252472688,8.40860252472688
5.525,3.11858627891383,6.9309519548644,0.10024179744752,-0.100343524915896,0.230958452863236,2.71939197142956,2.85194068071289,2.79771095351711,2.79525309967616,0.00245785384094832,0.239198104418349,0.194964377842075,0.436332312998582,8.60977499872674,8.55977499872674
5.625,2.97307519975259,6.9806080673692,0.0873621986566446,-0.0874577535612851,0.228211892926951,2.7403708873133,2.86301327699224,2.82173071661413,2.81915566382136,0.00257505279277659,0.238809989024222,0.195207310172676,0.436332312998582,8.76103217615049,8.71103217615049
5.725,2.82654742870589,7.0267262668232,0.0739192229378149,-0.0740039221300636,0.22598028413614,2.76134980319704,2.88570826978323,2.84561527767813,2.84302676877825,0.0025885088998816,0.238531414190196,0.195826821982362,0.436332312998582,8.91239142888188,8.86239142888188
5.825,2.67908985198607,7.0693083437219,0.0599366990491896,-0.0600061264539122,0.224373179169459,2.78232871908077,2.89735030477194,2.86936191360488,2.86688017762754,0.00248173597733459,0.238393168144471,0.196032226863301,0.436332312998582,9.06387018933763,9.01387018933763
5.925,2.53079294544605,7.10837734205265,0.0454583273467852,-0.0455083889841874,0.223501496760498,2.80330763496451,2.90872068350408,2.89267527420358,2.89065147221054,0.00202380199304208,0.236037151153775,0.196229218015742,0.401425727958696,9.2154874007964,9.1654874007964
6.025,2.38176220866573,7.14402564536955,0.0305971635937405,-0.0306241560944538,0.223480137460649,2.82428655084825,2.93229961089159,2.91510083971074,2.91409340529431,0.00100743441642459,0.231131080074414,0.196743958454599,0.366519142918809,9.36726556253808,9.31726556253808
6.125,2.2321261631169,7.17647455137059,0.0155953985390012,-0.0155961027007274,0.224410311885744,2.845265466732,2.9437608211775,2.93554423488471,2.93667881806997,-0.00113458318525472,0.219632669384329,0.196765534912934,0.296705972839036,9.51923319493664,9.46923319493664
6.225,2.08201993722604,7.20604078105341,0.000788675680150064,-0.00081348968459538,0.226329474578019,2.85575492467387,2.9560585528497,2.95378024789612,2.95792248961366,-0.00414224171753652,0.204680233587974,0.196911923512613,0.226892802759263,9.67142624150667,9.62142624150666
6.325,1.93154983062013,7.23297316370139,-0.0135598890398416,0.0135136889247263,0.229179493587241,2.87673384055761,2.98178647381135,2.97078885607379,2.97782599180892,-0.00703713573513198,0.193708249938625,0.197322308726028,0.225463518250621,9.82368792175253,9.77368792175253
6.425,1.78078423234638,7.25738050555498,-0.0273321842475189,0.0272686995257272,0.232840644765607,2.89771275644135,2.99482452236801,2.98728453973914,2.99673851570556,-0.00945397596642206,0.186151314718349,0.197420702995284,0.225463518250621,9.97617579417037,9.92617579417037
6.525,1.62976446519269,7.27923354162957,-0.0405514167875802,0.0404742813726855,0.237185722569773,2.91869167232508,3.00815297836182,3.00435363556217,3.01522898043283,-0.0108753448706671,0.184421569131997,0.197504946793617,0.221004952308256,10.1288698507125,10.0788698507125
6.625,1.47852496804888,7.29845542653405,-0.0532901430062243,0.0532025847488855,0.242106152536807,2.93967058820881,3.03390186888662,3.02160260397151,3.03364151713593,-0.0120389131644201,0.183277876233362,0.197818098205843,0.221004952308256,10.2817492956495,10.2317492956495
6.725,1.32711659177888,7.31509178002373,-0.065498927409755,0.0654038459981644,0.247480028957257,2.96064950409254,3.04667067413041,3.03846192180762,3.0517900953846,-0.0133281735769861,0.180332659635086,0.19787037819652,0.205572248035466,10.43480535582,10.38480535582
6.825,1.17558599569186,7.32916220823023,-0.0771554571163877,0.0770554503624407,0.25333556387677,2.98162841997629,3.05991543940439,3.05538988095056,3.06974988152639,-0.0143600005758313,0.17940867316653,0.197912411969073,0.197568010355142,10.5880251107972,10.5380251107972
6.925,1.02397510011981,7.34064994300946,-0.0882750596456834,0.0881724597858891,0.259280302746213,3.00260733586003,3.08535273188899,3.07222119594785,3.08767890364006,-0.0154577076922076,0.178649901590109,0.198149667257669,0.197568010355142,10.7413934268312,10.6913934268312
7.025,0.872330305703493,7.34963182263955,-0.0987806348815266,0.0986775469411437,0.265329826828029,3.02358625174377,3.09845836083481,3.08855147582829,3.10539272378868,-0.0168412479603952,0.176796701566728,0.198168954765336,0.197568010355142,10.8949030226258,10.8449030226258
7.125,0.720690774355405,7.35611226593841,-0.108668397282494,0.108566724253938,0.271392165763101,3.04456516762751,3.11140067983594,3.10503541941479,3.12307359072118,-0.0180381713063889,0.17631399193904,0.198048671933177,0.165270374601509,11.0485403098137,10.9985403098137
7.225,0.569093230261797,7.36008948650069,-0.117941726454074,0.117843199809527,0.277392109455014,3.06554408351123,3.13838531142494,3.12164991996683,3.1407938976589,-0.0191439776920634,0.178408058944982,0.198244760881806,0.200176959641396,11.2022933197271,11.1522933197271
7.325,0.417574429460217,7.36153325498226,-0.126633043965009,0.126539253228969,0.283280486025268,3.08652299939497,3.15234742261523,3.13833794715349,3.15863523951071,-0.0202972923572107,0.179237058302206,0.198254185517865,0.200176959641396,11.3561487365011,11.3061487365011
7.425,0.26617227507988,7.36040895467001,-0.134779863438725,0.134692281843687,0.28902522171954,3.10750191527871,3.16600633080679,-3.12778793226331,3.17663989298121,-0.0212425180649376,0.179991858716558,0.19826244661093,0.165270374601509,11.5100946311458,11.4600946311458
7.525,0.114925670415949,7.35669057914917,-0.14241179549557,0.142331798996931,0.294604108839425,3.12848083116246,3.19383100179002,-3.11043679067459,3.19474774752434,-0.0219992310193433,0.18235283908746,0.198421778224179,0.200176959641396,11.6641212885507,11.6141212885507
7.625,-0.0361235205028177,7.35032711530357,-0.149584119881352,0.149513007780742,0.300017021583533,-3.13372556013339,3.20790915970792,-3.09288896879372,3.21296966302719,-0.0226733246413211,0.182814448830186,0.198424436445889,0.197941452602542,11.8182186600076,11.7682186600076
7.725,-0.186930926699637,7.34128154674492,-0.156338929393981,0.15627793804797,0.305267059095343,-3.11274664424966,3.2215500562462,-3.074993364465,3.23128234488007,-0.0230904021654776,0.182651322648506,0.198426276600843,0.163034867562656,11.9723783701738,11.9223783701738
7.825,-0.337451540484595,7.32954046097399,-0.162695528245386,0.162645840382742,0.310351101069989,-3.09176772836591,3.24915289234731,-3.05691244489254,3.24959752338457,-0.023324661097524,0.183875036645444,0.198555503923778,0.196472038819389,12.1265937045089,12.0765937045089
7.925,-0.487637423714657,7.31508070938151,-0.168683880654672,0.168646640704461,0.31527284094513,-3.07078881248218,3.26316846004437,-3.03881811661473,3.26792105924009,-0.0235538686752346,0.183438260327924,0.198550508903719,0.196472038819389,12.2808572713766,12.2308572713766
8.025,-0.637439749476736,7.29789169573226,-0.17432237695032,0.174298702170661,0.320029792011794,-3.04980989659844,3.27685612311898,-3.02050827579992,3.28628323683001,-0.0236062054503403,0.183176284873688,0.198542910409331,0.165800340005644,12.4351620965793,12.3851620965793
8.125,-0.786816331263308,7.27801264104181,-0.179580070630711,0.179571050013651,0.324590992075612,-3.0288309807147,3.30367460202781,-3.0026315067226,3.30454391742728,-0.0239901169702916,0.181662912447623,0.198643943102204,0.171674962320617,12.589503678347,12.539503678347
8.225,-0.935723605974931,7.25546668229243,-0.184442916316332,0.184431537256219,0.328932580482403,-3.01834152277284,3.31716329916683,-2.98454162653183,3.32276749474921,-0.0241238141014559,0.18246256670509,0.198496475983002,0.17382509670478,12.7419409302568,12.6919409302568
8.325,-1.084120478253,7.23027579495841,-0.188898490478399,0.188872789985105,0.333032063215572,-2.99736260688909,3.33133365587584,-2.96669925922359,3.34097434193216,-0.0244882939761659,0.182428613482823,0.198490961169906,0.17382509670478,12.8962914872016,12.8462914872016
8.425,-1.23195731086387,7.20242023010312,-0.192977625134188,0.192938899060363,0.336892785484318,-2.97638369100537,3.35993802691327,-2.94854188195,3.35934089992655,-0.024697474696957,0.184631952390782,0.198581852374131,0.194534830888431,13.0506640923958,13.0006640923958
8.525,-1.37918349604852,7.17187883010136,-0.196713543244472,0.19666304315383,0.340523277534143,-2.95540477512162,3.37428871662463,-2.93014886283665,3.37793055544538,-0.0248941111024426,0.186774035126135,0.198573225341079,0.190978734262362,13.2050529997282,13.1550529997282
8.625,-1.52575468813863,7.13865966475947,-0.200110331132341,0.200049282497467,0.343920591879566,-2.93442585923789,3.38918404394449,-2.91175118496029,3.39665214468483,-0.0252180224655385,0.188093671903522,0.19856833454909,0.190978734262362,13.3594552909668,13.3094552909668
8.725,-1.67161448257991,7.10272561720727,-0.203219465291333,0.203149068301601,0.34711170268963,-2.91344694335414,3.41871280873811,-2.89304024078839,3.41558437403995,-0.0254393076487549,0.189815937899607,0.198648349529847,0.201021948285191,13.5138667881184,13.4638667881184
8.825,-1.81670666949026,7.06405036038886,-0.206082628855715,0.20600406915298,0.350122414934871,-2.8924680274704,3.43325491548317,-2.87390552276379,3.4347079914862,-0.0254282070704015,0.191898843789763,0.198645164896699,0.197477969014146,13.6682850916306,13.6182850916306
8.925,-1.96098115346536,7.02263599540833,-0.208713185709192,0.208627641551054,0.352965800716485,-2.87148911158666,3.448180553309,-2.85483671259374,3.45388202000019,-0.0255334254143396,0.192114336330472,0.198646074665489,0.197477969014146,13.8227095417149,13.7727095417148
9.025,-2.10437675543431,6.9784571741637,-0.211154682636687,0.211063322709026,0.355673447432325,-2.85051019570293,3.47750882240364,-2.8355096663593,3.47314561684278,-0.0254699760224959,0.192499980279012,0.198717938613941,0.204223326860897,13.9771378012045,13.9271378012045
9.125,-2.24683407068067,6.93150407043989,-0.213436199435548,0.213340186976121,0.358571245792967,-2.82953127981919,3.49191621327464,-2.81582272823145,3.49248952407549,-0.0251269451273579,0.193755962296268,0.198716923027182,0.203002743781566,14.1315680609644,14.0815680609644
9.225,-2.38830235147109,6.88179687068843,-0.215556555819831,0.215457052020988,0.36103970960066,-2.80855236393545,3.50673890225422,-2.79633968433897,3.51181330369681,-0.0249676808562018,0.193349893611197,0.198717001016683,0.203002743781566,14.2859992777086,14.2359992777086
9.325,-2.52872323950988,6.82933939936501,-0.217533532260063,0.217431696821644,0.363409571016329,-2.7875734480517,3.53516009192409,-2.77678177792344,3.53117884404506,-0.0247753147889114,0.193364954866141,0.198775026549482,0.209575094854449,14.4404288028029,14.3904288028029
9.425,-2.66806407538605,6.77420006674356,-0.219316484379092,0.21921347992282,0.365647770577708,-2.76659453216798,3.54961374679256,-2.75759439859133,3.5504184159715,-0.0248275073832449,0.192265712082287,0.19877187055695,0.215184156532384,14.594855701814,14.544855701814
9.525,-2.80627683898616,6.71640520967913,-0.220900561358222,0.220797555239092,0.36774577030801,-2.74561561628423,3.56385306638271,-2.73835349509348,3.5696469528461,-0.0248151407599995,0.191658602747156,0.198634712979204,0.184587468349479,14.749276811229,14.699276811229
9.625,-2.94332037693957,6.65599221065288,-0.222269093352001,0.222167261736168,0.369687589989596,-2.72463670040049,3.59344483047067,-2.71915322129821,3.58887902665194,-0.0248469407705674,0.193102306354639,0.198693379262599,0.219494053389365,14.9036903327632,14.8536903327632
9.725,-3.07913330061175,6.59295552387348,-0.223453812232757,0.223354344393881,0.37148626109866,-2.70365778451676,3.60869860398602,-2.69975351321788,3.60827207798227,-0.0248402840205637,0.194985164441854,0.198694360327681,0.230111245084248,15.05809291357,15.00809291357
9.825,-3.21365878894743,6.52730052911285,-0.224475619645275,0.224379720607209,0.373150551115724,-2.68267886863303,3.6236868956939,-2.68027483443029,3.62784996064664,-0.0249394878973419,0.195604767702541,0.19869676802534,0.199178130031223,15.2124830878003,15.1624830878003
9.925,-3.34685082502767,6.45905402143246,-0.225332358329266,0.225241248564525,0.374679188606252,-2.66169995274928,3.65438092207729,-2.66068525013915,3.64752587833183,-0.0250258212913952,0.197756553218379,0.198749362265108,0.23408471507111,15.3668608091752,15.3168608091752
10.025,-3.47863702531471,6.38819524242502,-0.226077123777564,0.22599204043968,0.376105223592941,-2.64072103686554,3.66991336834231,-2.64077515187387,3.66739749519564,-0.0249873398899183,0.199611312961956,0.198754837083476,0.239160320886466,15.5212255296247,15.4712255296247
10.125,-3.60895560906791,6.31472747552323,-0.226737755425649,0.226659948944446,0.377450204424698,-2.6197421209818,3.68502660085176,-2.62077000955788,3.68740367031519,-0.0249883726934828,0.199558177059664,0.198762792831771,0.207691737482639,15.675578342526,15.625578342526
10.225,-3.73775540511779,6.23867568561358,-0.227318941493904,0.227249673124318,0.378724580570137,-2.59876320509807,3.71555721014398,-2.60059660419813,3.70743347607429,-0.0248447730928341,0.201017548933742,0.198812951891603,0.242598322522526,15.8299205474591,15.7799205474591
10.325,-3.86496668174722,6.16003797233381,-0.227858962340558,0.22779950548297,0.379958465643784,-2.57778428921434,3.73092355741274,-2.58030269122364,3.72752439185095,-0.0246417758950015,0.201303633321189,0.198822158863306,0.24676868363707,15.9842525007913,15.9342525007913
10.425,-3.99052700585496,6.07882928054668,-0.228379052337131,0.228330692012407,0.381170960021878,-2.55680537333058,3.74585573237499,-2.55986779020355,3.74767044372537,-0.0243529267493319,0.20068642691488,0.198830475925558,0.211862098597184,16.1385745603183,16.0885745603183
10.525,-4.11439271838351,5.99509490108214,-0.228865954057219,0.2288299863748,0.38235795793887,-2.53582645744685,3.7761721554572,-2.53945539970661,3.76777614606114,-0.0240462385881575,0.201552411760306,0.198872449781379,0.24676868363707,16.2928870292908,16.2428870292908
10.625,-4.23650901059773,5.90886461347022,-0.229326742508894,0.229304479178693,0.383523491939769,-2.51484754156311,3.79057099419547,-2.51920685584853,3.78787696268864,-0.0238985113575811,0.200284252902987,0.198877586655325,0.222899850657555,16.4471891786137,16.3971891786137
10.725,-4.35686299331919,5.82022450713274,-0.229699562192576,0.229692330582252,0.384627749706112,-2.49386862567938,3.80546886308687,-2.49926875401433,3.80782003826199,-0.0239034850967297,0.199231377234615,0.198882127975654,0.222899850657555,16.6014803418271,16.5514803418271
10.825,-4.47540720284863,5.72921007174095,-0.229985029076812,0.229970267743354,0.385665526298103,-2.4833791677375,3.83539840570394,-2.4794511630195,3.82773908040147,-0.0240049362413828,0.198373570521015,0.198788032947929,0.222899850657555,16.7533465092832,16.7033465092832
10.925,-4.59210775935653,5.63587267899857,-0.230164064614325,0.230134777493569,0.386619676600619,-2.46240025185378,3.85048280964867,-2.45945529259911,3.84766309509888,-0.0239330805184093,0.199997889698466,0.198796012161646,0.242097840548382,16.9076094482328,16.8576094482328
11.025,-4.70690164011603,5.54022792572561,-0.230264893497367,0.230222323720606,0.387501153991242,-2.44142133597003,3.86607303215456,-2.43939183162607,3.86772505103197,-0.0239315754784535,0.2010748260858,0.198803750807577,0.231410487901264,17.0618579501013,17.0118579501013
11.125,-4.81973917414228,5.44230738625616,-0.230296058761394,0.230241468609303,0.388311768305646,-2.4204424200863,3.89719216532039,-2.41939099239967,3.88790287811821,-0.0241085633383005,0.201573846161944,0.19884231563545,0.237645395420197,17.2160920677829,17.1660920677829
11.225,-4.93056795436471,5.34214021991443,-0.230270810969944,0.230205482839275,0.389058866097665,-2.39946350420256,3.91263739710152,-2.39902653119704,3.90820025746269,-0.0240414814801451,0.203692827481447,0.198851254654734,0.246405926767095,17.3703121882976,17.3203121882976
11.325,-5.03932650277286,5.23974669386896,-0.230216164323753,0.230141402034963,0.389760362216287,-2.37848458831882,3.92845155027278,-2.37862449409007,3.9286072026682,-0.0240463895786869,0.20452640820238,0.198862335594794,0.24280508625498,17.5245194065031,17.4745194065031
11.425,-5.14595166224739,5.13514803996952,-0.230160668722485,0.230077796487654,0.390437528726922,-2.35750567243508,3.95955306406248,-2.35816390167603,3.9491050762515,-0.0240836707479399,0.204420398208751,0.198899876147877,0.24280508625498,17.6787152237308,17.6287152237308
11.525,-5.25039314538174,5.02838114788732,-0.230113814542886,0.23002417433734,0.391102690995638,-2.33652675655133,3.97483238611906,-2.33738270423577,3.96963624431815,-0.0238336413743241,0.205460745634019,0.198911620745441,0.243441721306079,17.8329011854906,17.7829011854906
11.625,-5.35260358107502,4.91948699142505,-0.230081337804569,0.229986286386774,0.391765841238565,-2.31554784066761,3.9904563450506,-2.31674725901927,3.99013474352327,-0.0236966953629469,0.205009794048021,0.198924182935883,0.243441721306079,17.9870786306863,17.9370786306863
11.725,-5.45252311753217,4.80849762471573,-0.230085436944976,0.229986342433522,0.392726475609812,-2.29456892478386,4.02120836452264,-2.29603992616778,4.01065050497072,-0.0235051239589223,0.204537652720242,0.198956468328041,0.246269777634866,18.1412478266526,18.0912478266526
11.825,-5.55010712854257,4.69546057770646,-0.230127980831125,0.230026222202816,0.393404035957136,-2.27359000890012,4.03638762467475,-2.27511040176425,4.0311791879243,-0.0231042825089673,0.205378473321456,0.198964354866823,0.246269777634866,18.2954089689704,18.2454089689704
11.925,-5.64533665820859,4.58044406838486,-0.230179242366717,0.230076209237651,0.394081662981227,-2.2526110930164,4.05097815681861,-2.25475831467176,4.05160669234678,-0.0231796998389591,0.202744895272844,0.198972080812233,0.218202074437377,18.4495625598604,18.3995625598604
12.025,-5.73820990086376,4.46352829363542,-0.230189982230974,0.230087074402852,0.394726767702833,-2.23163217713265,4.08087408641509,-2.2344334580715,4.07188958515617,-0.023137736048076,0.203071050629764,0.198862678369161,0.253108659477263,18.6037077111509,18.5537077111509
12.125,-5.82869379170113,4.34476480103508,-0.230154575664711,0.230053204539902,0.395330226006351,-2.21065326124891,4.09629337748016,-2.21433122091322,4.09212298032581,-0.0232688940594388,0.202271042290491,0.198873776728413,0.253108659477263,18.7578437553994,18.7078437553994
12.225,-5.91675593821413,4.2242057477642,-0.230067742280103,0.22996933264265,0.395882885409975,-2.18967434536517,4.11149089042737,-2.19409001630564,4.11238822130894,-0.0232929304349936,0.202423728045663,0.198882735809811,0.229395579038457,18.9119694764244,18.8619694764244
12.325,-6.00235222586724,4.1018942933892,-0.229940231503439,0.229846222989932,0.396385871871569,-2.16869542948142,4.14261387581622,-2.17373070914236,4.13274430027398,-0.0232897022367551,0.204476428127325,0.198911673381928,0.262390913410665,19.0660840836287,19.0160840836287
12.425,-6.08544051458072,3.97787459423028,-0.229781809056683,0.229693655198388,0.396842012571914,-2.1477165135977,4.15850632667891,-2.15348149701752,4.15318045349734,-0.0234766433352647,0.204658890630734,0.198921150730286,0.262390913410665,19.2201879587973,19.1701879587973
12.525,-6.16597466468356,3.85218908987084,-0.229607689426965,0.229526856540875,0.397259894825852,-2.12673759771396,4.17403693112506,-2.13295422767077,4.17371841000929,-0.0234873305004832,0.205305052033133,0.198930599561293,0.238383495650747,19.3742816793214,19.3242816793214
12.625,-6.24390117723368,3.72487647359744,-0.229442479794291,0.229370443790523,0.397655955351272,-2.10575868183022,4.20536011166396,-2.11226712523013,4.19435076674632,-0.0234325847968586,0.20697080288693,0.19895852355065,0.266480113018512,19.5283666023711,19.4783666023711
12.725,-6.31917854556843,3.59598403049503,-0.229297239032006,0.229235481325504,0.39804136894695,-2.08477976594648,4.22116662324073,-2.09165937404466,4.21500404676235,-0.0234781136274282,0.206613398080398,0.198970275535745,0.266480113018512,19.6824445993971,19.6324445993971
12.825,-6.39175936633788,3.46555782981998,-0.22918994409876,0.229139951279858,0.398432325372854,-2.06380085006275,4.23652576219688,-2.07081649593475,4.23568939137547,-0.0233205801306351,0.20621554548256,0.198981096906255,0.235571197925003,19.8365167905544,19.7865167905544
12.925,-6.461605943364,3.3336506042874,-0.229128132143797,0.229091393893822,0.398838680891926,-2.04282193417901,4.26745068453675,-2.04988183046819,4.25636745814005,-0.0230639814286553,0.207321571204882,0.199006127397153,0.269272593497956,19.9905843302934,19.9405843302934
13.025,-6.52868158222817,3.2003167061782,-0.229119020230862,0.22909702895567,0.399268050686487,-2.02184301829527,4.28204227936397,-2.02917312338629,4.27701754881194,-0.023005365018637,0.205286421570047,0.199015175380688,0.234366008458069,20.1446480350568,20.0946480350568
13.125,-6.59302869928888,3.06564832365512,-0.229083477719178,0.229077729918663,0.399676921250909,-2.00086410241153,4.29709673144963,-2.00888669967359,4.29740615441023,-0.0231075469042334,0.203183923246604,0.199023510102404,0.234366008458069,20.2987079736396,20.2487079736396
13.225,-6.65461541877175,2.92970018276898,-0.229026919822124,0.229009682246146,0.400066059488865,-1.99037464446967,4.3271589096243,-1.98859265104143,4.31771036043909,-0.0231177043009323,0.202279031652525,0.198915087101495,0.240255334074548,20.4503600872168,20.4003600872168
13.325,-6.71341820185979,2.79253062919397,-0.228947031684562,0.22891453201862,0.400429388811852,-1.96939572858592,4.34220089842552,-1.96810959216285,4.33801551791164,-0.0229398028949017,0.20314637469767,0.198923857845909,0.240255334074548,20.6044085338454,20.5544085338454
13.425,-6.76943146643585,2.65420474835563,-0.228823669792805,0.228777368388571,0.400749992296395,-1.94841681270219,4.35782500587604,-1.94793795406604,4.3582890657949,-0.0230417126813567,0.202806988822952,0.198932009588916,0.240255334074548,20.758449199661,20.708449199661
13.525,-6.82261403833641,2.51477321819487,-0.228676416562437,0.228617778543492,0.401032968159802,-1.92743789681845,4.38902872197509,-1.9275574951432,4.37866550593362,-0.0230376938972388,0.204094774798908,0.198953451267428,0.256281525107232,20.9124803390881,20.8624803390881
13.625,-6.87292679829222,2.37428762778769,-0.228523910914028,0.228454413749352,0.401284180056375,-1.90645898093471,4.40453324425622,-1.90699241599192,4.39918380928574,-0.0229909180980776,0.205521037724602,0.19895878181253,0.250895100505624,21.0665016972726,21.0165016972726
13.725,-6.92036079750238,2.23280957882125,-0.228354231476642,0.228275368902198,0.401495449927407,-1.88548006505097,4.42050165730338,-1.8865795397228,4.41973910055111,-0.0231333330943198,0.205857190065507,0.198965782805976,0.250895100505624,21.2205144296083,21.1705144296083
13.825,-6.9648657613659,2.09038775473411,-0.228199945062484,0.228113223934422,0.401685086014344,-1.86450114916722,4.45201607405132,-1.86596597133781,4.44041020259967,-0.0231908667578935,0.206653214614929,0.198986114373403,0.259114619164318,21.3745191222694,21.3245191222694
13.925,-7.00640353631074,1.94707605843365,-0.228081704876407,0.227988645644539,0.401867500822135,-1.84352223328349,4.46750281203103,-1.84506913286606,4.46117983833489,-0.0230636640213682,0.207867309562653,0.198993513980114,0.254262290792949,21.5285173656952,21.4785173656952
14.025,-7.04495990518792,1.8029357553567,-0.227996328132869,0.227898462609579,0.402325217329713,-1.82254331739976,4.48334065928698,-1.82433101225841,4.48193279170803,-0.0230784967868489,0.207578067356946,0.199002645047876,0.254262290792949,21.6825113523334,21.6325113523334
14.125,-7.08049554235974,1.6580230636936,-0.227967436464819,0.227866303072208,0.402498479321003,-1.80156440151603,4.5134280607478,-1.8035208899879,4.50270684050136,-0.0230424233096675,0.206976577133574,0.199022472611736,0.254262290792949,21.8365022196947,21.7865022196947
14.225,-7.1130504817306,1.51241261586598,-0.227938457612007,0.227835599462588,0.402660677609642,-1.78058548563229,4.52851574110106,-1.78309416584382,4.52326717871024,-0.0231760373744745,0.204975719089125,0.19903153435219,0.257128981622192,21.9904916508114,21.9404916508114
14.325,-7.14260821297396,1.36616609190631,-0.227912137857682,0.227809100190544,0.402816290286759,-1.75960656974854,4.54323020721625,-1.76256350564826,4.54373006260754,-0.0231082610762128,0.203390851602387,0.198905829503831,0.222222396582305,22.1444787412233,22.0944787412233
14.425,-7.16917832061189,1.219349144749,-0.22786619144479,0.227764522831198,0.402953127938166,-1.73862765386481,4.57341095725512,-1.74215118496505,4.56407077639401,-0.0230366541794744,0.203445400489699,0.198932097096126,0.253354802287204,22.298463310772,22.248463310772
14.525,-7.1927525901508,1.07202478650912,-0.227797653667012,0.22769890832055,0.403066972362367,-1.71764873798106,4.5889161861975,-1.72186147627006,4.58435464487059,-0.0230308139610633,0.202866580741795,0.198940971099495,0.257666135959275,22.4524433670257,22.4024433670257
14.625,-7.21331525851004,0.924255043658112,-0.22771257413589,0.227618315844874,0.403156475107248,-1.69666982209732,4.60414514818581,-1.7014027127605,4.60468069696065,-0.0228981025415624,0.203092069895319,0.198946497850767,0.234685741264284,22.6064167493034,22.5564167493034
14.725,-7.23085023280834,0.776101478071589,-0.22761878106151,0.227530585210393,0.403220386547039,-1.67569090621358,4.63526425701149,-1.68088359250733,4.62509040417198,-0.0227886894997305,0.204882153527069,0.198963125859476,0.265192236050149,22.7603822787552,22.7103822787552
14.825,-7.24535290425782,0.627626288674623,-0.227513941885296,0.227433395086902,0.40325245556509,-1.65471199032985,4.65118052178625,-1.66053914653177,4.64555770196955,-0.0229115413217347,0.204937982610252,0.198967142221832,0.266069223705576,22.9143398032071,22.8643398032071
14.925,-7.25680878006105,0.478890844974891,-0.227406919690068,0.227335619973045,0.403253921789205,-1.63373307444611,4.66677353020799,-1.63993572025841,4.66612953395642,-0.0228799470352481,0.205891707772315,0.198970149706437,0.246832031024671,23.0682892205215,23.0182892205215
15.025,-7.26518990112615,0.329955626957479,-0.227321331504714,0.227260884860663,0.403236097517003,-1.61275415856238,4.69830469470766,-1.61923473213634,4.68682848030543,-0.0228779052621837,0.207523611339423,0.198984791096371,0.269759043664029,23.2222315361361,23.1722315361361
15.125,-7.27049310361338,0.180882693894974,-0.227257152996514,0.227209167753412,0.403200250422726,-1.59177524267864,4.71426712390214,-1.59861560842002,4.70756772721479,-0.0229980284552243,0.207646009659962,0.198990348006399,0.273687490231398,23.3761687183221,23.3261687183221
15.225,-7.27269536542147,0.0317346081300621,-0.227235397486307,0.227201482882558,0.403161175534511,-1.5707963267949,4.72979305468753,-1.57777660060528,4.72837807896157,-0.0229693723872586,0.2074502450436,0.198995885228921,0.24030976824635,23.5301022734909,23.4801022734909
15.325,-7.27182746784762,-0.117426174855055,-0.227224489324301,0.227206248472141,0.403107064460443,-1.54981741091115,4.75980240117052,-1.55737187536963,4.74906043868446,-0.0232470068745023,0.205446541433781,0.199012974072015,0.243192786844991,23.6840344979862,23.6340344979862
15.425,-7.26789819490071,-0.266536827446828,-0.227216072793969,0.227210809326556,0.403038989946449,-1.53932795296928,4.77457537463662,-1.53669238284363,4.7696408520806,-0.0231479277446365,0.205462382843981,0.198886960264952,0.242653131331327,23.8355822790948,23.7855822790948
15.525,-7.26091890554707,-0.415535997200385,-0.227200434640029,0.227178277909988,0.402955981793941,-1.51834903708554,4.78980888900615,-1.51633105162024,4.79008978604773,-0.0232355304883782,0.203612073248098,0.198900513034317,0.231195968358622,23.9895134126997,23.9395134126997
15.625,-7.25090086080304,-0.564360894637756,-0.227169291631309,0.227131835031548,0.402855867754995,-1.49737012120182,4.82018703031371,-1.49597268584435,4.81043770532371,-0.0232250839884669,0.202839778997435,0.198924276617761,0.243610433775278,24.1434432638946,24.0934432638946
15.725,-7.23782988857634,-0.712945975556957,-0.227141314446438,0.227090145172338,0.402748590154101,-1.47639120531807,4.83527031747135,-1.47530305851154,4.83080939502951,-0.0229271463614609,0.203849221026454,0.198931353932674,0.243610433775278,24.2973696632037,24.2473696632037
15.825,-7.22172513400182,-0.86122916206909,-0.227103081943771,0.227039788792001,0.402623978241624,-1.45541228943433,4.85086040238958,-1.45491837097054,4.85115266534024,-0.0228857291311968,0.203479436656789,0.19893729734665,0.243610433775278,24.4512916615666,24.4012916615666
15.925,-7.20258416516696,-1.00914584971414,-0.227064278964848,0.226990452444527,0.402482748643109,-1.4344333735506,4.88194041447602,-1.43448918146974,4.87155067716812,-0.0228545514582654,0.20369446361905,0.198951701550993,0.250439092840258,24.6052076561583,24.5552076561583
16.025,-7.1804107621084,-1.15663232573868,-0.227029695540771,0.226946932631382,0.402322229827803,-1.41345445766685,4.89740101234417,-1.41381946299325,4.89204234894829,-0.022676504761951,0.205366429353747,0.198953056923574,0.253215586665007,24.759116804255,24.709116804255
16.125,-7.15522071153964,-1.30362775451024,-0.226993142229599,0.2269030501125,0.40213451525204,-1.39247554178312,4.91332955462939,-1.39334844774532,4.91258381061201,-0.0227469511777407,0.205747103339544,0.198955013788973,0.253215586665007,24.9130194039913,24.8630194039913
16.225,-7.12700496545008,-1.45006675815972,-0.226974949811468,0.226879145348961,0.402214739127566,-1.37149662589939,4.94489711739582,-1.37276906340927,4.93324153764213,-0.0228252938718185,0.206434272988408,0.198966170701626,0.259777649037321,25.0669157337851,25.0169157337851
16.325,-7.09576211976339,-1.59588491258228,-0.22698902004976,0.226889130173274,0.40197466070756,-1.35051771001565,4.96047529202107,-1.35189785445523,4.95401723311078,-0.0227297803864221,0.208090535074031,0.19896805818261,0.258439929869844,25.2208070744752,25.1708070744752
16.425,-7.06152348702511,-1.74102590792848,-0.22701676271109,0.22691442260482,0.401713696703109,-1.32953879413191,4.97539567558338,-1.33153368216985,4.97475095247793,-0.0230993274681923,0.205620451496751,0.198973121564745,0.224207728582489,25.3746959735102,25.3246959735102
16.525,-7.0243453048904,-1.88544047440051,-0.227014866999695,0.226911715324618,0.401412752794413,-1.30855987824816,5.00563753710571,-1.31112726873556,4.99532127136218,-0.0232632329181559,0.205733164598194,0.198854080861833,0.259114313622375,25.5285837966539,25.4785837966539
16.625,-6.98422594360508,-2.02906563812271,-0.227000660309633,0.226898336892088,0.401086096024465,-1.28758096236443,5.02100085723857,-1.29076821146039,5.01581703032121,-0.0233999346020139,0.204711713357973,0.198867289218072,0.259114313622375,25.6824713342721,25.6324713342721
16.725,-6.94117020637807,-2.1718378557429,-0.226986628257277,0.22688677349228,0.400745589798659,-1.26660204648068,5.03597914843292,-1.27023979032044,5.03628917957774,-0.0233436627185934,0.203683271727613,0.19887858507869,0.224207728582489,25.8363584083233,25.7863584083233
16.825,-6.89520290014547,-2.31369884446546,-0.226965875437182,0.226870131054555,0.400391385912736,-1.24562313059695,5.0664691301296,-1.2496923637534,5.05669422699819,-0.0232012835720115,0.204398512817603,0.198900279365021,0.259114313622375,25.9902445360283,25.9402445360283
16.925,-6.84633465249462,-2.45458509649157,-0.226947946709916,0.226857957895795,0.400030542567036,-1.22464421471322,5.0819996075471,-1.22926141355827,5.07706731258703,-0.0231434189657094,0.203640691297782,0.198908544859388,0.259114313622375,26.1441286066994,26.0941286066994
17.025,-6.79458235542266,-2.59443417897925,-0.226937502421923,0.226854920875546,0.399664924486109,-1.20366529882949,5.09719852817762,-1.20865002907176,5.09746060666283,-0.0229253285550097,0.203594741611961,0.198913484772344,0.23514924648262,26.2980091199955,26.2480091199955
17.125,-6.73996242603504,-2.73318345638195,-0.226941131091808,0.226867616674021,0.399295029840593,-1.18268638294574,5.12814306980045,-1.18800041632865,5.11790266853455,-0.0227177776836145,0.205021637020902,0.198926365965651,0.26510008991903,26.4518850124242,26.4018850124242
17.225,-6.68250512115059,-2.87077630345821,-0.226951720310044,0.226888941011491,0.398912290440274,-1.161707467062,5.14395788923085,-1.16756172835572,5.13836716783373,-0.0227435890098668,0.20477445156015,0.198928378729649,0.265907609310618,26.6057558328819,26.5557558328819
17.325,-6.62223353258823,-3.00715318457547,-0.226971247434917,0.226920881074596,0.398512649038819,-1.14072855117826,5.15947401174936,-1.1469155274153,5.1589108658423,-0.0226410860780115,0.205529110387176,0.198928353739236,0.246840509762522,26.7596209230322,26.7096209230322
17.425,-6.55915913290413,-3.14224986786048,-0.227015553238903,0.226979284382935,0.398100417438699,-1.11974963529454,5.19095694266987,-1.12622025821391,5.17957200180185,-0.0226069528361696,0.207142519280002,0.198936901412279,0.270516146043151,26.9134806752417,26.8634806752417
17.525,-6.49331699846116,-3.27601390275534,-0.227075365882655,0.227054879565596,0.397668150866099,-1.09877071941078,5.20592751883714,-1.10573431182341,5.20026957049356,-0.0228185751373768,0.206283578094627,0.198938254279529,0.246828091264209,27.0673366156076,27.0173366156076
17.625,-6.42477654469582,-3.40841192619615,-0.227103361939641,0.227100135907065,0.397190461186861,-1.08828126146893,5.22130680741437,-1.08543651234111,5.22084875153361,-0.0230999566951358,0.20550960701251,0.198941439468008,0.245048343219815,27.2188079192593,27.1688079192593
17.725,-6.35354794300754,-3.53938113977397,-0.227119530977903,0.227098850631029,0.396680387994996,-1.06730234558518,5.25175580243616,-1.06511044550477,5.24141523829761,-0.0233403766227909,0.204735034187273,0.198826529370905,0.245048343219815,27.3726596956855,27.3226596956855
17.825,-6.27966984613579,-3.66887390729113,-0.2271127381164,0.227076276805371,0.396136031352509,-1.04632342970143,5.26687389664272,-1.044662960026,5.26191655051695,-0.0233942033633587,0.204729329925703,0.198837494902753,0.244272185481964,27.5265113442271,27.4765113442271
17.925,-6.20316767100356,-3.79683383212251,-0.227088870106152,0.227038300703827,0.395565623780909,-1.0253445138177,5.28241827181782,-1.02422727862518,5.28236020576968,-0.0234021772152797,0.204454549063644,0.198848406687676,0.244272185481964,27.68036264456,27.63036264456
18.025,-6.1240475434145,-3.92319098200628,-0.227078592800789,0.227015586432976,0.394990918219731,-1.00436559793396,5.31307786416872,-1.00372729051426,5.30282661383132,-0.0233685971659909,0.203868307192961,0.198868843943099,0.244272185481964,27.83421284706,27.78421284706
18.125,-6.04234257660262,-4.0478906934311,-0.22708291818263,0.22700914640654,0.39441613605088,-0.983386682050226,5.32822679137468,-0.982983709246808,5.32329108714555,-0.0230894892127678,0.204615132206098,0.198876118636435,0.244272185481964,27.9880615759358,27.9380615759358
18.225,-5.95809467950281,-4.17088420840538,-0.227093614665104,0.227010750068503,0.393837965605684,-0.962407766166495,5.3438169637982,-0.962483464977696,5.34370251250651,-0.0230006703046177,0.204024991343048,0.198882512451734,0.244272185481964,28.1419084077769,28.0919084077769
18.325,-5.87132617004166,-4.29210806789505,-0.22712830709177,0.227038022336702,0.393265022929287,-0.941428850282748,5.37473158707329,-0.941864115078128,5.3641592770795,-0.0228380849780452,0.204357459059804,0.19889524314149,0.254305804545515,28.2957519240542,28.2457519240542
18.425,-5.78207061400554,-4.41150634846004,-0.227192505789144,0.227096477285055,0.392990176418761,-0.920449934399015,5.3900723929846,-0.92108563704239,5.38468849701553,-0.0225888268783319,0.205406286795333,0.198896216111358,0.250127504333548,28.4495914196442,28.3995914196442
18.525,-5.69038656592868,-4.52904350098813,-0.227260880277336,0.227160790394997,0.392386999001908,-0.899471018515271,5.40590426909573,-0.900618892866005,5.40519997634351,-0.0226335620299301,0.20516341262437,0.198897123538788,0.250127504333548,28.6034271058134,28.5534271058134
18.625,-5.59629846339567,-4.64465732946753,-0.227352737855273,0.227250274249339,0.391775418335044,-0.878492102631533,5.4363258664882,-0.879955319952951,5.4258168308609,-0.0225868436342687,0.206404365884791,0.198904353911268,0.26554674690011,28.757258375582,28.707258375582
18.725,-5.49987134788803,-4.75832117590413,-0.227434754065292,0.227331610758522,0.391133404787065,-0.857513186747795,5.45165156816209,-0.85967301448372,5.44639433076494,-0.0228820380690751,0.205163627146013,0.198905243130647,0.252518813040598,28.9110865900289,28.8610865900289
18.825,-5.40116928122507,-4.87001053824313,-0.227474149441036,0.227372024480943,0.39044131587613,-0.836534270864056,5.46671196032188,-0.839498779943386,5.46688096314975,-0.0231944359135481,0.203791622484926,0.198775122119622,0.226908495680437,29.0649126105558,29.0149126105558
18.925,-5.30023013869188,-4.97967969217461,-0.227472972910038,0.22737356687687,0.389700937061763,-0.815555354980331,5.49748365706418,-0.819145529931408,5.48733712374088,-0.023297346492698,0.205056787465444,0.198796160402416,0.261815080720324,29.2187370874015,29.1687370874015
19.025,-5.19707844741623,-5.08726862391826,-0.227453923109085,0.227358938773257,0.388927468490096,-0.794576439096589,5.51312395300784,-0.798826637895177,5.50781095211791,-0.023452282833504,0.204753045902087,0.198805875832479,0.261815080720324,29.3725600407525,29.3225600407525
19.125,-5.09174506544371,-5.19272112204851,-0.227433708597828,0.227344850732608,0.388134639065787,-0.773597523212842,5.52836240930161,-0.778293109719678,5.52832185424701,-0.0234296567871057,0.204307706891494,0.198814801747897,0.2285697742183,29.5263815705471,29.4763815705471
19.225,-4.98427118489592,-5.29599034601612,-0.227416347013967,0.22733532143406,0.387329852676907,-0.752618607329112,5.55919834834349,-0.757666312166999,5.54881891006317,-0.0232999150505799,0.205458151420625,0.19883388106554,0.263476359258187,29.6802020922104,29.6302020922104
19.325,-4.87468995703982,-5.397019345908,-0.227419990308111,0.227348504271861,0.386527980597552,-0.73163969144536,5.57479874769636,-0.73710197217413,5.56931512839258,-0.0232317933871284,0.204922164774583,0.198842090712726,0.263479802874241,29.8340216403112,29.7840216403112
19.425,-4.76304273671236,-5.49575765294389,-0.227453795840161,0.227393559460901,0.385737338672778,-0.710660775561633,5.59000747568564,-0.716373184899519,5.58983137727105,-0.0230192549909827,0.204442057731018,0.198847859868299,0.232792310006741,29.9878398379735,29.9378398379735
19.525,-4.64937958804397,-5.59216419487864,-0.227515490824163,0.227468217472535,0.384957211136396,-0.689681859677888,5.62086741492107,-0.69560872839355,5.61034515816187,-0.0227685793758301,0.205703936477242,0.198860698440579,0.267698895046628,30.1416563942721,30.0916563942721
19.625,-4.53374752452565,-5.6861940929287,-0.227609067259947,0.227576474657215,0.38418796296033,-0.668702943794157,5.6365711313272,-0.675010697088204,5.63087211754979,-0.0226975074584033,0.205304217290563,0.198863372592861,0.267698895046628,30.2954709179584,30.2454709179584
19.725,-4.41619960602622,-5.77780955687331,-0.227730599340899,0.227714411055934,0.383423430770329,-0.647724027910399,5.65196561910462,-0.65431420641455,5.65144252261323,-0.0225714218481921,0.205179049643377,0.198863590233644,0.238935485588762,30.4492828635552,30.3992828635552
19.825,-4.29681056525976,-5.86700592309569,-0.227838042551051,0.227829963409607,0.382634926722143,-0.637234569968547,5.68207833641406,-0.634142010230923,5.67191928221204,-0.022875985263382,0.203461220213459,0.198746140506954,0.240539797238838,30.600703398856,30.550703398856
19.925,-4.17564527898051,-5.95376818852321,-0.227904762825013,0.227879475992479,0.381802975780689,-0.616255654084809,5.69709328937096,-0.613794580298066,5.69233345890974,-0.0229427320282181,0.204017913352916,0.198620343717602,0.243705458769164,30.7545113770669,30.7045113770669
20.025,-4.05275521367607,-6.03806589389928,-0.227925704377857,0.227884921637455,0.380921835412597,-0.59527673820107,5.71263899386729,-0.593619964213066,5.71271828896679,-0.0231529460002733,0.203860124611258,0.198634352361191,0.243705458769164,30.9083183459041,30.8583183459041
20.125,-3.92817988144298,-6.11984893577952,-0.227919955216726,0.227865387655812,0.380001384021186,-0.574297822317326,5.74357762149455,-0.57339005417978,5.73315689727371,-0.0233616442738995,0.203729688602168,0.19866364536344,0.245158865657674,31.0621235964156,31.0121235964156
20.225,-3.80196654918301,-6.19907784817793,-0.227894678370168,0.22782803952391,0.379047067683558,-0.553318906433606,5.75891289240563,-0.552851207744931,5.7536464502497,-0.0233123508150435,0.205134706941845,0.198676058002225,0.249396845703444,31.2159270551843,31.1659270551843
20.325,-3.67415940680064,-6.27570759219013,-0.227864610084976,0.227787617281144,0.378070629823643,-0.532339990549846,5.77464065221083,-0.532359006894794,5.77416623203995,-0.0233399317551539,0.205396675764194,0.198689273493161,0.249396845703444,31.3697291151174,31.3197291151174
20.425,-3.54479704509744,-6.34968031366602,-0.227859587666821,0.227773960965042,0.377093938227475,-0.511361074666119,5.80560517015527,-0.511778698839531,5.794751707506,-0.0233450991659421,0.205155674788267,0.19871558454302,0.249396845703444,31.5235300612862,31.4735300612862
20.525,-3.41393471704742,-6.42096487711705,-0.227879249803925,0.227786712022721,0.376121931523931,-0.490382158782375,5.82086950954367,-0.49098904532461,5.81533927131967,-0.0231430094646905,0.205747285668688,0.198726938180325,0.247589785301625,31.6773306146323,31.6273306146323
20.625,-3.28163068364896,-6.48953534481946,-0.227918527991632,0.227820802958238,0.375455462882287,-0.469403242898642,5.83652284234072,-0.470379950640851,5.83587045181196,-0.0230650952732256,0.205187646234257,0.198737957218124,0.247589785301625,31.8311311844789,31.7811311844789
20.725,-3.14793282413692,-6.55534263961551,-0.227999024474768,0.227897835509581,0.374488214752933,-0.448424327014907,5.86639543525201,-0.449668268058039,5.85643113852877,-0.022914099407223,0.20512136987208,0.198758131896208,0.254100553142879,31.9849311300195,31.9349311300195
20.825,-3.01292225479881,-6.61840867797019,-0.228065323306796,0.227962394737633,0.373508515087895,-0.427445411131166,5.8814671904079,-0.429411100887156,5.8768215818246,-0.0230473755321672,0.20327023896172,0.198766098851364,0.254100553142879,32.1387308598185,32.0887308598185
20.925,-2.87666112099692,-6.6787178673974,-0.228105366732231,0.228002423639539,0.372506647438394,-0.406466495247424,5.89624956179332,-0.40912226121194,5.89713321547193,-0.0230701695042841,0.201883484259929,0.198639258853116,0.219193968102993,32.2925287797457,32.2425287797457
21.025,-2.73921514536071,-6.73626828511597,-0.228094471073432,0.227993241736177,0.371463950503659,-0.385487579363688,5.92673156644624,-0.388920513307501,5.91736257523206,-0.0230977813599749,0.202572163575851,0.198664856562719,0.254100553142879,32.4463241597288,32.3963241597288
21.125,-2.60063322705989,-6.79101553583752,-0.22805492390966,0.227957142942633,0.370389255051007,-0.364508663479945,5.942356594158,-0.368614891694508,5.93765760201137,-0.0230871865262881,0.203401053312535,0.198673065276489,0.261437503302699,32.6001148219282,32.5501148219282
21.225,-2.46096914058361,-6.84292693351259,-0.227997653445313,0.227905063870654,0.369285316368363,-0.343529747596206,5.95767985228852,-0.348275178619842,5.95805215460409,-0.023142026044348,0.203222018772573,0.198680108697304,0.227524599480842,32.7538998581553,32.7038998581553
21.325,-2.32028556397296,-6.89199652519721,-0.227906683649358,0.227821036449705,0.368140673768883,-0.322550831712485,5.98901199191616,-0.327923809230443,5.97846489372879,-0.0232033957796443,0.204694184211564,0.198700367492674,0.262431184520728,32.9076793500438,32.8576793500438
21.425,-2.1786278532084,-6.93816621491574,-0.227822214180017,0.227745268912229,0.366978895379313,-0.301571915828734,6.00487233309066,-0.307340012530675,5.99901358883386,-0.0231682941849476,0.205994848276253,0.198707309301484,0.26605122724052,33.0614531335797,33.0114531335797
21.525,-2.03605071811527,-6.98140327719527,-0.227758650486729,0.22769217105284,0.365810515520628,-0.280592999944996,6.02033474680916,-0.286743231300553,6.01965479961383,-0.0232127237347939,0.205613575785081,0.198714972325055,0.234184219967095,33.2152224986299,33.1652224986299
21.625,-1.892615398453,-7.02169546707146,-0.227710107624062,0.227655858983883,0.364635874443676,-0.259614084061254,6.05161265192228,-0.266038119798577,6.04029892368558,-0.0231517363045697,0.206949059364733,0.198734303744684,0.269090805006981,33.3689889352654,33.3189889352654
21.725,-1.74837557156494,-7.05899962821336,-0.227703740195848,0.227663487391455,0.363475913002429,-0.238635168177519,6.0673714480353,-0.245296043101461,6.06098414661921,-0.023094882541085,0.20700078303191,0.198742780878197,0.271914614401379,33.5227535303239,33.4727535303239
21.825,-1.60338957137229,-7.09328301124748,-0.2277567425699,0.227732248591499,0.362345822565397,-0.217656252293783,6.08269006675891,-0.224396082023673,6.08172025389378,-0.0229310287378715,0.206471109267158,0.19875013840085,0.237008029361493,33.6765174026761,33.6265174026761
21.925,-1.45772971832649,-7.1245776999653,-0.227821280074654,0.227814300702203,0.361220029067563,-0.196677336410052,6.11243161135426,-0.204067847620971,6.10228111928026,-0.0231636597216429,0.203852165371255,0.198768082212731,0.237008029361493,33.8302821233941,33.7802821233941
22.025,-1.31146360637954,-7.15289754862155,-0.227869629060941,0.227852172603039,0.360083112206086,-0.186187878468171,6.12719019796775,-0.183564973707646,6.12269138273745,-0.0230710492655151,0.203570092888065,0.19864166792123,0.237653950943549,33.9816565526148,33.9316565526148
22.125,-1.16465422612128,-7.17824468513028,-0.227887774104193,0.227853831211074,0.358925678931205,-0.165208962584437,6.14248384958983,-0.163329063412261,6.14298005769025,-0.0231238139229211,0.20254485947306,0.198653533832443,0.237653950943549,34.1354204848411,34.0854204848411
22.225,-1.01736158052022,-7.2005957096945,-0.227888672470044,0.227839993576134,0.35775318134517,-0.144230046700703,6.17302837356219,-0.14301833507776,6.16327745095787,-0.0231104788560392,0.202499670819722,0.198675371639016,0.245658451556801,34.289182073225,34.239182073225
22.325,-0.869647070164644,-7.21993387841345,-0.227879866551418,0.22781820038084,0.356566673423646,-0.123251130816955,6.18825515628917,-0.122474243570185,6.18364300472443,-0.0229319411150248,0.203812232340429,0.198681424671497,0.244860341469379,34.442939745986,34.392939745986
22.425,-0.721574010875565,-7.23626627104953,-0.227846357598039,0.227773457571056,0.355353266584993,-0.102272214933221,6.20400481441481,-0.102200458335361,6.20401127427614,-0.0230264254319188,0.203723709491218,0.198687625175076,0.244860341469379,34.5966931334754,34.5466931334754
22.525,-0.573202233863959,-7.24956529533289,-0.227809286590344,0.227726910385899,0.354123045340057,-0.0812932990494897,6.23531728340954,-0.0817456989209069,6.22448223274518,-0.0230426244865036,0.204701010128285,0.198703597140999,0.25684552325059,34.7504413043415,34.7004413043415
22.625,-0.424592428887196,-7.25980758400733,-0.227786795790523,0.227696709361552,0.352885736970311,-0.0603143831657475,6.25081166275092,-0.0610564337846433,6.24507886009937,-0.022949986704428,0.206105544268827,0.198707884360118,0.251301959904798,34.9041845377184,34.8541845377184
22.725,-0.275806849615216,-7.2670018789213,-0.227766111672399,0.227670090375525,0.351962326012527,-0.039335467281996,6.2667326023228,-0.0405780065654992,6.26568336326999,-0.0230760626559068,0.206057595075671,0.198714041585207,0.251301959904798,35.057924373433,35.007924373433
22.825,-0.126906847789014,-7.27111518032191,-0.227777415842971,0.2276772406531,0.350693466117537,-0.0183565513982749,6.29707888928039,-0.0198773274425277,6.28637868892492,-0.0230707091878637,0.206778494156652,0.198729504710418,0.261362115959115,35.2116614549493,35.1616614549493
22.925,0.0220453229479557,-7.27217884898821,-0.22778773632567,0.227685193139157,0.349413902085844,0.00262236448546232,6.31226208701351,0.000484523607309666,6.30697047842548,-0.0233006476385818,0.205129817182951,0.198737376122179,0.252092196536226,35.3653979313642,35.3153979313642
23.025,0.170988318400087,-7.27021031764338,-0.227779220362079,0.227676095924086,0.348116503364569,0.0236012803692135,6.32709778790576,0.0208012913727167,6.32743750278073,-0.0234509042284241,0.203147657826832,0.19861326284015,0.219339567128439,35.5191344693291,35.4691344693291
23.125,0.319861741057325,-7.2652234735868,-0.227738752317213,0.227636833088924,0.346796520957666,0.0445801962529328,6.35740718509379,0.0411655377183074,6.34777911195031,-0.023428267052414,0.203501783986886,0.198640396169552,0.254246152168325,35.6728713918182,35.6228713918182
23.225,0.46860181381775,-7.25719310930768,-0.227693661176245,0.227594734674257,0.345473768388124,0.0655591121366805,6.37283015330657,0.0616069918572327,6.36811849920914,-0.0233262001723231,0.203473950988609,0.198652090129107,0.258842623479531,35.8266071623695,35.7766071623695
23.325,0.617144369331559,-7.24611205343839,-0.227654638042639,0.227560495260561,0.344155964259665,0.0865380280204252,6.38790423318227,0.082103686027303,6.38848752433564,-0.023198531128755,0.202693568203052,0.198661318968094,0.223936038439645,35.9803406454686,35.9303406454686
23.425,0.765428127081165,-7.23200581829754,-0.227600920355346,0.22751335733308,0.342828717000146,0.107516943904157,6.41874386324303,0.102551499126937,6.4088134029115,-0.0230765966049802,0.203618051331637,0.198680334782859,0.258842623479531,36.1340710201232,36.0840710201232
23.525,0.91338718448489,-7.21485625526565,-0.227557017554069,0.227477838817551,0.341505361249826,0.128495859787907,6.43444887740195,0.123103320973677,6.42921468598014,-0.0229260578268802,0.204445212951029,0.198685648796845,0.265729533717658,36.2877967868384,36.2377967868384
23.625,1.06095726062435,-7.19466330103427,-0.227530658426892,0.227461676895103,0.340187593919822,0.149474775671632,6.44982610402399,0.143657981952286,6.44970859392269,-0.0228653047908205,0.204171466803954,0.198689351795669,0.231943507458823,36.4415174638151,36.3915174638151
23.725,1.20807934027203,-7.17145739857387,-0.227499954489379,0.227442989786596,0.338858035488691,0.17045369155538,6.48123540297427,0.164179087449215,6.47021204070359,-0.0228476460747933,0.205555733264626,0.198702533351478,0.26685009249871,36.5952332808378,36.5452332808378
23.825,1.35468599581227,-7.14521742431051,-0.227496566661491,0.227453445934869,0.337534747646829,0.191432607439122,6.49715318631004,0.18487117402625,6.49084412203225,-0.0227876408264098,0.20679600235167,0.198705324127513,0.270890856246494,36.7489442307613,36.6989442307613
23.925,1.50071385929189,-7.11594717262957,-0.227528188358139,0.227500739846672,0.336221867559524,0.212411523322859,6.51270483108002,0.205542006702016,6.5115739537871,-0.0228466399054978,0.206505007156589,0.198708699288851,0.239110722392555,36.9026517251193,36.8526517251193
24.025,1.64611124865558,-7.0836996621289,-0.227553152741811,0.227543199014975,0.334893367530473,0.233390439206597,6.54295254993423,0.225827218736591,6.53220387966408,-0.0231913537479009,0.205100298353581,0.198722840194547,0.24615406329436,37.0563578531075,37.0063578531075
24.125,1.79081889500239,-7.04849121374149,-0.227568446187442,0.227553558715798,0.33354976486419,0.243879897148446,6.55787875032582,0.246379314310206,6.55278252428981,-0.0232179028000141,0.205414817900503,0.198596060068019,0.243597200057378,37.2076760869234,37.1576760869234
24.225,1.93478068054104,-7.01034430766431,-0.227565497455736,0.227533609334165,0.332188826017082,0.264858813032175,6.57326785955512,0.266674729594989,6.57326548669574,-0.0234054499211656,0.204122566063785,0.198610077799966,0.2359919985271,37.3613822550617,37.3113822550617
24.325,2.07793573340814,-6.96927008607819,-0.227549075801283,0.227502006920706,0.330817497847112,0.285837728915927,6.60382901157546,0.287005606462821,6.59368797140902,-0.0234970577666109,0.203350099327582,0.198635164317692,0.242991254434273,37.5150892016122,37.4650892016122
24.425,2.22021904827007,-6.92527033068516,-0.22753537132222,0.227474937407881,0.329450048137215,0.306816644799672,6.6189400307037,0.307662977963064,6.61411639846829,-0.0232681133256429,0.204205428883967,0.198645792841954,0.242991254434273,37.6687960062605,37.6187960062605
24.525,2.36157172188824,-6.87836719406962,-0.227520625393609,0.22744864147537,0.328086188168033,0.327795560683397,6.63449120305525,0.328105060587412,6.63450025436294,-0.0232098865959456,0.203686022336378,0.198655992674598,0.242991254434273,37.8225023763691,37.7725023763691
24.625,2.50192687517244,-6.82856287913201,-0.227523868518383,0.227442147318148,0.326739431451344,0.348774476567143,6.66530581445034,0.348651192478801,6.65492186736497,-0.0230853677065799,0.203753252654296,0.19867398213003,0.250229669033534,37.976207075876,37.926207075876
24.725,2.64122108538056,-6.77587174225726,-0.227552909138537,0.227463264359873,0.325414006803757,0.369753392450888,6.68057726848783,0.369421610116079,6.67540719474171,-0.022800277446045,0.20493434438149,0.198678972340741,0.248802497396391,38.1299093463446,38.0799093463446
24.825,2.77940102798755,-6.72033243418067,-0.22759062619004,0.227494875138819,0.324453189774973,0.390732308334631,6.69632448544533,0.389904263894391,6.69588007419621,-0.0227905031222377,0.204695537167239,0.198683630768502,0.248802497396391,38.2836092172195,38.2336092172195
24.925,2.91640226047095,-6.66195646183286,-0.227650582910862,0.227550545868823,0.323122755269617,0.411711224218353,6.72762288946848,0.410483783416106,6.71642912795419,-0.0227600373584966,0.205242006069047,0.19869532029112,0.257939182554376,38.4373060011051,38.3873060011051
25.025,3.05216235969647,-6.60076034614253,-0.227742288865477,0.227639790855021,0.321808931386918,0.432690140102105,6.74313465080838,0.431291050023158,6.73708622925979,-0.0226098720570445,0.206743749087661,0.198696972189454,0.25564016082421,38.5909999252917,38.5409999252917
25.125,3.18663718524857,-6.53679577149347,-0.227836944304406,0.227733814522816,0.3204901908579,0.453669055985845,6.75805119292376,0.451557086347998,6.75770313834251,-0.02296074481493,0.204555754044632,0.198569271533341,0.225636883423897,38.744693081739,38.694693081739
25.225,3.31979002035076,-6.47012484972525,-0.227894297368014,0.227792365329832,0.319138474510777,0.474647971869566,6.78842285568668,0.471880674088339,6.77820700402492,-0.0231410227569908,0.205141828898988,0.198593185402521,0.260543468463783,38.89838702681,38.84838702681
25.325,3.45156038370662,-6.40076253130845,-0.227928076223726,0.227829170560646,0.317764147782089,0.495626887753317,6.80390698040581,0.49212924598334,6.79868070346489,-0.0233661503019631,0.204506356848464,0.198604691348881,0.260543468463783,39.0520815106985,39.0020815106985
25.425,3.58188867274566,-6.32872751217812,-0.227949505995988,0.227855454751578,0.316377423252562,0.51660580363704,6.81903040982946,0.512551247743936,6.81916683574816,-0.0234302808246429,0.203812343295915,0.198615422220659,0.225636883423897,39.2057764006097,39.1557764006097
25.525,3.71072278542011,-6.25405216111053,-0.227955444022139,0.227868073985432,0.314979546735977,0.537584719520789,6.84977527097195,0.533029446554522,6.83961511196458,-0.0234003582304672,0.20479321935055,0.198637281284765,0.260543468463783,39.3594719999246,39.3094719999246
25.625,3.83799807957256,-6.17674927464368,-0.227967212627968,0.227888349991936,0.313589154836836,0.558563635404523,6.86535945341985,0.553499483537635,6.86006637473251,-0.0233815840152856,0.20447109923859,0.198647811861479,0.262551185900864,39.5131681411861,39.4631681411861
25.725,3.96365267336103,-6.09683944788679,-0.227999328358766,0.227930799479365,0.31221984102185,0.579542551288265,6.88054613617875,0.574136035072696,6.8805484127398,-0.0232270704875166,0.203906679725224,0.198656428159426,0.228852893204539,39.6668645414639,39.6168645414639
25.825,4.08763677978294,-6.01436281013979,-0.228044660792612,0.227988291944611,0.310868466876397,0.600521467172,6.91137607699871,0.594785166742959,6.90100565254282,-0.0230351786202743,0.204955970995053,0.198673262764199,0.263759478244425,39.8205611351259,39.7705611351259
25.925,4.20988908915222,-5.92934333094828,-0.228117267225509,0.228074886925184,0.309545351824747,0.621500383055752,6.92703059204007,0.61538570606064,6.92148620065567,-0.0229151874154425,0.20491810370815,0.198679224691927,0.26763166810726,39.9742573583208,39.9242573583208
26.025,4.33035334964606,-5.84181369047238,-0.228222546929714,0.228195986802949,0.30825302746887,0.642479298939479,6.94234109127883,0.636070081611043,6.94202323535109,-0.0227678465604653,0.204521661836961,0.19868278799606,0.233116594733956,40.1279527158255,40.0779527158255
26.125,4.44900756812546,-5.75184994352973,-0.228312017549122,0.228303108696125,0.306953851538251,0.663458214823222,6.97229276728234,0.656263541217937,6.96244500443135,-0.0229961560338285,0.203072803795674,0.198694780214246,0.242194455492451,40.2816475030851,40.2316475030851
26.225,4.56580967545927,-5.6594995413852,-0.228373424641724,0.228357443758328,0.305635750228182,0.67394767276509,6.98720406764818,0.676663919885841,6.98283112734155,-0.0229819002761218,0.203603737489765,0.198564600422838,0.240760812153199,40.432945026203,40.382945026203
26.325,4.68072376951175,-5.56481323878581,-0.228389353861273,0.228356418324607,0.304283287213664,0.69492658864882,7.00267762245931,0.696786424533396,7.00316186835821,-0.0231901366452254,0.203059069429077,0.198574397899282,0.23992741095775,40.5866365030952,40.5366365030952
26.425,4.79369669851405,-5.46782211360874,-0.228369735512317,0.228321669619266,0.302901878238257,0.715905504532562,7.03358342061258,0.716935138505093,7.02351766055444,-0.0233972148697612,0.202775950482275,0.198595209777843,0.242419168068424,40.7403261273838,40.6903261273838
26.525,4.90467869637672,-5.36856162580926,-0.228320204739254,0.228258834077724,0.301495379415747,0.736884420416295,7.04894462799043,0.737393195024272,7.04392110135225,-0.0233425991483891,0.204393055946291,0.198603381881383,0.25291211118209,40.8940133893256,40.8440133893256
26.625,5.01360748328816,-5.26705403041357,-0.228265808228487,0.228192962147845,0.300083457285088,0.757863336300044,7.06469260353998,0.757869133757933,7.06440262965061,-0.0233481887130926,0.204898051462484,0.19861217895593,0.246608360935725,41.0476982816919,40.9976982816919
26.725,5.12042660874567,-5.16332952601485,-0.228223019799951,0.228140532926495,0.298681034347464,0.778842252183774,7.09578823449297,0.778317298578696,7.08493883622564,-0.023436230467361,0.204498534463112,0.198631597525419,0.246608360935725,41.2013815102438,41.1513815102438
26.825,5.22508946241979,-5.05742991662132,-0.228194360970128,0.228104071612872,0.297293681877052,0.79982116806751,7.11113039338031,0.799068581524724,7.10549425182992,-0.0232403631256046,0.205724898465706,0.198640092786937,0.254393317339742,41.3550637413307,41.3050637413307
26.925,5.32753857796186,-4.9493874184518,-0.228198083170793,0.228101831835175,0.2963281869263,0.820800083951259,7.12681345937719,0.819774869470424,7.12607462165916,-0.0231144450091474,0.205752720231583,0.198648635200648,0.249712792797824,41.5087455168955,41.4587455168955
27.025,5.42772091757293,-4.83924031202752,-0.22824634929022,0.228145977574594,0.294989711314498,0.841778999834999,7.15673218888351,0.8404274992779,7.14667694988119,-0.0230641434237056,0.205083297660389,0.198665004237113,0.249712792797824,41.6624273880943,41.6124273880943
27.125,5.52563912003389,-4.72707550048259,-0.228278713254227,0.228176062899703,0.293650979668868,0.862757915718728,7.17181601618149,0.860719119286558,7.16708733281876,-0.0231829063526163,0.203515381317159,0.19867269571357,0.255783126091463,41.816110253128,41.766110253128
27.225,5.62124962264196,-4.61293844268596,-0.228298108691311,0.228195020158957,0.292313752099425,0.883736831602455,7.18657168221492,0.881091620013936,7.18743782160785,-0.0231608944143309,0.202250199024944,0.198545992604531,0.220876541051576,41.9697927296046,41.9197927296046
27.325,5.71453079505045,-4.49689079704029,-0.228281561550559,0.228179876069399,0.290958524266624,0.904715747486198,7.2169293842736,0.901369367106959,7.20770547839909,-0.0231508041125457,0.20279281107241,0.198569339576982,0.25418697678215,42.12347455083,42.07347455083
27.425,5.80544208460741,-4.37897950697244,-0.22823134854969,0.228132910314303,0.289584348696234,0.925694663369944,7.23253241571875,0.921545872377259,7.22796000171244,-0.023228822155593,0.202519284305892,0.198578499597348,0.257713151063758,42.2771539537489,42.2271539537489
27.525,5.89393756364946,-4.25924777687848,-0.228157617973112,0.228064277436906,0.288196300508838,0.9466735792537,7.24784637775417,0.941941663190273,7.24828644933456,-0.0231594789647049,0.203069846197396,0.198585330828751,0.236120882173726,42.4308293111848,42.3808293111848
27.625,5.97996720068449,-4.13773576886447,-0.228076938374365,0.227990553223132,0.286805152175853,0.967652495137429,7.27902393690718,0.962434992526602,7.26871852923166,-0.0230982295254751,0.204859357193261,0.198602438775768,0.264065158376616,42.5845000745436,42.5345000745436
27.725,6.06349423981004,-4.01449283423688,-0.227990985130119,0.227913418576721,0.285411395624125,0.988631411021158,7.29490540690442,0.982805443763715,7.28920551239302,-0.023214761449716,0.20495086651402,0.198609567119551,0.265886398709113,42.7381667560117,42.6881667560117
27.825,6.14447112322279,-3.889561934169,-0.227915194123815,0.227848314427951,0.284027604743098,1.00961032690491,7.31041517451075,1.0034358708065,7.30978437053946,-0.0231631925533717,0.205491263719946,0.198616008232372,0.241738624690824,42.8918297162846,42.8418297162846
27.925,6.22284842961858,-3.76298548420553,-0.22786810265738,0.227813779393945,0.282670224692542,1.03058924278865,7.34171697982657,1.02417632288228,7.33044619191611,-0.0230845618542475,0.207009670961397,0.198632405309372,0.269202924171133,43.0454901697713,42.9954901697713
28.025,6.29859072114131,-3.63481514439753,-0.227852710073248,0.227812809543156,0.281344635968699,1.05156815867238,7.35754528122705,1.04478911702967,7.35111907509521,-0.023144650885957,0.206592740368699,0.198640849893539,0.269214052178317,43.1991498495255,43.1491498495255
28.125,6.37165406221568,-3.50509910403968,-0.227882342969875,0.227858728180457,0.280064953454181,1.07254707455612,7.37295769688075,1.06563025404411,7.37182905962113,-0.0230134983974279,0.206446680784217,0.198648356074876,0.241320377851365,43.3528097823141,43.3028097823141
28.225,6.44202892354124,-3.37390401989634,-0.227932550696841,0.227927075960868,0.278814918634961,1.09352599043986,7.40276942708802,1.08603948320403,7.39242961535184,-0.0232048249682286,0.204444095832513,0.198665120843293,0.241320377851365,43.5064715732605,43.4564715732605
28.325,6.50970813039697,-3.24129734586036,-0.22797769343095,0.227958339282352,0.277576146778782,1.10401544838172,7.41752743323279,1.10658235318893,7.41290346625867,-0.0231358058901563,0.204081998964564,0.198540177855696,0.238294008178005,43.6577437998838,43.6077437998838
28.425,6.57467970767615,-3.10734169395518,-0.227999885759026,0.227963814299426,0.276334839481485,1.12499436426546,7.43281036989287,1.12685684858985,7.43324424215701,-0.0232020863875793,0.202941157480701,0.19855400733059,0.238294008178005,43.8114091365536,43.7614091365536
28.525,6.63690830057258,-2.97208980953404,-0.228007863993161,0.227956935143947,0.275097427187252,1.14597328014919,7.46331324735053,1.14712665599169,7.45355762624051,-0.023245663069237,0.202180072373197,0.198576971968979,0.240308275584625,43.9650750113117,43.9150750113117
28.625,6.69637176220536,-2.83560073585768,-0.227997090838184,0.227933158802196,0.273858605799573,1.16695219603294,7.47853090122921,1.16762658456657,7.47387683349975,-0.0230649417535913,0.203465794498044,0.198585517380958,0.251547476959759,44.1187399139673,44.0687399139673
28.725,6.75303224999378,-2.69792653254556,-0.227981563247428,0.227906480428811,0.272627734343366,1.18793111191667,7.49420541729631,1.18807830476081,7.49425883650631,-0.0229952245659089,0.203968596177491,0.198592877799723,0.246830475692265,44.2724026174595,44.2224026174595
28.825,6.80685875833762,-2.55912227570888,-0.227969129741891,0.227884750979659,0.271409330448067,1.20891002780042,7.52539221007007,1.20844164524676,7.51471337049054,-0.0230864180641976,0.203789290791495,0.198609568570865,0.247377084571326,44.4260627150919,44.3760627150919
28.925,6.85783513134816,-2.41924859979198,-0.227953075209944,0.227861259302394,0.270196569461466,1.22988894368417,7.54089796920825,1.22906215145555,7.53522010023103,-0.0229726415958975,0.205557380207411,0.198615211678757,0.261780416620726,44.5797202301095,44.5297202301095
29.025,6.90591538992383,-2.27835544612494,-0.227959645898963,0.227862255930129,0.269431057888143,1.25086785956789,7.5567673751795,1.24970324639569,7.55583644211428,-0.0229478885390062,0.206185526355581,0.198621105554476,0.250993363214298,44.7333754383333,44.6833754383333
29.125,6.95107418030761,-2.13650027266804,-0.227994384267174,0.227893287842277,0.26824655600767,1.27184677545163,7.58712486357249,1.2702603208401,7.57651255550003,-0.0230669274803414,0.206012364712739,0.198636529424167,0.254303639060154,44.8870297540539,44.8370297540539
29.225,6.99333759007476,-1.99375528057488,-0.22801053579057,0.227907602308329,0.267057102381166,1.29282569133538,7.60237767175117,1.29056196084621,7.59705416059586,-0.0233068925700648,0.204915997910534,0.198645047211294,0.258806860870943,45.0406850419775,44.9906850419775
29.325,7.03267767841322,-1.85017624114849,-0.228019014617688,0.227916111984908,0.265873977931721,1.3138046072191,7.61724200141512,1.31098397994615,7.61755612903755,-0.0233868419118153,0.203730636755572,0.198521215247414,0.223900275831057,45.1943414515161,45.1443414515161
29.425,7.06909492116342,-1.70582571107058,-0.228002725456513,0.227901718980876,0.264685050083836,1.33478352310286,7.64760035579984,1.33132173919911,7.63795427526061,-0.0234472288819099,0.203725158500226,0.198548920891366,0.251962063749725,45.3480001484754,45.2980001484754
29.525,7.10256701847326,-1.56076196477552,-0.22796891077919,0.227871663403329,0.263498303076846,1.35576243898658,7.66308646930768,1.35165921326374,7.65829721493636,-0.0234526944930327,0.203335401194108,0.198562878409618,0.258836780860254,45.5016602425438,45.4516602425438
29.625,7.13306046248693,-1.41504212169008,-0.227937309975151,0.227845684728566,0.262331851161929,1.37674135487031,7.67820371967733,1.37216852247885,7.67866967750334,-0.0233158478448958,0.202836007375676,0.198574339486909,0.22611286042994,45.6553204826013,45.6053204826013
29.725,7.16056864241506,-1.26872912677634,-0.22790148032437,0.2278173414504,0.261180561880955,1.39772027075406,7.70899746244221,1.39269535088362,7.69902963767979,-0.0231489796165896,0.204010433896179,0.198595127735254,0.261019445469827,45.8089802270116,45.7589802270116
29.825,7.18506410023797,-1.12188256036979,-0.227877434765668,0.227802649960348,0.260057661304496,1.4186991866378,7.72467017557125,1.41319852116628,7.71943297310689,-0.0230491447610168,0.204225284165727,0.198603587895495,0.266024704825291,45.9626385189946,45.9126385189946
29.925,7.20652780357517,-0.974564218022362,-0.227873873566857,0.227810314960969,0.258969479099945,1.43967810252153,7.74000093709359,1.43380195524229,7.73991439599772,-0.0229271335758394,0.204015574540833,0.198609834911205,0.231743536000376,46.1162947080461,46.0662947080461
30.025,7.22496763593332,-0.826838949002935,-0.227873764305778,0.227823306979547,0.257899732814552,1.46065701840528,7.77127478495515,1.45436389417307,7.76040496214141,-0.0228557607887527,0.205366764690742,0.198624689186491,0.266650121040263,46.2699488532115,46.2199488532115
30.125,7.24035189943955,-0.678766889862445,-0.227901257649799,0.227865780676064,0.256868017452744,1.481635934289,7.78714691401226,1.4750208642406,7.78099905947705,-0.0227928880568626,0.206310215120953,0.198629543372819,0.27164996271106,46.4236008083784,46.3736008083784
30.225,7.25266619918642,-0.53041036667872,-0.227964373443885,0.227945755047984,0.255880659031976,1.50261485017273,7.80266119890862,1.49569347759414,7.8016911042288,-0.0228123194550758,0.206024205595882,0.198634216166712,0.237160169645435,46.5772515021031,46.5272515021031
30.325,7.26195098720397,-0.381834173277437,-0.22801750026616,0.228011169503522,0.254897937933995,1.51310430811463,7.83289226295684,1.51595242906188,7.8222813562293,-0.0231436199878337,0.204741686023345,0.198648919035913,0.246672352175505,46.7285109434763,46.6785109434763
30.425,7.26820586217978,-0.233099777644735,-0.228057208602189,0.228032774793408,0.253917600293659,1.53408322399836,7.84784093461672,1.53645493717453,7.84283032514147,-0.0231900807873506,0.205056583780035,0.198523123005423,0.24288975192457,46.8821625012099,46.8321625012099
30.525,7.27143977260537,-0.0842671569210893,-0.228071966777805,0.228031312315077,0.252930844493137,1.55506213988209,7.86327132058736,1.55671461573524,7.86329285813759,-0.0233929352227626,0.204046806027174,0.198538105907002,0.23849188303404,47.0358166479601,46.9858166479601
30.625,7.27164150023678,0.0646025621256971,-0.228071535074142,0.228016537645184,0.251948088745359,1.57604105576583,7.89391843707187,1.57700859559122,7.88372059383283,-0.0235266910620249,0.203291241893277,0.198564023441655,0.242063955568233,0.0657993465591993,47.1236737632423
30.725,7.26880079719404,0.213447107454107,-0.228065958978362,0.227998491083937,0.252869514242474,1.59701997164957,7.90908436114686,1.59761824001783,7.90414948962958,-0.0233459424321678,0.204293588054615,0.198576491753882,0.246831679974804,0.219457550359667,47.1236737632423
30.825,7.26290793857219,0.362203619021609,-0.228066062882083,0.227987993668364,0.256621782331934,1.61799888753331,7.92465517930705,1.6181437907795,7.92457649758536,-0.0232473996262756,0.204289937140575,0.19858856145299,0.246804445510515,0.373117207620812,47.1236737632423
30.925,7.2539449123149,0.510807445863756,-0.228092338481667,0.228005533737431,0.263279158998805,1.63897780341705,7.95544769060665,1.63868334655752,7.94504839809613,-0.0231797443590231,0.203878169428818,0.198608981729069,0.246804445510515,0.526777769843857,47.1236737632423
31.025,7.24192163752297,0.65919496677121,-0.228138683374117,0.22804500704485,0.27289627856596,1.6599567193008,7.97071423477916,1.65942254305633,7.96553568505933,-0.0229278348234168,0.204791251384175,0.198617155795096,0.247089888469094,0.68043900138909,47.1236737632423
31.125,7.22685578749729,0.807303983130298,-0.228192501553611,0.228093816388905,0.285518687795504,1.68093563518451,7.98643728774661,1.6798984790492,7.98599008987736,-0.0229063036485719,0.204400428741366,0.19862489106404,0.247089888469094,0.834100771001665,47.1236737632423
31.225,7.20873414177346,0.95506843030887,-0.228273682725472,0.228171850124563,0.301213267913615,1.70191455106826,8.0165950620957,1.70054799524952,8.00652456610758,-0.0227912636784753,0.205269159758388,0.198638898302246,0.260514010128555,0.987762150263357,47.1236737632423
31.325,7.18760348591623,1.10243139630097,-0.228342771121201,0.228239653172254,0.319979754605814,1.72289346695199,8.03180895739582,1.72079244077299,8.02698415401215,-0.0230064060595714,0.203901063988993,0.19864496987656,0.252300727220701,1.14142388806177,47.1236737632423
31.425,7.16349931496332,1.24933640162066,-0.228372680073989,0.228270138434761,0.341815485773878,1.74387238283574,8.04676153060415,1.74095785921637,8.04736345591019,-0.0232202895142359,0.20249406149185,0.198518758308859,0.221976575055849,1.29508584372388,47.1236737632423
31.525,7.13644409605666,1.39572690716332,-0.228350397913712,0.22825029383649,0.366718320525157,1.76485129871949,8.07747451963906,1.76117396236707,8.06768631673267,-0.0233270471860196,0.203478952699153,0.198543527678073,0.256883160095736,1.44874810836884,47.1236737632423
31.625,7.10641889015896,1.54153724762709,-0.228306488291069,0.228210683988706,0.39471640934762,1.78583021460322,8.09312287421718,1.78151260191111,8.08807622227249,-0.0233783131817979,0.204127007802537,0.198555141459701,0.261908711807514,1.60240965041821,47.1236737632423
31.725,7.0734191158606,1.68670357708727,-0.228258327912001,0.228168686662998,0.425817112493477,1.80680913048694,8.10840249115293,1.8019479044573,8.10854631899905,-0.0234131073621588,0.203744785038394,0.198566366945732,0.227002126767627,1.75607046715953,47.1236737632423
31.825,7.03746762253503,1.83116833993726,-0.22819637040318,0.228114755006592,0.459995701962707,1.82778804637069,8.13946441434104,1.8224294573123,8.12900442292365,-0.0233896584317623,0.204931569103475,0.198588737941983,0.261908711807514,1.90973117874621,47.1236737632423
31.925,6.99854884543775,1.97486319888603,-0.228152188316071,0.228080461641063,0.497261240502748,1.84876696225443,8.15516455115993,1.84302539433389,8.1495223761211,-0.0233116746076263,0.205360376782799,0.198599988804117,0.266113326356748,2.06339183241349,47.1236737632423
32.025,6.95666259889628,2.11772223517814,-0.228143154582165,0.228083177889054,0.537605624981018,1.86974587813816,8.17044836764701,1.86372721068542,8.17010230364751,-0.0231897857825079,0.204818598280741,0.198610261513619,0.231206741316861,2.21705296388532,47.1236737632423
32.125,6.91183882541305,2.25968813095651,-0.228156602506284,0.228110233469184,0.580989718090911,1.8907247940219,8.2014374025198,1.88443525297407,8.19065319704991,-0.0230326368962528,0.205825703588978,0.198629232601811,0.266113326356748,2.37071531567297,47.1236737632423
32.225,6.86408347108751,2.40069539815061,-0.228206528458176,0.228175622897656,0.627397541489536,1.91170370990564,8.21714091428897,1.90509043877131,8.21121644104205,-0.0229406950911528,0.2056312878572,0.198638068227323,0.268993744723232,2.52437895226428,47.1236737632423
32.325,6.81341080919404,2.54068029609621,-0.228299839665167,0.228286251878928,0.676805041978263,1.93268262578939,8.23247748638873,1.92585870205119,8.23182554625519,-0.0227815370244135,0.205233577903731,0.198644783400321,0.235921183436244,2.67804386185573,47.1236737632423
32.425,6.7598860285049,2.67960040813564,-0.228389623635181,0.228378130922,0.72913804960761,1.94317208373125,8.26240422160149,1.94609769631961,8.25230433149349,-0.023021327994293,0.203334568738055,0.198534164612763,0.24021709436332,2.82931576110751,47.1236737632423
32.525,6.70355073779993,2.81740526162427,-0.228455122707,0.228426119584257,0.784346535218387,1.96415099961499,8.27729681694005,1.96652904239235,8.2727074141885,-0.0229930646165561,0.203647781877068,0.198546072061059,0.24021709436332,2.98298466744991,47.1236737632423
32.625,6.64444248852933,2.95404393202587,-0.228480795891914,0.228436141926938,0.8423854670352,1.98512991549873,8.29273986539459,1.98668869004344,8.29303807151074,-0.0231640742877097,0.203011221224525,0.198557864500982,0.24021709436332,3.13665496778748,47.1236737632423
32.725,6.58257091363273,3.08945326103918,-0.228482875963969,0.228424423879527,0.9032386563291,2.00610883138246,8.32355098896045,2.00695847327534,8.31341098742976,-0.0232672069748281,0.203224900102363,0.198579448143531,0.247805246743919,3.29032520822498,47.1236737632423
32.825,6.51794872200289,3.22357102838506,-0.228475695034595,0.228405296162765,0.96688786117257,2.02708774726621,8.33885128880088,2.02751518244266,8.33386959161191,-0.0231691019896676,0.204657556368204,0.198588546187629,0.246635880997606,3.44399483192918,47.1236737632423
32.925,6.45060686248805,3.35634434885138,-0.228454340207677,0.228373848343617,1.0332975062687,2.04806666314994,8.35460839570663,2.04787628492518,8.35433711823914,-0.0232755261343689,0.204613606048746,0.198598969694746,0.246635880997606,3.59766444501918,47.1236737632423
33.025,6.38055322201061,3.48770755800484,-0.228441471797527,0.228352740905287,1.10245577726666,2.06904557903368,8.38577486211201,2.06834920557869,8.37486866696032,-0.0233341542020478,0.204678605469519,0.198618688032041,0.250359080144073,3.75133408410383,47.1236737632423
33.125,6.30780560350606,3.6175990339009,-0.228450350736565,0.228355235568533,1.17434156904175,2.09002449491741,8.40113829685283,2.08913395750785,8.39546339590376,-0.0231441312163216,0.205976946260945,0.198627967005796,0.250359080144073,3.90500432633282,47.1236737632423
33.225,6.23239467091836,3.745964159532,-0.228480845202304,0.22838120065631,1.24892137743495,2.11100341080115,8.41688001394043,2.10973720578554,8.41604857754223,-0.0231260645771041,0.205741820624359,0.198638253083417,0.250359080144073,4.05867630637843,47.1236737632423
33.325,6.15433599781783,3.87273789127226,-0.228552389755372,0.228450068262351,1.32617717734086,2.13198232668488,8.44689887931784,2.13040355490266,8.43666978714651,-0.0230809250642716,0.205419972683796,0.198655863339923,0.25234156618756,4.21235040536623,47.1236737632423
33.425,6.07370723083541,3.99789498116423,-0.228611975260812,0.22850882602237,1.40602906967829,2.15296124256864,8.46199899280094,2.15071597237266,8.45712000727953,-0.0232187277272873,0.203901103334256,0.19866570544899,0.256850820532182,4.36602780287607,47.1236737632423
33.525,5.99053928845982,4.12138074141071,-0.228663109011403,0.2285609767953,1.48844419903103,2.17394015845236,8.47675138185364,2.17112662604789,8.47751316749406,-0.0232012342665868,0.202655432439957,0.19854156462989,0.221944235492295,4.51970754938197,47.1236737632423
33.625,5.90488639708319,4.24315811722125,-0.228681400860044,0.22858212681347,1.57336658185717,2.19491907433611,8.5070646472717,2.1913942607879,8.49780578952025,-0.0232262215527665,0.202755157846442,0.198567549235505,0.251093320072642,4.67338973711552,47.1236737632423
33.725,5.81678263400226,4.36317508559719,-0.228668826218529,0.228574250458037,1.66076067206824,2.21589799021984,8.52262002442552,2.21163550624582,8.5180708244953,-0.0232500110698926,0.202706334689647,0.198579412872488,0.259297828624192,4.82707262423517,47.1236737632423
33.825,5.72625206016499,4.48137157495806,-0.228641540304461,0.22855350523527,1.75060120443969,2.23687690610359,8.53786343407306,2.2320405449329,8.53840625031999,-0.0231803982075025,0.202743229197051,0.198588876549259,0.229643336728418,4.980754554761,47.1236737632423
33.925,5.63333276472588,4.59769858929254,-0.228599147611463,0.228519498497478,1.84284906472853,2.25785582198733,8.56896377958918,2.25250881144447,8.55879455914351,-0.0231004405194497,0.204506521929264,0.198608141035571,0.264549921768304,5.13443495002461,47.1236737632423
34.025,5.53805287244099,4.71209914087794,-0.228555306446011,0.228485891306837,1.937475334653,2.27883473787108,8.58479800734791,2.27290591244252,8.57925385120823,-0.023162631586116,0.204717618049099,0.198616928471345,0.26618939516348,5.28811366172931,47.1236737632423
34.125,5.44044325019003,4.82451751194713,-0.228522022200522,0.22846469103428,2.03444852395258,2.2998136537548,8.60027220910052,2.29351143687728,8.5998076571342,-0.0231109130773275,0.20506823403863,0.198624797084319,0.238614430062859,5.44179086150364,47.1236737632423
34.225,5.34053697564946,4.93489964661215,-0.228509801257252,0.228466402649149,2.13373506786128,2.32079256963853,8.63157999532153,2.3142258217205,8.62043453735508,-0.0230234084549963,0.206816660625666,0.198642109225213,0.270905048808625,5.59546749190478,47.1236737632423
34.325,5.23837016728259,5.0431938409049,-0.228526550525173,0.228498927528215,2.23529846188357,2.34177148552227,8.64638913295807,2.33474721697601,8.64108985390264,-0.023157329747038,0.205420250686261,0.1986514340324,0.239416684366851,5.74914500040454,47.1236737632423
34.425,5.13402810370138,5.14939684863288,-0.228512361675511,0.228502349287835,2.33905289968525,2.36275040140601,8.66160874429253,2.35501153720217,8.66155959139107,-0.0233627470093101,0.204078006217685,0.198662070735843,0.239416684366851,5.90282460668496,47.1236737632423
34.525,5.0275403831601,5.25345195957546,-0.228485728826984,0.228470757651955,2.44496855431418,2.37323985934788,8.69177467219319,2.37530174157016,8.68197628902219,-0.0234892402724398,0.202991060583766,0.198553687475636,0.239416684366851,6.05410957258355,47.1236737632423
34.625,4.91895350958749,5.35531877871268,-0.228442886759686,0.228410824525174,2.5529986628208,2.39421877523163,8.70676421248556,2.39580463371599,8.70234989698584,-0.0233599560902613,0.203406868039477,0.198568768086247,0.238409118546285,6.20779369916164,47.1236737632423
34.725,4.80831871678713,5.45496148134557,-0.228374759026064,0.228327450777444,2.66309174708062,2.41519769111535,8.72225147665729,2.41607796193213,8.72264828080508,-0.0233850116933656,0.20268950058201,0.198583450533971,0.238409118546285,6.36147930594282,47.1236737632423
34.825,4.69566729160195,5.5523203095667,-0.228304727682319,0.228244010459825,2.77521643277477,2.4361766069991,8.75300103848389,2.43652863052283,8.74298902368376,-0.023275085981342,0.203117175339567,0.198606665148348,0.249845856119268,6.51516463529255,47.1236737632423
34.925,4.58103854473839,5.64734345057916,-0.228246277741647,0.228173986282767,2.88933332239984,2.45715552288283,8.76824985870243,2.45717374618167,8.76340489826137,-0.0230458449001096,0.204118990379237,0.198616452168411,0.245105712693561,6.66884875164989,47.1236737632423
35.025,4.46449318166854,5.74000603693296,-0.228179823923605,0.228097794595667,3.00538152863761,2.47813443876658,8.78398890518732,2.4775555889955,8.7838004503706,-0.023059554195517,0.203857912154878,0.19862614631273,0.245105712693561,6.82253164047874,47.1236737632423
35.125,4.3460661489759,5.8302497406318,-0.228129332186155,0.22803940125548,3.12332613483717,2.49911335465031,8.81521959605423,2.49815146973759,8.80429374584434,-0.0229569689271631,0.204977798228126,0.198643337975346,0.260035577582551,6.97621226786324,47.1236737632423
35.225,4.2257997396256,5.91802515049061,-0.228108559579621,0.228012566990345,3.24312487419219,2.52009227053405,8.83068697039761,2.5188863252497,8.82489868790009,-0.0228270554707981,0.206048731602253,0.198650104053332,0.25379103450998,7.12989087999663,47.1236737632423
35.325,4.10375461686909,6.00330929440365,-0.228100355495295,0.228000145243783,3.36471700977114,2.54107118641778,8.84659537497943,2.53944127251039,8.84551336229638,-0.0228867826064043,0.206166837152355,0.198657852765498,0.25379103450998,7.28356870983034,47.1236737632423
35.425,3.97996894351709,6.08604614249286,-0.228128821279028,0.228026238738303,3.48806450373732,2.56205010230153,8.87701001982474,2.56011538162642,8.86621834761442,-0.022917658808411,0.20661432513371,0.198673496513513,0.26003135376755,7.4372463231054,47.1236737632423
35.525,3.85452029815287,6.16624173771401,-0.228145773133318,0.228042663759354,3.61308960111668,2.58302901818527,8.89229929598851,2.58040400269549,8.88679795959987,-0.0232086497247916,0.20515960562315,0.198683088091926,0.26003135376755,7.59092583078013,47.1236737632423
35.625,3.72745933824566,6.24386124382875,-0.228153167835462,0.228051374047217,3.73974169193673,2.60400793406901,8.90721733447419,2.60082987986312,8.90732881941435,-0.0233136323716465,0.204021116253971,0.198560287390488,0.225124768727664,7.74460754486883,47.1236737632423
35.725,3.59884352110461,6.3188830944351,-0.2281392855381,0.228040645109136,3.86796330529671,2.62498684995275,8.93766837052276,2.62122536017221,8.92777507324642,-0.0233644058946254,0.20441700614678,0.198588773409013,0.256509640734287,7.89829264003536,47.1236737632423
35.825,3.46872244938073,6.39126964814014,-0.228111445705784,0.228017792070176,3.99770491575411,2.64596576583648,8.9531953846262,2.64154703660223,8.9481705212749,-0.0234381774930812,0.203693860225152,0.198604464175793,0.258271779771928,8.05198062968933,47.1236737632423
35.925,3.33714404070652,6.46097750788546,-0.228084110371958,0.227997274582501,4.12891872062581,2.66694468172021,8.96836042140389,2.6620934694195,8.96858298656773,-0.0233042099686394,0.203491157887122,0.198617889008945,0.231832057710934,8.20567057224427,47.1236737632423
36.025,3.20415935757923,6.527967850245,-0.228067557891167,0.227989369355414,4.26155375820399,2.68792359760396,8.99913675163859,2.68272107138885,8.98902052648716,-0.0231141479187205,0.204764397885616,0.1986404525438,0.262893080012762,8.35936198102409,47.1236737632423
36.125,3.06982413378237,6.59221032426685,-0.228063726095844,0.22799601283472,4.39555436344855,2.70890251348769,9.01480365273543,2.70318608524427,9.00946048820706,-0.0230890957832042,0.204273126012738,0.198651736674804,0.262893080012762,8.51305460647107,47.1236737632423
36.225,2.93419454572683,6.65367383662393,-0.228076378540072,0.228020969462731,4.53086444749544,2.72988142937143,9.03013902237968,2.72383187968404,9.02994300341323,-0.0229258165495994,0.204382939129681,0.198660536818551,0.238407985741686,8.6667477214484,47.1236737632423
36.325,2.79732564199676,6.71232493326315,-0.228113260158767,0.228071984450847,4.66742907757566,2.75086034525516,9.06128350202671,2.74453507670496,9.05048742410017,-0.0227670402156157,0.205930785674112,0.198677142776044,0.268702167730448,8.8204411211643,47.1236737632423
36.425,2.65927812028067,6.768144620879,-0.228167924784236,0.228142609164635,4.80518760827178,2.77183926113891,9.0761139551862,2.76496974032753,9.07104770969396,-0.0228926621868446,0.204705564462577,0.198684812733227,0.244634876792383,8.97413527007912,47.1236737632423
36.525,2.52012866547144,6.82115863099946,-0.228187738961535,0.2281802072521,4.94406317563582,2.79281817702265,9.0913882373704,2.78522242220155,9.09148555064755,-0.0230778212664209,0.203948765279183,0.198692717568286,0.24119928732234,9.12783041154726,47.1236737632423
36.625,2.37993030507088,6.87133575897891,-0.228182938933555,0.228165664147495,5.0840028817999,2.80330763496451,9.1218102830858,2.80541012012576,9.11190671210611,-0.0233112848007586,0.203120925465204,0.198582169565304,0.24119928732234,9.27913298987803,47.1236737632423
36.725,2.23874233123297,6.91866246023802,-0.22814621541651,0.228112145628616,5.22494746975435,2.82428655084825,9.13697523425899,2.82581582882556,9.132316124743,-0.023314988737849,0.203884595969688,0.198596009967249,0.241358588626866,9.43283061972695,47.1236737632423
36.825,2.09662310122504,6.96312230856801,-0.228074483833869,0.228025449551566,5.36683862954229,2.845265466732,9.15262741004766,2.84604833486434,9.15268886492793,-0.0234552228839986,0.203545587912528,0.198610648859065,0.241358588626866,9.58652954379108,47.1236737632423
36.925,1.95362227900382,7.00466635968872,-0.22799953110735,0.227937358249551,5.50962691615137,2.86624438261572,9.18358501112939,2.866512240388,9.17313183020215,-0.0234342826345628,0.20417118929856,0.1986351981598,0.252203848197908,9.74022887631688,47.1236737632423
37.025,1.80979459617213,7.04325826974981,-0.227940901317363,0.227867415504515,5.65325774608178,2.88722329849946,9.19885509017212,2.8872022599047,9.19364883572372,-0.0232612686394376,0.205028037565719,0.198647642681167,0.245319328921194,9.89392871686019,47.1236737632423
37.125,1.66520369031472,7.07889483417662,-0.227885080420537,0.227802108209674,5.79766745114425,2.9082022143832,9.21455255430827,2.90767980210093,9.21412424550561,-0.0232591362250893,0.204566383520185,0.198660712924372,0.245319328921194,10.0476298575544,47.1236737632423
37.225,1.5199051851794,7.1115344498341,-0.227859049556831,0.227768414520659,5.9428005880426,2.92918113026694,9.24554369374168,2.92834672708913,9.23465446189794,-0.0231224276292252,0.20499970082099,0.198681432907177,0.255770405582479,10.2013317496012,47.1236737632423
37.325,1.37395947476464,7.14115168606411,-0.227874310652231,0.227777835351083,6.08859686620012,2.95016004615069,9.26084441322665,2.94918516657887,9.255244126656,-0.0228736528975428,0.205752522053047,0.198690963454896,0.249548087017558,10.3550345587584,47.1236737632423
37.425,1.22743323397331,7.167754666387,-0.22790956454921,0.227809070656179,6.23498954622915,2.97113896203442,9.27658705970138,2.96975778305661,9.27579019483698,-0.0228471046007899,0.205293139339639,0.198700471511849,0.249548087017558,10.508738974547,47.1236737632423
37.525,1.08038675102696,7.1913128418907,-0.227984053803468,0.227881360400793,6.38191849602048,2.99211787791816,9.30674528331884,2.99047496368249,9.29639987548601,-0.0227396046239381,0.205863493635587,0.198716108090959,0.260694419277867,10.6624445126095,47.1236737632423
37.625,0.932888894723439,7.21186059527112,-0.228052878662924,0.227949803023288,6.52931466194074,3.0130967938019,9.32195463841793,3.01077343406308,9.31690540343414,-0.0229466621914725,0.204375920489438,0.198724229210953,0.255649916920865,10.8161521714408,47.1236737632423
37.725,0.785003690289591,7.22941070062322,-0.228094481358151,0.227992837762223,6.67711395384037,3.03407570968563,9.33688213266052,3.0310193280628,9.33733230833316,-0.023127673090773,0.202832214249918,0.198599627976821,0.22091318001504,10.9698617348065,47.1236737632423
37.825,0.636793238140107,7.24397949401826,-0.228085222041038,0.227986821623408,6.82525418538937,3.05505462556938,9.36757714567849,3.05123051619487,9.35766890087746,-0.0232530775029991,0.203486654796737,0.198625783081207,0.255819765054927,11.123573459351,47.1236737632423
37.925,0.488315478237894,7.2555245170257,-0.228061604809366,0.227968257698621,6.97367764673233,3.07603354145311,9.38320542675937,3.07166071265656,9.37808573326783,-0.0232397134316891,0.20441955662057,0.198638393966915,0.259546171363358,11.2772859728333,47.1236737632423
38.025,0.339631224770817,7.2640309266257,-0.228033644755087,0.227947159647352,7.12232359562735,3.09701245733686,9.39849121799832,3.09207111594054,9.39856606982073,-0.0233096467005982,0.203882129342853,0.198650959618357,0.22895712602202,11.4309993829629,47.1236737632423
38.125,0.190802354748368,7.26950237421995,-0.227994065777513,0.227916248972739,7.27113011577133,3.11799137322058,9.42958501397543,3.11258531944317,9.41904652988622,-0.0232759032634657,0.205241073976748,0.198673916991818,0.263863711061906,11.5847140688999,47.1236737632423
38.225,0.0418903466683857,7.27190818122704,-0.227971163606353,0.227903819143891,7.42003586982439,3.13897028910433,9.44531698899766,3.13316185174914,9.43958585995442,-0.02323870102569,0.205584270742143,0.198686288745565,0.268181314710719,11.7384301666037,47.1236737632423
38.325,-0.107041475541999,7.2712284508047,-0.227983700425454,0.227928628501335,7.56897761229122,-3.12323610219152,9.46063324786137,-3.12929304148898,9.46019849106487,-0.0231209181946816,0.205240768414057,0.198697616024946,0.233274729670833,11.8921482037605,47.1236737632423
38.425,-0.255929740811886,7.26747332492289,-0.228021688653236,0.227980682804865,7.71789188938913,-3.10225718630779,9.49166447196765,-3.10856088259777,9.48079443142669,-0.0229846996652867,0.206291576288894,0.198717707876084,0.26737648417972,12.0458691169724,47.1236737632423
38.525,-0.404710554052371,7.26063975680157,-0.228089638161853,0.228064485849496,7.86671480288674,-3.08127827042405,9.50636619808875,-3.08803045622762,9.50136991343284,-0.0230297553012839,0.204689860506297,0.198728413814997,0.241078813039068,12.1995933415532,47.1236737632423
38.625,-0.55332410642477,7.2507851892023,-0.228132741399477,0.228125224468427,8.01538622361184,-3.0602993545403,9.52149014939641,-3.06771537267373,9.52177364526261,-0.0231184035771665,0.203508198052042,0.198738649281165,0.2389839414544,12.3533209185926,47.1236737632423
38.725,-0.701707916578799,7.2379045145935,-0.228160084094098,0.228142961203773,8.16384370158866,-3.04980989659844,9.55161143848917,-3.04747235931768,9.54212895381822,-0.023230698776727,0.202419264148179,0.198629024218282,0.2389839414544,12.5046578156763,47.1236737632423
38.825,-0.849802059252757,7.22201905188877,-0.228155479814309,0.228121697237095,8.31202721036605,-3.0288309807147,9.56667918361574,-3.02709226329385,9.56244089887245,-0.0231625478071287,0.202916335720506,0.198642644987445,0.240884105686049,12.6583899513684,47.1236737632423
38.925,-0.997546116571877,7.20314253826343,-0.228111615183596,0.228062967720951,8.45987627724534,-3.00785206483096,9.58227922947399,-3.0068854295343,9.58271961682227,-0.0232344319973983,0.202722213312476,0.198655636859912,0.240884105686049,12.8121230876091,47.1236737632423
39.025,-1.14487503059611,7.18125768787398,-0.228053849530271,0.227992125348953,8.60732596052029,-2.98687314894723,9.61330261201033,-2.98651284579154,9.60308543119785,-0.0232276626302248,0.203479871806831,0.198677939222924,0.251655791472673,12.9658555988537,47.1236737632423
39.125,-1.29172464040587,7.15635784405626,-0.227998202776819,0.227925189847841,8.75431215375873,-2.96589423306347,9.62867997285672,-2.96590501277217,9.62356181477973,-0.0230962131927264,0.204830320235121,0.198687921409661,0.247071369888587,13.119587062985,47.1236737632423
39.225,-1.43803654466424,7.12846637300417,-0.227931385441894,0.227848874992133,8.90077633558401,-2.94491531717975,9.64451696093935,-2.94552232521887,9.6440412165786,-0.0231929274382914,0.204739082800251,0.198699110962139,0.247071369888587,13.273318232775,47.1236737632423
39.325,-1.58374357031852,7.09756630226228,-0.227882625291704,0.227792408710412,9.04665142512563,-2.923936401296,9.67580825387207,-2.92490594479691,9.66461779615391,-0.0231531265916427,0.205664941477897,0.198718909865077,0.259247246743201,13.4270489410377,47.1236737632423
39.425,-1.72878015188221,7.06365329402889,-0.227869729454301,0.22777360000389,9.1918718701928,-2.90295748541228,9.6912279107253,-2.90409695741423,9.68528572689069,-0.0230120699457519,0.206572789469636,0.198728896751044,0.251747213943553,13.5807801000168,47.1236737632423
39.525,-1.87308845094237,7.02675545095871,-0.227878403613455,0.227778155207315,9.33637965972654,-2.88197856952853,9.70704473371724,-2.8834790223242,9.70592608598704,-0.0230344939520641,0.206280647991534,0.198740076241048,0.251747213943553,13.7345133094503,47.1236737632423
39.625,-2.01660009488658,6.98686431250918,-0.227933659260877,0.227831082911722,9.48010644758738,-2.8609996536448,9.73718918669066,-2.86272754241451,9.72661743570749,-0.0229743637628257,0.20639158194307,0.198758505972601,0.257964755060827,13.8882490282462,47.1236737632423
39.725,-2.15926808458786,6.94404352347257,-0.227986584376984,0.227883467202325,9.62300486892386,-2.84002073776106,9.75233132596,-2.84237734110985,9.74715109179987,-0.0231578185505459,0.204648959627301,0.198769835573747,0.257964755060827,14.0419888650791,47.1236737632423
39.825,-2.30103318629914,6.8983138167408,-0.228034155836059,0.227932279132242,9.76501556708234,-2.81904182187731,9.76712218130074,-2.82193271811084,9.7676109095652,-0.0231730133168675,0.203286121302436,0.198647507765925,0.223058170020941,14.1957323835957,47.1236737632423
39.925,-2.4418435379436,6.84971373475968,-0.228055410555418,0.227956549833183,9.90608647171625,-2.79806290599358,9.79745656680076,-2.80159437602343,9.78796605899868,-0.0231898206629317,0.203453034592369,0.198675391966504,0.253553168867579,14.3494798986634,47.1236737632423
40.025,-2.5816392903716,6.79826106316053,-0.228052880522651,0.227958807640195,10.0461576499918,-2.77708399010984,9.81299905625274,-2.78131737018695,9.80828140673356,-0.0232281625613311,0.203102029976033,0.19868948555683,0.259040188050453,14.5032299645973,47.1236737632423
40.125,-2.72035675138377,6.74396508906029,-0.228039743146063,0.227952229349427,10.1851653819747,-2.7561050742261,9.82822369633395,-2.76085973520962,9.82864676134322,-0.023135882193662,0.203111753433282,0.198701073939532,0.231614696767979,14.6569810460696,47.1236737632423
40.225,-2.85793548902113,6.68684343220544,-0.228021565884876,0.227942382615393,10.3230491673995,-2.73512615834238,9.85923878077799,-2.74031331960871,9.84906924917303,-0.0230119544225609,0.204876622288933,0.198722031458708,0.265779424707011,14.8107324752863,47.1236737632423
40.325,-2.99431426962164,6.62691182983685,-0.228007264463795,0.227938182942615,10.4597477142801,-2.71414724245863,9.8750365589841,-2.71989156700581,9.86954743396221,-0.0230683866088501,0.204834288686425,0.198732471109187,0.265779424707011,14.9644841615801,47.1236737632423
40.425,-3.12943303682085,6.56419011391628,-0.228002820161304,0.227945611275259,10.5952008802412,-2.69316832657489,9.89048957611723,-2.69929381181971,9.89009891098664,-0.0230221084471811,0.204963964726934,0.198741708815734,0.237207769893846,15.1182361062195,47.1236737632423
40.525,-3.26323162229142,6.49869779231438,-0.228015840463175,0.227972272367028,10.7293484043319,-2.67218941069115,9.92180005422324,-2.67858006798759,9.91071357988054,-0.0229230335089561,0.206816664644367,0.198759914932112,0.272114354933733,15.2719889182628,47.1236737632423
40.625,-3.39564833744551,6.43045185540597,-0.228058120674335,0.228029955250151,10.8621285099826,-2.65121049480741,9.93661766010586,-2.65805510147774,9.93137216180693,-0.0230566489255022,0.205447560592294,0.198769913520366,0.237862668920571,15.4257437488918,47.1236737632423
40.725,-3.52666062666843,6.35954108881319,-0.22806091637199,0.228049905857775,10.993518141667,-2.63023157892368,9.9518694084333,-2.63786208157072,9.95183111422898,-0.0233225814405245,0.203903994897209,0.19878145034959,0.237862668920571,15.5795017927816,47.1236737632423
40.825,-3.65620640194879,6.28597887676421,-0.228041825424377,0.228028235907853,11.1234551265199,-2.6197421209818,9.98212972501703,-2.61759671694604,9.9722374186694,-0.0234635212562679,0.203069576558975,0.198673698244783,0.241035095250689,15.730870721289,47.1236737632423
40.925,-3.78422843357582,6.20978898663178,-0.228008244230674,0.227977780899248,11.2518820919133,-2.59876320509807,9.99714129919535,-2.59705371507635,9.99263738078851,-0.0233204815056869,0.203858677630458,0.198689561383369,0.241035095250689,15.8846348381992,47.1236737632423
41.025,-3.91067567342545,6.13100675648234,-0.227955715842088,0.22791014827649,11.3787477871928,-2.57778428921434,10.0126346587542,-2.57672014466572,10.0129904611184,-0.0233399914249706,0.203356374887377,0.198705335806247,0.241035095250689,16.0384014728242,47.1236737632423
41.125,-4.03548648902899,6.04965230005322,-0.227899605019551,0.227840695118831,11.5039904696851,-2.55680537333058,10.0434059528729,-2.5563512928627,10.0333611730878,-0.0233418515913488,0.202899615756138,0.198730379794854,0.242801301773378,16.192169440867,47.1236737632423
41.225,-4.15860775077526,5.96575979620592,-0.227840185279553,0.227769690376866,11.6275568327699,-2.53582645744685,10.0586809201774,-2.5357261213943,10.0537555489391,-0.0231110559742227,0.204229275015128,0.198742063823767,0.252184056281144,16.3459378845139,47.1236737632423
41.325,-4.27997959044503,5.87935392051,-0.227790719647686,0.227710394717404,11.7493868952839,-2.51484754156311,10.0743761570869,-2.51516228483282,10.0742016421304,-0.022993312604088,0.204616160539927,0.198752826491343,0.248601584259563,16.4997061397404,47.1236737632423
41.425,-4.39954456270596,5.79046373136279,-0.227760827402366,0.227672427209799,11.8694230838774,-2.49386862567938,10.1055226577642,-2.49467538636012,10.0947108609121,-0.0230156329130757,0.204316630683239,0.198772131538835,0.248601584259563,16.6534739965371,47.1236737632423
41.525,-4.51725728749442,5.69913447230878,-0.227741263205793,0.22764654312585,11.9876198043153,-2.47288970979564,10.1209940747855,-2.47395947069913,10.1152572159436,-0.0228460722835209,0.205855691492338,0.198780515063554,0.260474864168268,16.8072415374461,47.1236737632423
41.625,-4.63305689023405,5.60539125262885,-0.227749506294956,0.227650222356513,12.1039160791038,-2.4519107939119,10.1368479276972,-2.45327642215221,10.1358849157391,-0.0227907235321023,0.206370482072294,0.198788785162819,0.253250691529177,16.9610089802942,47.1236737632423
41.725,-4.74689050925722,5.50926956818603,-0.227791210243138,0.227689119129518,12.2182588795919,-2.43093187802816,10.1672166955045,-2.43268931740259,10.1565734671599,-0.0228921702033151,0.206092009038551,0.198805528529439,0.254273736321174,17.1147773597898,47.1236737632423
41.825,-4.85874473982762,5.41084875726746,-0.227814309244749,0.227711166328103,12.3306343731918,-2.40995296214442,10.1825071451765,-2.41236684150566,10.1771305486757,-0.0231267758221705,0.20514768553961,0.198815445371032,0.259897991776194,17.2685483070026,47.1236737632423
41.925,-4.96856791612919,5.3101633078069,-0.227826907122807,0.227724463996909,12.4409907088078,-2.38897404626067,10.197430839168,-2.39196315133763,10.1976562796771,-0.0232488166555296,0.204000930113316,0.198692975533936,0.224991406736307,17.4223218704663,47.1236737632423
42.025,-5.0763275298923,5.2072667967013,-0.227811286636581,0.227711289968902,12.5492950755494,-2.36799513037695,10.2279450038031,-2.371611063348,10.2180956923831,-0.0233361413719564,0.204343594297509,0.198721891017676,0.255615119473475,17.5760992038572,47.1236737632423
42.125,-5.18197269380365,5.10219524004033,-0.22777631897802,0.227680510745527,12.6554963782488,-2.34701621449321,10.2435095809966,-2.35129147108445,10.2384952851975,-0.023416141922814,0.203880720835137,0.198738028538624,0.259549115320065,17.7298796872505,47.1236737632423
42.225,-5.28544593330827,4.99497991170423,-0.227740170190996,0.227650289392929,12.7595369607348,-2.32603729860947,10.2587023182849,-2.33075855730291,10.2589268291365,-0.0233147720802656,0.203622634307725,0.198752192469387,0.230167206643898,17.883662445628,47.1236737632423
42.325,-5.38669831060799,4.88566116570281,-0.227709871329148,0.22762765435814,12.8613676584779,-2.30505838272574,10.2895318819253,-2.31012579202481,10.2793790401464,-0.0231342178120588,0.205077107513846,0.198775744883201,0.2646901011792,18.0374471717382,47.1236737632423
42.425,-5.48567772576755,4.77427732734643,-0.227697468518208,0.227624649477571,12.9609361669047,-2.28407946684199,10.3051935702283,-2.28960298513606,10.2998565849429,-0.0230889557197855,0.204766059305476,0.198788130028607,0.2646901011792,18.1912336768703,47.1236737632423
42.525,-5.5823395364756,4.6608745194907,-0.227705589916189,0.227643901586063,13.0581976079429,-2.26310055095826,10.3205038285559,-2.26896907159306,10.3203715712469,-0.0229700284807546,0.204300665812416,0.198798458302507,0.231353941744482,18.3450216046721,47.1236737632423
42.625,-5.67665181060461,4.54550893175919,-0.227722005620026,0.227673178895753,13.1531197693917,-2.24212163507451,10.351668249413,-2.24834944591672,10.3408776377679,-0.0228564693254043,0.205515691356685,0.198816851164632,0.266260526784368,18.4988109075626,47.1236737632423
42.725,-5.76855670120995,4.42821612520481,-0.227768948486428,0.227734713756905,13.2456446502565,-2.22114271919078,10.3674745259099,-2.22766862137253,10.3614628736389,-0.0227608806522568,0.206187816089416,0.198825212544739,0.271120305512113,18.6526013023727,47.1236737632423
42.825,-5.85800933595926,4.30904250230778,-0.227853090944821,0.227835174796586,13.3357271665093,-2.20016380330705,10.3829250090712,-2.20696567981441,10.3821320442162,-0.0227271096714858,0.205811474980238,0.198832715246969,0.236213720472227,18.8063933072634,47.1236737632423
42.925,-5.94501196654904,4.1880671043299,-0.227925099891945,0.227918763024805,13.4233691635181,-2.18967434536517,10.4130781498327,-2.1867179144943,10.4026879316085,-0.0230352317436235,0.204391400711031,0.198849424580835,0.245280521370589,18.9577974138728,47.1236737632423
43.025,-6.02953371452859,4.06534392395874,-0.22797840798687,0.227954646819837,13.5085394908476,-2.16869542948142,10.4280227109547,-2.16622804622429,10.4232031489428,-0.0230605808079662,0.204824832372949,0.19872515044847,0.242988000962489,19.1115943546775,47.1236737632423
43.125,-6.11155124776453,3.94092948436887,-0.228000009982118,0.22796056836989,13.5912145172014,-2.1477165135977,10.4434730712904,-2.14600376166909,10.4436434465286,-0.0232765938384762,0.203902063035432,0.198741482463622,0.238438201255057,19.2653953469115,47.1236737632423
43.225,-6.19102447713568,3.81487077618367,-0.227997310542758,0.227943924761818,13.6713538992854,-2.12673759771396,10.474227252702,-2.12574641814243,10.4640633550338,-0.0234391588170944,0.203356104745588,0.198768519737058,0.243132919733344,19.4191998712632,47.1236737632423
43.325,-6.2679101842716,3.68721390501549,-0.227982091645044,0.227916490832467,13.7489141605323,-2.10575868183022,10.4894614922145,-2.1051652649945,10.484506793766,-0.0233014444013282,0.204542068213848,0.198782508014729,0.247423275764094,19.5730072510215,47.1236737632423
43.425,-6.34216690283184,3.55800653745529,-0.227965102947445,0.227889011807179,13.8238535635463,-2.08477976594648,10.5051036503342,-2.084667111176,10.504961274336,-0.0232577711528457,0.204644173651717,0.198796587277332,0.247423275764094,19.7268173564344,47.1236737632423
43.525,-6.41374304585023,3.42729220373424,-0.227969217063938,0.227884355663171,13.8961202767857,-2.06380085006275,10.5360047161898,-2.06413157096782,10.5254696051203,-0.0232305617289779,0.204316258140599,0.198819381881362,0.247423275764094,19.8806298700693,47.1236737632423
43.625,-6.48260958504059,3.29512775422697,-0.227992440272289,0.227900525183537,13.965684957664,-2.04282193417901,10.5512905101867,-2.04336655553899,10.5459988452797,-0.0229947864595434,0.20527192786811,0.198830566658602,0.247595678109783,20.034444845249,47.1236737632423
43.725,-6.54874455797767,3.16157322170441,-0.228026366807937,0.227929111176596,14.0325253240845,-2.02184301829527,10.5670053898408,-2.0228376645489,10.5664951948536,-0.0229622450433471,0.204867514900991,0.198841644629703,0.247595678109783,20.1882624426896,47.1236737632423
43.825,-6.61210116489406,3.02667744625549,-0.228091159917845,0.227990272553152,14.0965943372481,-2.00086410241153,10.5970840154428,-2.00216428710632,10.5870543026433,-0.0228479753904374,0.205363356590859,0.198859100825296,0.257892282430759,20.3420819942745,47.1236737632423
43.925,-6.67269416933086,2.89051633434002,-0.228141079716381,0.228038266808534,14.157906372739,-1.97988518652779,10.6122526409049,-1.98190630021876,10.6075002987745,-0.0230359846341024,0.20387180227193,0.198868591970151,0.254935078820759,20.4959042381427,47.1236737632423
44.025,-6.73051291881345,2.75315282361992,-0.228160162619013,0.228057126612163,14.2164504712567,-1.95890627064405,10.6271318683384,-1.96165461642083,10.627879220489,-0.0231632225506946,0.202474657417758,0.198744791866049,0.220028493780872,20.6497285178016,47.1236737632423
44.125,-6.78555462590777,2.61465081279835,-0.228126069984067,0.228024510388026,14.2722235303862,-1.93792735476031,10.6577388864007,-1.94144634382913,10.6481769546739,-0.0232526841438325,0.203184026415027,0.198771831614299,0.254935078820759,20.8035548209146,47.1236737632423
44.225,-6.83777114898281,2.47505754625838,-0.22806599705744,0.227967612187919,14.3251771915306,-1.91694843887657,10.6733690892457,-1.92111042629988,10.6685317845351,-0.0232715964758547,0.203865519303495,0.198785163220625,0.261410659063618,20.9573815950235,47.1236737632423
44.325,-6.88712579783573,2.33442547587913,-0.227995870624944,0.227902358858338,14.3752745064812,-1.89596952299284,10.6886521416469,-1.90070205919066,10.6889708589654,-0.0233023037969353,0.203511448321424,0.198797701312516,0.226504074023731,21.1112083510553,47.1236737632423
44.425,-6.93361097125536,2.19281687388373,-0.227902163536167,0.227815222656381,14.4225075398506,-1.87499060710911,10.7198030125851,-1.88027151005384,10.7094033480978,-0.0233042437924791,0.204756979562781,0.198821087333085,0.261410659063618,21.2650353365177,47.1236737632423
44.525,-6.97717278770154,2.05027996466409,-0.227820956347002,0.227742284515077,14.46682215578,-1.85401169122537,10.7355608861816,-1.85966313065059,10.7299289216663,-0.0232214379577353,0.205599550099612,0.198833216554679,0.265284125963463,21.418862276526,47.1236737632423
44.625,-7.01777940032704,1.90687108577945,-0.227766158226467,0.227697451609796,14.5081861941063,-1.83303277534162,10.7509176351208,-1.83902250704032,10.750524358409,-0.0231762510901135,0.205013529548326,0.198845023198829,0.231097048622069,21.5726898588807,47.1236737632423
44.725,-7.05542718272694,1.76265463485086,-0.227723596251074,0.22766654711351,14.5465956604809,-1.81205385945788,10.7820676775487,-1.81835236950711,10.7710932803605,-0.023075035508473,0.20607988146549,0.198865794242383,0.266003633661956,21.7265189148021,47.1236737632423
44.825,-7.09007230394848,1.61768554055685,-0.227721692389381,0.227677990481596,14.5820064237819,-1.79107494357413,10.7978000155997,-1.79758973474949,10.7917187123682,-0.0229378327584708,0.206474521029711,0.198876574143869,0.269200501873167,21.8803496045082,47.1236737632423
44.925,-7.1216921708213,1.47202500145688,-0.227768088072855,0.22773941806331,14.614395561245,-1.77009602769041,10.8131431852281,-1.77680829968269,10.8123920092877,-0.0228296946111843,0.205746681478197,0.198886256154977,0.23429391683328,22.034182596652,47.1236737632423
45.025,-7.15032270395638,1.32574515092971,-0.227812229051852,0.227800267009351,14.6437986021441,-1.74911711180667,10.8430492989067,-1.75649926743487,10.8329155085653,-0.0230441616410442,0.203963890799384,0.198904430796947,0.242696333785131,22.1880188847801,47.1236737632423
45.125,-7.17596219816505,1.17890987187056,-0.22784337658438,0.227831122978798,14.6702135160236,-1.73862765386481,10.8578860087265,-1.73597430659355,10.8533690298639,-0.0229727220982401,0.204189546242499,0.19878032442849,0.241055018371101,22.3394675953044,47.1236737632423
45.225,-7.1986180450408,1.03158217510003,-0.227843267477586,0.227814357251806,14.6936473804838,-1.71764873798106,10.873265110722,-1.71575457411056,10.8737333013572,-0.0231172611085597,0.20320885078796,0.198795749591467,0.237756233729181,22.4933089399472,47.1236737632423
45.325,-7.21827806948789,0.88382289127695,-0.227814551897421,0.227770676340856,14.7140877278263,-1.69666982209732,10.9040087465276,-1.6955360970776,10.8940835883148,-0.0232490710331845,0.202746708419234,0.198821138024246,0.242758814162532,22.6471520561668,47.1236737632423
45.425,-7.23492873294789,0.735692909397154,-0.227762529470577,0.227705373336286,14.7315207253474,-1.67569090621358,10.9193142324778,-1.67503140756142,10.9144728919571,-0.0231336851593102,0.204206736966544,0.198833038446262,0.250935261760868,22.8009957744779,47.1236737632423
45.525,-7.24854901696445,0.587252297835353,-0.22770131852045,0.227632564360174,14.7459250607716,-1.65471199032985,10.9350562374089,-1.65457282958936,10.9349229468438,-0.0231251620739723,0.204735044703537,0.198844903873859,0.248732437057082,22.9548396131366,47.1236737632423
45.625,-7.25911451241233,0.438561667324277,-0.227649634378065,0.227570964624477,14.7572760199501,-1.63373307444611,10.9662318348086,-1.63411806814249,10.9554549675156,-0.0232024212989224,0.204622291561109,0.198866461547255,0.248732437057082,23.1086835714204,47.1236737632423
45.725,-7.2666215989536,0.289683639230314,-0.227606578765369,0.227519676618909,14.7655696470718,-1.61275415856238,10.981659969579,-1.61339818832651,10.9760318560219,-0.0230594299892157,0.20596460268453,0.198877264708961,0.253447880679542,23.2625281337715,47.1236737632423
45.825,-7.27105742565623,0.140680454761611,-0.22758175862096,0.227488307418309,14.770792752249,-1.59177524267864,10.99747069905,-1.59275997638756,10.996636749238,-0.0230261112663506,0.206219501886144,0.198888640268158,0.253447880679542,23.4163739489738,47.1236737632423
45.925,-7.27239687001668,-0.0083846933885448,-0.227598296428369,0.227499978287357,14.772919868759,-1.5707963267949,11.0286422642982,-1.57208210644637,11.0173087665333,-0.0230202586204573,0.206001075927702,0.198908065556919,0.253447880679542,23.5702215750095,47.1236737632423
46.025,-7.27064086932555,-0.1574475604062,-0.227654547191476,0.227553042188687,14.771951574806,-1.54981741091115,11.0440245509799,-1.55117386052178,11.0380076022734,-0.022810848435963,0.206969376939487,0.198917935667326,0.253009501136785,23.7240719685806,47.1236737632423
46.125,-7.26581160833038,-0.306445192750089,-0.227728897798977,0.227625882256806,14.7679097022135,-1.52883849502743,11.0587695878558,-1.53077575893257,11.0586160481019,-0.0230211926752553,0.204394232982807,0.19892903457351,0.223833652875459,23.8779264066147,47.1236737632423
46.225,-7.2579500923373,-0.455316229695497,-0.227782153161034,0.227679297641953,14.760834914285,-1.50785957914368,11.0887521871592,-1.51032978800982,11.0790772403245,-0.0230364139751291,0.204678591812146,0.198813345664601,0.258740237915345,24.0317848188885,47.1236737632423
46.325,-7.2470529930013,-0.603998813251178,-0.227820708358605,0.227719677810377,14.7507235647735,-1.48688066325995,11.1040858291855,-1.4900373933535,11.0994776863344,-0.0231444653287376,0.203571414949947,0.198829544864385,0.253367766104375,24.1856471295414,47.1236737632423
46.425,-7.23313662639558,-0.752431840344239,-0.227832569964505,0.227735024722204,14.7375916599471,-1.46590174737621,11.119150511724,-1.46972033776309,11.1198338853573,-0.0231836087611672,0.202628468334334,0.198843734909595,0.225180830398964,24.3395125536809,47.1236737632423
46.525,-7.21620994692448,-0.900553720704689,-0.227814427425072,0.227722025540808,14.7214478511203,-1.44492283149247,11.1499785297111,-1.4493242279047,11.1401743142006,-0.0231279277461596,0.20390739827331,0.198867537602888,0.26008741543885,24.4933798035683,47.1236737632423
46.625,-7.19625935972851,-1.04829997782678,-0.227787020721146,0.22770141993561,14.7022782360333,-1.42394391560873,11.1656873372569,-1.42891840498462,11.1605749311719,-0.0231227217973409,0.204329006719641,0.19887931761396,0.265670000139801,24.6472478197579,47.1236737632423
46.725,-7.17327870273433,-1.19560619045057,-0.227765026503505,0.227687884666289,14.6800763411794,-1.402964999725,11.1810385890468,-1.40837427260621,11.1810704117989,-0.0230740700459915,0.204228110265073,0.19888970145486,0.230763415099915,24.8011161556559,47.1236737632423
46.825,-7.14728899035307,-1.34241266137325,-0.227736826472974,0.227669799718664,14.6548628766614,-1.38198608384125,11.2122829957878,-1.38783000053594,11.2015792028427,-0.0230385890195048,0.205611919912795,0.198909680303325,0.265670000139801,24.954985194792,47.1236737632423
46.925,-7.11827702538942,-1.48865306652366,-0.227726919136139,0.227671662313218,14.626624310955,-1.36100716795751,11.2281111249537,-1.36721686511746,11.2221648800882,-0.0230111308465126,0.206205939046814,0.198919954448368,0.270866712402161,25.1088550479101,47.1236737632423
47.025,-7.086238559306,-1.63426162759817,-0.227752205347029,0.227710369451393,14.5953560515613,-1.34002825207377,11.243537891359,-1.34647771615575,11.2428419306154,-0.0229490324120114,0.205985211694186,0.198929588308885,0.235960127362275,25.2627264259637,47.1236737632423
47.125,-7.05119751750152,-1.77917885472716,-0.227801994724849,0.227775222889419,14.5610816937491,-1.31904933619005,11.2747877202805,-1.32572124544385,11.2635190742861,-0.0228697053708053,0.207251242451313,0.198947709328167,0.270866712402161,25.4166005920249,47.1236737632423
47.225,-7.01316030364259,-1.92334089546544,-0.227884926325901,0.227874853206119,14.5238072914271,-1.2980704203063,11.2895701741718,-1.30514315420043,11.2841954854492,-0.0229680252904654,0.205752880980873,0.198957982392875,0.24272508836664,25.5704784941271,47.1236737632423
47.325,-6.9721958188501,-2.06670170504397,-0.227945924704459,0.227932017622577,14.4836014643371,-1.28758096236443,11.3047573212881,-1.28478357187756,11.304697641313,-0.023110598831396,0.204538014779584,0.198968641280219,0.241371652716224,25.7219698018255,47.1236737632423
47.425,-6.92830703263239,-2.20919760048702,-0.227999424063484,0.22796922033013,14.4404668391521,-1.26660204648068,11.3348975631237,-1.26444731743999,11.325150884518,-0.0232275875988144,0.203456934718332,0.198859077518932,0.241371652716224,25.8758557509555,47.1236737632423
47.525,-6.8815299217706,-2.35077516365605,-0.228026544720743,0.227981702986738,14.3944391007827,-1.24562313059695,11.349940256053,-1.24403210957081,11.3455281297601,-0.0231896249717281,0.203497932671727,0.198874159444306,0.242605326969851,26.0297460320785,47.1236737632423
47.625,-6.83188648376282,-2.49137613622935,-0.228024478919483,0.227966647342329,14.3455399446036,-1.22464421471322,11.3654783505331,-1.22370153015019,11.3658579408289,-0.0231888566199316,0.203331236300897,0.198888155960739,0.242605326969851,26.1836393772867,47.1236737632423
47.725,-6.7793763989749,-2.63093361449249,-0.2280156736387,0.227946491667576,14.2937687220007,-1.20366529882949,11.3963424326314,-1.20333098227447,11.38623881975,-0.023199187665341,0.20321353510775,0.198910937950055,0.245417050084366,26.3375342813169,47.1236737632423
47.825,-6.72402012245011,-2.76938793949527,-0.228001913742281,0.227923016768444,14.239145596674,-1.18268638294574,11.4116660641258,-1.18270831496157,11.406673314551,-0.0230110151534308,0.204625058469959,0.198921307754925,0.250246693040773,26.4914300218658,47.1236737632423
47.925,-6.66583735876565,-2.90667945326475,-0.2279869955048,0.227900017281072,14.1816899846523,-1.161707467062,11.4274281663242,-1.16220869191721,11.4271455322124,-0.0229836097704261,0.204962738360298,0.198931612275481,0.250246693040773,26.6453263799306,47.1236737632423
48.025,-6.60483677769109,-3.0427430898981,-0.227988285827403,0.227894858975314,14.1214102424443,-1.14072855117826,11.4586607983249,-1.141705014689,11.4476971150577,-0.0230315153875473,0.204859026333457,0.19895022466172,0.250246693040773,26.7992231932812,47.1236737632423
48.125,-6.54104740764495,-3.17752261768165,-0.228002256949112,0.227904013887577,14.0583351168338,-1.11974963529454,11.4741327057131,-1.12095296589427,11.4682978910378,-0.02288024257291,0.206348458263538,0.198958923027886,0.25810876781014,26.9531208864817,47.1236737632423
48.225,-6.47448459442808,-3.31095533648398,-0.228041804047671,0.227940376372416,13.9924796360429,-1.09877071941078,11.4899763627132,-1.10026466078652,11.4889542793804,-0.0228483258077574,0.206722301835761,0.198968071046571,0.254433604631114,27.1070201024514,47.1236737632423
48.325,-6.40516429645445,-3.4429780088082,-0.228120790764483,0.228017808119258,13.9238594294398,-1.07779180352705,11.5202410308547,-1.07960877844812,11.5096712488991,-0.0229094129880245,0.206412480904434,0.198852280780826,0.254433604631114,27.2609218576109,47.1236737632423
48.425,-6.33316970984923,-3.57356592234436,-0.228176846547167,0.228073934297225,13.8525575240827,-1.05681288764332,11.535484775988,-1.05934851416831,11.5302059724959,-0.0231838723050686,0.204729985353461,0.198870227806257,0.257403713491486,27.4148288786287,47.1236737632423
48.525,-6.25852669441799,-3.70266290232341,-0.228214184054608,0.228112960350148,13.7785994669671,-1.03583397175958,11.5503647523095,-1.03896016953458,11.5506737154207,-0.0232632705960718,0.203442009566685,0.198754392750446,0.222497128451599,27.5687408807953,47.1236737632423
48.625,-6.18127539153495,-3.83022175293448,-0.228221390701719,0.228123466384482,13.7020251287826,-1.01485505587584,11.5807710298628,-1.0185696587543,11.5710608381591,-0.0232598825542141,0.204121969981649,0.198793154977027,0.257403713491486,27.722658086271,47.1236737632423
48.725,-6.10143688907494,-3.95618219753218,-0.228211382924079,0.22811836354365,13.6228552723972,-0.993876139992103,11.5962884773172,-0.998244981462312,11.5914285384348,-0.0233029055379603,0.203623831548774,0.198813727730942,0.258904831980021,27.8765792526836,47.1236737632423
48.825,-6.01903632101797,-4.08048526815507,-0.228194291830666,0.228107780087606,13.5411147202274,-0.972897224108352,11.6114661128121,-0.977741929894145,11.6118279581196,-0.0231992736545994,0.203376739622951,0.198831684398458,0.229714498336945,28.0305030923651,47.1236737632423
48.925,-5.93410516474485,-4.20307601427882,-0.228174088438489,0.228095685284303,13.456834668099,-0.951918308224617,11.6423481879745,-0.957154462223884,11.6322547606573,-0.0230386085220111,0.204927652703991,0.198862223794064,0.264621083376831,28.1844288263456,47.1236737632423
49.025,-5.84667083807159,-4.32389632771835,-0.228161213172211,0.228092518430675,13.3700422487253,-0.93093939234089,11.6580669588767,-0.936687341873994,11.6527189167963,-0.0230356443110971,0.204726324382643,0.198877556356366,0.264621083376831,28.3383559640055,47.1236737632423
49.125,-5.7567677418233,-4.44289234143288,-0.228159298302783,0.228101911606275,13.2807716054492,-0.909960476457149,11.6734468439428,-0.916073159730447,11.6732396744743,-0.0229422198456124,0.204645857774819,0.198890839484057,0.23499226001795,28.4922840161641,47.1236737632423
49.225,-5.66443376815539,-4.56001320008598,-0.228168710786988,0.228124230472539,13.1890603911323,-0.8889815605734,11.7046883000586,-0.895392933208403,11.6938019163782,-0.0228242352273984,0.206311343003958,0.198915398882379,0.269898845057837,28.6462129997356,47.1236737632423
49.325,-5.56970270461236,-4.67520498065156,-0.22819624653722,0.228166267881648,13.0949421387616,-0.868002644689671,11.7195209775338,-0.874914680117927,11.7143995084426,-0.0229435742013813,0.205146049818286,0.19892771477559,0.243131109679451,28.800143336566,47.1236737632423
49.425,-5.4726555711594,-4.7884547036765,-0.228187471496279,0.228173585084497,12.9984977919589,-0.847023728805933,11.7347813445705,-0.85464030203273,11.7348617749921,-0.0231314626656935,0.204272065322481,0.198940450987695,0.24125965989775,28.9540754818551,47.1236737632423
49.525,-5.37332091248865,-4.89970633408356,-0.228157056918348,0.228147218654015,12.8997556135959,-0.836534270864056,11.7651153592515,-0.834389129483074,11.7553031731677,-0.0233216882916008,0.203422836337115,0.198836768962326,0.24125965989775,29.10561606257,47.1236737632423
49.625,-5.27174786897147,-5.00892219821665,-0.228093291179211,0.228067000065934,12.7987645357424,-0.815555354980331,11.7802343762042,-0.813985662220478,11.7757042480929,-0.0233192959541828,0.203828262032259,0.198854709965695,0.241846769009554,29.2595523173832,47.1236737632423
49.725,-5.1679784012684,-5.11605749369143,-0.22799580344367,0.22795465943439,12.6955662690079,-0.794576439096589,11.7958363144648,-0.793685524482169,11.7960655264364,-0.0233804365594388,0.203611023743531,0.198872417648149,0.241846769009554,29.4134899421147,47.1236737632423
49.825,-5.06203539803738,-5.22104720930298,-0.227893267233084,0.227838864276658,12.5901833537789,-0.773597523212842,11.8267280758953,-0.773255458637317,11.8164835211297,-0.0233683654077996,0.203742624543367,0.198901938723676,0.24750502221775,29.5674277336706,47.1236737632423
49.925,-4.95395296191892,-5.32383576694016,-0.22780107379779,0.227735004103194,12.4826495878789,-0.752618607329112,11.8419909126577,-0.752518830745797,11.8369743825564,-0.023122598943047,0.205105209647063,0.198916054429113,0.247443544323753,29.7213652111967,47.1236737632423
50.025,-4.84377964466229,-5.42438279825349,-0.227714940403319,0.227638797233727,12.3730132963844,-0.73163969144536,11.8576878841829,-0.731995651918422,11.857461578322,-0.0230866158812617,0.204912765926333,0.198930291631766,0.247443544323753,29.8753026488447,47.1236737632423
50.125,-4.73155373508137,-5.52263547089992,-0.227648021966725,0.227563397719498,12.2613124933564,-0.710660775561633,11.8887859974449,-0.711464924262024,11.8779851102634,-0.0230794201662547,0.204496013251565,0.198954485478103,0.247915095163303,30.0292396625716,47.1236737632423
50.225,-4.61732597919046,-5.61855465394947,-0.227596298504571,0.227504785838389,12.1475977285657,-0.689681859677888,11.9041962930859,-0.690691156713407,11.8985336877797,-0.0228542301338841,0.205903694177916,0.198965335649014,0.259161921901919,30.1831761345562,47.1236737632423
50.325,-4.50113521201924,-5.71208678444799,-0.227575807892881,0.227479000156264,12.0319075858961,-0.668702943794157,11.9199853918739,-0.669969823502306,11.9191458509586,-0.0227450601017338,0.206244472417727,0.198975540583166,0.252058822627152,30.3371120622732,47.1236737632423
50.425,-4.38302959710806,-5.80318935167674,-0.227589457371124,0.227488949127035,11.9142900389806,-0.647724027910399,11.9502523988001,-0.649363938454942,11.9398043923031,-0.0227977163988875,0.205843185415063,0.198995127159525,0.253132677125015,30.4910480720763,47.1236737632423
50.525,-4.26309194650619,-5.89186800519391,-0.227582139687409,0.227479525759753,11.794827935198,-0.626745112026683,11.9655215824832,-0.629040230633365,11.9603264180088,-0.022996034283036,0.204903946625411,0.19900544274929,0.259599138666778,30.6449852716289,47.1236737632423
50.625,-4.14136909728099,-5.97808181720779,-0.227558854611172,0.227455728199314,11.673567922906,-0.605766196142945,11.9804525946631,-0.608660843017243,11.9808213893715,-0.0231116180295956,0.203796023797014,0.19888273315256,0.224692553626892,30.7989232524118,47.1236737632423
50.725,-4.01792162567653,-6.06181191951386,-0.22749988397116,0.227397836728446,11.5505704836908,-0.584787280259206,12.0110563546653,-0.58832691635699,12.0012455851086,-0.0232018871064366,0.204419213197895,0.198912637804074,0.257393571152168,30.9528628018728,47.1236737632423
50.825,-3.89279546580935,-6.14301641147641,-0.227413997050679,0.227314619139089,11.4258813373544,-0.563808364375459,12.0266986031375,-0.568052931231609,12.0216506535509,-0.0233329704233487,0.204021263517307,0.198928445642838,0.259812438214367,31.1068031748054,47.1236737632423
50.925,-3.76603396997158,-6.22164742674238,-0.227317649885299,0.227222531467438,11.2995435816566,-0.542829448491723,12.0419831183085,-0.547535623717984,12.0421038350275,-0.0232688443862887,0.20412602882958,0.198942548349293,0.23403842656687,31.2607435491122,47.1236737632423
51.025,-3.63768253139941,-6.29765918851805,-0.227225738827426,0.2271364702287,11.1716023573692,-0.521850532607987,12.0729644496229,-0.526907978667755,12.0626083578619,-0.0231457221704474,0.205582193480456,0.198967702229205,0.264328088107038,31.4146838147174,47.1236737632423
51.125,-3.50779215114319,-6.37101430151942,-0.227144370621209,0.227062541555004,11.0421084499456,-0.500871616724259,12.0886955389748,-0.506407222688004,12.0831265452669,-0.0231631535957799,0.205184958003375,0.198981143914488,0.264328088107038,31.5686242758381,47.1236737632423
51.225,-3.37641383636444,-6.44167309865109,-0.227082930193799,0.2270101306364,10.9111126429845,-0.479892700840511,12.1040497601808,-0.485704664390868,12.1036864536703,-0.0230205037020124,0.205115951190985,0.19899273219684,0.237045499915415,31.7225647545192,47.1236737632423
51.325,-3.24360015538625,-6.509598035078,-0.227049529502272,0.226987348780047,10.7786673041475,-0.458913784956771,12.1351390337223,-0.464920312263186,12.1242841678349,-0.0228338657389333,0.206570802592762,0.199013372156397,0.269337222383335,31.8765054625319,47.1236737632423
51.425,-3.10940604059445,-6.57475550407467,-0.227049026451132,0.226999051864674,10.6448272001332,-0.437934869073034,12.1509168711565,-0.444282937187605,12.1449024468692,-0.0228147696976748,0.206223717192218,0.199023725139033,0.269337222383335,32.0304468829987,47.1236737632423
51.525,-2.97388879893485,-6.63711535376244,-0.227083473077723,0.227047290344407,10.5096495042183,-0.416955953189298,12.166337575142,-0.423516804117607,12.1655622952128,-0.0227084849712611,0.205942843329031,0.199032362864571,0.238423686422401,32.1843891968147,47.1236737632423
51.625,-2.83712151110844,-6.69668632992159,-0.227114309288718,0.227093498543203,10.3732073594805,-0.39597703730556,12.1963815641501,-0.403224068300412,12.1861129635601,-0.0229664175013529,0.204246032911249,0.199050449040394,0.242746216694149,32.3383332706265,47.1236737632423
51.725,-2.69916775900411,-6.75345776065467,-0.227125855881043,0.227121997614277,10.235564320954,-0.374998121421829,12.2112912672348,-0.382709596970806,12.2066031956958,-0.022942178307467,0.204676643395904,0.198925952034059,0.242746216694149,32.4922785246982,47.1236737632423
51.825,-2.56008842061235,-6.80741879656331,-0.227104882293653,0.227085421843339,10.096781236854,-0.364508663479945,12.2267268772525,-0.362478134281167,12.2270197621383,-0.0231272820602939,0.203788547846584,0.198941595148012,0.238807779760467,32.6438433983358,47.1236737632423
51.925,-2.41993934377037,-6.8585428508195,-0.227055859965994,0.227020914926484,9.95691384260686,-0.343529747596206,12.2575259737681,-0.342236016270951,12.2474239000733,-0.0232893019850842,0.203303933255969,0.19896831197368,0.24338212965962,32.7977919916249,47.1236737632423
52.025,-2.27877605870069,-6.90680094141774,-0.226986898810342,0.226938053427153,9.81601753197669,-0.322550831712485,12.2728223389693,-0.321686970869627,12.2678612156766,-0.0231775721870147,0.204668142221864,0.198981168931641,0.250160312499584,32.9517410126153,47.1236737632423
52.125,-2.13665271084742,-6.95215918235916,-0.226912477933984,0.226851315053001,9.67414627832854,-0.301571915828734,12.2885387979209,-0.301187117993025,12.2883405599492,-0.0231570635830618,0.205033158596361,0.198994093505218,0.248685515147431,33.1056901832168,47.1236737632423
52.225,-1.99362283885413,-6.99457779058995,-0.226854154341813,0.22678225648124,9.5313534096207,-0.280592999944996,12.3196064896227,-0.280668318309244,12.308889409081,-0.0231871130310353,0.204818735496108,0.199016891344323,0.248685515147431,33.2596394413124,47.1236737632423
52.325,-1.84974740061057,-7.03403923598001,-0.226811330690517,0.226730280968417,9.38769977044769,-0.259614084061254,12.3349666462061,-0.259899105992753,12.3294702308543,-0.0229987224878681,0.205905186975563,0.199027945599884,0.249604216916191,33.4135891278123,47.1236737632423
52.425,-1.70508798527721,-7.07052920676909,-0.226781434515289,0.226692816336437,9.24324685505411,-0.238635168177519,12.3507374953295,-0.239319674761858,12.35003286702,-0.0229819274226468,0.205648900290024,0.199039322232026,0.249604216916191,33.5675397347399,47.1236737632423
52.525,-1.55970166265858,-7.10401056468252,-0.226786447544603,0.226691842702841,9.09805154013514,-0.217656252293783,12.3818808930202,-0.218621632394832,12.3706527282647,-0.0229037463003987,0.205840094378863,0.199058176451797,0.256321423312894,33.721491076376,47.1236737632423
52.625,-1.41364968828792,-7.13446043216146,-0.226834863742331,0.226735853345484,8.95217497290099,-0.196677336410052,12.3972537867257,-0.197698559184369,12.3913355208337,-0.0226634656589066,0.206926380934597,0.199066559309628,0.25368304660371,33.8754435493587,47.1236737632423
52.725,-1.26700005932872,-7.16189438018954,-0.226897480213168,0.226795644483364,8.80568524261627,-0.175698420526315,12.4120185974409,-0.177329808962847,12.4119371005517,-0.0228962951553449,0.204352671819198,0.19907610163626,0.223301196722275,34.0293984024728,47.1236737632423
52.825,-1.11982252907915,-7.18634597940853,-0.226928363312076,0.22682527915441,8.65865229090365,-0.154719504642566,12.4421251654533,-0.15695126868411,12.4323892219534,-0.0229698762783723,0.204622669767524,0.198959310975328,0.258207781762162,34.1833555294237,47.1236737632423
52.925,-0.972176508820265,-7.2078001656235,-0.226932532152334,0.226829773379115,8.51113549585395,-0.133740588758833,12.4575450582379,-0.136713124963056,12.4527859172688,-0.0231284278727291,0.203773029271194,0.198974442263407,0.258207781762162,34.337314792575,47.1236737632423
53.025,-0.824123060158462,-7.22624640802265,-0.226911524823507,0.226810662894236,8.36319591002021,-0.112761672875097,12.4726647847236,-0.116353345503636,12.4731871119897,-0.0231698431342053,0.203156772286227,0.198987660791578,0.225560694186417,34.4912754013463,47.1236737632423
53.125,-0.675724201486544,-7.24168370709594,-0.226858580359282,0.226761185678692,8.21489558111004,-0.0917827569913555,12.5035797367983,-0.0959627066473371,12.4935750612069,-0.0231671534950877,0.204393995360935,0.199011697117923,0.260467279226304,34.6452366730012,47.1236737632423
53.225,-0.527039340891333,-7.25408034287553,-0.226799048029793,0.226706691351261,8.06629379335898,-0.0708038411076178,12.5193022989668,-0.0755028437491446,12.5140296263713,-0.023161855761245,0.204938536435703,0.199023651360619,0.266211958029622,34.7991978455091,47.1236737632423
53.325,-0.37812980603541,-7.26341271369165,-0.226751317352755,0.226665569761429,7.91745177532404,-0.0498249252238802,12.5346405521547,-0.0549036441283183,12.5345762589105,-0.0231092886796347,0.204750501773504,0.1990345548116,0.231305372989736,34.9531588281134,47.1236737632423
53.425,-0.229058686058795,-7.26968667785432,-0.226705541789775,0.22662797301793,7.76843264060511,-0.0288460093401407,12.565802004123,-0.0342854565768619,12.555126066882,-0.0230409090996631,0.206045713149135,0.199055266652002,0.266211958029622,35.1071202197259,47.1236737632423
53.525,-0.079888472340347,-7.27288322970149,-0.226678018890818,0.226610197434569,7.61929878171301,-0.00786709345640121,12.5815963097734,-0.01370635832532,12.5757064977167,-0.0230422416828429,0.205952724535164,0.199066085590874,0.26820747977043,35.2610822537206,47.1236737632423
53.625,0.0693169984288689,-7.27298822591348,-0.226681460258513,0.226624952959475,7.47011395784735,0.0131118224273292,12.5969934057295,0.00705155253467297,12.5963449160075,-0.022922749113615,0.205781520982708,0.199075507347861,0.237170992332468,35.4150451821128,47.1236737632423
53.725,0.218493652408266,-7.27000075603744,-0.22671666515544,0.226673034967238,7.32094223625269,0.0340907383110793,12.6281491510319,0.0278766542303456,12.6170055355515,-0.0227582669619526,0.207256376362398,0.199092849102662,0.272077577372355,35.5690096975622,47.1236737632423
53.825,0.367577088687255,-7.26391485418711,-0.226790809758876,0.226761614206023,7.17184800234584,0.0550696541948202,12.6428985850595,0.0484834506938816,12.6376781964148,-0.0228241313617215,0.205639355111078,0.199101708175151,0.23849383660205,35.722976574261,47.1236737632423
53.925,0.516508273617303,-7.25480625364361,-0.226830500076217,0.226817289869107,7.02289067209853,0.0760485700785507,12.6581026898781,0.0687265665825118,12.6581363690493,-0.0230391881076564,0.203993558654545,0.199111096300973,0.23849383660205,35.8769463970884,47.1236737632423
54.025,0.665224807150615,-7.24266772811114,-0.226846635477071,0.226836336668096,6.87413265321703,0.0865380280204252,12.6883732416379,0.0889903011614331,12.6785367563822,-0.02317584086164,0.203112308608247,0.198999912468912,0.241579501877293,36.0285388557275,47.1236737632423
54.125,0.813665049347054,-7.22750410171704,-0.226839314791289,0.226812779201578,6.7256356657432,0.107516943904157,12.7034503962637,0.109486852821032,12.698932364097,-0.0230748969168104,0.203934112153399,0.199012849131086,0.241579501877293,36.1825124828606,47.1236737632423
54.225,0.961768566593425,-7.20933110406046,-0.226798934192674,0.226757725750091,6.57746028045448,0.128495859787907,12.7190444745517,0.129746069979995,12.7192896207056,-0.023172936366473,0.203527987854084,0.19902583600618,0.241579501877293,36.336487308172,47.1236737632423
54.325,1.10947038026959,-7.18813388970496,-0.226748090364218,0.226693766720184,6.42967147224235,0.149474775671632,12.7500237579729,0.150173615081491,12.7397127396797,-0.0231685102390724,0.204069333010442,0.199047823231461,0.251637574495098,36.490461986532,47.1236737632423
54.425,1.25670587271169,-7.16390566119206,-0.226702675335784,0.226636793138187,6.28233388792804,0.17045369155538,12.7653625638433,0.170840015025537,12.7602264085787,-0.0230157791940098,0.205270903687293,0.19905780774336,0.247219665734437,36.644436110447,47.1236737632423
54.525,1.4034157854466,-7.13666929447439,-0.22664970694149,0.226573825117102,6.13550693976901,0.191432607439122,12.7811566041712,0.191278731240898,12.78072892062,-0.023079575019894,0.205058871678815,0.199068629358754,0.247219665734437,36.7984102715238,47.1236737632423
54.625,1.54953308494717,-7.10641125422296,-0.226614701839824,0.226530378475074,5.98925763725111,0.212411523322859,12.8123804788594,0.211901577671096,12.8013085968619,-0.0230364048316343,0.205656051860753,0.199087421240144,0.257094859645206,36.9523840982001,47.1236737632423
54.725,1.69499214897431,-7.07312971765487,-0.2266127294185,0.226521523879105,5.84365162508119,0.233390439206597,12.8277811066307,0.232743679356617,12.8219707314755,-0.0228564377596907,0.206684119515265,0.199096173006724,0.251454733333332,37.1063580763277,47.1236737632423
54.825,1.83973467032948,-7.03685332904643,-0.226628812460886,0.226532285430584,5.69874736846114,0.254369355090336,12.8435965749697,0.253352999716067,12.8426058826681,-0.0228822685928343,0.206337364322812,0.199105806896723,0.251454733333332,37.2603334221747,47.1236737632423
54.925,1.98369292180698,-6.99757688973737,-0.2266843918462,0.226584102218712,5.5546126002679,0.275348270974074,12.8737939920388,0.274090549591141,12.863294112473,-0.0228329485226944,0.206534609918546,0.199122153112524,0.258531690322129,37.4143102856898,47.1236737632423
55.025,2.1268194971151,-6.95536393430718,-0.226730540398631,0.226628045511456,5.41129505768646,0.296327186857809,12.8889803766749,0.294423381486811,12.8838359699576,-0.0230419741116634,0.204890680557558,0.199131647754397,0.258531690322129,37.5682900371135,47.1236737632423
55.125,2.26905536860647,-6.91023559630251,-0.226763563432836,0.226660416674277,5.26885391659191,0.31730610274154,12.9038245576597,0.314849169337199,12.9043143642923,-0.0230945805959468,0.20361852112522,0.199007469084391,0.223625105282242,37.72227218667,47.1236737632423
55.225,2.41034811145197,-6.86222846403725,-0.226764302525111,0.226662053804121,5.12734184173541,0.338285018625296,12.9342555442492,0.335194145285661,12.9247013345615,-0.0231365749166379,0.203977497816922,0.199033772273552,0.255153177000689,37.8762570928561,47.1236737632423
55.325,2.55063745952327,-6.81135840751831,-0.226736990484005,0.226637187081937,4.9868192619499,0.359263934509009,12.94983710225,0.355466359756008,12.9450543385982,-0.0232173644830311,0.203550959878651,0.199047013929141,0.258919570464225,38.0302435075641,47.1236737632423
55.425,2.6898596784706,-6.75763402844139,-0.226695197352792,0.226599386359555,4.84735005750138,0.380242850392752,12.9650863177219,0.375948277187187,12.9654544515956,-0.0231355600492442,0.203634712638549,0.199058069199607,0.233022636900178,38.1842300748092,47.1236737632423
55.525,2.82795238560701,-6.70106810522796,-0.226649434671543,0.226559163962929,4.70899678874368,0.401221766276494,12.9960925645601,0.396524901573783,12.9859129316553,-0.023017415722304,0.205250431522552,0.199078499418079,0.264672119446212,38.3382162492628,47.1236737632423
55.625,2.96485547671456,-6.64167938858315,-0.22660511875407,0.226521936671256,4.57181976947448,0.422200682160227,13.0118745216407,0.416964301634872,13.0064056736445,-0.0230707576504852,0.205030527440062,0.199088725266198,0.264672119446212,38.4922020557973,47.1236737632423
55.725,3.10050762382127,-6.57948575332471,-0.226570251691665,0.226495707640489,4.43588053126037,0.443179598043964,13.0272985179399,0.437608694803731,13.0269606551474,-0.0229813459845047,0.205211190653947,0.199097488488925,0.238555053256199,38.6461873006114,47.1236737632423
55.825,3.23484656271412,-6.51450353975613,-0.226555929011448,0.226491571992078,4.3012415324929,0.464158513927709,13.0585308286408,0.458350070766167,13.0475781705206,-0.0228574853952175,0.206828315612101,0.199114731624765,0.269912528870149,38.8001723692582,47.1236737632423
55.925,3.36781252988032,-6.4467549246446,-0.226568189991171,0.226515566149087,4.16796275244659,0.485137429811446,13.074365841725,0.478961076135689,13.068227704169,-0.0228960136741545,0.206584054575633,0.199123681289762,0.269912528870149,38.9541581267075,47.1236737632423
56.025,3.49934525937468,-6.37626295658682,-0.22661381914522,0.226574471493367,4.03610467064159,0.506116345695192,13.0898183439279,0.499736088582196,13.0889261331575,-0.0228194302161171,0.206360800918818,0.199131543072145,0.238895987638689,39.1081451418047,47.1236737632423
56.125,3.62938804619429,-6.30305729927522,-0.226693399298735,0.226668864919031,3.90572423606877,0.527095261578925,13.1210740547803,0.520580850902164,13.1096446846111,-0.0226932193498026,0.207834716291247,0.19914682262771,0.273802572678576,39.2621343646491,47.1236737632423
56.225,3.75788106296815,-6.22716210410407,-0.226815143679867,0.226806950491864,3.77688150408222,0.548074177462659,13.1358539056774,0.541214224821197,13.1303752618976,-0.0227904227172449,0.206179251895618,0.19902246932977,0.238895987638689,39.4161270641878,47.1236737632423
56.325,3.88480983431838,-6.14867262130465,-0.226904204343373,0.226889071311174,3.64959149939991,0.558563635404523,13.1510811520289,0.561468878799145,13.1508796310078,-0.0230401378495273,0.204399895711437,0.199038556708123,0.238895987638689,39.5677450620155,47.1236737632423
56.425,4.01011473778439,-6.06761012887261,-0.226973608861784,0.226942815533447,3.52391408442661,0.579542551288265,13.1813411342506,0.581779669616137,13.1713201076618,-0.023169823686489,0.203561021761734,0.198937852023904,0.2431885910677,39.7217471471622,47.1236737632423
56.525,4.13374030593652,-5.9840036562555,-0.22702889631731,0.226983992666713,3.39990503142394,0.600521467172,13.1963798719795,0.602348901461614,13.1917599846405,-0.0230404688196693,0.204403341462575,0.198956482279569,0.243118351731081,39.8757535687678,47.1236737632423
56.625,4.25563932013935,-5.89789475097692,-0.227061906167688,0.227004433942909,3.277611949523,0.621500383055752,13.2119154299723,0.622685575379755,13.2121601862318,-0.0231039964928748,0.203959146862744,0.198974677580346,0.242875235185607,40.0297636728084,47.1236737632423
56.725,4.3757536568886,-5.80931028132247,-0.227084077864443,0.227015570180736,3.15709331612375,0.642479298939479,13.2428167286315,0.643025160627468,13.2325798355618,-0.0231840605752076,0.203439718889175,0.199005343417754,0.243327311952842,40.1837762424131,47.1236737632423
56.825,4.49403424911612,-5.71828972251176,-0.227092659547189,0.227014644001029,3.03839863442839,0.663458214823222,13.2581653468047,0.66362705893552,13.2530199916636,-0.023022318368886,0.204905804769586,0.199019570576353,0.25639969722271,40.3377904482745,47.1236737632423
56.925,4.61041680081303,-5.62485336720952,-0.227110719952672,0.227024720533545,2.92159257926456,0.684437130706963,13.273898587599,0.684224579840189,13.2735371980879,-0.0229420038885273,0.205320390608368,0.19903292657844,0.247398051487248,40.491805614186,47.1236737632423
57.025,4.72484884866116,-5.52903711458534,-0.227143060862746,0.227050600574076,2.8067280824088,0.705416046590701,13.3050784972324,0.704723428624874,13.2941013784834,-0.023007335499388,0.204992662747076,0.199057991066007,0.24979184127945,40.6458219436271,47.1236737632423
57.125,4.83728259723003,-5.43088297109986,-0.227188111105381,0.227090711449322,2.69385344616798,0.726394962474445,13.3205204205483,0.725494840755057,13.3147036355611,-0.0228381804469091,0.20641677235268,0.199069272006964,0.258025137328273,40.7998395300419,47.1236737632423
57.225,4.94766125107946,-5.33042269781221,-0.227259251644894,0.22715843270758,2.58302594311525,0.747373878358177,13.3363317820219,0.746198424954267,13.3353562361517,-0.022787196838296,0.206710811383102,0.19908051596829,0.253575942052358,40.9538587525848,47.1236737632423
57.325,5.05593014514812,-5.22769145966218,-0.227367214684739,0.227264494565686,2.47430074420391,0.768352794241904,13.3665546945606,0.766845773583906,13.3560591354473,-0.0228427475041766,0.206304596970733,0.199101860209654,0.253575942052358,41.1078803343957,47.1236737632423
57.425,5.16208458140409,-5.12277444374524,-0.227453319018216,0.22735021247142,2.36768327493305,0.789331710125656,13.3817778706085,0.787156203893943,13.3765950787524,-0.0230682604993042,0.204971059639514,0.199113530234688,0.259675606252878,41.2619056384325,47.1236737632423
57.525,5.26607371243136,-5.01570900507776,-0.227526612741805,0.227424629861554,2.26322492354538,0.810310626009393,13.3966359849116,0.807597551445664,13.3970913759287,-0.0231232101238525,0.203880200028969,0.198991507730514,0.224769021212991,41.415934006431,47.1236737632423
57.625,5.36787022166195,-4.90655333971191,-0.227565992596204,0.22746663868472,2.16095367850422,0.831289541893119,13.4270673500472,0.827905229624567,13.4174909652147,-0.0232151212310043,0.203882183589252,0.199022499226261,0.251916244170207,41.5699660590382,47.1236737632423
57.725,5.46742840957707,-4.79534980449149,-0.227575840114452,0.227480617313179,2.06091588773996,0.852268457776862,13.4426250076593,0.848225137561374,13.4378516341539,-0.0232558822333715,0.203789477729488,0.199037889412182,0.260721710438815,41.7240005265271,47.1236737632423
57.825,5.56469036252963,-4.68213117177611,-0.22757735410354,0.227487763846496,1.963170130159,0.87324737366061,13.4578238109215,0.868704691762535,13.4582655451099,-0.0231902389881871,0.203390293865854,0.199051101904451,0.226262026463293,41.8780360683459,47.1236737632423
57.925,5.65962327610587,-4.56695158387505,-0.227560079526387,0.227477622793732,1.86775004861575,0.894226289544359,13.488795649229,0.889186148607498,13.4786692200193,-0.0231124570526227,0.204589803518569,0.199075603941719,0.26116861150318,42.0320722419229,47.1236737632423
58.025,5.75216723252982,-4.44984376030057,-0.22754942525728,0.227475604504547,1.77471638125596,0.915205205428082,13.5045155542695,0.909747221268655,13.4991437228355,-0.0230258872077087,0.205184021507072,0.199086722772423,0.266467122258877,42.1861082389067,47.1236737632423
58.125,5.84227287735759,-4.33085005458625,-0.227557867619861,0.227494186006897,1.68411943697931,0.936184121311818,13.5198645887466,0.930379222849678,13.5197008039415,-0.0229509667326671,0.204831232328407,0.199096522877959,0.231560537218991,42.340143945934,47.1236737632423
58.225,5.92991580503319,-4.21003110443724,-0.22756826397721,0.227516223492309,1.59598475308748,0.95716303719554,13.551095419943,0.950994270652812,13.5402503911621,-0.0228855061501001,0.206048352159448,0.199116359694841,0.266467122258877,42.4941797731814,47.1236737632423
58.325,6.01504014446771,-4.0874252000129,-0.227603372666023,0.227564475394594,1.51036930763563,0.978141953079297,13.5669180701847,0.971669467316255,13.5608685548399,-0.0228284731644575,0.206596240400186,0.199125182134884,0.271565592175202,42.6482157118678,47.1236737632423
58.425,6.09759899266349,-3.96307799825641,-0.227675701978436,0.227651447281219,1.42732122352209,0.999120868963023,13.5823560531667,0.992428921271655,13.5815702467189,-0.0227707110880289,0.206278717088495,0.199133170201661,0.236659007135316,42.8022523786106,47.1236737632423
58.525,6.17759861296941,-3.83706817638225,-0.227736472516483,0.22772835120158,1.34683569613953,1.02009978484676,13.6124277839172,1.01268035983337,13.6021403465432,-0.0230893723506362,0.204380652251972,0.199151644722959,0.241270983085967,42.9562911820053,47.1236737632423
58.625,6.25501645670097,-3.70945509061341,-0.227772834758412,0.227757818154189,1.26893669711683,1.03058924278865,13.6273249910443,1.03318444629807,13.622633806928,-0.0230787462707234,0.204693676372204,0.199027301100998,0.241270983085967,43.1079424065034,47.1236737632423
58.725,6.32982812489551,-3.58029461986357,-0.2277765672566,0.227746058985717,1.193650121774,1.05156815867238,13.6427236154636,1.05345153366057,13.6430456145864,-0.0232234665666748,0.203870233565592,0.199043080217786,0.239614504056025,43.2619850190814,47.1236737632423
58.825,6.4019943991347,-3.44963573332517,-0.227756949937256,0.227712452460141,1.12101672697049,1.07254707455612,13.6733790571483,1.07371173637576,13.6634395946296,-0.0233572438946936,0.203046612952329,0.199070033648575,0.239910455548069,43.4160292424414,47.1236737632423
58.925,6.47148629557108,-3.31753365521049,-0.227712572565727,0.227655582767933,1.05106717234824,1.09352599043986,13.6886142146627,1.09424748991734,13.6838284207824,-0.0232103165058817,0.204294670192381,0.199082537297617,0.252290518082461,43.5700740973705,47.1236737632423
59.025,6.53825346800428,-3.1840330135365,-0.227667180116115,0.227599191289993,0.983853516013204,1.1145049063236,13.704249237112,1.11478276234631,13.704272333384,-0.023118956678525,0.204558232508009,0.199094175840748,0.244121369376939,43.7241186379196,47.1236737632423
59.125,6.60226156383653,-3.04918730998967,-0.227627552942903,0.227550058259955,0.919412021829623,1.13548382220732,13.7352505179799,1.13522602919567,13.7247509255709,-0.0231542820160406,0.204092233764885,0.199115798412112,0.245890604858804,43.8781626599858,47.1236737632423
59.225,6.66348613209826,-2.91305523327549,-0.227590617630247,0.227505110144616,0.857769244358963,1.15646273809107,13.7506246168585,1.15593541237424,13.7452546784059,-0.0229486516725252,0.205494517986035,0.199124906840171,0.256593388142833,44.0322058175457,47.1236737632423
59.325,6.72188544322706,-2.77568792622264,-0.227573487779613,0.227481461351947,0.798969061448188,1.1774416539748,13.7663838135024,1.17660055318197,13.7658189469623,-0.022847779421177,0.205840040594103,0.199133477716241,0.250283038951405,44.1862479052251,47.1236737632423
59.425,6.77742926075792,-2.63714198662001,-0.227581884808072,0.227484835186753,0.743043996577763,1.19842056985854,13.7976085048179,1.19716370653795,13.7864300265196,-0.0228957056224992,0.205401579501995,0.199150779060843,0.250677619094788,44.3402893049489,47.1236737632423
59.525,6.83010103896518,-2.49747960993962,-0.227608054804977,0.227507478932864,0.690012959849946,1.21939948574228,13.8130871812635,1.21797062685504,13.8070670937716,-0.022725852557345,0.206832837133254,0.199157700404407,0.261803583921326,44.4943303869321,47.1236737632423
59.625,6.8798749278585,-2.3567588160416,-0.227655732848879,0.227553128362536,0.639903955772452,1.24037840162602,13.827897575948,1.23846458601852,13.8277157976275,-0.0228805972498449,0.205135401532279,0.199165312373542,0.226896998881439,44.6483718543197,47.1236737632423
59.725,6.92677749394687,-2.21505461487503,-0.227674828672188,0.227571692637968,0.592692668380892,1.26135731750975,13.8580512364388,1.25880465194915,13.8482268909216,-0.0230516246133128,0.204880215129315,0.199048139409772,0.254350717422863,44.8024145549589,47.1236737632423
59.825,6.97079984922601,-2.07242766122135,-0.227654645923043,0.227552473550915,0.548389471743119,1.28233623339349,13.8735089539119,1.27898776022585,13.8686326350926,-0.0232742605075877,0.20377405307777,0.199063318691092,0.256015364715011,44.9564588638228,47.1236737632423
59.925,7.01191258645421,-1.92893352466622,-0.227606813252176,0.227507098503261,0.507024172207091,1.30331514927723,13.8886458399044,1.29941033650183,13.8890387175496,-0.0232577666885945,0.203657704676044,0.199076433711583,0.232267571575259,45.1105037930762,47.1236737632423
60.025,7.05008307329916,-1.78462774072878,-0.227547352275297,0.227451589238156,0.46862838056391,1.32429406516096,13.919424125877,1.31992600260549,13.9094811982713,-0.0231845813066656,0.204866641509704,0.199100300908572,0.260065419331789,45.2645486336459,47.1236737632423
60.125,7.08529487206076,-1.63957042272437,-0.227476738083057,0.227386421193155,0.433215829781544,1.34527298104471,13.9351054251037,1.3402974696583,13.9299174303997,-0.0232493463822401,0.204371339590442,0.199112497836948,0.260664548085628,45.4185932372151,47.1236737632423
60.225,7.11752120419944,-1.49382024383108,-0.227407132727136,0.227323758439919,0.40080793080809,1.36625189692845,13.9504274749629,1.36091720936367,13.9503981716265,-0.0231103479036374,0.204597274611608,0.199122677930133,0.237756864975609,45.5726368620265,47.1236737632423
60.325,7.14673239751212,-1.34743582650307,-0.227354864411899,0.227279930935174,0.371425724942956,1.3872308128122,13.9814571095983,1.38161472140475,13.9709394453819,-0.0229541096179737,0.205903259090587,0.199141906993481,0.264622565372149,45.7266793668393,47.1236737632423
60.425,7.17291914535928,-1.20048008318273,-0.22731676092103,0.227251766870968,0.34506650543583,1.40820972869592,13.9972300476287,1.40215305457781,13.9914851908082,-0.022961521871256,0.205539030809577,0.199151106012489,0.266120970183034,45.8807211011829,47.1236737632423
60.525,7.19606162035732,-1.05301481559619,-0.227301529291568,0.227247975333671,0.321733522217485,1.42918864457966,14.0126434509926,1.42289613843992,14.012082957864,-0.0228162050649416,0.205704915004592,0.199158407862758,0.241344192468836,46.0347618211843,47.1236737632423
60.625,7.21614116894827,-0.905102128728966,-0.227318016466016,0.227277403226387,0.301424285409026,1.4501675604634,14.0438591540945,1.44369149964847,14.0327379101461,-0.0226757961384418,0.207107387207626,0.199173606693536,0.270159842644507,46.1888019131442,47.1236737632423
60.725,7.23315669368133,-0.756806178885175,-0.227358708987102,0.227332533948112,0.284115121637739,1.47114647634714,14.0586899939125,1.46422008410561,14.0533902191636,-0.0227995206988254,0.205704668746405,0.199180669417762,0.245460433444813,46.3428422696732,47.1236737632423
60.825,7.24715362754911,-0.608194728823391,-0.227370727895803,0.227360485747446,0.269734809621177,1.49212539223089,14.0739452039073,1.48455850995659,14.0738984181653,-0.0229692938495134,0.204728212359896,0.199187949582416,0.241695030678682,46.4968832735322,47.1236737632423
60.925,7.25811703940015,-0.459328115331163,-0.227363251532189,0.227350318363,0.258269625729474,1.50261485017273,14.1042965592941,1.50482610834707,14.0943686180089,-0.0231718953026974,0.20371668714389,0.199075799874565,0.241695030678682,46.6485399553815,47.1236737632423
61.025,7.26605285307337,-0.310268182634908,-0.227325773224042,0.227297157420215,0.249688024762164,1.52359376605648,14.1194279886447,1.52527989706771,14.1148042060568,-0.0231536946299169,0.204251742485427,0.199088468241826,0.241747935125819,46.8025825374495,47.1236737632423
61.125,7.27096298439792,-0.161076549472768,-0.227253037862881,0.227210236798413,0.243968190044954,1.54457268194022,14.1350559593746,1.5455575939667,14.1351909099535,-0.0232627016276066,0.203847803335676,0.199101324850635,0.241747935125819,46.9566254587459,47.1236737632423
61.225,7.27281645886648,-0.0118149359071963,-0.227173944258693,0.22711845069862,0.241129034127151,1.56555159782396,14.1660129236178,1.56603266795279,14.1556413765063,-0.0232380941943582,0.204372271495992,0.199123385752201,0.251922043592611,47.1106674791951,47.1236737632423
61.325,7.27159554838552,0.137453629257906,-0.227105437345031,0.227038744448322,0.24118888026676,1.58653051370771,14.1813096743102,1.58673560379188,14.1761685538015,-0.0230623356504598,0.205353052595842,0.199133350930676,0.246200700378732,0.141034553305854,47.1236737632423
61.425,7.26731506540061,0.286666628775077,-0.227033203990826,0.226956807749247,0.24414790187965,1.60750942959144,14.1970521514938,1.60720892860756,14.1966644252212,-0.0230848822544854,0.204970165760238,0.199143810714385,0.246200700378732,0.295074713693371,47.1236737632423
61.525,7.25995135268159,0.435759318317805,-0.226982756324302,0.226898152213158,0.25005438277144,1.62848834547517,14.228168671487,1.62786807709899,14.2172252010512,-0.0229865095930286,0.205508865005738,0.199161774655132,0.25681323253467,0.449113547271345,47.1236737632423
61.625,7.24949495310716,0.584666707090235,-0.22696677901813,0.226875464557098,0.258951242987012,1.64946726135891,14.2435328974263,1.6487115797722,14.2378584385823,-0.0227762444508812,0.20638556082594,0.199169167852045,0.250446336958899,0.603151234931364,47.1236737632423
61.725,7.23597047550536,0.733326773499704,-0.226965084703857,0.226868560010256,0.270852065471405,1.67044617724265,14.2593354450645,1.66929446009027,14.2584553470256,-0.0227902725761151,0.205974188486627,0.199176983644682,0.250446336958899,0.757188638969939,47.1236737632423
61.825,7.21936222704015,0.881673135658204,-0.226999348043792,0.226899113363696,0.28580823451934,1.69142509312639,14.2895649471172,1.6900423249497,14.279119371311,-0.0227064320020887,0.206569326548993,0.199191125740343,0.261480240060181,0.91122550094391,47.1236737632423
61.925,7.19971900701674,1.02964818949547,-0.22702748704978,0.226925043858067,0.303803857003235,1.71240400901013,14.3047770136687,1.71038754354878,14.2996778287239,-0.0229196708159609,0.205004644565562,0.199198278751666,0.2547273668992,1.06526302225664,47.1236737632423
62.025,7.17707130063021,1.17719356518571,-0.227026939122873,0.226923788018446,0.324833709159777,1.73338292489387,14.3196956305664,1.73067009932716,14.3201404496999,-0.0230997360135419,0.203321532263762,0.19907261110818,0.22114467243411,1.21930113475791,47.1236737632423
62.125,7.15144828266545,1.32425277365616,-0.226977385696193,0.226875026393531,0.348886455043328,1.7543618407776,14.3503211378193,1.7509470373538,14.3405052629675,-0.023187611254496,0.203931536835798,0.19896463867467,0.256051257473996,1.37334001912523,47.1236737632423
62.225,7.12283114434018,1.47076040089355,-0.226908520607006,0.226808452162688,0.375991540209422,1.77534075666133,14.365929382937,1.77135738989911,14.3609148078721,-0.0231868036138376,0.2044645343672,0.19898348736698,0.261503185640595,1.52737921155586,47.1236737632423
62.325,7.09121769891275,1.6166524792819,-0.226834685493405,0.226738406807845,0.406156885284551,1.79631967254508,14.3811796957513,1.79182295958389,14.3813891617315,-0.0231955877884609,0.20391347901425,0.199000922333207,0.226596600600708,1.68141848708482,47.1236737632423
62.425,7.05663591553489,1.76187142553012,-0.226740664288362,0.226649674312924,0.439356406841841,1.81729858842883,14.4122637932236,1.8123019391262,14.4018402027687,-0.0231676492832946,0.205022642074674,0.199032665069791,0.261503185640595,1.83545771412188,47.1236737632423
62.525,7.01906729056735,1.90634757247561,-0.226660554009864,0.226576353398014,0.475607334904511,1.83827750431256,14.4280001800238,1.83294218533483,14.4223732117143,-0.0230604120203353,0.205774567310179,0.199047812749142,0.265529913116308,1.98949617155129,47.1236737632423
62.625,6.97851683301388,2.05001615554589,-0.226605783634628,0.226529873550014,0.514901848023241,1.85925642019629,14.4433475132124,1.85359791883591,14.4429713607358,-0.0230028275406813,0.20515574412631,0.199061868246764,0.231406875128408,2.14353406931023,47.1236737632423
62.725,6.93501819359033,2.19282069152009,-0.226559278402858,0.226493159485269,0.557202541648432,1.88023533608004,14.4745345386869,1.87426268839244,14.463542927561,-0.0229096248094116,0.206230227558852,0.199087949177744,0.266313460168294,2.29757180140531,47.1236737632423
62.825,6.88856338376341,2.33469124984733,-0.226549049849885,0.226494223851023,0.602513105303759,1.90121425196378,14.4903069758254,1.89502844439886,14.4841821523022,-0.0227830935441773,0.206777553138859,0.199099761048567,0.269826919713797,2.45160917870868,47.1236737632423
62.925,6.83916667620686,2.4755642645035,-0.226581322883635,0.226539290067595,0.650814984735927,1.9221931678475,14.5057001394115,1.91579056727126,14.5048778690781,-0.022716687447712,0.206090930654609,0.199110418183027,0.234924297119944,2.6056467361579,47.1236737632423
63.025,6.78687049425144,2.61538673025623,-0.22663359547031,0.226605852626555,0.702061586159612,1.94317208373125,14.5369927783834,1.93652144194306,14.5255402258987,-0.0226481695964758,0.20711138654193,0.199131455791955,0.269830882159831,2.75968518701774,47.1236737632423
63.125,6.73167729477009,2.75409051306697,-0.226727438416139,0.226715480384028,0.756246539661279,1.96415099961499,14.5517928922222,1.95725181686639,14.5462570063146,-0.022634575089036,0.206573371515293,0.199140451831636,0.245289287241296,2.91372476342603,47.1236737632423
63.225,6.67366500358148,2.89163942726472,-0.226803786687721,0.226792574977736,0.813288187305105,1.97464045755685,14.5670195627129,1.97757097798122,14.5668210660768,-0.0228794737364222,0.204943249137789,0.199150415002898,0.238730255600194,3.06538739251555,47.1236737632423
63.325,6.61286779032641,3.02798126005496,-0.226851374845934,0.226824328953987,0.873148972483026,1.99561937344059,14.59740714433,1.99776628317284,14.5872859881442,-0.0231490906121827,0.203476763324131,0.199042841716845,0.239217938273157,3.21943063154507,47.1236737632423
63.425,6.54931739644077,3.16306309343599,-0.226862678844946,0.226821301928966,0.935794116465203,2.01659828932433,14.6125624597666,2.01822051547511,14.6077023619769,-0.0231112321425968,0.204451802705018,0.19905741656478,0.252003500331226,3.37347586631652,47.1236737632423
63.525,6.48301907452566,3.29681846396159,-0.226861179313185,0.226806968034413,1.00121576047024,2.03757720520807,14.6281445024287,2.03867564209226,14.6281571755239,-0.0231109190724457,0.204575240321728,0.199071211235897,0.242793872290254,3.5275219644848,47.1236737632423
63.625,6.41399482623543,3.42918850461507,-0.226853264840655,0.226787713974491,1.06938958641858,2.0585561210918,14.6590757331801,2.05904486891899,14.6486340615598,-0.0232185782816092,0.204046835388002,0.199097083210414,0.24491784211749,3.68156867591377,47.1236737632423
63.725,6.34227302784419,3.56011703793566,-0.226839718284787,0.226764320635757,1.14028519041653,2.07953503697555,14.674407766409,2.07970642880766,14.6691316622728,-0.0230546191059346,0.205371265523171,0.199108618573158,0.254033568571183,3.83561558120223,47.1236737632423
63.825,6.26786840307188,3.68953995888936,-0.226838416034733,0.226754663634747,1.21388616987881,2.10051395285929,14.6901233621769,2.10032866720144,14.6896743494789,-0.0229750679182885,0.205617109313205,0.199119725632324,0.249036213447797,3.98966243557368,47.1236737632423
63.925,6.19080303485147,3.81739631579956,-0.226860591999752,0.226769977186072,1.29016901922825,2.12149286874304,14.7212091123223,2.12088834007583,14.7102586029891,-0.0229996485541157,0.205121165211953,0.199140847943919,0.249036213447797,4.14370938172202,47.1236737632423
64.025,6.11111500815155,3.94363427348935,-0.226900390762204,0.226804405890417,1.3690944189849,2.14247178462676,14.7365998152455,2.141690783187,14.7308582557977,-0.0227968582515317,0.206335363726709,0.199149541002916,0.256887329811729,4.29775656626391,47.1236737632423
64.125,6.02882959350889,4.06819391962811,-0.226968442577217,0.226868579824328,1.45063612894043,2.1634507005105,14.7523701184236,2.1624096353333,14.7514903158278,-0.022710066135339,0.206530762364315,0.199157833164639,0.253516734045933,4.45180415572371,47.1236737632423
64.225,5.94397387714564,4.19101576820277,-0.22707496109619,0.22697271229119,1.53476627063242,2.18442961639424,14.7825451736357,2.18306605695753,14.7721705951767,-0.0227339238600166,0.206117637648977,0.199174597208858,0.253516734045933,4.60585256457064,47.1236737632423
64.325,5.85663496465627,4.31208432562071,-0.227157066146817,0.227053922085389,1.62139681857634,2.20540853227798,14.7977760941235,2.20334845172753,14.7926815139565,-0.0229624478698067,0.204732706547405,0.199182804203878,0.259180277486982,4.75990296176485,47.1236737632423
64.425,5.76684576017351,4.43134648909847,-0.22721912002867,0.227116569201172,1.71049429308998,2.22638744816171,14.8126666631553,2.22373615964173,14.8131516465059,-0.0230448725050074,0.203644206794589,0.199057303963602,0.224273692447095,4.91395452458186,47.1236737632423
64.525,5.67465705381016,4.54876459718609,-0.227243161017208,0.22714268998223,1.80200733118421,2.24736636404544,14.8431943845172,2.24406370289622,14.8335509013775,-0.023116584122107,0.204242725339845,0.199083760554911,0.256735858090915,5.06800769210697,47.1236737632423
64.625,5.58010240045189,4.66428655360562,-0.227234923794451,0.227138018242493,1.89590197143144,2.26834527992918,14.8588141453806,2.26430961493994,14.8539277013958,-0.0232474720967044,0.20380238320533,0.199096438288535,0.258978210787085,5.2220614571009,47.1236737632423
64.725,5.48321027707042,4.77785497382888,-0.227208713739126,0.227116860475921,1.99214942909825,2.28932419581292,14.8740931259541,2.28479379492031,14.8743532493105,-0.0231888400310307,0.203978931674489,0.199107267343944,0.234266116393658,5.37611471124221,47.1236737632423
64.825,5.38400969259267,4.88941230257917,-0.227179843104578,0.227094530361774,2.09072045051311,2.31030311169666,14.905090705672,2.30538185758129,14.8948394492195,-0.0230869772790037,0.20546530636893,0.199128707377527,0.263653470592564,5.53016711773491,47.1236737632423
64.925,5.28253977987619,4.99890952643724,-0.227151659804852,0.227074376386177,2.19157566591985,2.33128202758041,14.9208452072963,2.32583006985165,14.9153410850138,-0.0231404008030118,0.205089140024893,0.199139048135964,0.263653470592564,5.68421888985867,47.1236737632423
65.025,5.17883588559438,5.10629270861756,-0.227134927966765,0.227067164448304,2.29467957681218,2.35226094346415,14.9362280105533,2.3465112230825,14.9358934260733,-0.023011588631622,0.205264492412724,0.199147680850375,0.239138218952102,5.83826974893571,47.1236737632423
65.125,5.07293263849241,5.21150655878913,-0.227143190809842,0.227086438213928,2.39999746798566,2.37323985934788,14.967339787507,2.36726982715321,14.9565006403243,-0.0228601988118786,0.206612247998728,0.19916531619505,0.267492464659513,5.99231995249269,47.1236737632423
65.225,4.96487691108146,5.31450783349312,-0.227174121811421,0.227129869504166,2.50748236364301,2.39421877523163,14.9831304835767,2.38785456524161,14.977108935582,-0.0228837559812121,0.206113216107504,0.199173438075728,0.26749588891934,6.14637015962895,47.1236737632423
65.325,4.8547108016338,5.41524717636101,-0.227234436021896,0.227204173435674,2.61709214268107,2.41519769111535,14.998556430793,2.40864637023873,14.9977595126133,-0.0227425280153568,0.206230532949259,0.199179786238132,0.243124671320642,6.30042040155663,47.1236737632423
65.425,4.74249529997642,5.51369769732232,-0.227302840915493,0.227288053260709,2.72876570445865,2.4361766069991,15.0284967350248,2.42902320300719,15.018344257574,-0.0229504402076,0.20463291306744,0.199195157349798,0.243124671320642,6.45447151631905,47.1236737632423
65.525,4.6283000588874,5.60984425721717,-0.227344774751822,0.227336486066092,2.84243324933873,2.44666606494097,15.0433806129599,2.44943876679866,15.0388162501636,-0.0230068690057692,0.20418833161804,0.199068786020016,0.237461823499532,6.60613861899587,47.1236737632423
65.625,4.51218641605325,5.70366624880883,-0.227336462408253,0.227312121180784,2.95803334859917,2.46764498082469,15.0588157879442,2.46959262765094,15.0591598342763,-0.0231965922662329,0.203160662202395,0.199082245681313,0.237461823499532,6.76019138379748,47.1236737632423
65.725,4.39418653753809,5.79510442102299,-0.227303761517245,0.227264852595398,3.07553398051553,2.48862389670844,15.0895294943634,2.48997029117851,15.0795389336436,-0.0231980281059023,0.203765892093753,0.19910548541381,0.251360039204749,6.91424370019567,47.1236737632423
65.825,4.27434003000716,5.88410767395826,-0.227262839146727,0.227210845201134,3.19489564979498,2.50960281259218,15.1047694050248,2.51051420565194,15.0999884272812,-0.023103607270075,0.204538063065442,0.199115420608777,0.24467578044265,7.06829476400357,47.1236737632423
65.925,4.15270564893099,5.97065139040676,-0.227198460536025,0.227134866222818,3.31605957502939,2.53058172847592,15.1204893807257,2.53087855275788,15.120414546569,-0.023165379451914,0.204362134175955,0.199125737573232,0.24467578044265,7.22234468347884,47.1236737632423
66.025,4.02931839275232,6.0546759405906,-0.227138977284193,0.2270652665364,3.43899093739561,2.55156064435966,15.1516029726027,2.55141952853188,15.140918522094,-0.0231283792029942,0.204925699061604,0.199144934185023,0.254022332191459,7.3763925950823,47.1236737632423
66.125,3.90422214037313,6.13613282151213,-0.227099854623459,0.227017514268818,3.56364598695912,2.57253956024338,15.1669668478062,2.57219513881387,15.1615077315044,-0.0229419783313869,0.206043870050386,0.199152750200799,0.249299180359826,7.53043857653747,47.1236737632423
66.225,3.77747685040672,6.21499878452534,-0.227067905788607,0.226978426814584,3.68996476802142,2.59351847612713,15.1827596856845,2.59274129254151,15.1820769213594,-0.0229650144587481,0.205747313131448,0.199161294286181,0.249299180359826,7.68448348539303,47.1236737632423
66.325,3.64912531071523,6.29122118001503,-0.227065278089445,0.22697015269938,3.81790466992857,2.61449739201086,15.2139654212427,2.61342512833069,15.2027058978465,-0.0229101551566497,0.206037098605476,0.1991773322958,0.256960312744631,7.83852717237333,47.1236737632423
66.425,3.51921735855719,6.36475746634954,-0.227103161585306,0.227003884087503,3.94741599010701,2.63547630789461,15.229361452337,2.63434056098925,15.2234040308266,-0.0226928554782173,0.207130068805531,0.199183399006961,0.253674494133011,7.99257013201965,47.1236737632423
66.525,3.38782187594598,6.43560102764797,-0.227153401163905,0.227051467607901,4.0784297983183,2.65645522377835,15.2441400755878,2.6547165635171,15.2440215657191,-0.022934387842799,0.204578418571196,0.199190860583974,0.223579403516929,8.1466137554368,47.1236737632423
66.625,3.25501409790919,6.50375994346602,-0.227173164455192,0.227070070000461,4.21087074228796,2.67743413966209,15.27423197876,2.67512232349703,15.2644916759823,-0.0229987381260841,0.204866108653307,0.199071872286854,0.258485988556815,8.3006580212656,47.1236737632423
66.725,3.12084526452629,6.5691999367801,-0.227169534871046,0.227066773845352,4.34468770295112,2.69841305554583,15.2896250832155,2.69539671858436,15.2849053691891,-0.0231380362455802,0.203973716383438,0.199085075681673,0.25776519480877,8.45470288225294,47.1236737632423
66.825,2.98537139143466,6.63189412345845,-0.227142101652253,0.227041168136995,4.47982475166458,2.71939197142956,15.3047133395197,2.71575808188361,15.3053092067105,-0.0231805104676805,0.203074417655004,0.199096391680396,0.222858609768884,8.60874761078401,47.1236737632423
66.925,2.84865461660128,6.69182987707138,-0.227076225592016,0.226978614760704,4.61621976501018,2.7403708873133,15.335599799378,2.73610566826739,15.3256653472067,-0.0231890645801727,0.204012283850976,0.199118290616548,0.25776519480877,8.76279143163928,47.1236737632423
67.025,2.71073846043719,6.74894984881713,-0.227007007927053,0.226914218273161,4.75382948057084,2.76134980319704,15.3512866346487,2.75664322906586,15.3461090290541,-0.023095185629046,0.204929603933004,0.199127470555056,0.262176942223637,8.91683308488007,47.1236737632423
67.125,2.57167731110061,6.80322057399874,-0.22694463303699,0.226858166061547,4.89259964211177,2.78232871908077,15.366613780638,2.77717206791727,15.3666244603986,-0.0230817781221209,0.204423363830132,0.199136015391968,0.230123586591594,9.07087253289656,47.1236737632423
67.225,2.43153436721867,6.85463169617806,-0.226875838457422,0.226797198011537,5.03246706182596,2.80330763496451,15.3978088806737,2.79774820687607,15.3871350657812,-0.023016244545925,0.205711519562072,0.1991538093852,0.265030171631481,9.22491000356556,47.1236737632423
67.325,2.29035953819365,6.90313463739574,-0.226829120926181,0.226759814027876,5.17338204845607,2.82428655084825,15.4136014524055,2.81841685415634,15.4077230259268,-0.0229355574112855,0.206322481283857,0.199161325869147,0.269343621253429,9.3789453663093,47.1236737632423
67.425,2.14820956960861,6.94869721878825,-0.226816557149577,0.226758091844355,5.31528799000855,2.845265466732,15.4290018361693,2.8391470126942,15.4283865441258,-0.0228689170724437,0.205869506703629,0.199168067345751,0.234437036213542,9.53297918674386,47.1236737632423
67.525,2.00514998492043,6.99131566612911,-0.226821794738648,0.226775677594337,5.45811934904545,2.86624438261572,15.4602648100023,2.85987227026706,15.4490332198822,-0.0227903352560119,0.207008946692954,0.199183020676896,0.269343621253429,9.68701237517666,47.1236737632423
67.625,1.86123665637511,7.03095236872209,-0.226864974285634,0.226832711168613,5.60182042273417,2.88722329849946,15.4760827051566,2.88061992809995,15.4697259434933,-0.0227354010342111,0.207270246856464,0.19918935065243,0.273854861416133,9.84104535326664,47.1236737632423
67.725,1.71652888433766,7.06757808170248,-0.226958589989554,0.226941683704326,5.74633203861158,2.9082022143832,15.4915036368967,2.90147781359414,15.4904887528759,-0.0226403249225893,0.20690235531856,0.199194642958987,0.238948276376247,9.99507889088654,47.1236737632423
67.825,1.57109967125299,7.10122892634483,-0.227049674212822,0.227043534753892,5.89158097904425,2.91869167232508,15.5215384606269,2.92174348463791,15.5110952536794,-0.0229811546823573,0.20447325818124,0.199082533838268,0.238948276376247,10.146733635402,47.1236737632423
67.925,1.42501533270512,7.13191748136107,-0.227110913853536,0.227088466512982,6.03750084085356,2.93967058820881,15.5364531530849,2.94221155080046,15.531574447092,-0.0229922819323374,0.204595737167841,0.198962251714855,0.244505057645059,10.3007721340335,47.1236737632423
68.025,1.27833505899977,7.15962785977962,-0.227145566313009,0.227108323090437,6.18403249890769,2.96064950409254,15.551852560832,2.96255771370458,15.5519956662835,-0.0230673382197146,0.204191328845933,0.198980887637865,0.243196446852579,10.4548136172702,47.1236737632423
68.125,1.13111772615502,7.18433395343624,-0.227168249923634,0.227117714867565,6.33111719766567,2.98162841997629,15.5824862605637,2.9828890204112,15.572432242966,-0.0231726081956616,0.203594892204734,0.199013361813142,0.243196446852579,10.6088569891059,47.1236737632423
68.225,0.983426040760331,7.206029937764,-0.227174260193188,0.227111932148038,6.4786922451016,3.00260733586003,15.5977221147537,3.00345065592809,15.5928764455883,-0.0230551753010229,0.204569915106948,0.19902803389281,0.245328778689548,10.7629014496821,47.1236737632423
68.325,0.835321899515554,7.22470823431007,-0.227162056891547,0.227089431715261,6.62669576951087,3.02358625174377,15.6134196918103,3.02384143900579,15.6133058698418,-0.0230938164768784,0.204412842691273,0.199042429229881,0.245328778689548,10.9169464547189,47.1236737632423
68.425,0.686865167639581,7.24033676409359,-0.227155974723384,0.227074545289414,6.77506806052342,3.04456516762751,15.6445000976251,3.04436956907748,15.6338066098548,-0.0230664264181506,0.204787988389618,0.199068354236603,0.252804436802231,11.0709910303041,47.1236737632423
68.525,0.538117947458609,7.25289578631689,-0.227169174760744,0.227080434174793,6.92374710655363,3.06554408351123,15.6598580192902,3.06515440986633,15.65439003611,-0.0228650118845195,0.206059944831157,0.199079219155539,0.250383072140933,11.2250350024279,47.1236737632423
68.625,0.389144040772547,7.26239020743151,-0.227191422190059,0.227096865297234,7.07266906810395,3.08652299939497,15.6756431437366,3.08571048488675,15.674965966669,-0.0228848674230822,0.205858670255565,0.199090483689013,0.250383072140933,11.3790790119837,47.1236737632423
68.725,0.240006310944956,7.26879909582871,-0.227239635130712,0.227140756604531,7.22177118070539,3.10750191527871,15.7068714749011,3.10633406463742,15.6955935282498,-0.0228888492532082,0.205807228245118,0.199111842109363,0.254090533930705,11.5331229491571,47.1236737632423
68.825,0.0907687843506063,7.27211375883155,-0.22731978610364,0.227218080924889,7.370989453424,3.12848083116246,15.7222948722779,3.12721990314074,15.7162780565472,-0.0226875390472365,0.207061752744527,0.199120314575738,0.254090533930705,11.6871671736468,47.1236737632423
68.925,-0.0585050098539641,7.27235396928041,-0.227410702460468,0.227307665439986,7.52026024427984,-3.13372556013339,15.7370887573567,-3.13558779991631,15.7368977387082,-0.0229296170857474,0.204715685018125,0.199130056398213,0.225371319471519,11.8412128724534,47.1236737632423
69.025,-0.207752615119035,7.26955736539478,-0.227474617586111,0.227371741572823,7.66952089158948,-3.11274664424966,15.7671717179088,-3.11515317992995,15.7573908820419,-0.0229881404331032,0.2051491116793,0.199015505373107,0.259811930304242,11.9952600659011,47.1236737632423
69.125,-0.356912632153042,7.26371745790447,-0.227519134761748,0.227417910496636,7.81871002273224,-3.09176772836591,15.782544703434,-3.0948632177719,15.7778335221948,-0.0231408184279722,0.204061702814733,0.199030898191725,0.252575547868255,12.1493089142852,47.1236737632423
69.225,-0.505923804108992,7.25484919352486,-0.227531662746659,0.227433579346738,7.96776629607009,-3.07078881248218,15.7976405164767,-3.07454805357898,15.7982247880405,-0.0232169200807313,0.20310905328972,0.199044692710216,0.22625478338287,12.3033588947711,47.1236737632423
69.325,-0.654723776581648,7.24295211004978,-0.227516346385103,0.227422893369779,8.11662735356379,-3.04980989659844,15.8284495916947,-3.05409478673348,15.8186075498543,-0.0231464150490091,0.20447282818922,0.199070130176522,0.261161368422757,12.4574088036922,47.1236737632423
69.425,-0.803248934088024,7.22801461219108,-0.22748983609089,0.227402504721579,8.26522963455796,-3.0288309807147,15.844133046558,-3.03371532554531,15.8390209679815,-0.0231803719880475,0.20431132791679,0.19908170764652,0.262163557248638,12.6114578411658,47.1236737632423
69.525,-0.951435304120786,7.21003241137398,-0.227462855990995,0.227383140422409,8.41350918351518,-3.00785206483096,15.8594588225992,-3.0131382723534,15.8594962676461,-0.0230786184607616,0.204379125600305,0.199091416150163,0.234369020610167,12.7655053312149,47.1236737632423
69.625,-1.09921913762704,7.18900513689773,-0.227443532644966,0.227372929467692,8.56140224811428,-2.98687314894723,15.8905461955587,-2.99246613369983,15.8800237256765,-0.0229339378375535,0.206019667922213,0.199111588275913,0.2675672513979,12.9195511700629,47.1236737632423
69.725,-1.24653637353646,7.16493270593153,-0.227441054822808,0.227381062001029,8.70884476264153,-2.96589423306347,15.9063290580284,-2.97191378668598,15.900589930521,-0.0229477956681876,0.205824556516559,0.199120380008756,0.2675672513979,13.0735956328732,47.1236737632423
69.825,-1.39332301139225,7.13782032848595,-0.227460687227437,0.227412804223094,8.855772694564,-2.94491531717975,15.9217462784433,-2.95121504314734,15.9212079756896,-0.0228670972981568,0.205582799561347,0.199127731572315,0.235919548131397,13.2276388459237,47.1236737632423
69.925,-1.53951706159442,7.1076827316279,-0.227499288661305,0.227465014417481,9.00212397277656,-2.923936401296,15.9530050901374,-2.93047027291885,15.9418428006441,-0.0227571520242158,0.207026648090041,0.199144350465351,0.270826133171284,13.381681342137,47.1236737632423
70.025,-1.68505414062129,7.07452349131777,-0.22756642615198,0.227547257780908,9.14783419047214,-2.90295748541228,15.9678107705787,-2.90989702921982,15.9625017647047,-0.0228428723857554,0.205779360177798,0.199151318511902,0.242997240422809,13.5357237572992,47.1236737632423
70.125,-1.82988651307229,7.03841231746334,-0.227604754873158,0.227601064736982,9.292855245628,-2.8924680274704,15.9830396446058,-2.88956871557407,15.9830030804211,-0.0230158744563589,0.204699110936297,0.199158782239486,0.242324803530405,13.6873792609931,47.1236737632423
70.225,-1.97395076776436,6.99935027329215,-0.22762859296966,0.227608401519758,9.4371237181614,-2.87148911158666,16.0132980892444,-2.86925504629663,16.0034725942715,-0.0231717190294134,0.203772923305701,0.199047348904046,0.242324803530405,13.8414222780339,47.1236737632423
70.325,-2.11719243210333,6.95737055710588,-0.227620137572609,0.227584943275058,9.58058495996223,-2.85051019570293,16.0284008630069,-2.84885364763417,16.0238797072905,-0.0231774333859178,0.203929421809085,0.199059833256816,0.243558448746674,13.9954660046435,47.1236737632423
70.425,-2.25955215530201,6.91249065862575,-0.227579285539223,0.227530582110574,9.72317952689885,-2.82953127981919,16.0439906647172,-2.82851426951594,16.0442496804491,-0.0232080284262466,0.203854616313837,0.19907164951097,0.243558448746674,14.1495094151824,47.1236737632423
70.525,-2.40096253088256,6.86470545339633,-0.227531228214779,0.22747050597559,9.86484003675482,-2.80855236393545,16.0749033250511,-2.80812622710594,16.0646725409981,-0.0232428465652745,0.203672348646006,0.199093728723283,0.245281727761145,14.3035513035707,47.1236737632423
70.625,-2.54136301854605,6.81403253774197,-0.227478744105336,0.227407494034347,10.0055058555575,-2.7875734480517,16.0902220862016,-2.78747087385929,16.0851392682725,-0.0230542205930035,0.205020119128608,0.199102512939696,0.250561493306244,14.4575911889075,47.1236737632423
70.725,-2.68069165329517,6.76048577772643,-0.227429911586431,0.227349626995158,10.1451149438218,-2.76659453216798,16.1059585568246,-2.76690956500544,16.1056385924563,-0.0229922359229704,0.205323140699345,0.199111134420783,0.250561493306244,14.6116289113433,47.1236737632423
70.825,-2.81888176040126,6.70406962913575,-0.227404591796455,0.227316768626866,10.2836006007305,-2.74561561628423,16.1370888133142,-2.74633581311263,16.126211236577,-0.022991128150835,0.20515215815455,0.19912872891658,0.250561493306244,14.7656643201315,47.1236737632423
70.925,-2.95587583727149,6.64481223815149,-0.227398564086356,0.227304701905133,10.4209051742366,-2.72463670040049,16.1525016451925,-2.72553807535593,16.1468220441771,-0.022804197994283,0.206320708352132,0.199135088238082,0.252367711021488,14.9196977709651,47.1236737632423
71.025,-3.09161726595597,6.58274240309794,-0.227407967945629,0.227309569589906,10.5569718932119,-2.70365778451676,16.1683295826892,-2.7049309758775,16.1674300214671,-0.0228050758058167,0.206227285081855,0.199141838765564,0.252367711021488,15.0737298384704,47.1236737632423
71.125,-3.22603949424673,6.51786918556489,-0.227452335077071,0.227350905344503,10.691734154244,-2.68267886863303,16.1985891061175,-2.68423657503536,16.1881050983468,-0.0227857518434398,0.206407151442995,0.19915609875407,0.257669050651328,15.2277606584869,47.1236737632423
71.225,-3.35910973016038,6.45026746217937,-0.22747853128586,0.227375576980897,10.825158773759,-2.66169995274928,16.213829421772,-2.66394853678596,16.2086371789978,-0.0230297942449802,0.204874860202783,0.199163035041273,0.258677856224039,15.3817916169488,47.1236737632423
71.325,-3.49077340952903,6.3799669927971,-0.22748476619984,0.22738179406574,10.9571910304646,-2.64072103686554,16.2287281687635,-2.64355888765661,16.2291164256041,-0.023119391721913,0.203695999764454,0.199036567820586,0.223771271184152,15.5358222586623,47.1236737632423
71.425,-3.62098340978357,6.30700844493594,-0.227457364963678,0.227355881865297,11.087783588817,-2.6197421209818,16.2592335551122,-2.62317936687065,16.2495266580688,-0.0231501034006882,0.204478289541766,0.199061367303547,0.258677856224039,15.6898530439461,47.1236737632423
71.525,-3.74968112636414,6.23141395614086,-0.227405659450093,0.227307173039863,11.216877727693,-2.59876320509807,16.2748268965797,-2.60290122076981,16.2699174551105,-0.0232627543415127,0.203882586236321,0.199073049355213,0.258677856224039,15.8438830771704,47.1236737632423
71.625,-3.87680742627509,6.15320662242274,-0.227339719287809,0.227245739813367,11.3444141931517,-2.57778428921434,16.290081804694,-2.58239989544969,16.2903430290315,-0.0231870029424677,0.20392178952329,0.199082786581621,0.233591436549245,15.9979113410116,47.1236737632423
71.725,-4.00230136417968,6.0724073835076,-0.227273713318216,0.227185754307104,11.4703319301215,-2.55680537333058,16.3210490929681,-2.56179406770197,16.3108204404941,-0.0230585866572746,0.205402514059911,0.199102394469054,0.264014638321951,16.1519373965887,47.1236737632423
71.825,-4.12610779125049,5.98904681316955,-0.227211866460403,0.227131444228334,11.5945756300201,-2.53582645744685,16.3367970613975,-2.54133026416791,16.3313157830529,-0.0230901256820104,0.205042308811184,0.199111213696512,0.264014638321951,16.3059613267577,47.1236737632423
71.925,-4.24816912772645,5.90315352380333,-0.227162695112744,0.227091329868636,11.717087563016,-2.51484754156311,16.3521832706557,-2.52065505801845,16.3518622099032,-0.0229613463828819,0.205175321450235,0.19911824102913,0.238754666226025,16.4599828038532,47.1236737632423
72.025,-4.36842681144515,5.81475522603259,-0.227137348634572,0.227076563341982,11.8378090204081,-2.49386862567938,16.3833425677622,-2.49990029632334,16.3724649822621,-0.0228093570467038,0.206651254758331,0.199133788661423,0.268811681600363,16.614002030497,47.1236737632423
72.125,-4.48682921805422,5.72388927852207,-0.227136402711452,0.227087720982632,11.9566881804264,-2.47288970979564,16.3991638009486,-2.47930847613397,16.3930850215863,-0.0228375761815123,0.206285358538309,0.199140327574684,0.268811681600363,16.7680196614286,47.1236737632423
72.225,-4.60332193150076,5.63059049057146,-0.227165471595708,0.227130418430898,12.0736704420395,-2.4519107939119,16.414622569392,-2.45853029479335,16.4137546910641,-0.0227290643186961,0.206339915868624,0.19914537823749,0.242340641797879,16.9220359233492,47.1236737632423
72.325,-4.71787298748317,5.53491930618743,-0.227197427949132,0.227177525090419,12.1887235237286,-2.43093187802816,16.4446576434778,-2.43819864725667,16.4343442781486,-0.0229870038665467,0.204614012098216,0.199159478511964,0.242340641797879,17.0760518655904,47.1236737632423
72.425,-4.83044952202651,5.43693369804595,-0.227208883668271,0.227205654011754,12.3018142578886,-2.40995296214442,16.4595557201842,-2.41768766285219,16.4548522884716,-0.0229840297850004,0.204817731341085,0.19903207152985,0.241665461391351,17.2300672994387,47.1236737632423
72.525,-4.94101421216896,5.33668291058506,-0.227187206246387,0.227167496091107,12.4129050636634,-2.39946350420256,16.4749726388974,-2.39743743352714,16.4752703035793,-0.0231518155676333,0.203892217631113,0.199044803803215,0.239256684117618,17.381699776442,47.1236737632423
72.625,-5.04951584544484,5.23420268952131,-0.22714031013999,0.227105428075526,12.5219445409335,-2.37848458831882,16.5056981775068,-2.37717832070913,16.4956703077495,-0.0232927069198894,0.203231409883674,0.199067888443766,0.241852045838982,17.5357150105695,47.1236737632423
72.725,-5.15590662147956,5.12953319055661,-0.227071852242826,0.227023313520825,12.6288846799601,-2.35750567243508,16.5209624885533,-2.35662940406922,16.5160841129639,-0.0231575954943573,0.204527945872979,0.199077540927593,0.251295087353828,17.6897287554554,47.1236737632423
72.825,-5.26012899258045,5.02270523333581,-0.227000283269333,0.226939603208085,12.7336677720577,-2.33652675655133,16.5366405896552,-2.33610946070562,16.5365455446269,-0.02309908379371,0.204843785999197,0.199086778203101,0.246754240051577,17.8437403804616,47.1236737632423
72.925,-5.36212933242496,4.91375476545767,-0.226938961296274,0.226867657707268,12.8362400036665,-2.31554784066761,16.5676897588754,-2.31563955904237,16.5570573531494,-0.0231409906529869,0.204429506178921,0.199105363848962,0.246754240051577,17.9977497369308,47.1236737632423
73.025,-5.46186745953641,4.80273101048221,-0.226883659352739,0.226803252998334,12.9365609376966,-2.29456892478386,16.5830735221115,-2.29491313549102,16.5775919996348,-0.0229492135870686,0.20575577141876,0.199112501510946,0.256030531393449,18.1517567994311,47.1236737632423
73.125,-5.55928923756029,4.68967095315606,-0.226850030713702,0.226762045453282,13.0345762437901,-2.27359000890012,16.5988409954113,-2.27423565386253,16.5981746848921,-0.0228544172159104,0.206057968390185,0.199119292162819,0.251540250885024,18.3057615545699,47.1236737632423
73.225,-5.65434495640247,4.57461640464085,-0.226848541684066,0.22675450508899,13.1302359915075,-2.2526110930164,16.6300365489102,-2.25362733587655,16.6188071873343,-0.0228786016720548,0.205635784126051,0.199134088770998,0.251540250885024,18.4597643921768,47.1236737632423
73.325,-5.74699947912122,4.45762156489097,-0.226871853954403,0.226773296687016,13.2235047587856,-2.23163217713265,16.6454857885921,-2.23278701334144,16.639462155438,-0.0226932472407029,0.206893489172444,0.199139087602005,0.258944353663812,18.6137657928594,47.1236737632423
73.425,-5.83721868300665,4.33874026347152,-0.22691337690037,0.226811832109968,13.3143481388764,-2.21065326124891,16.6602859855098,-2.21235185470723,16.6600899677455,-0.0228859009139626,0.204753798861655,0.199144924904558,0.224037768623926,18.7677665740209,47.1236737632423
73.525,-5.92500314751214,4.21805090729656,-0.22692528880845,0.226822290586491,13.4027663020566,-2.18967434536517,16.6904235345605,-2.19196132487476,16.6805777037919,-0.0229831071279065,0.20502091757045,0.199024798387211,0.258944353663812,18.9217671623085,47.1236737632423
73.625,-6.01031265758092,4.09559966886584,-0.22691297388163,0.226810056573253,13.4887187893112,-2.16869542948142,16.705844113348,-2.17169420907336,16.7010089063694,-0.0231471939040055,0.204162783230758,0.199037259108863,0.258929833371112,19.0757677019838,47.1236737632423
73.725,-6.09310960883549,3.97143540047604,-0.226879359900751,0.226778058035793,13.5721677392577,-2.1477165135977,16.7209497643956,-2.15131208611171,16.7214377100854,-0.0231938746584035,0.203352085094321,0.198916070206368,0.224023248331225,19.2297680170475,47.1236737632423
73.825,-6.1733700598516,3.8456151801134,-0.226812665042183,0.226714513011828,13.6530889129176,-2.12673759771396,16.7518320608805,-2.13092936048534,16.7418249031348,-0.0231983420813506,0.20433297096537,0.198949561205777,0.258929833371112,19.3837684534341,47.1236737632423
73.925,-6.25103696803668,3.71817707986163,-0.226740484970333,0.226647018770099,13.7314250675966,-2.10575868183022,16.7675259482432,-2.11044355482829,16.7622683096787,-0.0231559429682129,0.204873073183714,0.19896516027067,0.265245962592853,19.5377678971207,47.1236737632423
74.025,-6.32606156458989,3.58916577882679,-0.226681231591537,0.226593989466467,13.8071272013175,-2.08477976594648,16.7828332279196,-2.08984215744378,16.7827951413968,-0.0230813773017999,0.204563484966734,0.198979090558594,0.230339377552966,19.691765920517,47.1236737632423
74.125,-6.39842312048113,3.45864211627736,-0.226622262167662,0.226542783747907,13.8801742701092,-2.06380085006275,16.8139579219649,-2.06923584115191,16.8033155280243,-0.0229954476374239,0.205777889605054,0.199006203410924,0.265245962592853,19.8457627320369,47.1236737632423
74.225,-6.46807389269134,3.32665250464042,-0.226582868558568,0.226512695894051,13.9505182884675,-2.04282193417901,16.8297394274794,-2.0486220413321,16.8238804734746,-0.0229465932679211,0.205992155572306,0.199018368784419,0.269977978096023,19.9997581018077,47.1236737632423
74.325,-6.53497127509752,3.19324738083382,-0.226577256782623,0.226517933836232,14.0181163858211,-2.02184301829527,16.8451277644935,-2.02787097595627,16.8445201675331,-0.0228352219505688,0.205710070390753,0.199028796268631,0.235071393056136,20.1537520927005,47.1236737632423
74.425,-6.59909817043005,3.0584896154346,-0.226592587329205,0.226545657480964,14.082951135941,-2.00086410241153,16.8763633424519,-2.00713387771622,16.8651559870209,-0.0227339431983395,0.206940317599191,0.199050568105789,0.269977978096023,20.3077453511624,47.1236737632423
74.525,-6.66041412185216,2.92243119035862,-0.226643117724212,0.226610124200095,14.1449818065326,-1.97988518652779,16.8921924263504,-1.98643394902843,16.8858303544878,-0.022708381977445,0.207023605548073,0.199059806899913,0.273521922898776,20.4617382022378,47.1236737632423
74.625,-6.71888380889961,2.78512731385824,-0.226738435069688,0.2267209194083,14.2041727841107,-1.95890627064405,16.9076379145928,-1.96561358880947,16.9065714402143,-0.0226291074850025,0.206692930120739,0.199067653002605,0.238615337858889,20.6157311829988,47.1236737632423
74.725,-6.77452572107954,2.64665393622773,-0.226831790497492,0.22682608871437,14.2605421617879,-1.94841681270219,16.9377109930839,-1.94530304348372,16.9271823832949,-0.0229295052398442,0.204844125325147,0.199086942666607,0.243798730316863,20.7673463172728,47.1236737632423
74.825,-6.8273285243565,2.50707406032952,-0.226910207933011,0.226887953414477,14.3140782754471,-1.92743789681845,16.9526110981814,-1.9247451585182,16.9477227322332,-0.022911969212597,0.205202800968623,0.198961904507027,0.243798730316863,20.9213409889115,47.1236737632423
74.925,-6.87728178060092,2.3664486168743,-0.226961862736342,0.226924603573091,14.3647703686766,-1.90645898093471,16.9680155476541,-1.90447804880162,16.9681772199955,-0.0230993472583805,0.204078491269211,0.198976989994185,0.237578208729889,21.07533773959,47.1236737632423
75.025,-6.92436351278143,2.22483558287496,-0.22698800853695,0.226937287078365,14.4125961619891,-1.88548006505097,16.9987290505864,-1.88420080947362,16.9885957312715,-0.0232406192063372,0.203514086826693,0.199004268994653,0.24414503038561,21.2293357604597,47.1236737632423
75.125,-6.96854259267011,2.08229063422803,-0.227000608328693,0.226937961716301,14.457524237106,-1.86450114916722,17.0139660003657,-1.86361091826401,17.0090431070235,-0.0230981037487723,0.20469114707994,0.199015790247452,0.246913316194631,21.383333951119,47.1236737632423
75.225,-7.00979727337728,1.93887233764302,-0.227003110441693,0.226930074789791,14.4995325433092,-1.84352223328349,17.0296400857744,-1.84316215680015,17.0294937372435,-0.0230999725049088,0.204683404174285,0.1990272571766,0.246913316194631,21.5373320077091,47.1236737632423
75.325,-7.04809080872061,1.79463604384735,-0.227015565955884,0.22693367624002,14.5385840459837,-1.82254331739976,17.060663306003,-1.82266766284178,17.0499997379608,-0.0231114792638323,0.204486654314702,0.199049057574764,0.248324788370062,21.6913293427695,47.1236737632423
75.425,-7.08340536231674,1.64964283714001,-0.227039597452431,0.226950389393097,14.5746605911125,-1.80156440151603,17.0760137558161,-1.80191519193776,17.070546145868,-0.0229054162670081,0.205763017637878,0.199057512172411,0.252642542762199,21.845325844313,47.1236737632423
75.525,-7.11572155718216,1.50395337920171,-0.227079744273343,0.226984754970963,14.6077424842,-1.78058548563229,17.0917672306216,-1.78128661257556,17.0911129315816,-0.0228436226183852,0.205931349349434,0.199065814663192,0.252642542762199,21.9993216787084,47.1236737632423
75.625,-7.1450086545317,1.35762671939407,-0.227153309566767,0.227054077084829,14.6377986741873,-1.75960656974854,17.1229228220194,-1.76065585797959,17.1117428582384,-0.0228427946792813,0.205683879909524,0.199083015800362,0.252642542762199,22.153316893897,47.1236737632423
75.725,-7.1712597998262,1.21072701664497,-0.22725450566037,0.227152569191827,14.6648219677364,-1.73862765386481,17.1383459791521,-1.73981208508635,17.1324054023967,-0.0226615659442864,0.206796664946764,0.19908890119623,0.254022693793212,22.3073119921147,47.1236737632423
75.825,-7.19448347752251,1.06331979261901,-0.22736351178476,0.227260410829422,14.6888205038956,-1.71764873798106,17.1531494797575,-1.71944919956265,17.1530046201303,-0.0228978981541488,0.2045791513094,0.19909590790325,0.226216569313622,22.4613079374987,47.1236737632423
75.925,-7.21470557725757,0.915472117676802,-0.227444344334305,0.227341617285368,14.70981982116,-1.69666982209732,17.1832646002235,-1.69903799632005,17.1734885028734,-0.0229705776547213,0.205037588501916,0.198977640853075,0.259583233034256,22.6153047306783,47.1236737632423
76.025,-7.2319130973737,0.767243710700873,-0.227501807523407,0.227400991434313,14.7278066020626,-1.67569090621358,17.1986649577129,-1.67877830835468,17.1939232873386,-0.0231456741545735,0.204040818563237,0.198990809161468,0.254382333746108,22.7693026447416,47.1236737632423
76.125,-7.24610703974433,0.618696659934662,-0.227527738901536,0.227430369873025,14.7427815232821,-1.65471199032985,17.2137794099615,-1.65846526323585,17.2143233156911,-0.0232326573881529,0.203154695425527,0.199002547874546,0.225609814216975,22.9233012194241,47.1236737632423
76.225,-7.25728110563039,0.469892421941564,-0.227522572442186,0.227430187221191,14.7547379653738,-1.63373307444611,17.2446281006093,-1.63804618609026,17.2347077493633,-0.0231980139147794,0.204430621396295,0.199025410941325,0.260516399256861,23.0772995349203,47.1236737632423
76.325,-7.26540777611426,0.32089149113289,-0.227509264199573,0.227423401533184,14.7636480928284,-1.61275415856238,17.2603072913494,-1.61761743056101,17.2551384169183,-0.0231999259405313,0.204626189299705,0.199035491474669,0.264636796477626,23.2312968334885,47.1236737632423
76.425,-7.2704678960793,0.171756134371875,-0.227503619965549,0.227425821020976,14.7694924266015,-1.59177524267864,17.2756053985638,-1.59703341676409,17.2756427475029,-0.0231202427282149,0.204346484866533,0.199044073999781,0.229730211437739,23.3852927407635,47.1236737632423
76.525,-7.2724690826699,0.0225494005820851,-0.227495958484718,0.227427765634137,14.7722782585814,-1.5707963267949,17.3066926939141,-1.57644216541641,17.2961425395951,-0.0230287834727427,0.205572236695964,0.199062686037111,0.264636796477626,23.5392874810389,47.1236737632423
76.625,-7.27138904828515,-0.126665387760354,-0.227507799111935,0.227450757107782,14.7719829702685,-1.54981741091115,17.3224452418347,-1.55581924927508,17.3166948384338,-0.0229581661700955,0.205909467280642,0.199070185682249,0.270032156760875,23.6932808747008,47.1236737632423
76.725,-7.26721302053905,-0.275823717518472,-0.227554482222775,0.227510137195178,14.76859145067,-1.52883849502743,17.3378064135057,-1.53506451994713,17.3373281774883,-0.0228367758966463,0.205654210911844,0.199076229101759,0.235125571720989,23.8472730983981,47.1236737632423
76.825,-7.25995651985123,-0.424862217096469,-0.227622357602256,0.227592254000138,14.7621188880916,-1.50785957914368,17.3689927170635,-1.51432819755686,17.3579590248432,-0.0227313008613095,0.206883039912777,0.199090904673862,0.269900149991087,24.0012649064024,47.1236737632423
76.925,-7.24961945486884,-0.573717032520028,-0.227714700741156,0.22770038136501,14.7525648530117,-1.48688066325995,17.3837927979591,-1.49380146834853,17.3785894313852,-0.0228349781949682,0.205454989388623,0.199096597856443,0.243600040918624,24.1552567922873,47.1236737632423
77.025,-7.23626116609578,-0.72233005646227,-0.22777638033492,0.227767292388178,14.7399883835799,-1.47639120531807,17.3990199115797,-1.47348431423905,17.3990656958261,-0.0229940885263602,0.204439021382282,0.199102446600748,0.241590724676959,24.3068598337136,47.1236737632423
77.125,-7.21987522551792,-0.870638863944522,-0.22781942582157,0.227794074718676,14.7243827197646,-1.45541228943433,17.429302972989,-1.45321363177667,17.4195092229774,-0.0231669332152862,0.203488971612329,0.198988930612043,0.241590724676959,24.4608517715829,47.1236737632423
77.225,-7.200483099106,-1.01858430294999,-0.227829014473923,0.227788943951226,14.7057690165554,-1.4344333735506,17.4444182676908,-1.43280940793538,17.4399073882275,-0.0231608746241143,0.203875558581676,0.198999838184046,0.242528096597458,24.6148441124256,47.1236737632423
77.325,-7.17809564317256,-1.16610578429299,-0.227802274229998,0.227749024489597,14.6841578123724,-1.41345445766685,17.460028520321,-1.41252530921524,17.4602676098561,-0.0232369975325568,0.203683206378339,0.199010532176235,0.242528096597458,24.7688360038783,47.1236737632423
77.425,-7.15269564140191,-1.31313748015388,-0.227766162978894,0.227701271191539,14.6595315439144,-1.39247554178312,17.4909779557899,-1.39211678388528,17.480691528675,-0.023252391021483,0.203913700000156,0.199030934241933,0.248673252591355,24.9228262232579,47.1236737632423
77.525,-7.12427914804138,-1.45961473217159,-0.227735665861045,0.227660670482103,14.6318859278089,-1.37149662589939,17.5062813829689,-1.37140822192696,17.5011974848923,-0.0230497852804668,0.205332704847557,0.199038745361233,0.248236420300142,25.0768143754466,47.1236737632423
77.625,-7.09286247569973,-1.60547695319519,-0.227706390248652,0.227622833588147,14.6012369637911,-1.35051771001565,17.5220162333742,-1.35090702101439,17.521706243022,-0.023057342497669,0.205203057890711,0.199047154578394,0.248236420300142,25.2308009154842,47.1236737632423
77.725,-7.05844396390073,-1.75065882819465,-0.227693796032615,0.227603222325448,14.567582651757,-1.32953879413191,17.5531613298215,-1.33037761295641,17.5422581780948,-0.0230798695124044,0.204863893877814,0.199064050202046,0.248944839353074,25.3847856796741,47.1236737632423
77.825,-7.02103894833606,-1.8950985270889,-0.227697315057188,0.227601271133661,14.5309380068304,-1.30855987824816,17.5685682864178,-1.30958865076629,17.5628400514724,-0.0228727806999274,0.206216010499497,0.199070087424048,0.257559372581676,25.538768809574,47.1236737632423
77.925,-6.98065059377602,-2.03873083385116,-0.22773033191969,0.227630367116591,14.4913058516118,-1.28758096236443,17.5843440041716,-1.28887036020528,17.5834669115231,-0.0227813501895788,0.206448628042463,0.199075938568365,0.252766998497535,25.6927505981864,47.1236737632423
78.025,-6.93728854995537,-2.18149167000686,-0.227800997521368,0.22769866329448,14.4486954977909,-1.26660204648068,17.6145253960513,-1.26823083128888,17.6041369396677,-0.0228118494177849,0.20597329001453,0.199089459546073,0.252766998497535,25.8467316537835,47.1236737632423
78.125,-6.89102726834549,-2.32333861310059,-0.227850446793241,0.227747295635361,14.4031811788596,-1.24562313059695,17.6297451891887,-1.24791662884126,17.62464580335,-0.0230065106524719,0.204765623860204,0.199095522644723,0.259580203918804,26.0007131377767,47.1236737632423
78.225,-6.84187949641989,-2.46421019674848,-0.227885662526337,0.227783246693028,14.354775316268,-1.22464421471322,17.6446174275534,-1.22750428451365,17.645120619503,-0.0230689824778842,0.203686109316511,0.198968052498218,0.224673618878918,26.1546943443096,47.1236737632423
78.325,-6.78988631396903,-2.60405656770134,-0.227884299296906,0.227784170889028,14.3035187279119,-1.20366529882949,17.6751251613973,-1.20720852042104,17.665510203756,-0.0231628026382928,0.203925413614135,0.198991706559871,0.25377910082063,26.3086758751003,47.1236737632423
78.425,-6.73506416198433,-2.74281789986033,-0.227851809964273,0.227755522156099,14.2494275382494,-1.18268638294574,17.6907351038538,-1.18692133693992,17.6858756099702,-0.0232410253713269,0.203838770226713,0.199002238965334,0.260993745335902,26.4626566007798,47.1236737632423
78.525,-6.67741763088291,-2.88042870080889,-0.227808052748506,0.22771716182138,14.1925059909971,-1.161707467062,17.7059930820918,-1.16644791675247,17.7063025727402,-0.0231945679538939,0.203692754301778,0.199011001612935,0.229472247303576,26.6166354184498,47.1236737632423
78.625,-6.61697087511736,-3.01683155375664,-0.227753016715325,0.22766908200715,14.1327779407478,-1.14072855117826,17.7370260279414,-1.14590698028125,17.7267544902483,-0.0231055489908165,0.205206647849288,0.199029732866035,0.264378832343463,26.7706121281084,47.1236737632423
78.725,-6.55373451795736,-3.15196251223642,-0.227702989398083,0.227627573521667,14.070253676219,-1.11974963529454,17.7527847806216,-1.12542167985827,17.7472512713362,-0.0231170296557579,0.205181342127571,0.19903785005019,0.265842603916739,26.9245866029061,47.1236737632423
78.825,-6.4877250432644,-3.28575911415049,-0.227669617431902,0.227604286316802,14.0049493563635,-1.09877071941078,17.7681657358164,-1.10475263496862,17.7678147682194,-0.0230114816492204,0.205140280762933,0.199044540789583,0.235762304571873,27.0785587927707,47.1236737632423
78.925,-6.41896719115636,-3.41816272530908,-0.227656758799533,0.227603079985873,13.9368894173649,-1.07779180352705,17.7993224269517,-1.08399676744195,17.7884166368346,-0.022857482737745,0.206757605534788,0.19905974049318,0.27066888961176,27.2325291437943,47.1236737632423
79.025,-6.34747916129689,-3.54911078457659,-0.227677189212784,0.227636730428985,13.8660917320709,-1.05681288764332,17.8151096248567,-1.06334334439493,17.8090592909515,-0.0228467138076915,0.206563347710595,0.199066050271192,0.270330197886908,27.3864982765039,47.1236737632423
79.125,-6.27328934490212,-3.67854536820954,-0.227733831133631,0.22770815953519,13.7925843889639,-1.03583397175958,17.8305244783157,-1.04258535294066,17.8297441743597,-0.0227736057615928,0.206033492064756,0.199071146977894,0.235423612847021,27.5404667329328,47.1236737632423
79.225,-6.19646680319193,-3.8064340691011,-0.227782926405926,0.227773604428206,13.716436284943,-1.01485505587584,17.8605407479295,-1.02228960188168,17.850294822463,-0.023028502805893,0.204359165443448,0.199085046609819,0.243535606637996,27.6944355688974,47.1236737632423
79.325,-6.1170511240182,-3.93272757001981,-0.227815968098282,0.227801758331976,13.6376867495377,-1.00436559793396,17.8754090717352,-1.00175847249109,17.8707831876454,-0.0229857385976864,0.204648402597533,0.198957200734192,0.241852777572108,27.8460144710607,47.1236737632423
79.425,-6.0350875226216,-4.0573827112458,-0.227817667906058,0.227787561309453,13.5563807716469,-0.983386682050226,17.8907969181269,-0.981521652060977,17.8911827885983,-0.0231485191205252,0.203578905231907,0.198969377277181,0.237002381691512,27.9999833325472,47.1236737632423
79.525,-5.9506076801952,-4.18034619834652,-0.227790837604549,0.227746396204695,13.4725497505591,-0.962407766166495,17.9215048239058,-0.961274009154027,17.9115554480889,-0.0232735357041634,0.203058602897053,0.198991572600841,0.242977664427818,28.1539517975423,47.1236737632423
79.625,-5.86363914986756,-4.30156120683645,-0.227744992368613,0.227687774728922,13.386220938663,-0.941428850282748,17.9367612630817,-0.940724307585729,17.9319609129363,-0.0231292989832745,0.204355974880275,0.199000314518776,0.248232289782877,28.3079186794488,47.1236737632423
79.725,-5.77421129940731,-4.42097214224463,-0.227688757162129,0.227620322728838,13.2974234105036,-0.920449934399015,17.9524572887643,-0.920265310112665,17.9523966546656,-0.0231060432395545,0.204654452020103,0.199008962337935,0.248232289782877,28.4618835172632,47.1236737632423
79.825,-5.68234522939102,-4.53851594166543,-0.227643142781417,0.227565052882711,13.20617793376,-0.899471018515271,17.9835347851598,-0.899783586118075,17.9729062608714,-0.0231339254506686,0.20449830955529,0.199026583825371,0.248232289782877,28.6158459140307,47.1236737632423
79.925,-5.58808154373132,-4.65414408693522,-0.227606135436236,0.227519955064246,13.1125248606655,-0.878492102631533,17.9989246015906,-0.879056910761938,17.9934562728533,-0.022957262076492,0.205765654078173,0.199033153705585,0.252199287269457,28.7698060290789,47.1236737632423
80.025,-5.49145687279227,-4.76780502032173,-0.227582018507015,0.227489316358906,13.016500553633,-0.857513186747795,18.0147200247238,-0.858454335374831,18.0140244386028,-0.0229228524389029,0.205910880878554,0.199039968243103,0.252199287269457,28.9237642012005,47.1236737632423
80.125,-5.39249861656978,-4.87943810413525,-0.227589289527575,0.227491637205119,12.9181320948015,-0.836534270864056,18.0459378769487,-0.837837640447378,18.0346539240425,-0.022935642951083,0.205653308823721,0.199054474158974,0.252199287269457,29.0777206204329,47.1236737632423
80.225,-5.29125177681185,-4.98899764385046,-0.227624675805021,0.227523647756941,12.8174642491462,-0.815555354980331,18.0613741453778,-0.816980504996537,18.0553166431366,-0.0227412265943805,0.206926205296627,0.199059465416833,0.257968143474916,29.2316758926482,47.1236737632423
80.325,-5.18776612692914,-5.09644350070215,-0.227678930110243,0.227576102667992,12.7145465823406,-0.794576439096589,18.0761562228767,-0.796555356112273,18.075941956126,-0.0229413906994758,0.204652902279479,0.19906549642441,0.223259101012322,29.3856310206965,47.1236737632423
80.425,-5.08211953594405,-5.20176446319279,-0.227703766473788,0.227600716124556,12.6094569136011,-0.773597523212842,18.1062511773212,-0.776168280908486,18.0964169000964,-0.0230292594661279,0.2048397239364,0.198945409240739,0.258165686052209,29.5395863942908,47.1236737632423
80.525,-4.97435129726774,-5.30491347076193,-0.227704780407998,0.227603083289034,12.5022342892879,-0.752618607329112,18.1216474654795,-0.755905400787605,18.1168281712671,-0.02317765051599,0.203921726609328,0.19895780716045,0.258165686052209,29.69354205583,47.1236737632423
80.625,-4.86450421610822,-5.40584544276744,-0.227684947719593,0.227586180354515,12.3929212775291,-0.73163969144536,18.1367318795132,-0.735520828633381,18.1372342246726,-0.0231991317672389,0.203158800941183,0.198968245885406,0.224499755827441,29.8474972781135,47.1236737632423
80.725,-4.75263007331326,-5.50452529088246,-0.227635096357842,0.227540836943649,12.2815694764652,-0.710660775561633,18.1675668622241,-0.715122808033215,18.1576083253267,-0.0231752118211119,0.204224592965835,0.198988961981635,0.259406340867328,30.0014513530775,47.1236737632423
80.825,-4.63875836613041,-5.60089160160944,-0.227581838733141,0.227493669036043,12.1682080567479,-0.689681859677888,18.1832453697355,-0.694636213026591,18.1780442098324,-0.0231245013202148,0.204768260391372,0.198997583738134,0.264872591451365,30.1554032970287,47.1236737632423
80.925,-4.52292799227738,-5.69489236061611,-0.22753985075683,0.227459356143109,12.0528756410095,-0.668702943794157,18.1985543416632,-0.674061968555679,18.1985598293787,-0.0230658763956519,0.204406147348803,0.199004991362919,0.229966006411479,30.3093528638625,47.1236737632423
81.025,-4.40519699413416,-5.78649966283507,-0.227494317285208,0.227423085452075,11.9356301289664,-0.647724027910399,18.2297143431416,-0.653490697505721,18.2190663400279,-0.0230011159948731,0.205607653148195,0.199021597050199,0.264872591451365,30.463300371874,47.1236737632423
81.125,-4.28560069163526,-5.87565546091348,-0.227469464931276,0.227409087065296,11.8165065335109,-0.626745112026683,18.2455047526633,-0.632851866838431,18.2396376969316,-0.0229336422313082,0.206125423858703,0.199028129115462,0.270324819120448,30.617245674701,47.1236737632423
81.225,-4.16418179305059,-5.96230971273926,-0.227480002351393,0.227432071266929,11.6955472992788,-0.605766196142945,18.2609042863552,-0.612111406005883,18.2602924980259,-0.0228479824929799,0.205821621939292,0.199033635981665,0.235418234080561,30.7711891973893,47.1236737632423
81.325,-4.04100043386026,-6.04643732030135,-0.227511514289498,0.22747762119718,11.5728124343558,-0.584787280259206,18.2921594230021,-0.591378230851768,18.2809422434888,-0.0227645528018243,0.207047103241896,0.199047238485975,0.270324819120448,30.9251318927178,47.1236737632423
81.425,-3.91610412879458,-6.12799479730114,-0.227573184740058,0.227554919177062,11.4483492255422,-0.563808364375459,18.306966820345,-0.570800056816991,18.3016048253329,-0.0228489606111317,0.205781629884383,0.199052753631449,0.243443335947231,31.0790744006081,47.1236737632423
81.525,-3.7895751126826,-6.20699458157906,-0.227609659100028,0.227604471674625,11.3222399861256,-0.553318906433606,18.3221923927423,-0.550461521813587,18.3221088724001,-0.0230144726749302,0.204683020045004,0.199058769220401,0.242483526906021,31.2306298570841,47.1236737632423
81.625,-3.66145861911567,-6.28339240528293,-0.227634543130847,0.227612511471187,11.1945297181875,-0.532339990549846,18.3524411045216,-0.530143866243726,18.3425778357383,-0.0231657804432288,0.203725616574597,0.198944704356778,0.242483526906021,31.3845728241568,47.1236737632423
81.725,-3.53181637058372,-6.35717206952964,-0.227630125115272,0.227592839533982,11.0652800657057,-0.511361074666119,18.3675386770048,-0.509735229707885,18.3629840344185,-0.0231633425875977,0.203887867523115,0.198955785657802,0.243665849562732,31.5385164388264,47.1236737632423
81.825,-3.40070263068513,-6.42830382450681,-0.227595415372045,0.227544461689145,10.9345451397327,-0.490382158782375,18.3831255225901,-0.489400051794003,18.3833511334907,-0.0231952637459294,0.203781773113171,0.198966235148361,0.243665849562732,31.6924597115341,47.1236737632423
81.925,-3.26816072172205,-6.49673595227665,-0.227555257232217,0.227492218024526,10.8023679892626,-0.469403242898642,18.4140400153694,-0.469009296043949,18.4037718581077,-0.0232252326128446,0.203655992203628,0.198985825106388,0.246066917288936,31.8464014383736,47.1236737632423
82.025,-3.13424479683057,-6.56243605559236,-0.227513669301389,0.227440128023384,10.6688025991389,-0.448424327014907,18.4293596171795,-0.44835111821126,18.4242422957837,-0.0230374924562256,0.204999221137808,0.198993295286884,0.249971753180806,32.0003411639461,47.1236737632423
82.125,-2.99900944000492,-6.62537279248908,-0.227474836022005,0.227392378858923,10.5339033899697,-0.427445411131166,18.4451044435109,-0.427820753338714,18.4447365276634,-0.0230013594633718,0.205184904008594,0.199000814309012,0.249971753180806,32.1542788625333,47.1236737632423
82.225,-2.86250476694684,-6.68550310955215,-0.227456746871495,0.227366962550835,10.3977202491043,-0.406466495247424,18.4762661036535,-0.407279344326764,18.4652957591382,-0.0230191819261663,0.20495836699694,0.199016426740229,0.249971753180806,32.308214380158,47.1236737632423
82.325,-2.7247904442778,-6.74280457752528,-0.227455979100334,0.227360459776831,10.2603127267874,-0.385487579363688,18.4916939547036,-0.386493767632938,18.4858922402637,-0.0228300863578923,0.206332015298341,0.19902184713145,0.257557978152607,32.4621480248313,47.1236737632423
82.425,-2.5859211441137,-6.79724274452545,-0.227483441642904,0.227383782504573,10.1217353121101,-0.364508663479945,18.5075014567192,-0.365788449448651,18.5065329713218,-0.0227654992316886,0.206618458755623,0.19902733100209,0.254272627848934,32.6160802461464,47.1236737632423
82.525,-2.44595227777317,-6.84878311694299,-0.22755111891001,0.227448917474769,9.98204323270464,-0.343529747596206,18.5377296784548,-0.345129995413288,18.5272296126829,-0.0228036865573884,0.206270246354757,0.199040211360112,0.254272627848934,32.7700117476628,47.1236737632423
82.625,-2.30496312033966,-6.89746171704566,-0.227597843612033,0.227494698473585,9.84131596861557,-0.322550831712485,18.552970583937,-0.32483884175248,18.5477580972176,-0.0230410174312858,0.204858356655369,0.199046501208086,0.25946494229218,32.9239440081823,47.1236737632423
82.725,-2.16301054451245,-6.94325271754626,-0.227629484453809,0.227526993425264,9.69961026050511,-0.301571915828734,18.5678579939991,-0.304428827596309,18.5682422160582,-0.0231151221157084,0.203738930268111,0.198919393854809,0.224558357252294,33.0778764461483,47.1236737632423
82.825,-2.02015740925347,-6.98615338278301,-0.227629337971547,0.227529098084611,9.55698896258183,-0.280592999944996,18.598343527392,-0.284078375407241,18.5886485051226,-0.0231709589910878,0.204227923959198,0.198942943981743,0.256407281213199,33.2318096676735,47.1236737632423
82.925,-1.87646135596355,-7.02614056536893,-0.227602976683173,0.227506585127705,9.41350960063608,-0.259614084061254,18.6139313687976,-0.263805401102039,18.6090227870175,-0.0232722665807721,0.203727275683674,0.198953953780437,0.258989265432736,33.3857427319975,47.1236737632423
83.025,-1.73197898776717,-7.06318382386387,-0.227564579608891,0.227473635839669,9.2692286227839,-0.238635168177519,18.6291762902131,-0.243305731844512,18.6294380261725,-0.0231878364782325,0.203786721947821,0.198962932716989,0.233518544100474,33.5396745057647,47.1236737632423
83.125,-1.58676802160087,-7.097255292766,-0.227526868728213,0.227442974966123,9.12420360421704,-0.217656252293783,18.6601266951415,-0.222710396852045,18.6499048540888,-0.0230593294020416,0.205259543171194,0.19898121800335,0.263974412800742,33.6936045691479,47.1236737632423
83.225,-1.44088882471094,-7.1283371662794,-0.227493460894165,0.227418221573836,8.97849482432876,-0.196677336410052,18.6758695729852,-0.202259843877087,18.670389580496,-0.0230935028343744,0.204901029872476,0.198989313817043,0.263974412800742,33.8475329902147,47.1236737632423
83.325,-1.29440192089383,-7.15640817029215,-0.22747263789005,0.227407660885508,8.83216269848282,-0.175698420526315,18.6912549886025,-0.181596756383306,18.6909265530866,-0.0229673879311356,0.205066729717517,0.198995624569859,0.239072281768343,34.0014594341276,47.1236737632423
83.425,-1.14736773517257,-7.18144511140701,-0.227475912183814,0.227422807473411,8.68526752952834,-0.154719504642566,18.7224127268136,-0.160856126944772,18.7115226091109,-0.0228228145169567,0.206535898882768,0.199010022591774,0.268664747810066,34.1553841182008,47.1236737632423
83.525,-0.999848995489046,-7.20343786553643,-0.227502829397285,0.227463206644124,8.53787199262913,-0.133740588758833,18.738234317156,-0.140282249531816,18.732134606987,-0.0228609349800948,0.206162023868333,0.19901601150057,0.268664747810066,34.3093077409133,47.1236737632423
83.625,-0.851908287669665,-7.22237085984401,-0.227559655265355,0.227535124720319,8.3900385898153,-0.112761672875097,18.7536945981147,-0.119510115157955,18.752797740202,-0.0227519338211692,0.20629022589982,0.199020544187617,0.24319408728963,34.4632305462638,47.1236737632423
83.725,-0.703610792051717,-7.23825959895439,-0.227622797974039,0.227614965373808,8.24183258966614,-0.0917827569913555,18.7837080147129,-0.099162815384878,18.7733915444333,-0.0229984382794512,0.204661352228656,0.199033744833575,0.24319408728963,34.6171536263333,47.1236737632423
83.825,-0.555021278878557,-7.25112537943617,-0.227664206851331,0.227648340871675,8.09331888648183,-0.0812932990494897,18.7986029723356,-0.0787020340552435,18.7938893987891,-0.0230355113055722,0.204526752784385,0.19890624273348,0.239514860290231,34.7686889018113,47.1236737632423
83.925,-0.406201212558131,-7.26098040069352,-0.227666412743486,0.227634607724619,7.94455902154937,-0.0603143831657475,18.814026708091,-0.0584901850188832,18.8142765756916,-0.0232108391717318,0.20359603647406,0.198918756301736,0.239514860290231,34.9226130070099,47.1236737632423
84.025,-0.257211289456676,-7.2678021045893,-0.227647899139057,0.227601760146603,7.79561357811336,-0.039335467281996,18.8447152077973,-0.0381758754932155,18.8346702233078,-0.023290177262286,0.203378058549955,0.19894092087863,0.245185689081171,35.0765370183206,47.1236737632423
84.125,-0.108113512084104,-7.27157465922217,-0.227621671273067,0.227562800623207,7.64654448492421,-0.0183565513982749,18.859929967452,-0.0175644707130904,18.8551143154945,-0.0231228646688031,0.204602733653408,0.198949961407466,0.245185689081171,35.2304600583883,47.1236737632423
84.225,0.04102988623523,-7.27230088653909,-0.227583370301061,0.227513371620413,7.49741400645708,0.00262236448546232,18.8756020028325,0.00283763135449557,18.8755471332743,-0.0231535803810914,0.204374837408385,0.198959375565269,0.245185689081171,35.3843821093485,47.1236737632423
84.325,0.190155809273015,-7.26996120858058,-0.227552323593745,0.227472800280685,7.34828514608661,0.0236012803692135,18.9066489521812,0.0233295369053774,18.8960321317238,-0.0231466732796193,0.204384267302676,0.19897710797787,0.249695160915012,35.5383025008548,47.1236737632423
84.425,0.339200500623233,-7.26454743500749,-0.227537802429151,0.227450359840781,7.19922162823399,0.0445801962529328,18.9219993930456,0.0440974857032938,18.9165800008291,-0.0229265935870835,0.20567881179382,0.198983570677407,0.249695160915012,35.692221065651,47.1236737632423
84.525,0.488101178343067,-7.25606858934229,-0.227533146618015,0.22743939342298,7.05028629464217,0.0655591121366805,18.9377751911224,0.0646395166581469,18.9371216227473,-0.0229261845503501,0.205479694449939,0.198990478090856,0.249695160915012,35.8461383075264,47.1236737632423
84.625,0.636792705620398,-7.24450866558106,-0.227558129788153,0.227459676288083,6.90154419853673,0.0865380280204252,18.9689789129672,0.0852999751577788,18.9577299779733,-0.0228740812768038,0.205798836080673,0.199004336480399,0.257010273595594,36.0000540370356,47.1236737632423
84.725,0.785210168023336,-7.22986347342219,-0.227622063431271,0.227520522337499,6.75306023185335,0.107516943904157,18.9843929357301,0.106188021802306,18.9784136884845,-0.0226697451434603,0.206979406716008,0.199008739639652,0.254184132478599,36.1539687268771,47.1236737632423
84.825,0.933293745993745,-7.21216722876072,-0.227696833057551,0.227593818820286,6.60489440539229,0.128495859787907,18.9991945755151,0.126536956951125,18.9990259865795,-0.022933108089628,0.204522208634159,0.199014720413431,0.22428673741429,36.3078838125836,47.1236737632423
84.925,1.08098686890778,-7.19146899678608,-0.227740451380567,0.227637577895657,6.45710356897855,0.149474775671632,19.0293390962002,0.146922980511119,19.019500458424,-0.0230215563740899,0.204892497816331,0.198894249581067,0.259193322454177,36.4617994224596,47.1236737632423
85.025,1.22822811133388,-7.16776896108678,-0.227761268152021,0.227660148480669,6.30974915566269,0.17045369155538,19.0447503375005,0.167186686467438,19.0399255004642,-0.023182892457978,0.204040425426399,0.198906576558021,0.257906411609273,36.6157157218179,47.1236737632423
85.125,1.3749564474511,-7.1410767231746,-0.227759492518591,0.227661739334654,6.16289225591718,0.191432607439122,19.0598508280655,0.187541629573152,19.0603405026048,-0.0232429514929287,0.203140884516624,0.198917317776503,0.223310973153859,36.7696322279916,47.1236737632423
85.225,1.52111353418981,-7.11141517488414,-0.227723040651727,0.227630267286479,6.01659135873312,0.212411523322859,19.0907162929555,0.207903323115464,19.0807084638883,-0.0232492192340814,0.204083903119265,0.198938454450289,0.258217558193746,36.9235483507356,47.1236737632423
85.325,1.66663097128285,-7.0787628317256,-0.22768661138293,0.227600434011825,5.87091476291684,0.233390439206597,19.1063762348411,0.228438848890108,19.1011535444307,-0.0231587740018711,0.204848275929864,0.19894738311987,0.262304267994603,37.077463019188,47.1236737632423
85.425,1.81144479794586,-7.04312286455906,-0.227661178047345,0.227583214952267,5.72592646946145,0.254369355090336,19.1216683173776,0.248981509809111,19.1216621544515,-0.0231247231036171,0.204257132511273,0.198955529912991,0.229284301384455,37.2313762209604,47.1236737632423
85.525,1.95549763669986,-7.00452452821041,-0.227632099966336,0.227563970818059,5.58168404549548,0.275348270974074,19.152782049361,0.269554354870655,19.142152863176,-0.023042586766568,0.205418071883168,0.19897251249315,0.264190886424342,37.3852881624016,47.1236737632423
85.625,2.09872050181061,-6.96295674034697,-0.227628013318931,0.227571340764331,5.43825643440767,0.296327186857809,19.1685322352568,0.290228037974367,19.1627160319145,-0.0229320724013498,0.20601076983109,0.198979199490555,0.268303248024868,37.5391985532265,47.1236737632423
85.725,2.24104920324319,-6.91842858752005,-0.227658172777379,0.227614580108964,5.29570789221111,0.31730610274154,19.1839038137496,0.310928510856288,19.1833460473213,-0.0228616149262457,0.20544657599449,0.198984945969534,0.233396662984981,37.6931078252749,47.1236737632423
85.825,2.3824291182739,-6.87097803572648,-0.227702723964383,0.227673832879731,5.15409326764963,0.338285018625296,19.2151502194596,0.331607609040656,19.2039515109909,-0.0227879804114366,0.206528095461115,0.198998454411843,0.268303248024868,37.8470166843787,47.1236737632423
85.925,2.52279265975445,-6.82060532454302,-0.227783020474735,0.227770452527684,5.01348015346647,0.359263934509009,19.2299306368235,0.352276429161293,19.2246102189,-0.0227778681999027,0.205923936339835,0.199003247184452,0.24302004483874,38.0009253551998,47.1236737632423
86.025,2.66210118603019,-6.7673863101113,-0.227840747415856,0.227829455599183,4.87390763329514,0.369753392450888,19.2451407720697,0.372562494173674,19.2451160045253,-0.0229975888128529,0.204454130021218,0.199009121763999,0.239214998517871,38.1524448087499,47.1236737632423
86.125,2.80029855422178,-6.71134576351624,-0.227872804313445,0.227845074469732,4.73543200259757,0.390732308334631,19.2754641305951,0.39276657075798,19.2655458394367,-0.0232233471399503,0.203161947501215,0.198895073748826,0.239214998517871,38.306354419192,47.1236737632423
86.225,2.93733103951081,-6.65251388681561,-0.227871381091489,0.227828834557001,4.59810717589617,0.411711224218353,19.2905872978524,0.413206168779367,19.2859351286328,-0.0231730383146527,0.20398355079456,0.198905788848643,0.246499331925562,38.4602646284696,47.1236737632423
86.325,3.07313714187752,-6.59090431164457,-0.22784821816526,0.227792472214239,4.46199475275397,0.432690140102105,19.3061730425073,0.433590960497678,19.3063313944841,-0.0231845124476564,0.204150085816152,0.198916097511362,0.245611082093731,38.6141744715002,47.1236737632423
86.425,3.20765112583152,-6.52652371916668,-0.227824424431607,0.227757094879447,4.32716053424478,0.453669055985845,19.3370780769083,0.453988824821689,19.3267872382425,-0.023242491882101,0.203880217838467,0.198935969172037,0.245611082093731,38.7680832552282,47.1236737632423
86.525,3.34081717102587,-6.45940084016931,-0.227798229958049,0.22772093374041,4.19366054536801,0.474647971869566,19.3524002138691,0.474633534249309,19.3472740278464,-0.0230845720582948,0.205031572460041,0.198944038547017,0.248234148202535,38.9219908473482,47.1236737632423
86.625,3.47257877035229,-6.38956252106384,-0.227771144491873,0.227685500351961,4.06155149287237,0.495626887753317,19.3681476430589,0.495128025006094,19.367761010407,-0.0230770638621394,0.204990840545268,0.198952335806494,0.248234148202535,39.0758973072532,47.1236737632423
86.725,3.60286910391326,-6.31701860215845,-0.22776583160659,0.227673459331802,3.93090029652887,0.51660580363704,19.3992763779384,0.515717749440409,19.3883148930808,-0.0230412221016287,0.205122678941359,0.198968379978494,0.253020142800458,39.2298023021223,47.1236737632423
86.825,3.73162734897093,-6.24179168332865,-0.227792213525623,0.227694735213937,3.80176795140089,0.537584719520789,19.4146459239771,0.536584972960447,19.4089412908736,-0.0228003963743788,0.20648343375949,0.198974043648223,0.253020142800458,39.3837060678117,47.1236737632423
86.925,3.85880216481437,-6.16391994030681,-0.227843292551518,0.227742332691642,3.67420605910298,0.558563635404523,19.4304256723971,0.557223046468364,19.4295661766899,-0.0227872086828071,0.206312906702092,0.198980277488416,0.252967511927591,39.5376095090125,47.1236737632423
87.025,3.98433299413824,-6.08342754897857,-0.227930132909195,0.227827316545105,3.54827534872558,0.579542551288265,19.4606353489779,0.577854411729662,19.4502290062964,-0.0228186730279702,0.205885806438497,0.198993323010547,0.252967511927591,39.6915129489389,47.1236737632423
87.125,4.1081977661493,-6.00039517645762,-0.227996757464284,0.227893709478749,3.42399840884776,0.600521467172,19.4758611843012,0.598166898148527,19.4707363463706,-0.0230135266833393,0.20472576282108,0.198999427614683,0.259593799579339,39.8454175227394,47.1236737632423
87.225,4.23034107121848,-5.91485200490834,-0.228049792606786,0.227948136731059,3.30143085753594,0.621500383055752,19.4907381885188,0.61857057703218,19.4912104117864,-0.0230839132154905,0.203636467354128,0.198872164241043,0.224687214539452,39.9993225939116,47.1236737632423
87.325,4.35072592839905,-5.82685072627403,-0.228067279579385,0.227968638141441,3.18061003719288,0.642479298939479,19.5212449125033,0.638867873097606,19.5116004435635,-0.0231766489271514,0.203917710778204,0.198895599766922,0.254242682538331,40.1532288028493,47.1236737632423
87.425,4.46929904308456,-5.73642303745293,-0.228055060636303,0.227961056030937,3.0615894847329,0.663458214823222,19.5368492373974,0.659149171871975,19.5319658939639,-0.0232608005532029,0.203777963794013,0.1989063814715,0.260788855444972,40.3071350762747,47.1236737632423
87.525,4.58599904406081,-5.64359159364028,-0.22803236338789,0.227944620097327,2.94443076828335,0.684437130706963,19.552101900627,0.67962240539446,19.5523898419747,-0.0232115150414423,0.203647495872042,0.198915390172465,0.229901291656997,40.4610403454666,47.1236737632423
87.625,4.70077587187157,-5.54839357174941,-0.228001304689333,0.227921449102862,2.82918425235566,0.705416046590701,19.5831075482923,0.700175631310956,19.5728427850114,-0.0231112321616429,0.205198069300316,0.198933997241648,0.264807876696883,40.6149444069977,47.1236737632423
87.725,4.8135724392491,-5.45085836065841,-0.227975763526484,0.227905423924348,2.71590729380465,0.726394962474445,19.5988555407003,0.720639639331732,19.5933326836788,-0.0231371228083468,0.205000312573838,0.198942418281306,0.264807876696883,40.7688472080398,47.1236737632423
87.825,4.92433444078035,-5.35102023336911,-0.227965400069864,0.227906206982689,2.60465451251305,0.747373878358177,19.6142333702757,0.741305318410224,19.6138814834375,-0.0230202434885634,0.205064936240269,0.198949296721222,0.237435081308798,40.9227486355265,47.1236737632423
87.925,5.03300911567659,-5.2489156160822,-0.22797855453965,0.227932139128844,2.49547900499544,0.768352794241904,19.6453656142789,0.762054282609515,19.6344780279817,-0.0228678238334297,0.206578148044166,0.198964346762067,0.269394701828467,41.0766490574683,47.1236737632423
88.025,5.13954609754223,-5.1445839469699,-0.22802103439635,0.227989026474629,2.38843149717421,0.789331710125656,19.6611537360872,0.78266788727024,19.6550994264679,-0.0228756176589506,0.206270302283783,0.198970881742951,0.269394701828467,41.230549146244,47.1236737632423
88.125,5.24389630922412,-5.03806706487552,-0.228097343055406,0.22808137138111,2.28356144471107,0.810310626009393,19.6765750770026,0.803425785322975,19.6757642295609,-0.0227825226992024,0.205985678932851,0.198976022393434,0.238145120853139,41.3844492681994,47.1236737632423
88.225,5.34604444584547,-4.92943632592399,-0.228168476353827,0.228160630026759,2.18088474795151,0.820800083951259,19.7065831950831,0.823688409257041,19.6963076078144,-0.0230632770185792,0.204037031414477,0.198863816594172,0.24036053812274,41.5359578262784,47.1236737632423
88.325,5.4459624822378,-4.81875003618393,-0.228214849903472,0.228190215036342,2.08042995799717,0.841778999834999,19.7214695587591,0.84416148763781,19.7167633770195,-0.023045967842922,0.2042526068895,0.198743090684815,0.24036053812274,41.6898610194364,47.1236737632423
88.425,5.54361772924524,-4.70606028545798,-0.228225736564215,0.22818594775964,1.98223026713368,0.862757915718728,19.7368729802813,0.864393720171697,19.7371348209557,-0.023185179245246,0.203510800133004,0.198761723512048,0.24036053812274,41.8437665282567,47.1236737632423
88.525,5.63895863655979,-4.59140472901073,-0.228215357258276,0.228162041107205,1.88633764109405,0.883736831602455,19.7675519874342,0.884671607917368,19.7575150663721,-0.0232875369160119,0.203092840891708,0.198794205187998,0.243040670254022,41.9976729898432,47.1236737632423
88.625,5.73194223276435,-4.47482889802002,-0.228187610622602,0.228122389228144,1.79279555447033,0.904715747486198,19.7827969478183,0.90522069202215,19.7779258368695,-0.0231492233086428,0.204344764066527,0.198808595803108,0.247890665143526,42.1515793946636,47.1236737632423
88.725,5.82252393460319,-4.35637696694593,-0.228149805780921,0.22807429998796,1.70164911899284,0.925694663369944,19.7984829964344,0.925671052888591,19.7983607306452,-0.0231337562178098,0.204581579846442,0.198822627961528,0.247890665143526,42.3054852258657,47.1236737632423
88.825,5.91064899001938,-4.236086584104,-0.22812259239452,0.228038422780989,1.6129535961952,0.9466735792537,19.8295450596775,0.946144930224614,19.8188646126124,-0.0231637608489841,0.204389702791182,0.198848984795829,0.247890665143526,42.4593899826333,47.1236737632423
88.925,5.99628146714909,-4.11400986689118,-0.22810419366768,0.228012982344289,1.52674558963038,0.967652495137429,19.8449271591022,0.966868504622655,19.8394066200447,-0.0229821938832799,0.205687754098139,0.198860161708195,0.253223387154845,42.6132937059863,47.1236737632423
89.025,6.07937850006122,-3.99019406417191,-0.228102612332915,0.228005983103124,1.44306863535127,0.988631411021158,19.8607047005723,0.98750041117498,19.8599778805138,-0.0229215478000242,0.205967224282182,0.198871183487816,0.253223387154845,42.7671965920809,47.1236737632423
89.125,6.15988765028072,-3.86468125832852,-0.228137989994816,0.228037567986239,1.36197582273156,1.00961032690491,19.8908490326115,1.00814706028614,19.8806202335694,-0.0229172517445058,0.205778598974434,0.198892783239928,0.253223387154845,42.9210988385792,47.1236737632423
89.225,6.23783020492233,-3.73755845134313,-0.228145433065383,0.228042844796465,1.28344700936201,1.03058924278865,19.9060604895153,1.02835566975006,19.9010827171503,-0.0231711258614737,0.204028369880761,0.198903643170594,0.255259257318098,43.0750017796982,47.1236737632423
89.325,6.31317393878541,-3.60887852766357,-0.228124766692543,0.228021637803398,1.20751530573074,1.05156815867238,19.9209401385151,1.0486850904856,19.921479243636,-0.0232382316116215,0.202883270929198,0.19878064056333,0.222612882049582,43.2289044242194,47.1236737632423
89.425,6.3858950889012,-3.47869792829784,-0.228067975923034,0.227965932483471,1.1342054518237,1.07254707455612,19.951399014493,1.06903500525424,19.9418203026126,-0.0232293758196391,0.203793461234478,0.19881076832135,0.257519467089469,43.3828067393072,47.1236737632423
89.525,6.45595248477572,-3.34706468896719,-0.227987588169778,0.227888257883836,1.06355954675079,1.09352599043986,19.9669711607171,1.0893131860434,19.9621638048645,-0.0232946972823171,0.203484151061619,0.198824650716737,0.25919706482087,43.5367075408377,47.1236737632423
89.625,6.52330738526864,-3.21402917089778,-0.227894200846478,0.227799215142667,0.995617332980424,1.1145049063236,19.9822111680724,1.10978177467577,19.9825584007981,-0.0232207045836219,0.203463832297751,0.1988364320964,0.231112055066323,43.6906057324048,47.1236737632423
89.725,6.58792430284168,-3.07964359255665,-0.22779598215594,0.227706977021326,0.930415377739787,1.13548382220732,20.0132107761627,1.13035985462328,20.0030034063942,-0.0230876302321441,0.205186465355152,0.198860150818659,0.265602885314232,43.8445008481341,47.1236737632423
89.825,6.6497645329371,-2.9439590756835,-0.227705768960707,0.227624384767264,0.867993500809452,1.15646273809107,20.0289738932679,1.15083539484652,20.0234980867036,-0.0231067703183001,0.205082892119899,0.19887066778393,0.265602885314232,43.9983928683593,47.1236737632423
89.925,6.70879604633365,-2.80703072810435,-0.227629966797338,0.22755784835812,0.808384954725384,1.1774416539748,20.0443754463829,1.1714647945349,20.0440519580191,-0.0230312419454677,0.20490657486804,0.198879719366313,0.234058076374046,44.1522817793663,47.1236737632423
90.025,6.76499551894419,-2.66891722138197,-0.227566878552661,0.227505673665946,0.751614402362024,1.19842056985854,20.0756280942793,1.19214959064505,20.0646279664775,-0.0229224542936954,0.206389907282692,0.198899436040614,0.268964661413932,44.3061680059492,47.1236737632423
90.125,6.81832261890462,-2.52967085982201,-0.227534256216885,0.227485614881467,0.697723396996023,1.21939948574228,20.091457139149,1.21280570242275,20.0852584153342,-0.0228967913726486,0.206558143746599,0.198907888522949,0.272081256029176,44.4600520078853,47.1236737632423
90.225,6.86874389405808,-2.38934771915745,-0.227543385815011,0.227508958547302,0.646746628189157,1.24037840162602,20.1068938317171,1.23359658875768,20.1059609057577,-0.0228083954612579,0.206264304843145,0.198915202522576,0.23717467098929,44.6139344535933,47.1236737632423
90.325,6.91627961256267,-2.24802130106816,-0.227550381803512,0.227531814180248,0.598665506903051,1.26135731750975,20.1369313680512,1.2539008552769,20.1265372073219,-0.0230804305062939,0.204483016574292,0.198933405020724,0.242994394283619,44.7678167758131,47.1236737632423
90.425,6.96091917448534,-2.10575408623122,-0.2275453920016,0.227540214271609,0.553491970803116,1.27184677545163,20.1518021785014,1.27446531511283,20.1470477936152,-0.0230265569636607,0.204865582937675,0.19880810533802,0.242994394283619,44.9193117494975,47.1236737632423
90.525,7.00265601739982,-1.96260761273386,-0.227516246866769,0.227493937452207,0.511233717205796,1.29282569133538,20.1671786866662,1.29472305219576,20.1674698676808,-0.02319089394625,0.203618475490671,0.198822795085205,0.23525804416515,45.0731941050389,47.1236737632423
90.625,7.04147407541866,-1.81864177106109,-0.227461581659307,0.227423783976356,0.471907455878134,1.3138046072191,20.1978640848279,1.31499838007216,20.1878488772997,-0.023294575688805,0.203159013054154,0.19884890515944,0.244445421219336,45.2270760970328,47.1236737632423
90.725,7.07734124725736,-1.6739129513434,-0.227397735417843,0.227346088808948,0.435545044971629,1.33478352310286,20.2130911090215,1.335593560092,20.2082707095597,-0.0231212279289679,0.20435434598073,0.198859654713289,0.244844023147359,45.3809564438159,47.1236737632423
90.825,7.11024702295946,-1.52848259417543,-0.227320179727339,0.227256325235565,0.402156039387243,1.35576243898658,20.2287824838253,1.35597773583604,20.2286823624317,-0.023148705056915,0.204152571436541,0.19887054898192,0.244844023147359,45.5348349557179,47.1236737632423
90.925,7.14015488916796,-1.38240735574367,-0.227252105392126,0.227177684411776,0.37177423016442,1.37674135487031,20.2598633759379,1.37651573926129,20.2491675958374,-0.0230959350373219,0.204644724051064,0.198890883920207,0.253746113511135,45.688710789786,47.1236737632423
91.025,7.16703890394787,-1.23574694487132,-0.227207059013632,0.227123716624409,0.344421127226693,1.39772027075406,20.2752292246961,1.39728817789731,20.2697391678151,-0.0228950683790323,0.205843943377507,0.198898625621626,0.250011748995432,45.8425839097282,47.1236737632423
91.125,7.19090127076714,-1.08856572184954,-0.227171360694223,0.227080747224907,0.320088469399939,1.4186991866378,20.2910355228839,1.41781986615684,20.2902986303996,-0.0229228427040056,0.205611176895114,0.198907000284496,0.250011748995432,45.9964551294873,47.1236737632423
91.225,7.21171157225886,-0.940923538741715,-0.22716555205533,0.227069320403504,0.298797494963279,1.43967810252153,20.3223028310823,1.43848254447114,20.3109254524269,-0.0228869864170136,0.205982952630709,0.198923648835419,0.257881177741251,46.1503243669821,47.1236737632423
91.325,7.2294495585283,-0.792882438306665,-0.227201124719582,0.227100931118137,0.280556871817245,1.46065701840528,20.3377375583923,1.45938267303489,20.3316319745126,-0.022693379938957,0.207185110764769,0.198929709623495,0.254851875112154,46.3041922528956,47.1236737632423
91.425,7.24413467788874,-0.644508012677434,-0.22725101424533,0.227148517512686,0.265334546895683,1.481635934289,20.352552015143,1.47975025912526,20.352267667035,-0.0229614863709813,0.204711145456669,0.198937487705647,0.224582664055344,46.4580604313062,47.1236737632423
91.525,7.25580215465054,-0.495866046058033,-0.227273685675732,0.2271705442139,0.253082291650606,1.50261485017273,20.3826929743821,1.50015826328848,20.3727614014719,-0.0230472166446631,0.205040728167114,0.198819935747732,0.25948924909523,46.6119292089474,47.1236737632423
91.625,7.26443801941923,-0.347016607068063,-0.227278345518465,0.227176216755324,0.243799905993393,1.52359376605648,20.3980906894343,1.52044820879685,20.3932010526407,-0.0231969223051287,0.204125092103193,0.198833997725621,0.257570659497603,46.7657988486812,47.1236737632423
91.725,7.27003940735811,-0.19802157009268,-0.227264233676452,0.227164774231315,0.237478422354887,1.54457268194022,20.4131741480713,1.54082089386807,20.4136213611099,-0.0232445457030437,0.20315410956607,0.198846370161136,0.223481336852181,46.9196689237851,47.1236737632423
91.825,7.27261558004747,-0.048943077434149,-0.227219733830951,0.227124600608058,0.234101126091092,1.56555159782396,20.4440023521919,1.561204979201,20.4339908147897,-0.0232299140499315,0.204069191761701,0.198869766125936,0.258387921892068,47.0735387947621,47.1236737632423
91.925,7.27213280931797,0.100156494476929,-0.22717751352717,0.227088365894677,0.233698302684315,1.58653051370771,20.4596525028721,1.58174112335972,20.4544299751191,-0.0231329302206014,0.204755079584712,0.19887987314159,0.262809557638878,0.103733582140322,47.1236737632423
92.025,7.26858078021936,0.249213815130507,-0.227148146412841,0.227066645966182,0.236283908516881,1.60750942959144,20.4749380878085,1.60228980937712,20.4749327789462,-0.0230870480303587,0.204167897597066,0.198888923768186,0.229118148323656,0.257600679757012,47.1236737632423
92.125,7.26197797268966,0.398166563130085,-0.227114693065439,0.227042502978567,0.241849974692328,1.62848834547517,20.5060689713846,1.62284712309113,20.4954151984736,-0.0230121538437373,0.205301458030303,0.198907480410479,0.264024733363543,0.41146648106271,47.1236737632423
92.225,7.2522974654708,0.546949669567823,-0.227107008300306,0.2270457950365,0.25043696088417,1.64946726135891,20.5218340114285,1.64352930698413,20.5159798495818,-0.0228946210588639,0.206036010649516,0.198914797218141,0.268086374012031,0.565330605870717,47.1236737632423
92.325,7.23953577660807,0.695498737499894,-0.227132838099396,0.227084268699136,0.262065136635778,1.67044617724265,20.5372276830148,1.66421088456939,20.5366139083094,-0.0228471022012471,0.205483795207571,0.198921350780721,0.234070076023684,0.719193571535897,47.1236737632423
92.425,7.22371755728321,0.843752332312639,-0.227172946805019,0.227138686601319,0.2767276128592,1.69142509312639,20.5685235711052,1.684886904865,20.5572300373907,-0.0227872109869303,0.206636478927934,0.198936362471692,0.268976661063571,0.873056156797553,47.1236737632423
92.525,7.20482699974859,0.991644411444895,-0.227250125636368,0.227231839107661,0.294455399399121,1.71240400901013,20.5833226915251,1.70556261990447,20.5779064838122,-0.0227879423689359,0.206101658927361,0.19894215647582,0.243838272413385,1.02691873177499,47.1236737632423
92.625,7.18292875445712,1.13912087849139,-0.227307110332378,0.227301542659005,0.315198048131008,1.72289346695199,20.5985426798471,1.72585433835593,20.5984330135138,-0.0230227536190846,0.204584896111815,0.198949238907465,0.238826973807516,1.17839808401355,47.1236737632423
92.725,7.15803692236658,1.28612203968052,-0.22733869323511,0.22731594662301,0.338951234112131,1.74387238283574,20.6288751485912,1.74605314885505,20.6188733635557,-0.0232642931618834,0.20319816195577,0.19883714508497,0.238826973807516,1.3322625893902,47.1236737632423
92.825,7.13016850439257,1.43258881924414,-0.227337927137337,0.227299668353553,0.365704739179947,1.76485129871949,20.6439921975493,1.76650224310565,20.6392662089663,-0.0232080443219047,0.20404533329626,0.19884921223724,0.248325577312019,1.48612831602181,47.1236737632423
92.925,7.0993183433584,1.57845702995446,-0.227321845718892,0.227269736325335,0.395467622975446,1.78583021460322,20.6595530237896,1.78692032251649,20.6596743915226,-0.0231981474673333,0.204144737694849,0.198860690145275,0.243926802970283,1.63999425776566,47.1236737632423
93.025,7.06548598654058,1.72366260360816,-0.227304145155077,0.227239844871974,0.42824234176328,1.80680913048694,20.6904241694925,1.80729242131749,20.680117805116,-0.0232694622597691,0.203630035865475,0.198882298315063,0.243926802970283,1.79385990265555,47.1236737632423
93.125,7.0286892022189,1.86814520523661,-0.227281223006275,0.227206391020343,0.464011803081569,1.82778804637069,20.7057392461511,1.82792573027803,20.7005764925208,-0.023094840704001,0.204905981995155,0.198891374130564,0.253292995516771,1.94772491646022,47.1236737632423
93.225,6.98892738718468,2.01183951593525,-0.227269820678159,0.22718611634338,0.502776055464485,1.84876696225443,20.7214497507462,1.84852032110073,20.7210805431724,-0.0230043005328717,0.205210915813389,0.19889996159675,0.249089033768057,2.10158896094338,47.1236737632423
93.325,6.94620589142958,2.15468096716174,-0.227282051641208,0.227191135812255,0.544528587172857,1.86974587813816,20.7525487791472,1.86905528117802,20.7416357429303,-0.0230245402135303,0.204803816268027,0.198917174879793,0.249089033768057,2.25545211572249,47.1236737632423
93.425,6.90054931948734,2.29661038963661,-0.227311350507023,0.227214885534644,0.589243340630135,1.8907247940219,20.7679589677398,1.88982749992635,20.7622145126335,-0.0228310911683671,0.206099174507088,0.19892360552439,0.257416267819078,2.40931459652331,47.1236737632423
93.525,6.85196652564458,2.43756361137035,-0.227369002346485,0.227268651764326,0.6369097488696,1.91170370990564,20.7837522242495,1.91052427604363,20.7828362019745,-0.0227560043920896,0.206389386229994,0.198929846107196,0.253878587398909,2.56317667019003,47.1236737632423
93.625,6.80046844420992,2.57747654045926,-0.227465615254014,0.227363043413081,0.687515174955073,1.93268262578939,20.8139746421987,1.93116047717397,20.8035134243995,-0.0227970256867636,0.206036711900658,0.198943677689023,0.253878587398909,2.71703893970841,47.1236737632423
93.725,6.74613344688543,2.71631208466495,-0.227540455631048,0.227437326520009,0.740979774973342,1.95366154167312,20.8292204072096,1.95144337853518,20.8240299343192,-0.0230306342452167,0.20475619381091,0.198950524741961,0.260002817344114,2.87090280148652,47.1236737632423
93.825,6.68897760060254,2.85400987981609,-0.227600551712637,0.227498527407206,0.797285955936213,1.97464045755685,20.8441155716324,1.97184560420424,20.8445130608175,-0.0231115350744524,0.20372464996235,0.198824092910998,0.225096232304228,3.02476769163181,47.1236737632423
93.925,6.62904149061686,2.9905213922675,-0.227626984131706,0.227527724478852,0.856391808720777,1.99561937344059,20.8746310667149,1.99215678723997,20.8649177248519,-0.023205016073149,0.204071422886438,0.198848760196188,0.254962160916907,3.17863436320501,47.1236737632423
94.025,6.56634430488293,3.12578773467179,-0.227625800847898,0.227530964486573,0.918276971509101,2.01659828932433,20.8902292286485,2.01243951624154,20.8852949773027,-0.0232995395224194,0.203824182688399,0.198860652061263,0.260385617162507,3.33250191897004,47.1236737632423
94.125,6.50089540405135,3.25974433681934,-0.227615645756773,0.22752689200911,0.982931089059525,2.03757720520807,20.9054703321241,2.03292573259238,20.9057233501942,-0.0232416960630886,0.20369005698758,0.198870767372881,0.23040284046575,3.48636937319164,47.1236737632423
94.225,6.4327172302403,3.39233261272425,-0.227602079122526,0.227521067963502,1.05033088229537,2.0585561210918,20.9364227443936,2.05351165006692,20.9261838147523,-0.023116243146621,0.205270408972512,0.198890589253048,0.265309425505636,3.64023651687609,47.1236737632423
94.325,6.36182556965058,3.52348989439375,-0.22759973498744,0.227528126913948,1.12045985847539,2.07953503697555,20.9521368255957,2.07400857525958,20.9466823248665,-0.0231178280681235,0.205072116661371,0.198899859892269,0.265309425505636,3.79410334041593,47.1236737632423
94.425,6.28824490129007,3.65315704762339,-0.227615222418371,0.227554678706403,1.19329294027812,2.10051395285929,20.9674817529019,2.09465045820875,20.9672286145316,-0.02302223478409,0.204732535331669,0.198907568590057,0.23266386605535,3.94796977569561,47.1236737632423
94.525,6.21201141854511,3.78128181598931,-0.227642883076612,0.227595064540252,1.26879340509663,2.12149286874304,20.9986289825955,2.11532100726633,20.9877776046432,-0.0229006758380983,0.206043438432662,0.198923611231723,0.267570451095237,4.10183609827899,47.1236737632423
94.625,6.13314234923089,3.90780005347124,-0.22770075328035,0.227667320630421,1.34694360346729,2.14247178462676,21.0144102359665,2.13598142907521,21.0083779131694,-0.022840562555416,0.206293832395477,0.19893026274943,0.272139633382227,4.25570242904195,47.1236737632423
94.725,6.05166188744296,4.0326507629738,-0.227800623192265,0.227783235486727,1.42771899348474,2.1634507005105,21.0298101834577,2.15676551791465,21.0290568637026,-0.0227354242492339,0.206046660651314,0.198935569896509,0.23723304834234,4.40956918163512,47.1236737632423
94.825,5.96764615283394,4.1558093377999,-0.227892199810395,0.227885681073642,1.51104306373323,2.17394015845236,21.0598343158656,2.17698791898812,21.0495998358825,-0.0230559953556586,0.20394165820844,0.198950042435795,0.239520585221503,4.56104721415811,47.1236737632423
94.925,5.88114821291809,4.27723694331032,-0.227953508706903,0.227929919371853,1.5968624619908,2.19491907433611,21.0747472153557,2.19742226851215,21.070045737559,-0.0230675475081057,0.204155638363258,0.198823116907998,0.241135271560446,4.71491614317863,47.1236737632423
95.025,5.79220807249779,4.39688816268441,-0.227978281780035,0.227939286711293,1.68513698062503,2.21589799021984,21.0901704212306,2.21765690437019,21.0904187739847,-0.023205948075784,0.203570768600014,0.198835955731115,0.241135271560446,4.86878685994513,47.1236737632423
95.125,5.70084912877496,4.5147032739374,-0.227983330550233,0.227930588408531,1.77584313727575,2.23687690610359,21.1208613748997,2.23794071021559,21.1108111457064,-0.0233145139520268,0.20320762561607,0.19885889751599,0.243454424898996,5.02265829033055,47.1236737632423
95.225,5.60710617545571,4.63063053191162,-0.22797285580522,0.227908022164838,1.86894608295673,2.25785582198733,21.1361014389864,2.25849720797772,21.1312360741327,-0.0231829446162379,0.20442225423397,0.198868842125147,0.246889467104848,5.17652975880322,47.1236737632423
95.325,5.5110145059123,4.74461870296108,-0.2279516282643,0.227876358143518,1.96441051224037,2.27883473787108,21.1517818994518,2.27893017809309,21.1516722605008,-0.0231861608689741,0.204505552029194,0.198878982705857,0.246889467104848,5.33040105526381,47.1236737632423
95.425,5.41259891899232,4.85660631421813,-0.227940322770978,0.227856270580956,2.06221169352943,2.2998136537548,21.1828192353049,2.29940306310607,21.1721678550507,-0.0232088704058668,0.204291863311602,0.198897976712137,0.247604072469073,5.48427177292969,47.1236737632423
95.525,5.31190055782727,4.96654532308188,-0.227939770431478,0.227848591479846,2.16230852225799,2.32079256963853,21.1981768920272,2.3201383699159,21.1927011910795,-0.0230068996248818,0.205608997730984,0.198905823448009,0.253673640233413,5.63814197578301,47.1236737632423
95.625,5.20895521537288,5.07438255398251,-0.227959520195014,0.227862870807362,2.26466528266832,2.34177148552227,21.2139229733276,2.34078541826848,21.2132664564903,-0.0229251166830338,0.205850131137094,0.198913609555549,0.252340623575765,5.79201189498691,47.1236737632423
95.725,5.10379533588005,5.18006027623278,-0.228016000020644,0.227915537128464,2.36924964252417,2.36275040140601,21.2440237941212,2.36141865820834,21.2338924997919,-0.022917920044776,0.205558608164698,0.198928990633585,0.252340623575765,5.94588179765003,47.1236737632423
95.825,4.99651039507051,5.28358035169668,-0.228044454145585,0.227941835151227,2.47597197819699,2.38372931728974,21.2592211776549,2.3816295537535,21.2543387562847,-0.0231532809924602,0.203891176542662,0.198936886837376,0.255469683153129,6.09975292161225,47.1236737632423
95.925,4.88714498429287,5.38489982250213,-0.228044816152779,0.227941696849473,2.58478776363529,2.40470823317349,21.2740910920137,2.40194143973831,21.274722640095,-0.0232252788179466,0.202678971168849,0.198811077239312,0.221253164686158,6.25362424577798,47.1236737632423
96.025,4.7757529215087,5.48398783505108,-0.228003125530982,0.227901161423287,2.69564320165278,2.42568714905723,21.3045763022531,2.42223843079434,21.2950389076203,-0.0232445552872207,0.203478768235293,0.1988359531049,0.256159749726045,6.4074957797999,47.1236737632423
96.125,4.66236766671163,5.58078869839855,-0.227938754674089,0.227839602373119,2.80850498514993,2.44666606494097,21.3201526223027,2.44256214030632,21.3153822629083,-0.0232642010632098,0.203700554524897,0.198847242331594,0.262293324074131,6.56136614670419,47.1236737632423
96.225,4.54702609192198,5.67524911233744,-0.227868347746571,0.227773666815442,2.92333640221895,2.46764498082469,21.3353814155657,2.46303150626605,21.3358040186219,-0.0232165908170963,0.20347408733475,0.198856884185855,0.227386739034244,6.71523447514599,47.1236737632423
96.325,4.42978318002492,5.7673384633729,-0.227780808231083,0.227692261121261,3.04008253969397,2.48862389670844,21.3664419071775,2.48350239618595,21.3562281587644,-0.0231698410396959,0.20476911842855,0.198876932021971,0.262293324074131,6.86910074191297,47.1236737632423
96.425,4.31067527210131,5.85700162460776,-0.227697109432006,0.227616362363863,3.15870725778919,2.50960281259218,21.3822201066153,2.50400270134647,21.376710000133,-0.0231513772477534,0.205149304692338,0.198885909533054,0.267694818454438,7.02296460533119,47.1236737632423
96.525,4.18974259564266,5.94418659901354,-0.22763468040592,0.227563402835751,3.27917052859369,2.53058172847592,21.3976073729673,2.52465841016423,21.3972801271479,-0.0230657954449498,0.204981176954048,0.198893703382636,0.232788233414552,7.17682614921442,47.1236737632423
96.625,4.06704198160392,6.02886467315443,-0.227583639027659,0.227523501118394,3.40141561676869,2.55156064435966,21.4288367525273,2.54532129611163,21.4178548309745,-0.0229776133241479,0.206275996105492,0.198910655748182,0.267694818454438,7.33068613269924,47.1236737632423
96.725,3.94261390810211,6.11098231445586,-0.227565106791773,0.227517779615627,3.52540226638135,2.57253956024338,21.4446416556493,2.56601078955836,21.4384849523925,-0.0229182412953932,0.206603243033167,0.198918231510852,0.272539320467558,7.48454494332843,47.1236737632423
96.825,3.81650401824727,6.19049155368391,-0.227594029653641,0.227561183171485,3.6510850336283,2.59351847612713,21.4600449930798,2.58683318070638,21.4591939152353,-0.0228048129901985,0.206326549421639,0.19892471135216,0.237632735427671,7.63840328803887,47.1236737632423
96.925,3.68879172920854,6.26740149520284,-0.2276203396998,0.227603636754431,3.77838441945987,2.61449739201086,21.4900408683723,2.6070840745772,21.4797562790671,-0.0231162829511575,0.204026389648137,0.198940640011554,0.238479529648638,7.79226270611043,47.1236737632423
97.025,3.55954293338482,6.34170096549103,-0.227619576072795,0.22761229795148,3.90723455024584,2.62498684995275,21.5049313830509,2.62754381351928,21.5002015081362,-0.0231017730781851,0.204163653471558,0.198814824558809,0.242600780065237,7.94373499861585,47.1236737632423
97.125,3.42881028789658,6.41335956711582,-0.227591806870204,0.22756749003617,4.03758288267597,2.64596576583648,21.5203194641958,2.6478581879277,21.5205824241709,-0.023168314704396,0.203726357432501,0.198828215716492,0.242600780065237,8.0975957848767,47.1236737632423
97.225,3.29664082787957,6.48233320921229,-0.227553053937143,0.227513363358296,4.16938256616769,2.66694468172021,21.5509447049241,2.6681733428249,21.5409826156435,-0.0232533512798412,0.203178189122251,0.198851699790718,0.242600780065237,8.25145640038348,47.1236737632423
97.325,3.16309215326691,6.54859714838984,-0.227498602134321,0.227445200510881,4.30257609185642,2.68792359760396,21.5661850139941,2.68871721536119,21.5613948781387,-0.0231217412387643,0.204240580740751,0.19886178695171,0.246367520314023,8.40531616573286,47.1236737632423
97.425,3.02821909823952,6.61212200282619,-0.227430420600929,0.227364970424306,4.43710874361781,2.70890251348769,21.5818888096206,2.70912291426664,21.5818103995497,-0.0231315637443323,0.204281962908918,0.198871781697924,0.246367520314023,8.55917462068451,47.1236737632423
97.525,2.89206923405099,6.67286072513926,-0.227370852872374,0.227295016803319,4.57293316164121,2.72988142937143,21.6130014807911,2.72961380090641,21.6023001432312,-0.0231304207860248,0.204462964963304,0.198890497482414,0.250865357857725,8.71303110472385,47.1236737632423
97.625,2.75469679821261,6.73077924341884,-0.227328986285662,0.227244429848038,4.70999525892031,2.75086034525516,21.6283884744267,2.75038183537826,21.6228673509874,-0.0229295940703835,0.205875932725116,0.198897931174474,0.250865357857725,8.86688565840039,47.1236737632423
97.725,2.61616194866242,6.78585854846912,-0.227299017458472,0.227207410224877,4.84823495549231,2.77183926113891,21.6442000506043,2.77093243109571,21.643438510829,-0.0229501581944938,0.205762313232632,0.198906139421191,0.250865357857725,9.02073905628395,47.1236737632423
97.825,2.47651688803405,6.83805720658947,-0.227300208498353,0.227203221854685,4.98760024366317,2.79281817702265,21.6754595648465,2.79158101288956,21.6640743844547,-0.0229374500263368,0.205921402678906,0.198921929164964,0.256101856993341,9.17459144754683,47.1236737632423
97.925,2.33581801796794,6.88734260047631,-0.227343407708607,0.227242714979612,5.12803487457164,2.81379709290639,21.690880884141,2.81251064858143,21.6847854674033,-0.0227188972831449,0.207293846333767,0.198928138602694,0.255879324336586,9.32844351147036,47.1236737632423
98.025,2.19413234655397,6.93371568839225,-0.227405552235759,0.22730282775158,5.26947182315922,2.83477600879012,21.7056667109453,2.83287988333586,21.7054284071038,-0.0229926022291487,0.204559632506221,0.198936154466139,0.221061750281274,9.48229691910385,47.1236737632423
98.125,2.05153558119081,6.9772093322372,-0.227431794286846,0.227328710409689,5.41183520281792,2.85575492467387,21.7358020408019,2.85320963767938,21.7258855246603,-0.0231199654421701,0.204487142440783,0.198818192547236,0.25596833532116,9.63615210840114,47.1236737632423
98.225,1.90808153760053,7.01779042320098,-0.227438032020399,0.227336258730239,5.5550713550128,2.87673384055761,21.7511856956873,2.87353565568991,21.7462947073825,-0.0232031301538136,0.20404227333798,0.198832123108703,0.260141488905767,9.79000882989586,47.1236737632423
98.325,1.76382710647374,7.05543094172903,-0.227435676802925,0.227336882552995,5.69912352040109,2.89771275644135,21.7662334857476,2.89397697936113,21.7667241337938,-0.0231912328939501,0.203343712264127,0.198844128248492,0.22523490386588,9.94386646753673,47.1236737632423
98.425,1.61883573603831,7.09012803608104,-0.227411416263315,0.227317268845436,5.84392825310036,2.91869167232508,21.7969962869213,2.9144110628438,21.7871189677983,-0.0231519834157794,0.204359883353373,0.198866479928506,0.260141488905767,10.0977245881201,47.1236737632423
98.525,1.47316527944425,7.12185497072687,-0.227377765576774,0.227289933704818,5.98942782529554,2.93967058820881,21.8126811584109,2.93478172505047,21.8075254423427,-0.0231877957534294,0.204133853350059,0.198877003646009,0.26211325993278,10.2515823901613,47.1236737632423
98.625,1.32687492395124,7.15058657204672,-0.227346743578007,0.227266898256187,6.13556316778754,2.96064950409254,21.8280135398171,2.95536154580347,21.8279925031937,-0.0230750358514449,0.204297508039438,0.198885601067943,0.236050431029318,10.4054391478827,47.1236737632423
98.725,1.18002475747218,7.17630079203979,-0.227328449181956,0.227258263109784,6.28227429539057,2.98162841997629,21.8591141116713,2.97602789256728,21.8485200421467,-0.0229362280406278,0.205882244194806,0.198902999055998,0.267270654136253,10.5592948095688,47.1236737632423
98.825,1.03267631622877,7.19898289664092,-0.227326824321863,0.227267970340804,6.42949973803166,3.00260733586003,21.8749167957531,2.99654952362581,21.8690775008134,-0.0229720556488147,0.205621369371248,0.19891105066715,0.267270654136253,10.7131498057456,47.1236737632423
98.925,0.88489164060677,7.21861662216037,-0.227348547239065,0.227302698741576,6.57717753080379,3.02358625174377,21.8903580957435,3.01726038891985,21.8896915841621,-0.0228752737034412,0.205697798675741,0.198917676967684,0.240215397088669,10.8670042732727,47.1236737632423
99.025,0.736732893370273,7.23518608971146,-0.227401213532546,0.227370041911291,6.72524558574828,3.04456516762751,21.9216096581597,3.03805091549932,21.9103573505947,-0.0227505135566091,0.207247126633285,0.198932199435923,0.272037518690865,11.0208588829544,47.1236737632423
99.125,0.588263024470161,7.24868245848536,-0.227486626350412,0.227471797548506,6.87364099266578,3.06554408351123,21.9364176050496,3.0586096302163,21.9310364031959,-0.0228708514408069,0.205769316823538,0.198939100342374,0.241716754907475,11.1747147508921,47.1236737632423
99.225,0.439549116312702,7.25916245268138,-0.227542166497601,0.227532926870854,7.02229637090646,3.07603354145311,21.9516584631041,3.078901730322,21.9515344098039,-0.0230767579431763,0.204515220753088,0.198946777518887,0.241716754907475,11.3261859024685,47.1236737632423
99.325,0.290651464416748,7.26660628996672,-0.227583259524276,0.227557159159276,7.17115152286688,3.09701245733686,21.9819280995512,3.09919441690616,21.9719904784593,-0.0232401400143907,0.20352831272463,0.198834479054165,0.241716754907475,11.4800452525168,47.1236737632423
99.425,0.141631806963883,7.271019277599,-0.22760143391741,0.227560148198434,7.32014467859256,3.11799137322058,21.9970004559306,3.11966495177781,21.9924079442037,-0.0231870708871362,0.203957433615378,0.198846953534129,0.240640753966044,11.6339067203585,47.1236737632423
99.525,-0.00744804315394543,7.272408140713,-0.227588045328043,0.227533244469934,7.46921398597005,3.13897028910433,22.0125700130185,3.13993273919833,22.0127622268264,-0.0232735660893226,0.203403570749522,0.198859398126542,0.240640753966044,11.7877696978556,47.1236737632423
99.625,-0.156525464634035,7.27074516444442,-0.227570181337545,0.227503529062762,7.61829696318653,-3.12323610219152,22.0434393439192,-3.12278597445872,22.0331730564361,-0.023217802176454,0.203948790509697,0.19888038564277,0.251960955242993,11.9416327269231,47.1236737632423
99.725,-0.305537011101777,7.26601581917572,-0.227563080392874,0.227486239124444,7.76733023474798,-3.10225718630779,22.058715114099,-3.10212138603055,22.0536589399938,-0.0230390973060146,0.204866199660599,0.198889311549493,0.246003191735901,12.0954953309532,47.1236737632423
99.825,-0.454420754214741,7.25823908296146,-0.227549738410694,0.227464371852647,7.9162517687277,-3.08127827042405,22.0744502891473,-3.08169021971399,22.0741161658262,-0.0230651568218718,0.204542473552376,0.198898560941529,0.246003191735901,12.2493578580108,47.1236737632423
99.925,-0.603111693166755,7.24739291283543,-0.227555586499698,0.227463357195089,8.0649966741176,-3.0602993545403,22.105592217774,-3.06106519648213,22.0946503749362,-0.022974342699964,0.205276954418666,0.198915073699206,0.257921932063651,12.4032195484761,47.1236737632423
100.025,-0.751545094773898,7.23346942117533,-0.227593252811194,0.227495824768265,8.21350025406887,-3.03932043865657,22.1209848735779,-3.04027335536279,22.1152690353657,-0.0228011620101718,0.20620559176218,0.198921491620485,0.251562293943288,12.5570806490238,47.1236737632423
100.125,-0.899659896768022,7.21649322051664,-0.227643962812651,0.227543001614686,8.3617013138578,-3.01834152277284,22.1368116458308,-3.01970985073989,22.1358665899951,-0.0228352120166377,0.205976352174678,0.198928578167811,0.251562293943288,12.7109421643875,47.1236737632423
100.225,-1.04738984925771,7.19644932322385,-0.227730178406667,0.227627349067481,8.50953367811799,-2.99736260688909,22.1670765310107,-2.99900276128736,22.1565366800255,-0.0227982125945232,0.206461884938916,0.198942300228286,0.26040841960931,12.8648041334428,47.1236737632423
100.325,-1.19467954258359,7.17339071133687,-0.227806829644731,0.227703796287616,8.65694165820218,-2.97638369100537,22.18230177596,-2.97869066222115,22.1770890969266,-0.0230385304294494,0.204950148037068,0.198949649454728,0.257538585663689,13.0186680475068,47.1236737632423
100.425,-1.34146949113231,7.14733686709505,-0.227863815399572,0.227762239436032,8.80386566468077,-2.95540477512162,22.1971966603472,-2.95834235908427,22.1975713181242,-0.0231724484900937,0.203532774202684,0.198824213459147,0.222632000623802,13.1725338652744,47.1236737632423
100.525,-1.48770311717293,7.11831453025353,-0.227884605119043,0.227786144658857,8.95024897843793,-2.93442585923789,22.2277057040494,-2.93800169029577,22.2179664462755,-0.0232269078529512,0.204183062348624,0.198849298548641,0.257538585663689,13.3264021061208,47.1236737632423
100.625,-1.63331698356698,7.0863216573176,-0.227883458044911,0.227789769302563,9.09602817137423,-2.91344694335414,22.2432798325368,-2.9177055322609,22.2383477470381,-0.023312050580639,0.20380070087081,0.198861826487329,0.259770611883649,13.4802717857387,47.1236737632423
100.725,-1.77824697767225,7.05135835720151,-0.227873970063767,0.227786709094702,9.24113912881783,-2.8924680274704,22.2585023310632,-2.89720994525275,22.2587710657461,-0.0232397822805588,0.203652554907602,0.198872504225694,0.230758803733077,13.6341419892992,47.1236737632423
100.825,-1.9224304106404,7.01343217812663,-0.227863477564725,0.227784300517177,9.38551912090586,-2.87148911158666,22.2894179910604,-2.87660943759004,22.2792283738931,-0.0230965827648113,0.205231541654499,0.198892503114234,0.26530120951829,13.7880123884863,47.1236737632423
100.925,-2.06580289839402,6.9725464247497,-0.227865151119452,0.227795714103258,9.52910374453985,-2.85051019570293,22.3051217369136,-2.85610906309725,22.2997225259404,-0.0230903603192942,0.205020834320638,0.198902050420027,0.26530120951829,13.9418829223389,47.1236737632423
101.025,-2.20830183339829,6.9287139418318,-0.22788381039435,0.227825769892374,9.67183032312178,-2.82953127981919,22.3204649189111,-2.83548208169064,22.3202620052747,-0.0230028582470325,0.204604073185708,0.198909978867422,0.23164453646941,14.095753454793,47.1236737632423
101.125,-2.34986974174395,6.8819627824082,-0.227909548031225,0.227864559719995,9.81364123393296,-2.80855236393545,22.3516460657153,-2.81485165373149,22.3407940744213,-0.0229044994344143,0.205829305401512,0.19892610312196,0.266551121509296,14.2496241932436,47.1236737632423
101.225,-2.49043978009024,6.83229403295343,-0.227962317824051,0.227932037371221,9.95446962609399,-2.7875734480517,22.3664072861858,-2.79425848133043,22.3613815739953,-0.0228988266074026,0.205148011633643,0.198932757118962,0.240068799255135,14.4034951328916,47.1236737632423
101.325,-2.62997351029365,6.77978401709637,-0.227982949461572,0.227969028744188,10.094276660057,-2.76659453216798,22.3816083123853,-2.77401834490843,22.3818179266794,-0.0230950428695316,0.20391955511343,0.198940284410377,0.240068799255135,14.5573668766065,47.1236737632423
101.425,-2.76841072335367,6.72444687182197,-0.227979395990693,0.227969285180836,10.2330020513828,-2.7561050742261,22.4118894249138,-2.75379560373429,22.4022161975353,-0.0232705725512439,0.202967889536838,0.198828164554558,0.240068799255135,14.7088476512732,47.1236737632423
101.525,-2.90569835591739,6.66631417894957,-0.227941992252464,0.22791516288965,10.3705925702117,-2.73512615834238,22.4269983837104,-2.73339329866761,22.4225845182465,-0.0232365881957897,0.203554533606476,0.198840351781556,0.240771178270356,14.8627203676506,47.1236737632423
101.625,-3.04178196765064,6.60541425047826,-0.227865859381731,0.227823964667193,10.5069936271064,-2.71414724245863,22.442613538218,-2.71316112822377,22.4429130802891,-0.0233329797945281,0.203244128594015,0.198852594655355,0.240771178270356,15.0165928482709,47.1236737632423
101.725,-3.17659286596009,6.54174628223848,-0.227779798627552,0.227724487574771,10.6421365333289,-2.69316832657489,22.4735736046633,-2.69273227317885,22.4633153116036,-0.0233063560640687,0.203877627717495,0.198874170164645,0.251390481314612,15.1704637442011,47.1236737632423
101.825,-3.3100667744741,6.47532133011131,-0.227701300161556,0.22763422314852,10.7759569543378,-2.67218941069115,22.4888828649701,-2.6720730440639,22.483805760953,-0.0231375762985735,0.204957833297691,0.198883576573838,0.245767137204525,15.3243327449077,47.1236737632423
101.925,-3.44215436569097,6.40617976328465,-0.227616220470543,0.227539032008304,10.9084053505379,-2.65121049480741,22.504642513487,-2.65164183989029,22.5042738445322,-0.0231744557041296,0.204648413681411,0.198893703190112,0.245767137204525,15.4782004368685,47.1236737632423
102.025,-3.57278652507984,6.33432670285345,-0.227552108658711,0.227466463936432,11.0394125803051,-2.63023157892368,22.5357876578497,-2.63099673055026,22.5248187441815,-0.0230742460134188,0.205381555691884,0.198911613060777,0.257760803472128,15.6320662613808,47.1236737632423
102.125,-3.70190016311559,6.25978030268693,-0.227523512888993,0.227431070323046,11.1689154585968,-2.60925266303995,22.5511600940589,-2.61017860054602,22.5454432020778,-0.0228805739054607,0.206231540475598,0.198919126402958,0.250973417307578,15.785930597948,47.1236737632423
102.225,-3.82944960192148,6.18258807887545,-0.227512144615889,0.227414565898823,11.2968680577133,-2.58827374715619,22.5669611242271,-2.58958567176274,22.5660378150428,-0.0228822580871793,0.205920749865661,0.198927169730375,0.250973417307578,15.9397944805081,47.1236737632423
102.325,-3.95536818973789,6.102764396001,-0.227540251779467,0.227439199176516,11.4232036504701,-2.56729483127246,22.5971664717267,-2.56885498425024,22.5866962113068,-0.0228099668386577,0.206317787075657,0.198941857834188,0.25970124885927,16.093657860153,47.1236737632423
102.425,-4.07962822633669,6.02038211248694,-0.227561121227914,0.22745825805684,11.5478941537323,-2.54631591538873,22.6123706376816,-2.54853060106229,22.6072290873273,-0.0230184596712135,0.204767573617462,0.198949524563052,0.257717720307629,16.2475220598838,47.1236737632423
102.525,-4.20218350623631,5.9354840384839,-0.227564576348468,0.227461564823515,11.6708931372255,-2.52533699950498,22.6272533443718,-2.5281674654836,22.6276945756286,-0.0231208123938202,0.203399658249164,0.198824003510786,0.222811135267742,16.4013868023652,47.1236737632423
102.625,-4.32299459401325,5.84811968246989,-0.227532325244788,0.22743082654535,11.7921609055796,-2.50435808362125,22.6577830423612,-2.50783080625318,22.6480777059268,-0.0231672834616106,0.204084730239035,0.198849058965556,0.257717720307629,16.5552524668035,47.1236737632423
102.725,-4.44200450387711,5.75831579013724,-0.227476039818881,0.227377714990459,11.9116403330347,-2.4833791677375,22.673395918124,-2.48755482250603,22.6684516810656,-0.0232652748532693,0.203745314315159,0.198861255900481,0.259960331866555,16.7091179911962,47.1236737632423
102.825,-4.55915557923201,5.6660997359718,-0.227408590218888,0.227315101995112,12.0292736198123,-2.46240025185378,22.6886688090174,-2.46706717071364,22.6888776688017,-0.0232036107969655,0.203818140498888,0.198871651246138,0.233184657737186,16.8629824319948,47.1236737632423
102.925,-4.67439182822912,5.57150151952214,-0.227341053929956,0.227254067034759,12.1450046170325,-2.44142133597003,22.7196883357603,-2.44647273449096,22.7093583109808,-0.0230898167533802,0.205433692337647,0.198891810735213,0.26544860485937,17.0168455630271,47.1236737632423
103.025,-4.78765904512376,5.47455394205492,-0.227282488861232,0.227203669239414,12.2587789470556,-2.4204424200863,22.7354508673416,-2.4259935460696,22.7298733712571,-0.0231256886083706,0.20521013887123,0.198901743481674,0.26544860485937,17.1707076341771,47.1236737632423
103.125,-4.89890356177474,5.37529191733342,-0.227241286546124,0.227172301594645,12.3705427585789,-2.39946350420256,22.7508423652285,-2.40533119740854,22.7504416314494,-0.0230316001395892,0.205116560937084,0.198910261387922,0.236082747635657,17.324568679344,47.1236737632423
103.225,-5.00807413344486,5.27375339001045,-0.227223271354599,0.227165788426815,12.4802446076876,-2.37848458831882,22.7820130249198,-2.38456972220385,22.7710478617542,-0.0228763552396991,0.206742430025829,0.198927191438333,0.270989332675544,17.4784291505402,47.1236737632423
103.325,-5.11511493994432,5.1699721522243,-0.227241726578809,0.227197411284047,12.5878284970564,-2.35750567243508,22.7978022132738,-2.36390933234564,22.791695428478,-0.0228635321053439,0.206551073796651,0.198935313483067,0.270601520671243,17.6322897391581,47.1236737632423
103.425,-5.21997767346727,5.06399094895877,-0.227299590754946,0.227270106003702,12.6932458946845,-2.33652675655133,22.8132158752923,-2.34314458855317,22.8123848448772,-0.0227882047120005,0.20601694516496,0.198942227165003,0.235694935631356,17.7861510627983,47.1236737632423
103.525,-5.32264958823885,4.9558850275378,-0.227352954710883,0.227339956471421,12.7964836590001,-2.31554784066761,22.8432266943881,-2.32284460336547,22.8329388077459,-0.0230421823930165,0.20431979750502,0.198957902188763,0.243614754850742,17.9400142528866,47.1236737632423
103.625,-5.42309390373593,4.84570588084582,-0.227392972777806,0.227381901695462,12.8975047393023,-2.30505838272574,22.8580911258072,-2.30230909250872,22.8534288590533,-0.0229967228436756,0.204604223957465,0.198831932723876,0.242054440918987,18.0914934814435,47.1236737632423
103.725,-5.52128104765629,4.73350856922527,-0.227404329805102,0.227376602510472,12.9962792744122,-2.28407946684199,22.8734749408089,-2.28207041919376,22.8738293987584,-0.0231585892337662,0.203515810962297,0.198845878341667,0.236978426924984,18.2453597024121,47.1236737632423
103.825,-5.61716852053371,4.61933819496451,-0.227389220676467,0.227346502115266,13.0927645288428,-2.26310055095826,22.9041771869358,-2.26182203850512,22.8942014435245,-0.0232822533112937,0.202999761987724,0.198869764962565,0.24321053257752,18.3992271019876,47.1236737632423
103.925,-5.71070863696354,4.50323624469168,-0.227357439568838,0.227301388985197,13.1869126004133,-2.24212163507451,22.9194306278744,-2.24127167138833,22.9146071740239,-0.0231376166939299,0.204290451292387,0.198880203885819,0.248088688249767,18.553094507902,47.1236737632423
104.025,-5.80185656634653,4.38524651572888,-0.227316408630816,0.227248684075326,13.278678429504,-2.22114271919078,22.9351263016142,-2.22082194285892,22.935040430343,-0.0231211444836212,0.204555032060428,0.198890580674418,0.248088688249767,18.7069615096182,47.1236737632423
104.125,-5.89055767831256,4.26540647084391,-0.227286467690054,0.227208726851267,13.3680071902749,-2.20016380330705,22.9662072526129,-2.20035058819209,22.9555451416074,-0.0231545010811374,0.204384420959012,0.198909882706033,0.248088688249767,18.8608277209631,47.1236737632423
104.225,-5.97677597186413,4.14376801419276,-0.227265687975436,0.227179589960336,13.454862609508,-2.17918488742331,22.9815987167775,-2.17962974525537,22.9760900085262,-0.0229785250631807,0.20570424980787,0.198918173321389,0.253518102744311,19.014693309637,47.1236737632423
104.325,-6.0604681254092,4.02037785822506,-0.227262412130681,0.227169617440573,13.5392011208525,-2.15820597153957,22.9973870340998,-2.15899701381018,22.9966667148372,-0.0229224999290594,0.206010027737072,0.198926605313735,0.253518102744311,19.1685585963617,47.1236737632423
104.425,-6.14158116885714,3.89527745756045,-0.227297220081161,0.227199390010241,13.6209695375051,-2.13722705565582,23.0285721932296,-2.13834668289616,23.0173165873057,-0.0229220414834899,0.205839218421323,0.198942767099126,0.253518102744311,19.3224239118648,47.1236737632423
104.525,-6.22008400036113,3.76852304278453,-0.227365615160728,0.227264411504714,13.7001364624889,-2.11624813977209,23.0439913232647,-2.1174829786378,23.0379998463103,-0.0227415962297819,0.206868081554164,0.198949528651355,0.25307222985811,19.4762900796385,47.1236737632423
104.625,-6.29596231410955,3.64017972253552,-0.22744543691514,0.227342520556988,13.7766872476506,-2.09526922388835,23.0587879197053,-2.09711506051881,23.0586046570992,-0.0229784888996285,0.204528147843369,0.198957666153525,0.226070151736778,19.6301583258174,47.1236737632423
104.725,-6.36921386315887,3.51031855345816,-0.2275023835406,0.227399412423671,13.8506192719405,-2.07429030800462,23.0888613079478,-2.07668318798689,23.0790864918925,-0.0230284511610677,0.204920214055901,0.198839232699809,0.259280187024068,19.7840286800811,47.1236737632423
104.825,-6.43980424915719,3.37899029719222,-0.227541392625039,0.227440021527716,13.9218978711474,-2.05331139212087,23.1042345023783,-2.05640580414628,23.0995121903992,-0.0231767658271522,0.203858040026354,0.19885335544914,0.254008715148834,19.9379014101558,47.1236737632423
104.925,-6.50771219973138,3.24625365131274,-0.227553311079284,0.227455192005754,13.9905014649641,-2.03233247623714,23.1193235194596,-2.03608322187025,23.1198969014303,-0.0232388945822386,0.202925725533835,0.198865853893333,0.225418173619418,20.0917759928237,47.1236737632423
105.025,-6.57291018579768,3.1121641350112,-0.227537286873659,0.22744407084811,14.0564022334609,-2.01135356035339,23.1501439042012,-2.01566476529913,23.1402630890433,-0.0231866256240849,0.204175792460978,0.198888157278016,0.260324758659305,20.2456514017861,47.1236737632423
105.125,-6.63535131182458,2.97676844152249,-0.227515047401173,0.227428386101399,14.1195530376612,-1.99037464446967,23.1658241132771,-1.99524094456084,23.1606774987084,-0.0231772145509055,0.20442173748804,0.198898686682807,0.264900120193767,20.3995267684086,47.1236737632423
105.225,-6.69499584252843,2.84011783766518,-0.227501209123724,0.227422755416306,14.1799138745541,-1.96939572858592,23.1811341961619,-1.97467319725965,23.1811705592806,-0.0231025278219228,0.204186082257266,0.198907692260479,0.229993535153881,20.5534016682685,47.1236737632423
105.325,-6.75182902988598,2.70227415725004,-0.227484556925813,0.22741596354589,14.2374696716734,-1.94841681270219,23.2122770383439,-1.95410667559488,23.2016640366635,-0.0230294835400819,0.20545677165234,0.198925894218236,0.264900120193767,20.7072763511883,47.1236737632423
105.425,-6.80580499543399,2.56328708585585,-0.227488582312878,0.227431502861851,14.2921742914047,-1.92743789681845,23.2280584981879,-1.93348147770905,23.2222247082687,-0.0229649572594433,0.205964881737927,0.198934080203827,0.27006115237389,20.8611506982484,47.1236737632423
105.525,-6.85688734764026,2.42321119040701,-0.227527478804553,0.227483565868863,14.3439910570502,-1.90645898093471,23.2434511602306,-1.91275294119546,23.2428691270626,-0.0228808395397451,0.205671695176214,0.198941241483668,0.235154567334003,21.0150251355093,47.1236737632423
105.625,-6.90506771653871,2.28211091664264,-0.227587030026099,0.227557931832101,14.3929112601925,-1.88548006505097,23.2746921357937,-1.89203097903185,23.2635093578662,-0.0227991081797505,0.206903956765222,0.198956505038838,0.27006115237389,21.1689006182746,47.1236737632423
105.725,-6.95031701470117,2.14004358254204,-0.227676221452739,0.227663581792054,14.4389055134161,-1.86450114916722,23.2894922999635,-1.87146605000807,23.2841620324528,-0.0228868537425733,0.20563194275003,0.198963722853482,0.243183912367169,21.3227777936553,47.1236737632423
105.825,-6.99266890118256,1.99708491249371,-0.227739931130367,0.227728564152881,14.4820070756819,-1.85401169122537,23.3047106945545,-1.8511375415182,23.3046564837783,-0.0230527965781704,0.204535538380016,0.198971459604424,0.242098628108387,21.4742684397227,47.1236737632423
105.925,-7.032092785671,1.85329020487205,-0.227791701982067,0.227763774744383,14.5221850671801,-1.83303277534162,23.334943310574,-1.83083087641492,23.3251152300482,-0.023204877744746,0.203572700571362,0.198859174892821,0.242098628108387,21.6281495685811,47.1236737632423
106.025,-7.06858917861419,1.70872308321316,-0.227814114647017,0.227771283286661,14.559439663597,-1.81205385945788,23.3500315004634,-1.81042990811547,23.3455115061042,-0.0232001855013628,0.203740797446877,0.198871976730489,0.243234817914659,21.7820332321276,47.1236737632423
106.125,-7.10214397544088,1.56344371621857,-0.227806018698721,0.227749932356392,14.5937564445481,-1.79107494357413,23.3656075566228,-1.79010564746258,23.365867800211,-0.0232322189552079,0.203620880589523,0.198884160700292,0.243234817914659,21.9359184409593,47.1236737632423
106.225,-7.1327188809842,1.4175075828831,-0.227792193378985,0.227724495436235,14.6250968252112,-1.77009602769041,23.3965015338293,-1.76972302607286,23.3862773065644,-0.0232591039188925,0.203506494449613,0.19890544430904,0.245823924068498,22.0898039688239,47.1236737632423
106.325,-7.16029667863564,1.2709753653964,-0.227777031366198,0.227699363511489,14.6534432710785,-1.74911711180667,23.4118108791961,-1.74907290528786,23.4067375762305,-0.023069252800024,0.204841972454934,0.198914591480379,0.249297732779493,22.2436893383147,47.1236737632423
106.425,-7.18486291495868,1.1239081470252,-0.22776343689934,0.227677440996722,14.6787810088024,-1.72813819592293,23.4275468904659,-1.72856155177651,23.4272182722876,-0.0230385953457848,0.204986150147998,0.198923820398181,0.249297732779493,22.3975745284765,47.1236737632423
106.525,-7.20638912546436,0.976365579992723,-0.227769669942685,0.227676987755471,14.7010812625615,-1.70715928003921,23.4586942535311,-1.70802533289734,23.4477647877363,-0.0230488919153125,0.204834835842531,0.198941064466557,0.250222378319714,22.5514593257071,47.1236737632423
106.625,-7.22486731105163,0.828410789915323,-0.227794550540358,0.227696824673286,14.7203357027789,-1.68618036415546,23.4741110634614,-1.68724101716211,23.4683559798644,-0.0228557683081192,0.20620012425334,0.198948092166598,0.25599374342435,22.7053440059177,47.1236737632423
106.725,-7.2402825251671,0.680105947079089,-0.227845220053934,0.227744093647185,14.7365290580271,-1.66520144827172,23.489915224538,-1.66655873741682,23.4889832795085,-0.0228007882069932,0.206485207581156,0.198955313743264,0.254879942209181,22.859229094314,47.1236737632423
106.825,-7.2526120358954,0.531513231685271,-0.2279378675185,0.227834983288317,14.7496382720461,-1.64422253238798,23.5201245437216,-1.6458866671761,23.5096776714275,-0.0228231098852447,0.206256913398332,0.198969779571778,0.254879942209181,23.0131151867286,47.1236737632423
106.925,-7.26191621712521,0.382699568625038,-0.228006731000648,0.227903729930691,14.7597233640233,-1.62324361650424,23.5353672995769,-1.62565098362397,23.5301913263032,-0.0231010812088641,0.204519226387779,0.198977932815452,0.257020466184797,23.1670039099007,47.1236737632423
107.025,-7.26819115258843,0.233726677186155,-0.228051788537464,0.227950308356874,14.7667800937177,-1.60226470062051,23.5502695241674,-1.60529917198185,23.5506385578505,-0.0231965011140396,0.203311793424361,0.198852717388789,0.223252517829734,23.3208946078629,47.1236737632423
107.125,-7.27144434924635,0.0846554872922614,-0.228062880104409,0.227964555386164,14.7708156474751,-1.58128578473676,23.5807548567726,-1.58493663977912,23.5710199944736,-0.0232154055343621,0.204132880781657,0.198877849300298,0.25815910286962,23.4747875886314,47.1236737632423
107.225,-7.27165936590152,-0.0644523220883919,-0.228055003265913,0.22796146692539,14.7718132609503,-1.56030686885303,23.596314875256,-1.56461612603207,23.5914023602288,-0.0232772575425741,0.203876301724113,0.198890376435243,0.260653476830679,23.6286818654939,47.1236737632423
107.325,-7.26882411065768,-0.213534024876399,-0.228040103833195,0.227952988721116,14.769760513259,-1.53932795296928,23.6115283663461,-1.54413036132747,23.6118306265987,-0.0232197592078087,0.203571809861673,0.198901121319184,0.228553976746207,23.7825765853435,47.1236737632423
107.425,-7.26294212005242,-0.362527232989941,-0.228015798016963,0.227936737026748,14.764660612886,-1.51834903708554,23.6424899544891,-1.52359333112445,23.6322676506301,-0.0231197530361946,0.204947190548832,0.198921344206753,0.263460561786093,23.9364714743884,47.1236737632423
107.525,-7.25399883796181,-0.511368316865808,-0.227999127018383,0.227929753835747,14.7564986706708,-1.49737012120182,23.6582171935851,-1.50309276568066,23.6527479375326,-0.0230994744949236,0.20500539218793,0.198930921068785,0.266231013559973,24.0903662058848,47.1236737632423
107.625,-7.24198682527933,-0.659992997773749,-0.228001379632297,0.22794332881199,14.7452669111588,-1.47639120531807,23.6735734330198,-1.4824399829786,23.6732964525354,-0.0229952067956241,0.204825989572553,0.19893893318386,0.233686121257536,24.2442606238927,47.1236737632423
107.725,-7.22691675513724,-0.8083386233774,-0.228016975011077,0.227971880085795,14.7309756791474,-1.45541228943433,23.704748071789,-1.46175734196911,23.6938612886942,-0.0228774019450135,0.206244989231814,0.198955229901773,0.268592706297423,24.3981551089975,47.1236737632423
107.825,-7.2087845020789,-0.956340905306031,-0.228056523557513,0.22802601654287,14.7136205137753,-1.4344333735506,23.7195273741085,-1.44122705382513,23.7144562279136,-0.0229420530204116,0.205104428912287,0.198962661055991,0.241216261406668,24.5520500232279,47.1236737632423
107.925,-7.18765428016863,-1.10394553824536,-0.228062857626019,0.22804856711985,14.6932653414307,-1.41345445766685,23.7347394527427,-1.42095138027172,23.7348987277326,-0.0231088792859246,0.204074537804022,0.198970592490854,0.241216261406668,24.7059458297321,47.1236737632423
108.025,-7.1635202119585,-1.25108956220226,-0.228050679509007,0.228041067887978,14.669903956333,-1.402964999725,23.7649950977544,-1.40068435657151,23.7553172324495,-0.023260360302686,0.20322090961244,0.198858906284887,0.241216261406668,24.8574500525988,47.1236737632423
108.125,-7.13640782369407,-1.39771537796837,-0.228004063264946,0.227977799018996,14.6435615821363,-1.38198608384125,23.7801012294604,-1.38030986366495,23.7756869753499,-0.0232556102965553,0.203532046287449,0.198871830046026,0.242624280890432,25.0113473752599,47.1236737632423
108.225,-7.10632874498426,-1.54376259909642,-0.227922498064361,0.227881211523305,14.6142495317411,-1.36100716795751,23.7957035349028,-1.36001486050407,23.7960258859161,-0.0232995177017798,0.203470150265896,0.19888430932062,0.242624280890432,25.1652445688706,47.1236737632423
108.325,-7.07326941956953,-1.68916467500647,-0.227832676491339,0.227777994064372,14.5819539013821,-1.34002825207377,23.8266436342082,-1.33963257988712,23.8164285672104,-0.0233199183791797,0.203537831874342,0.198906402458792,0.246579951317741,25.3191404191492,47.1236737632423
108.425,-7.03723483930607,-1.83385829585245,-0.227743786636089,0.227677335370161,14.5466793506914,-1.31904933619005,23.8419604046665,-1.31896738537273,23.8368980335487,-0.023124190203049,0.204893905443667,0.19891602424549,0.247231378691249,25.4730345187197,47.1236737632423
108.525,-6.99824306607081,-1.9777836362504,-0.227652777567068,0.227576187584124,14.5084436264576,-1.2980704203063,23.8577148833662,-1.29849851399353,23.8573702317851,-0.0231275170602778,0.204792388885471,0.198926110143173,0.247231378691249,25.6269271150119,47.1236737632423
108.625,-6.95628859845781,-2.1208733006324,-0.227582614950552,0.227497517652468,14.4672408743872,-1.27709150442257,23.8888703934478,-1.2778935463996,23.8779162901888,-0.0230686078700799,0.20517311494215,0.198944208401391,0.254681748391644,25.7808178236622,47.1236737632423
108.725,-6.91137777379434,-2.26306237952237,-0.227545526735288,0.227453556616372,14.4230770916693,-1.25611258853883,23.9042543037382,-1.25704145356874,23.8985431426753,-0.0228433675256703,0.206407257977273,0.198951668489895,0.252102226738619,25.9347069371839,47.1236737632423
108.825,-6.86354084020399,-2.40429393919994,-0.227529841159768,0.227432636161938,14.3759822269684,-1.23513367265508,23.9200604972055,-1.23642732872073,23.9191593922061,-0.0228454922084467,0.206176953175075,0.198959806802022,0.252102226738619,26.0885954792842,47.1236737632423
108.925,-6.81278378167096,-2.54450214945859,-0.227551028408774,0.227450227417574,14.3259619206848,-1.21415475677135,23.9503037937239,-1.21575512055979,23.9398252140928,-0.0228391059342918,0.206111978413823,0.198974949090643,0.255864409828795,26.2424836802179,47.1236737632423
109.025,-6.75917665026439,-2.68364626885801,-0.227557062043394,0.227454304806229,14.2730860080696,-1.1931758408876,23.9655360935429,-1.19543920122302,23.9603472277822,-0.0230452002868589,0.204805048589957,0.198983018861694,0.259986459511907,26.3963728201446,47.1236737632423
109.125,-6.70273851218173,-2.82166685421719,-0.227551485306196,0.227448410317827,14.2173732445213,-1.17219692500387,23.9804210672598,-1.17501442835733,23.9808329638274,-0.0231061634663696,0.20374436094049,0.198857702307362,0.22507987447202,26.5502624206786,47.1236737632423
109.225,-6.64351102306061,-2.95851544211914,-0.227514019622642,0.227412264282707,14.1588650305837,-1.15121800912013,24.0109344714456,-1.15469418608951,24.0012362529344,-0.0231892103056168,0.204033091066444,0.198883368932981,0.254616209689083,26.7041531804208,47.1236737632423
109.325,-6.58151379628914,-3.09413312934612,-0.227449988287365,0.227351189392694,14.0975806713261,-1.13023909323639,24.0265444017713,-1.13439713029641,24.0216127445445,-0.0232686461225668,0.203850199536053,0.198896073353349,0.260849897143118,26.858044106982,47.1236737632423
109.425,-6.51675582722847,-3.22845511748132,-0.227378123585175,0.227283919273674,14.0335288234689,-1.10926017735265,24.0418013210909,-1.11390488002478,24.0420453377141,-0.0232089890205138,0.203738312623407,0.198906938594302,0.230600006314389,27.0119341617638,47.1236737632423
109.525,-6.44926096377481,-3.36142349858558,-0.227302088240374,0.227214118242888,13.9667330307391,-1.08828126146893,24.0728149886158,-1.09332423342373,24.0625113277391,-0.0230943324444937,0.205330031437855,0.198927543760628,0.265506591354275,27.1658231467772,47.1236737632423
109.625,-6.37904535315277,-3.49297594403677,-0.227235700010658,0.227155605545567,13.8972091134985,-1.06730234558518,24.0885701689283,-1.0728357165923,24.0830172531046,-0.0231117409785604,0.205153328257895,0.198937667376099,0.265506591354275,27.3197110706382,47.1236737632423
109.725,-6.3061317021934,-3.62305246638386,-0.227187186543384,0.227116610470877,13.8249794633343,-1.04632342970143,24.1039549328339,-1.05216776347606,24.1035800016846,-0.0230065364423027,0.205088164836338,0.198946278459868,0.23621161924317,27.4735978993758,47.1236737632423
109.825,-6.23054655517165,-3.75159502977065,-0.227161788987659,0.227102374444899,13.7500703196392,-1.0253445138177,24.1351255985756,-1.03140511506307,24.1241835513778,-0.0228474377225218,0.206736762843471,0.198963219968714,0.271118204283057,27.6274840247683,47.1236737632423
109.925,-6.15231155347624,-3.8785421996099,-0.22717200497688,0.227125393723954,13.6725030023259,-1.00436559793396,24.1509233974289,-1.01074933933158,24.1448306118148,-0.0228387224279842,0.206555933049467,0.198971335282215,0.27051140451623,27.7813700994346,47.1236737632423
110.025,-6.07145898931406,-4.00383824409521,-0.227219586444125,0.227187417864297,13.5923095117315,-0.983386682050226,24.1663511616651,-0.989997549589087,24.1655196545393,-0.0227759754100774,0.206018185677794,0.198978292233404,0.235604819476344,27.9352567276644,47.1236737632423
110.125,-5.98805892230221,-4.12745410417664,-0.227261379710689,0.227245286698566,13.5095597520695,-0.962407766166495,24.1963941489804,-0.969692207200876,24.1860784737837,-0.0230294522662291,0.20444760163141,0.198994016725259,0.244666266406808,28.089145022817,47.1236737632423
110.225,-5.90215294310948,-4.24934235715366,-0.227289375194681,0.227281617101229,13.4242950651583,-0.951918308224617,24.2112738236212,-0.949167047864909,24.2065770687116,-0.0230028878581798,0.20466316364641,0.19886824648508,0.241751709993598,28.2406503190636,47.1236737632423
110.325,-5.81378924476471,-4.36946293512826,-0.227287182625625,0.227262572931717,13.3365634331656,-0.93093939234089,24.2266732987529,-0.928921771291748,24.2269846821504,-0.0231652247238436,0.203675431570641,0.198882489306043,0.238474876414823,28.3945416034494,47.1236737632423
110.425,-5.72299978537702,-4.48776245162495,-0.227260601008709,0.227220780844226,13.2463965350937,-0.909960476457149,24.2573814081871,-0.908668577509869,24.2473703317817,-0.0232976805732434,0.203062170649717,0.19890675785067,0.242309673898817,28.5484340409173,47.1236737632423
110.525,-5.62981816237201,-4.60418810858042,-0.22721506707595,0.227161672278478,13.1538276918279,-0.8889815605734,24.2726397363074,-0.888123544488128,24.2677764764558,-0.0231587922256189,0.204358110248375,0.198917713247765,0.250263385607027,28.7023266004574,47.1236737632423
110.625,-5.53427189204127,-4.71868191272434,-0.227165314094519,0.227099978672689,13.0588841163518,-0.868002644689671,24.2883223890665,-0.867627979993631,24.2882250228359,-0.0231117741111539,0.204698929333621,0.198928352384155,0.247705987434866,28.8562187244758,47.1236737632423
110.725,-5.43638844531429,-4.83118456809143,-0.227128238493992,0.22705259652055,12.9615929693238,-0.847023728805933,24.3193770151746,-0.847151297252386,24.308736743662,-0.0231468121960461,0.204418669859185,0.198948066015207,0.247705987434866,29.0101101953337,47.1236737632423
110.825,-5.33621199800614,-4.94165064305511,-0.227100333039669,0.227016019699262,12.8619981868181,-0.826044812922193,24.3347605508959,-0.826427784543108,24.3292799635733,-0.0229665193980715,0.205678998577227,0.198956652112443,0.253336776306557,29.164001134907,47.1236737632423
110.925,-5.23377896667121,-5.05002771406269,-0.227089840732864,0.226998492311549,12.7601359102813,-0.805065897038445,24.3505438309752,-0.805792580555535,24.3498515948902,-0.0229029467273882,0.205965100060925,0.198965235293529,0.253336776306557,29.3178917593335,47.1236737632423
111.025,-5.12911887803155,-5.15625543056219,-0.227116766358638,0.227020019864189,12.6560353514423,-0.784086981154721,24.3817292987588,-0.785145524444687,24.3704950216754,-0.0228993174017162,0.205783060755777,0.198981444224042,0.253336776306557,29.471782308154,47.1236737632423
111.125,-5.02227998666703,-5.26029123238846,-0.227176606432746,0.227076099534788,12.5497445415357,-0.76310806527097,24.3971533813019,-0.764280491517294,24.3911745975318,-0.0227138603307004,0.206867980263581,0.198988160517639,0.253336776306557,29.6256735138692,47.1236737632423
111.225,-4.91332271671892,-5.3621069837653,-0.22724732828272,0.227144698151132,12.4413237557526,-0.742129149387244,24.4119588950212,-0.743915106773156,24.4117802224588,-0.0229541005135623,0.204554401984993,0.198996239304729,0.226191092571404,29.7795665644926,47.1236737632423
111.325,-4.80231636039726,-5.46168561525666,-0.227294025932252,0.227190907145658,12.330842193902,-0.721150233503499,24.4420589121739,-0.723486526968318,24.4322658187268,-0.0230111169768179,0.20498687356834,0.198877764385723,0.259625491655746,29.9334614998003,47.1236737632423
111.425,-4.68930269493589,-5.55898225587614,-0.227322124149952,0.227220148476889,12.2183413991029,-0.700171317619762,24.4574470298844,-0.703209863034792,24.4526994739484,-0.0231681082648656,0.203953482844773,0.198891948920652,0.254155768170347,30.0873586147616,47.1236737632423
111.525,-4.57433439682447,-5.653963529604,-0.227322448501956,0.227223245094431,12.10387387231,-0.679192401736034,24.4725499023604,-0.682887263163311,24.4730937846854,-0.0232398191303567,0.203040359246076,0.198904626804409,0.225757863472014,30.2412574543612,47.1236737632423
111.625,-4.45745904061178,-5.74658979254052,-0.227295183876731,0.227200380870514,11.9874869801142,-0.658213485852293,24.5033875428151,-0.662460241315266,24.4934720748189,-0.0231910874157926,0.204314658114076,0.198927188733432,0.260664448511901,30.3951570535846,47.1236737632423
111.725,-4.33871209562651,-5.83680523149518,-0.22726200395303,0.227173229938452,11.8692159010043,-0.637234569968547,24.5190717562747,-0.642034195526497,24.5138962952242,-0.0231892620323819,0.204502942508981,0.198938084584117,0.264711166450586,30.5490566301151,47.1236737632423
111.825,-4.21813522768071,-5.9245602181115,-0.227237211552242,0.227156096118648,11.7491020412763,-0.616255654084809,24.5343817730473,-0.621461681145838,24.5343942896058,-0.0231147420332967,0.204229418778797,0.19894748044658,0.229804581410699,30.7029557954323,47.1236737632423
111.925,-4.09578537681708,-6.0098265488938,-0.227210095105358,0.227138267702362,11.627202191085,-0.59527673820107,24.5655139892531,-0.60088760846043,24.5548891545197,-0.023035534261755,0.205471036081063,0.198966030408363,0.264711166450586,30.8568547854542,47.1236737632423
112.025,-3.9717002531028,-6.09254710516716,-0.227205961311875,0.22714505233827,11.5035537628964,-0.574297822317326,24.5812822326773,-0.580238055223986,24.5754539806615,-0.0229508071671667,0.206010826047801,0.198974425017159,0.269302934297206,31.0107534317164,47.1236737632423
112.125,-3.84592661438433,-6.17267641374503,-0.22723672652313,0.227188365373603,11.378203277331,-0.553318906433606,24.5966648932836,-0.559518339908657,24.5960947037143,-0.0228718149046436,0.20559566015189,0.198981829696411,0.234396349257319,31.1646521696203,47.1236737632423
112.225,-3.71852693123207,-6.2501943984996,-0.227285750331308,0.227251562636437,11.251213098517,-0.532339990549846,24.6279069043236,-0.538811476249493,24.6167219784868,-0.0227922260179341,0.206759254555808,0.19899719506363,0.269302934297206,31.3185518455353,47.1236737632423
112.325,-3.58954853011878,-6.32505593506643,-0.227366967060902,0.227348575213239,11.1226303188809,-0.511361074666119,24.6426989145608,-0.518205782180859,24.6373775132111,-0.02284206667359,0.205696768281507,0.199004187066008,0.241421238003601,31.4724529188446,47.1236737632423
112.425,-3.45907505997886,-6.39728189919843,-0.227420267306816,0.227415014483749,10.9925386912369,-0.500871616724259,24.657922373868,-0.497917163030541,24.6578650611457,-0.0230409954578867,0.204422070389242,0.199011997311415,0.241421238003601,31.6239706164775,47.1236737632423
112.525,-3.32715508008131,-6.46683277542122,-0.227456629749605,0.227434358176511,10.8609865695948,-0.479892700840511,24.6881950456924,-0.477638988629203,24.6783099361697,-0.0232076960805223,0.203431493940301,0.198899635301201,0.241421238003601,31.7778752818782,47.1236737632423
112.625,-3.19384686316859,-6.53368741384287,-0.227467497000752,0.22742983876641,10.7280321154842,-0.458913784956771,24.7032814918173,-0.457176178537196,24.6987220509512,-0.0231570007700412,0.203947826975886,0.198912079946424,0.24057982259082,31.9317819716328,47.1236737632423
112.725,-3.05920948337752,-6.59782648053817,-0.2274435766728,0.22739215877043,10.5937343006566,-0.437934869073034,24.7188733656776,-0.436928341522514,24.7190755971147,-0.0232627099188996,0.203416163135557,0.198924615431375,0.24057982259082,32.0856900706183,47.1236737632423
112.825,-2.92328762764522,-6.65919789680324,-0.227412621168981,0.22734906413452,10.4581375417544,-0.416955953189298,24.7497923192353,-0.416461059963135,24.739493538396,-0.0232133696407715,0.204114642366418,0.198945743815268,0.253083169885559,32.2395981288422,47.1236737632423
112.925,-2.78613196449675,-6.71776051044149,-0.227391279655037,0.227317203096618,10.3212922929702,-0.39597703730556,24.7650892697124,-0.395805451237667,24.7599927374321,-0.023056959951429,0.205015551437163,0.198955110934722,0.246666940997128,32.3935057719703,47.1236737632423
113.025,-2.64780610185204,-6.77350436945489,-0.227363710728461,0.227280735820035,10.1832621075121,-0.374998121421829,24.780839486041,-0.375357216039688,24.7804682164631,-0.0230842037843964,0.204769746423299,0.198964920269336,0.246666940997128,32.5474134605554,47.1236737632423
113.125,-2.50835933556366,-6.82638142366491,-0.227356058649179,0.227265805413135,10.0440960318197,-0.354019205538081,24.811987913938,-0.354733427128588,24.8010183879563,-0.0230105863665315,0.205354351270161,0.198982199404415,0.256775836745202,32.7013205935505,47.1236737632423
113.225,-2.3678470837978,-6.87635723803591,-0.227380892873696,0.227284982499284,9.90384930551307,-0.333040289654346,24.8273708580229,-0.333914687977125,24.8216481777266,-0.0228216369853698,0.20632607905133,0.198989394206838,0.25073356464011,32.8552274807074,47.1236737632423
113.325,-2.22633505735977,-6.92342804941914,-0.22741973278308,0.227319787711223,9.76258761876245,-0.312061373770601,24.8431840542708,-0.313348626979403,24.8422482580476,-0.0228556563086606,0.205962233882622,0.198997324617257,0.25073356464011,33.0091351598715,47.1236737632423
113.425,-2.08387717020296,-6.96755213637826,-0.227495147224556,0.227392788752059,9.62036467145542,-0.291082457886868,24.8734112597451,-0.292614996391939,24.8629158618301,-0.0227896295036487,0.206512731298891,0.199011634305732,0.261074073371363,33.1630435779316,47.1236737632423
113.525,-1.94054535186445,-7.00875087344713,-0.227565396052805,0.227462244436039,9.47725250226999,-0.270103542003135,24.8886088018477,-0.272275326214025,24.8834721348949,-0.0230062323906104,0.204918992630717,0.199019360455801,0.254755897812862,33.3169541037378,47.1236737632423
113.625,-1.79640450417048,-7.04702643946958,-0.227610380267898,0.227508052826661,9.33331602336876,-0.2491246261194,24.9034968821986,-0.251986820167032,24.9039296012602,-0.0231751927088553,0.203164410647449,0.198894388559264,0.220134336965907,33.4708667362933,47.1236737632423
113.725,-1.65151841274607,-7.08238425571002,-0.227608384226787,0.22750849513412,9.18861904696956,-0.228145710235647,24.934048473208,-0.231716232435644,24.9242766456796,-0.0232516493969293,0.203651810858481,0.198919693127649,0.255040922005793,33.6247816649273,47.1236737632423
113.825,-1.50593968882535,-7.11477658400213,-0.227593232866822,0.227497395272509,9.04321393921094,-0.207166794351914,24.949600164833,-0.211266518969786,24.9446743170584,-0.0231996073097953,0.204265025173219,0.198931517091336,0.258875723542896,33.7786973137113,47.1236737632423
113.925,-1.35972751124942,-7.14418115078868,-0.227573773482965,0.227483600298432,8.89715976376926,-0.186187878468171,24.9648111867503,-0.190830413221315,24.9651193077984,-0.0232084923013431,0.203579889521597,0.198942482429562,0.226910028053002,33.9326132629726,47.1236737632423
114.025,-1.21294546049753,-7.17059863861494,-0.227536763499725,0.227453867595444,8.75052010244537,-0.165208962584437,24.9958277698306,-0.170345774672721,24.9855458818448,-0.0231504277992123,0.204766783275699,0.198962900233128,0.261816613092889,34.0865293263971,47.1236737632423
114.125,-1.06565056283343,-7.1939891130178,-0.227511397032939,0.227437392837498,8.60335177557025,-0.144230046700703,25.011553069684,-0.149759782511012,25.0060453049202,-0.0230638587129022,0.205378151820914,0.198972249148303,0.266548872839654,34.2404449124014,47.1236737632423
114.225,-0.917903802705355,-7.21433031429776,-0.227510104866662,0.227446607052707,8.4557156528289,-0.123251130816955,25.0268985293161,-0.12911518033998,25.0266199145543,-0.0229938661759022,0.204922040311488,0.198980574604656,0.231642287799767,34.3943601815098,47.1236737632423
114.325,-0.76977000982404,-7.23163052548116,-0.227515835349281,0.227464456932684,8.30767660611004,-0.102272214933221,25.058097523026,-0.108480366923178,25.0471776828206,-0.022916821025472,0.206060684845944,0.198997327322352,0.266548872839654,34.5482756885797,47.1236737632423
114.425,-0.621309909117834,-7.24585811137163,-0.227552972121554,0.227515325909449,8.15929520021497,-0.0812932990494897,25.0738906378985,-0.0877732234779571,25.0678001900749,-0.0228321848345026,0.206570468131594,0.199004715000881,0.270990307186816,34.7021914663805,47.1236737632423
114.525,-0.472586647604134,-7.25699690485895,-0.227631595097368,0.227609290757616,8.01063450278037,-0.0603143831657475,25.0893014928633,-0.0670131783215841,25.0884936828766,-0.022765632479814,0.206101116286249,0.199011248219419,0.23608372214693,34.8561081682058,47.1236737632423
114.625,-0.323666027099841,-7.26509150389758,-0.227702271145422,0.227696909975641,7.86176054637722,-0.039335467281996,25.1193306507799,-0.0467416356937189,25.1090513642665,-0.0230517712418283,0.2042998463202,0.199026596169846,0.242521418924922,35.0100270908071,47.1236737632423
114.725,-0.174610938805353,-7.27014794141986,-0.227755499841746,0.227737283766836,7.71273625566314,-0.0288460093401407,25.1342084061245,-0.0262100483528994,25.1295449118593,-0.0230137314938652,0.204704873617487,0.198900534699289,0.242521418924922,35.1615586195436,47.1236737632423
114.825,-0.0254822355697909,-7.27217609753998,-0.22777925679085,0.227745322247773,7.56362253670196,-0.00786709345640121,25.1495956168655,-0.00597460373908531,25.1499552648279,-0.0231886398486196,0.203580018944894,0.198914611610464,0.236021132418008,35.3154812438499,47.1236737632423
114.925,0.123658304966358,-7.27117421745097,-0.227774351898116,0.227726312346061,7.41448116032691,0.0131118224273292,25.1802940577205,0.0142770561049097,25.1703322344267,-0.0233139496034838,0.203101528973276,0.198938638628629,0.243578487378701,35.4694056018169,47.1236737632423
115.025,0.272748098059489,-7.26712900270217,-0.227754441239619,0.227693903845343,7.26537464507912,0.0340907383110793,25.1955295777801,0.0348449371816237,25.1907473830154,-0.023161217115419,0.204334729497531,0.198949356524217,0.245909757619601,35.6233305008228,47.1236737632423
115.125,0.421725001403572,-7.26004039371357,-0.227721230923446,0.227649801321429,7.11636513405675,0.0550696541948202,25.2112116569487,0.0552570985719221,25.2111677690265,-0.0231694417362291,0.204327351496425,0.198960224383933,0.245909757619601,35.7772556588069,47.1236737632423
115.225,0.570524932210242,-7.24989004220899,-0.227696078793562,0.227615360775437,6.96751661787755,0.0760485700785507,25.2422606789175,0.0757480248456012,25.2316533609057,-0.0231641073417066,0.204368693098118,0.198979549612576,0.249510278025605,35.931180441961,47.1236737632423
115.325,0.719084033476287,-7.23667508103209,-0.227686195189915,0.227597792904766,6.81889294080105,0.0970274859622848,25.2576144069646,0.0965083996033154,25.2522017947806,-0.0229521664589498,0.205664194811385,0.198987718621941,0.249542343441387,36.085104784856,47.1236737632423
115.425,0.867340127289405,-7.22040735050623,-0.22768529258732,0.227590811551044,6.67055634427661,0.118006401846022,25.2733920554592,0.117047005216208,25.2727442818697,-0.0229560479351818,0.205470739474954,0.198996396557813,0.249542343441387,36.2390292144968,47.1236737632423
115.525,1.01522728500068,-7.20107345193958,-0.227713887611488,0.227614933023067,6.52257269449596,0.138985317729757,25.3045906444383,0.137710358502743,25.2933542937211,-0.0229027064999734,0.205805773299933,0.199012065891513,0.256992062176962,36.3929535639564,47.1236737632423
115.625,1.16268044648536,-7.17867231281475,-0.227781494247271,0.227679671685411,6.37500705447301,0.159964233613502,25.3199983200934,0.158597778339342,25.3140382059694,-0.0226991989117167,0.206946082147073,0.199018316921818,0.253791734122859,36.5468783351354,47.1236737632423
115.725,1.30964167231057,-7.15324136665497,-0.22785978136586,0.227756696004222,6.22791756304937,0.180943149497232,25.3347917600966,0.178949810353979,25.3346478477686,-0.0229568086962786,0.204484953266782,0.199026120669219,0.224217084571154,36.7008049568804,47.1236737632423
115.825,1.4560567579612,-7.12483144131243,-0.227907842338723,0.22780509676115,6.08135869091628,0.201922065380967,25.3649127452949,0.19934496802329,25.3551205579055,-0.0230343611638411,0.204864513462737,0.198907385526406,0.259123669611041,36.8547335076731,47.1236737632423
115.925,1.60186427690934,-7.09344595346389,-0.227933948570632,0.227833142563283,5.93539189146009,0.222900981264715,25.3803112466743,0.219612596587599,25.3755435068294,-0.0231896815234158,0.203962426197901,0.198921384606867,0.256597539897038,37.0086641273918,47.1236737632423
116.025,1.74700438395314,-7.0591004704042,-0.227935384719665,0.227838115806453,5.79007709765034,0.243879897148446,25.3954079510312,0.23995628982792,25.3959478537983,-0.0232503352520155,0.203056632543446,0.198933791798724,0.223794044975234,37.1625963050618,47.1236737632423
116.125,1.89141911541922,-7.02181772109851,-0.22790330245078,0.227811167206358,5.64547239564683,0.264858813032175,25.4262609057169,0.260333117413523,25.4163139812781,-0.0232396351462789,0.204095250371819,0.198956396239985,0.258700630015121,37.3165293007858,47.1236737632423
116.225,2.03504002612414,-6.98158336221107,-0.227868665141571,0.227783261247632,5.5016461660306,0.285837728915927,25.4419276147015,0.28083623435597,25.4367494826561,-0.0231720195817751,0.204733904753374,0.19896694216212,0.263462347044336,37.470462086889,47.1236737632423
116.325,2.17780282581348,-6.93840203079065,-0.227844343731289,0.227767269569938,5.3586627300171,0.306816644799672,25.4572235411998,0.301386501126404,25.4572557585668,-0.0231280287220557,0.204209648987263,0.198976486326066,0.22855576200445,37.6243945196069,47.1236737632423
116.425,2.31965253073639,-6.89230806093456,-0.227813377657632,0.22774623128252,5.21657725175343,0.327795560683397,25.4883571460551,0.321935098255434,25.4777398221843,-0.0230634952105149,0.205311509664015,0.198995046859449,0.263462347044336,37.7783268424609,47.1236737632423
116.525,2.4605188320809,-6.84329142566474,-0.227807039166154,0.227751420263678,5.07545999957736,0.348774476567143,25.5041111967025,0.342624354122125,25.4983054804497,-0.0229398976092128,0.206046329235867,0.199003199028687,0.267259814704296,37.9322586917659,47.1236737632423
116.625,2.60033860103165,-6.79136559408578,-0.227833371508371,0.227790878483778,4.93537418366035,0.369753392450888,25.5194901426511,0.363309004329444,25.5189357910524,-0.0228855580045781,0.205448464195753,0.199010649623551,0.233616423977967,38.0861905901865,47.1236737632423
116.725,2.73905874462239,-6.73656987752398,-0.227874002655351,0.227846230697772,4.79637311103862,0.390732308334631,25.550741509399,0.383996497431653,25.5395455363711,-0.0228078102211455,0.206582263010935,0.19902581918381,0.268523009017854,38.2401232316298,47.1236737632423
116.825,2.8766117885841,-6.67890797543065,-0.227950280251639,0.227938822469866,4.65852429529433,0.411711224218353,25.5655204709442,0.404662919022783,25.5602075180356,-0.0228033702944259,0.205919357371138,0.199032363175033,0.242584074619415,38.3940569004495,47.1236737632423
116.925,3.01296326428903,-6.61845803210956,-0.228003413453033,0.227991137050511,4.52186261731315,0.422200682160227,25.5807285726631,0.424955043702907,25.5807134596453,-0.0230171872240916,0.204476709812847,0.19903997224081,0.239632305860634,38.5456008579564,47.1236737632423
117.025,3.14805709905297,-6.55524510974064,-0.228033144487221,0.228004646706554,4.38644429721888,0.443179598043964,25.6110299917148,0.445181811903353,25.6011493992149,-0.0232263585932451,0.203239478752496,0.198927551059978,0.239632305860634,38.699537881668,47.1236737632423
117.125,3.28184094480808,-6.48930194297141,-0.228031924295093,0.227988805584378,4.25232186893951,0.464158513927709,25.6261380311308,0.465634683229926,25.6215468181342,-0.0231709061859036,0.203958275462679,0.19893986993822,0.243751570226183,38.8534766910386,47.1236737632423
117.225,3.41425792036826,-6.42065278839293,-0.228003068214672,0.227946923640583,4.11955235702436,0.485137429811446,25.641726208778,0.485963774061817,25.6419240685113,-0.0232190657311158,0.203850231869558,0.198951981883551,0.243751570226183,39.0074164315079,47.1236737632423
117.325,3.54524249908796,-6.34930726427248,-0.227968157833554,0.227900578284325,3.98820135883104,0.506116345695192,25.6726495640886,0.506350535334025,25.6623542289482,-0.0232624648958506,0.203710450100499,0.198973331787684,0.24596518379226,39.1613561124989,47.1236737632423
117.425,3.67473734132598,-6.27529152101166,-0.227931642138096,0.227854217617531,3.85832636584403,0.527095261578925,25.6879698184961,0.52701002912183,25.682832307415,-0.023081049574845,0.205044527227261,0.198982726557456,0.249945980681297,39.3152953649266,47.1236737632423
117.525,3.80268526202949,-6.19863200495183,-0.227898932573241,0.227813253747553,3.72998471733825,0.548074177462659,25.7037075604783,0.547550713564998,25.7033333460827,-0.0230414037993221,0.205225979719062,0.198992230184798,0.249945980681297,39.4692342215672,47.1236737632423
117.625,3.92902190166417,-6.11934514611574,-0.227889018926694,0.227796676817701,3.60324088064733,0.56905309334641,25.7348370068735,0.568108026027501,25.7238981209618,-0.0230488662159836,0.204986108622804,0.199009789096111,0.249945980681297,39.6231725732143,47.1236737632423
117.725,4.05369493150864,-6.03746751744513,-0.22789874782096,0.227801334492175,3.47814739570945,0.590032009230137,25.7502428529595,0.588905380557834,25.7444971123643,-0.0228505030880832,0.206258829456518,0.199017131806144,0.255520758539753,39.7771107453082,47.1236737632423
117.825,4.17664743126927,-5.95302854617121,-0.227934774999782,0.227833883087302,3.35476136505629,0.611010925113875,25.7660367020334,0.609599428773957,25.7651241021619,-0.0227834446695532,0.206504029915104,0.199024531214714,0.254965266294091,39.9310491900575,47.1236737632423
117.925,4.29781663505681,-5.86605067641049,-0.22801413871101,0.227911360604136,3.23314571006441,0.631989840997611,25.7962244882975,0.630287693006531,25.7858175029792,-0.0227885812543391,0.206274292461899,0.199038952453787,0.254965266294091,40.0849883799019,47.1236737632423
118.025,4.41719180300049,-5.77662505573168,-0.228069000671024,0.227965927503393,3.11331166370025,0.652968756881349,25.8114656696229,0.650515877963767,25.8063249592095,-0.0230678525274257,0.204442167925729,0.199046979570085,0.256417402599663,40.2389298541395,47.1236737632423
118.125,4.5347243230023,-5.68479012664212,-0.228097671888296,0.227995892118187,2.99530807633035,0.67394767276509,25.8263760180037,0.670869717486814,25.8267636995591,-0.0231527533539726,0.203349482685946,0.198921432050144,0.224832022064562,40.3928728148786,47.1236737632423
118.225,4.65036918082881,-5.59058702601697,-0.228095379237176,0.227996479074154,2.87918021768239,0.69492658864882,25.8568701021476,0.691265646903271,25.8471573057105,-0.0231504300888545,0.204361759008723,0.198946081339182,0.259738607104448,40.5468174171428,47.1236737632423
118.325,4.76407146097218,-5.49404647634856,-0.228072912251691,0.227978476860742,2.76498321150606,0.715905504532562,25.8724498737114,0.71155908753272,25.8675493495102,-0.0232490332591588,0.203899177963851,0.198958406107442,0.259738607104448,40.7007628348104,47.1236737632423
118.425,4.87577835026482,-5.39520299213587,-0.228038101910668,0.227949717003348,2.65277009834892,0.736884420416295,25.887696240822,0.732034411873612,25.8879787582222,-0.0232031176302421,0.203717869908147,0.198968983739198,0.230592203231937,40.8547082134352,47.1236737632423
118.525,4.98543862289895,-5.29409307741157,-0.227997540223894,0.22791679241609,2.54259234264754,0.757863336300044,25.9186873539118,0.752615870019235,25.908442061701,-0.0230849629634626,0.205333002372848,0.198988956624051,0.265498788271823,41.0086531989226,47.1236737632423
118.625,5.09299625012281,-5.19074877825109,-0.227965643461228,0.227894120033571,2.43450619439301,0.778842252183774,25.9344285975466,0.773105536698844,25.9289469808153,-0.0231002153981343,0.205168028470614,0.198998695649329,0.265498788271823,41.1625977604501,47.1236737632423
118.725,5.19840037138392,-5.08520895667423,-0.227949632033327,0.2278889210957,2.32856277257463,0.79982116806751,25.9498025158947,0.793754287566296,25.9495056007828,-0.0230100844981855,0.204955517392487,0.199006973724996,0.234134328708149,41.3165418468181,47.1236737632423
118.825,5.3016070148323,-4.977519261781,-0.227948367818064,0.227900056873223,2.22480634817503,0.820800083951259,25.9809817446994,0.814460234937088,25.9700834982073,-0.0228820345519019,0.206414888546288,0.199023476096584,0.269040913748036,41.4704858009752,47.1236737632423
118.925,5.40256258600671,-4.86771663869809,-0.227974988328374,0.227940663583433,2.12329078600617,0.841778999834999,25.9967849008586,0.835083567791455,25.9906988147037,-0.0228740181938534,0.20629621817933,0.199031221428395,0.270108818419991,41.6244300108952,47.1236737632423
119.025,5.50121808283744,-4.75584349502192,-0.228036871375106,0.228018117087069,2.02406539794528,0.862757915718728,26.0122134417253,0.855859022008315,26.011372215949,-0.0227719652223684,0.206126148055308,0.199037624430327,0.238956421520769,41.7783748636284,47.1236737632423
119.125,5.59756035834735,-4.64197157309271,-0.228096394289695,0.228091738330857,1.92714378856388,0.87324737366061,26.0422228589046,0.876153526763962,26.0319358324307,-0.0230410769484024,0.204307392868881,0.199052751457897,0.241753493171441,41.9299288925733,47.1236737632423
119.225,5.69156228980697,-4.52615971512809,-0.228136204135756,0.228114677326805,1.83255348740411,0.894226289544359,26.0571019052987,0.89666890415552,26.0524232703876,-0.0230131375137255,0.204608993215462,0.198926589824325,0.241753493171441,42.0838764050142,47.1236737632423
119.325,5.78319450503566,-4.40846204763811,-0.228144919723698,0.228108114746932,1.74032426388287,0.915205205428082,26.0724957865276,0.916919656166394,26.072827010536,-0.023166125651219,0.203701059202571,0.198940414766057,0.238927178732028,42.2378261053827,47.1236737632423
119.425,5.8724141087268,-4.28892368265499,-0.228128588869826,0.228078091847195,1.65049938196619,0.936184121311818,26.1031909687599,0.937167646068262,26.0932120887293,-0.0233032139427216,0.203031399730734,0.198964180973609,0.241566591261642,42.3917770123328,47.1236737632423
119.525,5.95918169383639,-4.16759290856686,-0.228089858112145,0.228027250239734,1.56311864238659,0.95716303719554,26.1184506331785,0.957700313974579,26.1136108773723,-0.0231693346793413,0.204335974231645,0.198974849409674,0.251221417055219,42.5457281152288,47.1236737632423
119.625,6.04344613248915,-4.04451004059498,-0.228046849382785,0.227973709808635,1.47823354507639,0.978141953079297,26.1341250306055,0.978203050227175,26.134059738464,-0.0231154595184826,0.204674600812105,0.198985098452155,0.246544674962632,42.6996787431673,47.1236737632423
119.725,6.12516136138756,-3.91971989451931,-0.228012255612253,0.227930163820041,1.39589056044732,0.999120868963023,26.1651818439116,0.998651394585552,26.1545606842516,-0.0231680609476577,0.204277082612639,0.19900445838379,0.246544674962632,42.8536287510638,47.1236737632423
119.825,6.20429635501868,-3.79327767045072,-0.227981796912348,0.227892333166769,1.31612118206324,1.02009978484676,26.1805736465619,1.01935953538429,26.175086716413,-0.0229859523103784,0.205654858463152,0.199012788134411,0.256658694175887,43.0075781291769,47.1236737632423
119.925,6.28080244880536,-3.66522785260241,-0.22797314276055,0.227877888214497,1.23897452065214,1.04107870073051,26.1963397605778,1.0400299918487,26.1956681120624,-0.0228968914954066,0.205972480496621,0.199020850486488,0.250894847314559,43.1615268944932,47.1236737632423
