t,x,y,e_r,cte_before,cte_after,s_prog_before,s_prog_after,abs_e_psi_deg
0.025,7.49980068355143,0.0375896876028842,-0.000105115562447189,2.1919647631011e-05,2.1919647631011e-05,0.0375902159668403,0.0375902159668403,9.01448299059234
0.125,7.49887383701841,0.189667472714575,0.00127206370526878,0.00114585540533435,0.00145885102129097,0.139653429327396,0.189653429327396,9.08980737851175
0.225,7.49745376575833,0.344171452378734,0.00534922294201579,0.00536093754331673,0.00565699789098361,0.294038072950165,0.344038072950166,9.16033847952699
0.325,7.49508148118988,0.500714143120736,0.011788140169859,0.0120114458827032,0.0122982164328547,0.450279606444631,0.500279606444632,9.62388035111583
0.425,7.49122345984105,0.658951432021545,0.0201493279745595,0.0206673688644382,0.0209584157117254,0.607998024290058,0.657998024290059,9.698017279098
0.525,7.48530241271963,0.818571320331755,0.0299277032609027,0.0308352931022429,0.0311420495085275,0.766892219821886,0.816892219821888,9.62960485344502
0.625,7.47672913936624,0.979275180065181,0.0405874109209767,0.0419860282168033,0.0423176165539329,0.926722687125948,0.976722687125949,10.1865970651312
0.725,7.46500599778066,1.14077544584717,0.0516675750955136,0.0536585081591776,0.0540220703864295,1.08729563391906,1.13729563391907,9.95000914818147
0.825,7.44989984745892,1.30280410811942,0.0629561866575248,0.0656299847404613,0.0660308990126683,1.24843275738731,1.29843275738731,9.64209513056898
0.925,7.43127543402779,1.46510480644457,0.0743241725088479,0.077757330428579,0.0781993397100907,1.40996873053572,1.45996873053572,10.3475678618438
1.025,7.4090378507672,1.62743578642809,0.0856699844540945,0.089925835991715,0.0904112294181459,1.57175687809175,1.62175687809174,10.1018216101342
1.125,7.38311695440806,1.78957146415059,0.0969060799624142,0.102567939246471,0.102567939246471,1.7336706783709,1.7836706783709,9.89158419080293
1.225,7.35345981260727,1.95129761952187,0.107951998769574,0.114582787171901,0.114582787171901,1.89559885284604,1.94559885284604,10.8226336207922
1.325,7.32002785240659,2.11241330762562,0.118733342376678,0.126380015534679,0.12638001553468,2.05744661570315,2.10744661570315,10.5837846902798
1.425,7.28279742417768,2.27273188694905,0.12918400299561,0.137895754259206,0.137895754259206,2.2191352869973,2.2691352869973,10.3480564831342
1.525,7.24176257652455,2.43207747732342,0.139249051474581,0.14907877851748,0.14907877851748,2.38059669051077,2.43059669051077,11.203665587576
1.625,7.19693612874899,2.59028726780793,0.148887355103384,0.159890663185468,0.159890663185468,2.54177337320714,2.59177337320714,10.904377585345
1.725,7.14834887408506,2.74721324864475,0.158072359227379,0.170304526970305,0.170304526970305,2.702618679196,2.752618679196,10.6153048011336
1.825,7.09604775434782,2.90272027189547,0.166790639430405,0.18030262488686,0.18031628438695,2.8613442345428,2.9113442345428,11.3955242901967
1.925,7.04009151782485,3.05668613432968,0.175038677632362,0.189873460737327,0.189913077059297,3.02133169534855,3.07133169534855,11.0670484648407
2.025,6.98054473578183,3.20900103258048,0.18281800092609,0.199008461291539,0.199069793475191,3.1809006658663,3.2309006658663,10.7562379789958
2.125,6.91747342285789,3.35956168187268,0.190129599054394,0.207698671814722,0.207777351803238,3.34003329081979,3.39003329081979,11.507546293573
2.225,6.85093976286495,3.50827074381696,0.196969484565083,0.215932577402072,0.216024172524169,3.49871796318066,3.54871796318066,11.1611755941159
2.325,6.78099895426807,3.65503526007047,0.203325877187269,0.223695084497925,0.223795160672691,3.65694981763916,3.70694981763916,10.8275480244026
2.425,6.70769959659187,3.79976286853108,0.20917840857158,0.230967790206704,0.231071946273615,3.81472793999828,3.86472793999828,11.6009145305734
2.525,6.63108516629253,3.94236195759306,0.214499872791615,0.237730754825943,0.237834658945949,3.97205554550536,4.02205554550536,11.2733708288459
2.625,6.55119755418642,4.08274297481508,0.219260300856557,0.243965498567528,0.244064925801108,4.12893984319247,4.17893984319247,10.9073912782961
2.725,6.4680825362029,4.22081877644976,0.223432063452353,0.249658109045528,0.249748959252239,4.28538954886994,4.33538954886994,11.5524342625526
2.825,6.38179340968619,4.35650774435735,0.226994684258536,0.254801455601849,0.25487977746053,4.44141510232744,4.49141510232744,11.0957164974526
2.925,6.29239288939353,4.48973640198901,0.229937983828559,0.259395849538484,0.259457869391206,4.5970288933287,4.6470288933287,10.644112629622
3.025,6.19995391620295,4.62043947884854,0.232262899096384,0.263448245140987,0.263490382068259,4.75224371200292,4.80224371200292,11.106375890666
3.125,6.1045572830856,4.74856076279474,0.233980148696215,0.266970525615256,0.266989414128948,4.90707369281592,4.95707369281592,10.6246946933453
3.225,6.00628724908006,4.87405265543967,0.235106709442359,0.269977023947109,0.269969546809139,5.06358730318986,5.11358730318986,10.1678860932411
3.325,5.90522855731897,4.99687144435791,0.235660834448145,0.272481759866849,0.272481759866849,5.21811891192243,5.26811891192244,10.6364670758537
3.425,5.80146211678784,5.11697446486858,0.235657074007456,0.274496111233415,0.274496111233415,5.37189766420455,5.42189766420455,10.1616838475874
3.525,5.69506236362161,5.23431688072378,0.235102360885041,0.276027455647871,0.276027455647871,5.52535724038652,5.57535724038652,9.70561647809317
3.625,5.58609649073237,5.34884934674945,0.233994009436165,0.277079202459341,0.277079202459342,5.67851717862249,5.72851717862249,10.1508962230663
3.725,5.47462510126481,5.46051752616353,0.232319939897583,0.277652150327144,0.277652150327144,5.83139760840335,5.88139760840334,9.65090551676294
3.825,5.36070462200984,5.5692632918211,0.230061297173758,0.277747113205838,0.277747113205838,5.98401934077869,6.03401934077869,9.16057194083694
3.925,5.24439170250904,5.67502687250482,0.227197055400978,0.277368282282901,0.277368282282901,6.13640281921208,6.18640281921208,9.51834116533246
4.025,5.12574671455644,5.77775083961811,0.223709222031463,0.276134819949934,0.276526015027497,6.28856838985513,6.33856838985513,8.97218099395389
4.125,5.00483587960122,5.87738414141731,0.219587199295527,0.274897552694447,0.275238205032434,6.44053698645387,6.49053698645387,8.37831447168322
4.225,4.8817326623867,5.97388421192642,0.214830287473399,0.273240652561498,0.273530093115,6.59232961174577,6.64232961174577,8.57165886515628
4.325,4.75651732256812,6.06721768346693,0.209447934739841,0.271194919036874,0.271432891219562,6.74396709511237,6.79396709511237,7.98465849625791
4.425,4.62927511380586,6.15735930688466,0.203457776439183,0.26879518535322,0.268981878487219,6.89546982519749,6.94546982519749,7.38077257484289
4.525,4.50009337991212,6.24428913601954,0.196881657018025,0.266078297087944,0.266214373484698,7.04685761322011,7.09685761322011,7.58635927932943
4.625,4.36905779666211,6.32798911296541,0.189740713729088,0.263081505024893,0.263168129099274,7.1981504214461,7.2481504214461,7.01329330278452
4.725,4.23624978768711,6.40843913698866,0.182050796250112,0.25984189734372,0.259880765597751,7.34936844322639,7.39936844322639,6.41988055603632
4.825,4.10174581479924,6.48561358594762,0.17381927826369,0.256397263268339,0.256397263268338,7.5023546758706,7.5523546758706,6.54153351596702
4.925,3.96561727875182,6.55947991553875,0.165043846181911,0.252788281032373,0.252788281032373,7.65339005285328,7.70339005285328,5.8915515103348
5.025,3.82793121357422,6.62999934525654,0.155713467336532,0.249061743599908,0.249061743599907,7.80440414110127,7.85440414110127,5.25823478012736
5.125,3.68875478324901,6.69712823837646,0.145811826889402,0.245274485279392,0.245274485279392,7.95541504196877,8.00541504196877,5.33271544695696
5.225,3.54815701526453,6.76082282182349,0.135322090983473,0.241496397779532,0.241496397779532,8.106440206765,8.156440206765,4.65984650492987
5.325,3.40621060143319,6.82104389354815,0.124231794681112,0.237550110193188,0.237811522842797,8.25749698686607,8.30749698686607,4.00134669374026
5.425,3.26299321228275,6.87776041983931,0.112536574369386,0.234108126581299,0.234316780627556,8.40860252472688,8.45860252472688,3.96250170886587
5.525,3.11858627891383,6.9309519548644,0.10024179744752,0.230958452863236,0.231118556208217,8.55977499872674,8.60977499872674,3.24795914421032
5.625,2.97307519975259,6.9806080673692,0.0873621986566446,0.228211892926951,0.228328463820429,8.71103217615049,8.76103217615049,2.51285613420887
5.725,2.82654742870589,7.0267262668232,0.0739192229378149,0.22598028413614,0.226059163186152,8.86239142888188,8.91239142888188,2.44546987086907
5.825,2.67908985198607,7.0693083437219,0.0599366990491896,0.224373179169459,0.224420985000832,9.01387018933763,9.06387018933763,1.74580968660098
5.925,2.53079294544605,7.10837734205265,0.0454583273467852,0.223501496760498,0.223525532157635,9.1654874007964,9.2154874007964,1.03528954624977
6.025,2.38176220866573,7.14402564536955,0.0305971635937405,0.223480137460649,0.223488218903902,9.31726556253808,9.36726556253808,1.04313874167172
6.125,2.2321261631169,7.17647455137059,0.0155953985390012,0.224410311885744,0.224410439852636,9.46923319493664,9.51923319493664,0.405768888559764
6.225,2.08201993722604,7.20604078105341,0.000788675680150064,0.226329474578019,0.226329474578019,9.62142624150666,9.67142624150667,0.106795709854022
6.325,1.93154983062013,7.23297316370139,-0.0135598890398416,0.229179493587241,0.229179493587241,9.77368792175253,9.82368792175253,0.226918903576667
6.425,1.78078423234638,7.25738050555498,-0.0273321842475189,0.232840644765607,0.232840644765607,9.92617579417037,9.97617579417037,0.109663740257878
6.525,1.62976446519269,7.27923354162957,-0.0405514167875802,0.237185722569773,0.237185722569773,10.0788698507125,10.1288698507125,0.405425054494633
6.625,1.47852496804888,7.29845542653405,-0.0532901430062243,0.242106152536807,0.242106152536807,10.2317492956495,10.2817492956495,0.0149170565032426
6.725,1.32711659177888,7.31509178002373,-0.065498927409755,0.247480028957257,0.247480028957257,10.38480535582,10.43480535582,0.293321231415056
6.825,1.17558599569186,7.32916220823023,-0.0771554571163877,0.25333556387677,0.25318905862969,10.5380251107972,10.5880251107972,0.563472027456537
6.925,1.02397510011981,7.34064994300946,-0.0882750596456834,0.259280302746213,0.259131027024527,10.6913934268312,10.7413934268312,0.133279823758605
7.025,0.872330305703493,7.34963182263955,-0.0987806348815266,0.265329826828029,0.265181849760272,10.8449030226258,10.8949030226258,0.397309730868613
7.125,0.720690774355405,7.35611226593841,-0.108668397282494,0.271392165763101,0.271248845395813,10.9985403098137,11.0485403098137,0.668808528356546
7.225,0.569093230261797,7.36008948650069,-0.117941726454074,0.277392109455014,0.277256187022133,11.1522933197271,11.2022933197271,0.138001825799116
7.325,0.417574429460217,7.36153325498226,-0.126633043965009,0.283280486025268,0.283154172736316,11.3061487365011,11.3561487365011,0.360265370461755
7.425,0.26617227507988,7.36040895467001,-0.134779863438725,0.28902522171954,0.288910296581337,11.4600946311458,11.5100946311458,0.609258233784616
7.525,0.114925670415949,7.35669057914917,-0.14241179549557,0.294604108839425,0.294502004049334,11.6141212885507,11.6641212885507,0.0525256614633732
7.625,-0.0361235205028177,7.35032711530357,-0.149584119881352,0.300017021583533,0.299928884725085,11.7682186600076,11.8182186600076,0.289945482405689
7.725,-0.186930926699637,7.34128154674492,-0.156338929393981,0.305267059095343,0.305193817627774,11.9223783701738,11.9723783701738,0.557619063723956
7.825,-0.337451540484595,7.32954046097399,-0.162695528245386,0.310351101069989,0.31029350894936,12.0765937045089,12.1265937045089,0.0254754818757575
7.925,-0.487637423714657,7.31508070938151,-0.168683880654672,0.31527284094513,0.315231514079809,12.2308572713766,12.2808572713766,0.272303875632052
8.025,-0.637439749476736,7.29789169573226,-0.17432237695032,0.320029792011794,0.320005238500753,12.3851620965793,12.4351620965793,0.540133828631599
8.125,-0.786816331263308,7.27801264104181,-0.179580070630711,0.324590992075612,0.324583621776982,12.539503678347,12.589503678347,0.0498081034552772
8.225,-0.935723605974931,7.25546668229243,-0.184442916316332,0.328932580482403,0.328932580482403,12.6919409302568,12.7419409302568,0.321096754436108
8.325,-1.084120478253,7.23027579495841,-0.188898490478399,0.333032063215572,0.333032063215572,12.8462914872016,12.8962914872016,0.552370622637698
8.425,-1.23195731086387,7.20242023010312,-0.192977625134188,0.336892785484318,0.336892785484318,13.0006640923958,13.0506640923958,0.034212856172814
8.525,-1.37918349604852,7.17187883010136,-0.196713543244472,0.340523277534143,0.340523277534143,13.1550529997282,13.2050529997282,0.208661994096065
8.625,-1.52575468813863,7.13865966475947,-0.200110331132341,0.343920591879566,0.343920591879566,13.3094552909668,13.3594552909668,0.42789065340023
8.725,-1.67161448257991,7.10272561720727,-0.203219465291333,0.34711170268963,0.34711170268963,13.4638667881184,13.5138667881184,0.179246104686568
8.825,-1.81670666949026,7.06405036038886,-0.206082628855715,0.350122414934871,0.350122414934871,13.6182850916306,13.6682850916306,0.0832551222852189
8.925,-1.96098115346536,7.02263599540833,-0.208713185709192,0.352965800716485,0.352965800716486,13.7727095417148,13.8227095417149,0.326669978439394
9.025,-2.10437675543431,6.9784571741637,-0.211154682636687,0.355673447432325,0.355673447432325,13.9271378012045,13.9771378012045,0.249993263785137
9.125,-2.24683407068067,6.93150407043989,-0.213436199435548,0.358571245792967,0.358268599874713,14.0815680609644,14.1315680609644,0.032848289238256
9.225,-2.38830235147109,6.88179687068843,-0.215556555819831,0.36103970960066,0.360754495907456,14.2359992777086,14.2859992777086,0.290741786215521
9.325,-2.52872323950988,6.82933939936501,-0.217533532260063,0.363409571016329,0.363142014485997,14.3904288028029,14.4404288028029,0.228108700663918
9.425,-2.66806407538605,6.77420006674356,-0.219316484379092,0.365647770577708,0.3653981096721,14.544855701814,14.594855701814,0.046104147857612
9.525,-2.80627683898616,6.71640520967913,-0.220900561358222,0.36774577030801,0.367514229804997,14.699276811229,14.749276811229,0.331965241330275
9.625,-2.94332037693957,6.65599221065288,-0.222269093352001,0.369687589989596,0.369474380321499,14.8536903327632,14.9036903327632,0.261601288897673
9.725,-3.07913330061175,6.59295552387348,-0.223453812232757,0.37148626109866,0.37129156131882,15.00809291357,15.05809291357,0.0244381398676555
9.825,-3.21365878894743,6.52730052911285,-0.224475619645275,0.373150551115724,0.372974512261048,15.1624830878003,15.2124830878003,0.238526051630793
9.925,-3.34685082502767,6.45905402143246,-0.225332358329266,0.374679188606252,0.374521941745246,15.3168608091752,15.3668608091752,0.392765074992663
10.025,-3.47863702531471,6.38819524242502,-0.226077123777564,0.376105223592941,0.37596686348974,15.4712255296247,15.5212255296247,0.144148913094483
10.125,-3.60895560906791,6.31472747552323,-0.226737755425649,0.377450204424698,0.37733079955889,15.625578342526,15.675578342526,0.136196047863825
10.225,-3.73775540511779,6.23867568561358,-0.227318941493904,0.378724580570137,0.378624183515025,15.7799205474591,15.8299205474591,0.465455676079607
10.325,-3.86496668174722,6.16003797233381,-0.227858962340558,0.379958465643784,0.379877111859178,15.9342525007913,15.9842525007913,0.194757840556858
10.425,-3.99052700585496,6.07882928054668,-0.228379052337131,0.381170960021878,0.381108676973828,16.0885745603183,16.1385745603183,0.103975301411027
10.525,-4.11439271838351,5.99509490108214,-0.228865954057219,0.38235795793887,0.382314771489071,16.2428870292908,16.2928870292908,0.481055903146561
10.625,-4.23650901059773,5.90886461347022,-0.229326742508894,0.383523491939769,0.383499428259309,16.3971891786137,16.4471891786137,0.154356635216884
10.725,-4.35686299331919,5.82022450713274,-0.229699562192576,0.384627749706112,0.38462283508125,16.5514803418271,16.6014803418271,0.134712414430242
10.825,-4.47540720284863,5.72921007174095,-0.229985029076812,0.385665526298103,0.385665526298103,16.7033465092832,16.7533465092832,0.438847013749532
10.925,-4.59210775935653,5.63587267899857,-0.230164064614325,0.386619676600619,0.386619676600619,16.8576094482328,16.9076094482328,0.161557743134427
11.025,-4.70690164011603,5.54022792572561,-0.230264893497367,0.387501153991242,0.387501153991242,17.0118579501013,17.0618579501013,0.0946537093514733
11.125,-4.81973917414228,5.44230738625616,-0.230296058761394,0.388311768305646,0.388311768305646,17.1660920677829,17.2160920677829,0.532236951369658
11.225,-4.93056795436471,5.34214021991443,-0.230270810969944,0.389058866097665,0.389058866097665,17.3203121882976,17.3703121882976,0.254229374415191
11.325,-5.03932650277286,5.23974669386896,-0.230216164323753,0.389760362216287,0.389760362216287,17.4745194065031,17.5245194065031,0.008918225328555
11.425,-5.14595166224739,5.13514803996952,-0.230160668722485,0.390437528726922,0.390437528726922,17.6287152237308,17.6787152237308,0.598625605973167
11.525,-5.25039314538174,5.02838114788732,-0.230113814542886,0.391102690995638,0.391102690995638,17.7829011854906,17.8329011854906,0.297716994944177
11.625,-5.35260358107502,4.91948699142505,-0.230081337804569,0.391765841238565,0.391765841238565,17.9370786306863,17.9870786306863,0.0184264102007772
11.725,-5.45252311753217,4.80849762471573,-0.230085436944976,0.392726475609812,0.392444687434385,18.0912478266526,18.1412478266526,0.604920793016632
11.825,-5.55010712854257,4.69546057770646,-0.230127980831125,0.393404035957136,0.393142242274351,18.2454089689704,18.2954089689704,0.298421443661397
11.925,-5.64533665820859,4.58044406838486,-0.230179242366717,0.394081662981227,0.393839834012397,18.3995625598604,18.4495625598604,0.0360124330379695
12.025,-5.73820990086376,4.46352829363542,-0.230189982230974,0.394726767702833,0.394504909370987,18.5537077111509,18.6037077111509,0.514774003166271
12.125,-5.82869379170113,4.34476480103508,-0.230154575664711,0.395330226006351,0.395128343327146,18.7078437553994,18.7578437553994,0.238946155837908
12.225,-5.91675593821413,4.2242057477642,-0.230067742280103,0.395882885409975,0.395700985445668,18.8619694764244,18.9119694764244,0.0514132723407821
12.325,-6.00235222586724,4.1018942933892,-0.229940231503439,0.396385871871569,0.396223954518799,19.0160840836287,19.0660840836287,0.56548502415588
12.425,-6.08544051458072,3.97787459423028,-0.229781809056683,0.396842012571914,0.396700068018609,19.1701879587973,19.2201879587973,0.305150055526011
12.525,-6.16597466468356,3.85218908987084,-0.229607689426965,0.397259894825852,0.397137904180593,19.3242816793214,19.3742816793214,0.0182499156193247
12.625,-6.24390117723368,3.72487647359744,-0.229442479794291,0.397655955351272,0.397553887559659,19.4783666023711,19.5283666023711,0.630788998984565
12.725,-6.31917854556843,3.59598403049503,-0.229297239032006,0.39804136894695,0.397959186247937,19.6324445993971,19.6824445993971,0.353089623137585
12.825,-6.39175936633788,3.46555782981998,-0.22918994409876,0.398432325372854,0.39836998859917,19.7865167905544,19.8365167905544,0.0479205181743059
12.925,-6.461605943364,3.3336506042874,-0.229128132143797,0.398838680891926,0.398796153209606,19.9405843302934,19.9905843302934,0.635022095918783
13.025,-6.52868158222817,3.2003167061782,-0.229119020230862,0.399268050686487,0.399245300204514,20.0946480350568,20.1446480350568,0.287895853821715
13.125,-6.59302869928888,3.06564832365512,-0.229083477719178,0.399676921250909,0.399673924542453,20.2487079736396,20.2987079736396,0.0177286297266951
13.225,-6.65461541877175,2.92970018276898,-0.229026919822124,0.400066059488865,0.400066059488865,20.4003600872168,20.4503600872168,0.541361990834566
13.325,-6.71341820185979,2.79253062919397,-0.228947031684562,0.400429388811852,0.400429388811852,20.5544085338454,20.6044085338454,0.239804639101547
13.425,-6.76943146643585,2.65420474835563,-0.228823669792805,0.400749992296395,0.400749992296395,20.708449199661,20.758449199661,0.0265886747922752
13.525,-6.82261403833641,2.51477321819487,-0.228676416562437,0.401032968159802,0.401032968159802,20.8624803390881,20.9124803390881,0.593768541358347
13.625,-6.87292679829222,2.37428762778769,-0.228523910914028,0.401284180056375,0.401284180056375,21.0165016972726,21.0665016972726,0.30650004658829
13.725,-6.92036079750238,2.23280957882125,-0.228354231476642,0.401495449927407,0.401495449927406,21.1705144296083,21.2205144296083,0.0436912835442228
13.825,-6.9648657613659,2.09038775473411,-0.228199945062484,0.401685086014344,0.401685086014344,21.3245191222694,21.3745191222694,0.664967451750803
13.925,-7.00640353631074,1.94707605843365,-0.228081704876407,0.401867500822135,0.401867500822135,21.4785173656952,21.5285173656952,0.362279706760732
14.025,-7.04495990518792,1.8029357553567,-0.227996328132869,0.402325217329713,0.402046105826885,21.6325113523334,21.6825113523334,0.0806648703875151
14.125,-7.08049554235974,1.6580230636936,-0.227967436464819,0.402498479321003,0.402239476058545,21.7865022196947,21.8365022196947,0.61428067135132
14.225,-7.1130504817306,1.51241261586598,-0.227938457612007,0.402660677609642,0.402421756079442,21.9404916508114,21.9904916508114,0.300720473505031
14.325,-7.14260821297396,1.36616609190631,-0.227912137857682,0.402816290286759,0.402597431304827,22.0944787412233,22.1444787412233,0.0286396042880219
14.425,-7.16917832061189,1.219349144749,-0.22786619144479,0.402953127938166,0.402754328217568,22.248463310772,22.298463310772,0.535152943230928
14.525,-7.1927525901508,1.07202478650912,-0.227797653667012,0.403066972362367,0.402888238856207,22.4024433670257,22.4524433670257,0.261357066106563
14.625,-7.21331525851004,0.924255043658112,-0.22771257413589,0.403156475107248,0.402997820893447,22.5564167493034,22.6064167493034,0.030684684521783
14.725,-7.23085023280834,0.776101478071589,-0.22761878106151,0.403220386547039,0.4030818263623,22.7103822787552,22.7603822787552,0.582918829091169
14.825,-7.24535290425782,0.627626288674623,-0.227513941885296,0.40325245556509,0.403134006209028,22.8643398032071,22.9143398032071,0.32216384445921
14.925,-7.25680878006105,0.478890844974891,-0.227406919690068,0.403253921789205,0.403155599585036,23.0182892205215,23.0682892205215,0.036898267236969
15.025,-7.26518990112615,0.329955626957479,-0.227321331504714,0.403236097517003,0.4031579119821,23.1722315361361,23.2222315361361,0.657538650034636
15.125,-7.27049310361338,0.180882693894974,-0.227257152996514,0.403200250422726,0.40314220856085,23.3261687183221,23.3761687183221,0.383847155469225
15.225,-7.27269536542147,0.0317346081300621,-0.227235397486307,0.403161175534511,0.403123282762395,23.4801022734909,23.5301022734909,0.0810721372112762
15.325,-7.27182746784762,-0.117426174855055,-0.227224489324301,0.403107064460443,0.403089325765471,23.6340344979862,23.6840344979862,0.615469114139659
15.425,-7.26789819490071,-0.266536827446828,-0.227216072793969,0.403038989946449,0.403038989946449,23.7855822790948,23.8355822790948,0.282727316372219
15.525,-7.26091890554707,-0.415535997200385,-0.227200434640029,0.402955981793941,0.402955981793941,23.9395134126997,23.9895134126997,0.0160942149600773
15.625,-7.25090086080304,-0.564360894637756,-0.227169291631309,0.402855867754995,0.402855867754995,24.0934432638946,24.1434432638946,0.558595175028603
15.725,-7.23782988857634,-0.712945975556957,-0.227141314446438,0.402748590154101,0.402748590154101,24.2473696632037,24.2973696632037,0.255592028652482
15.825,-7.22172513400182,-0.86122916206909,-0.227103081943771,0.402623978241624,0.402623978241625,24.4012916615666,24.4512916615666,0.0167454335809781
15.925,-7.20258416516696,-1.00914584971414,-0.227064278964848,0.402482748643109,0.402482748643109,24.5552076561583,24.6052076561583,0.595288097992338
16.025,-7.1804107621084,-1.15663232573868,-0.227029695540771,0.402322229827803,0.402322229827803,24.709116804255,24.759116804255,0.307028796415253
16.125,-7.15522071153964,-1.30362775451024,-0.226993142229599,0.40213451525204,0.40213451525204,24.8630194039913,24.9130194039913,0.0427279847932293
16.225,-7.12700496545008,-1.45006675815972,-0.226974949811468,0.402214739127566,0.401927452450256,25.0169157337851,25.0669157337851,0.667815527664347
16.325,-7.09576211976339,-1.59588491258228,-0.22698902004976,0.40197466070756,0.401707672937187,25.1708070744752,25.2208070744752,0.37001951940659
16.425,-7.06152348702511,-1.74102590792848,-0.22701676271109,0.401713696703109,0.40146701514494,25.3246959735102,25.3746959735102,0.0369399128972375
16.525,-7.0243453048904,-1.88544047440051,-0.227014866999695,0.401412752794413,0.401186415010585,25.4785837966539,25.5285837966539,0.591078487439701
16.625,-6.98422594360508,-2.02906563812271,-0.227000660309633,0.401086096024465,0.40088012559887,25.6324713342721,25.6824713342721,0.297011404090841
16.725,-6.94117020637807,-2.1718378557429,-0.226986628257277,0.400745589798659,0.400560008132669,25.7863584083233,25.8363584083233,0.0177634761157876
16.825,-6.89520290014547,-2.31369884446546,-0.226965875437182,0.400391385912736,0.400226224805199,25.9402445360283,25.9902445360283,0.560060694579046
16.925,-6.84633465249462,-2.45458509649157,-0.226947946709916,0.400030542567036,0.39988583799093,26.0941286066994,26.1441286066994,0.282599684525497
17.025,-6.79458235542266,-2.59443417897925,-0.226937502421923,0.399664924486109,0.399540721850479,26.2480091199955,26.2980091199955,0.0150159911041527
17.125,-6.73996242603504,-2.73318345638195,-0.226941131091808,0.399295029840593,0.399191381556476,26.4018850124242,26.4518850124242,0.586731773056755
17.225,-6.68250512115059,-2.87077630345821,-0.226951720310044,0.398912290440274,0.398829257296937,26.5557558328819,26.6057558328819,0.320324740488282
17.325,-6.62223353258823,-3.00715318457547,-0.226971247434917,0.398512649038819,0.39845029915978,26.7096209230322,26.7596209230322,0.0322658837247745
17.425,-6.55915913290413,-3.14224986786048,-0.227015553238903,0.398100417438699,0.398058820388448,26.8634806752417,26.9134806752417,0.652309061743885
17.525,-6.49331699846116,-3.27601390275534,-0.227075365882655,0.397668150866099,0.397647376712399,27.0173366156076,27.0673366156076,0.324176560790571
17.625,-6.42477654469582,-3.40841192619615,-0.227103361939641,0.397190461186861,0.397190461186861,27.1688079192593,27.2188079192593,0.026244668748828
17.725,-6.35354794300754,-3.53938113977397,-0.227119530977903,0.396680387994996,0.396680387994996,27.3226596956855,27.3726596956855,0.592470682923113
17.825,-6.27966984613579,-3.66887390729113,-0.2271127381164,0.396136031352509,0.396136031352509,27.4765113442271,27.5265113442271,0.284035010592197
17.925,-6.20316767100356,-3.79683383212251,-0.227088870106152,0.395565623780909,0.395565623780909,27.63036264456,27.68036264456,0.00332693949134682
18.025,-6.1240475434145,-3.92319098200628,-0.227078592800789,0.394990918219731,0.394990918219731,27.78421284706,27.83421284706,0.587353379065281
18.125,-6.04234257660262,-4.0478906934311,-0.22708291818263,0.39441613605088,0.39441613605088,27.9380615759358,27.9880615759358,0.282795021254111
18.225,-5.95809467950281,-4.17088420840538,-0.227093614665104,0.393837965605684,0.393837965605684,28.0919084077769,28.1419084077769,0.00655757597382112
18.325,-5.87132617004166,-4.29210806789505,-0.22712830709177,0.393265022929287,0.393265022929287,28.2457519240542,28.2957519240542,0.605748742347868
18.425,-5.78207061400554,-4.41150634846004,-0.227192505789144,0.392990176418761,0.392696833408798,28.3995914196442,28.4495914196442,0.308474516364989
18.525,-5.69038656592868,-4.52904350098813,-0.227260880277336,0.392386999001908,0.392114471559541,28.5534271058134,28.6034271058134,0.0403530022437352
18.625,-5.59629846339567,-4.64465732946753,-0.227352737855273,0.391775418335044,0.39152377260108,28.707258375582,28.757258375582,0.602123388196455
18.725,-5.49987134788803,-4.75832117590413,-0.227434754065292,0.391133404787065,0.390902727082439,28.8610865900289,28.9110865900289,0.301217514755152
18.825,-5.40116928122507,-4.87001053824313,-0.227474149441036,0.39044131587613,0.390231708863452,29.0149126105558,29.0649126105558,0.00968314876257563
18.925,-5.30023013869188,-4.97967969217461,-0.227472972910038,0.389700937061763,0.38951249568266,29.1687370874015,29.2187370874015,0.581353536114191
19.025,-5.19707844741623,-5.08726862391826,-0.227453923109085,0.388927468490096,0.388760275488922,29.3225600407525,29.3725600407525,0.30441252754219
19.125,-5.09174506544371,-5.19272112204851,-0.227433708597828,0.388134639065787,0.38798877285251,29.4763815705471,29.5263815705471,0.00232363346654651
19.225,-4.98427118489592,-5.29599034601612,-0.227416347013967,0.387329852676907,0.387205393227499,29.6302020922104,29.6802020922104,0.594698007179164
19.325,-4.87468995703982,-5.397019345908,-0.227419990308111,0.386527980597552,0.386425007781747,29.7840216403112,29.8340216403112,0.314188242562587
19.425,-4.76304273671236,-5.49575765294389,-0.227453795840161,0.385737338672778,0.38565593998882,29.9378398379735,29.9878398379735,0.0100896959347986
19.525,-4.64937958804397,-5.59216419487864,-0.227515490824163,0.384957211136396,0.384897484115397,30.0916563942721,30.1416563942721,0.60288090325509
19.625,-4.53374752452565,-5.6861940929287,-0.227609067259947,0.38418796296033,0.384150014416843,30.2454709179584,30.2954709179584,0.326529436832769
19.725,-4.41619960602622,-5.77780955687331,-0.227730599340899,0.383423430770329,0.383407379317944,30.3992828635552,30.4492828635552,0.0299712212346108
19.825,-4.29681056525976,-5.86700592309569,-0.227838042551051,0.382634926722143,0.382634926722144,30.550703398856,30.600703398856,0.582070929620213
19.925,-4.17564527898051,-5.95376818852321,-0.227904762825013,0.381802975780689,0.381802975780688,30.7045113770669,30.7545113770669,0.2727181966257
20.025,-4.05275521367607,-6.03806589389928,-0.227925704377857,0.380921835412597,0.380921835412597,30.8583183459041,30.9083183459041,0.00454327453741348
20.125,-3.92817988144298,-6.11984893577952,-0.227919955216726,0.380001384021186,0.380001384021186,31.0121235964156,31.0621235964156,0.597063517324219
20.225,-3.80196654918301,-6.19907784817793,-0.227894678370168,0.379047067683558,0.379047067683558,31.1659270551843,31.2159270551843,0.301744908584381
20.325,-3.67415940680064,-6.27570759219013,-0.227864610084976,0.378070629823643,0.378070629823643,31.3197291151174,31.3697291151174,0.0271822735076528
20.425,-3.54479704509744,-6.34968031366602,-0.227859587666821,0.377093938227475,0.377093938227474,31.4735300612862,31.5235300612862,0.62185760290615
20.525,-3.41393471704742,-6.42096487711705,-0.227879249803925,0.376121931523931,0.376121931523931,31.6273306146323,31.6773306146323,0.316859309937067
20.625,-3.28163068364896,-6.48953534481946,-0.227918527991632,0.375455462882287,0.375155721197584,31.7811311844789,31.8311311844789,0.0373792238924142
20.725,-3.14793282413692,-6.55534263961551,-0.227999024474768,0.374488214752933,0.374210268548227,31.9349311300195,31.9849311300195,0.570912148057729
20.825,-3.01292225479881,-6.61840867797019,-0.228065323306796,0.373508515087895,0.373252494108953,32.0887308598185,32.1387308598185,0.266173765093055
20.925,-2.87666112099692,-6.6787178673974,-0.228105366732231,0.372506647438394,0.372272697008835,32.2425287797457,32.2925287797457,0.0506296263358608
21.025,-2.73921514536071,-6.73626828511597,-0.228094471073432,0.371463950503659,0.371252229824596,32.3963241597288,32.4463241597288,0.536803654867784
21.125,-2.60063322705989,-6.79101553583752,-0.22805492390966,0.370389255051007,0.370199918001863,32.5501148219282,32.6001148219282,0.269232417967377
21.225,-2.46096914058361,-6.84292693351259,-0.227997653445313,0.369285316368363,0.369118515294429,32.7038998581553,32.7538998581553,0.0213313513849786
21.325,-2.32028556397296,-6.89199652519721,-0.227906683649358,0.368140673768883,0.367996567363656,32.8576793500438,32.9076793500438,0.604304212246693
21.425,-2.1786278532084,-6.93816621491574,-0.227822214180017,0.366978895379313,0.36685763036017,33.0114531335797,33.0614531335797,0.335681319161004
21.525,-2.03605071811527,-6.98140327719527,-0.227758650486729,0.365810515520628,0.365712234342864,33.1652224986299,33.2152224986299,0.0389581045843216
21.625,-1.892615398453,-7.02169546707146,-0.227710107624062,0.364635874443676,0.364560721151356,33.3189889352654,33.3689889352654,0.648228878520984
21.725,-1.74837557156494,-7.05899962821336,-0.227703740195848,0.363475913002429,0.363424029974819,33.4727535303239,33.5227535303239,0.365965413619612
21.825,-1.60338957137229,-7.09328301124748,-0.2277567425699,0.362345822565397,0.362317356599147,33.6265174026761,33.6765174026761,0.055566184089101
21.925,-1.45772971832649,-7.1245776999653,-0.227821280074654,0.361220029067563,0.361215130180692,33.7802821233941,33.8302821233941,0.581580355821275
22.025,-1.31146360637954,-7.15289754862155,-0.227869629060941,0.360083112206086,0.360083112206086,33.9316565526148,33.9816565526148,0.257763125505012
22.125,-1.16465422612128,-7.17824468513028,-0.227887774104193,0.358925678931205,0.358925678931205,34.0854204848411,34.1354204848411,0.0284306299140441
22.225,-1.01736158052022,-7.2005957096945,-0.227888672470044,0.35775318134517,0.35775318134517,34.239182073225,34.289182073225,0.558686711586731
22.325,-0.869647070164644,-7.21993387841345,-0.227879866551418,0.356566673423646,0.356566673423646,34.392939745986,34.442939745986,0.264256819134473
22.425,-0.721574010875565,-7.23626627104953,-0.227846357598039,0.355353266584993,0.355353266584993,34.5466931334754,34.5966931334754,0.000370122790618569
22.525,-0.573202233863959,-7.24956529533289,-0.227809286590344,0.354123045340057,0.354123045340057,34.7004413043415,34.7504413043415,0.620802673878143
22.625,-0.424592428887196,-7.25980758400733,-0.227786795790523,0.352885736970311,0.352885736970311,34.8541845377184,34.9041845377184,0.328465396715157
22.725,-0.275806849615216,-7.2670018789213,-0.227766111672399,0.351962326012527,0.351633919467308,35.007924373433,35.057924373433,0.0601169694259394
22.825,-0.126906847789014,-7.27111518032191,-0.227777415842971,0.350693466117537,0.350388478144748,35.1616614549493,35.2116614549493,0.613076320312454
22.925,0.0220453229479557,-7.27217884898821,-0.22778773632567,0.349413902085844,0.349132493343149,35.3153979313642,35.3653979313642,0.303186838929472
23.025,0.170988318400087,-7.27021031764338,-0.227779220362079,0.348116503364569,0.347858848368279,35.4691344693291,35.5191344693291,0.0194642285734541
23.125,0.319861741057325,-7.2652234735868,-0.227738752317213,0.346796520957666,0.346562801789852,35.6228713918182,35.6728713918182,0.551647955964909
23.225,0.46860181381775,-7.25719310930768,-0.227693661176245,0.345473768388124,0.345264162471433,35.7766071623695,35.8266071623695,0.269957894308051
23.325,0.617144369331559,-7.24611205343839,-0.227654638042639,0.344155964259665,0.343970654396623,35.9303406454686,35.9803406454686,0.0334201213153982
23.425,0.765428127081165,-7.23200581829754,-0.227600920355346,0.342828717000146,0.342667902477271,36.0840710201232,36.1340710201232,0.568973465618804
23.525,0.91338718448489,-7.21485625526565,-0.227557017554069,0.341505361249826,0.341369243389945,36.2377967868384,36.2877967868384,0.29989707763297
23.625,1.06095726062435,-7.19466330103427,-0.227530658426892,0.340187593919822,0.340076379799731,36.3915174638151,36.4415174638151,0.00673283285430191
23.725,1.20807934027203,-7.17145739857387,-0.227499954489379,0.338858035488691,0.338771941243302,36.5452332808378,36.5952332808378,0.631592134153655
23.825,1.35468599581227,-7.14521742431051,-0.227496566661491,0.337534747646829,0.337473989689519,36.6989442307613,36.7489442307613,0.361482755794329
23.925,1.50071385929189,-7.11594717262957,-0.227528188358139,0.336221867559524,0.336186662790271,36.8526517251193,36.9026517251193,0.064794496031645
24.025,1.64611124865558,-7.0836996621289,-0.227553152741811,0.334893367530473,0.334883930093421,37.0063578531075,37.0563578531075,0.615853441857288
24.125,1.79081889500239,-7.04849121374149,-0.227568446187442,0.33354976486419,0.333549764864191,37.1576760869234,37.2076760869234,0.291992243308333
24.225,1.93478068054104,-7.01034430766431,-0.227565497455736,0.332188826017082,0.332188826017082,37.3113822550617,37.3613822550617,0.000135954827857492
24.325,2.07793573340814,-6.96927008607819,-0.227549075801283,0.330817497847112,0.330817497847113,37.4650892016122,37.5150892016122,0.581038801409856
24.425,2.22021904827007,-6.92527033068516,-0.22753537132222,0.329450048137215,0.329450048137216,37.6187960062605,37.6687960062605,0.276373769012187
24.525,2.36157172188824,-6.87836719406962,-0.227520625393609,0.328086188168033,0.328086188168032,37.7725023763691,37.8225023763691,0.000518601730170582
24.625,2.50192687517244,-6.82856287913201,-0.227523868518383,0.326739431451344,0.326739431451343,37.926207075876,37.976207075876,0.594956342678781
24.725,2.64122108538056,-6.77587174225726,-0.227552909138537,0.325414006803757,0.325414006803757,38.0799093463446,38.1299093463446,0.296223405423812
24.825,2.77940102798755,-6.72033243418067,-0.22759062619004,0.324453189774973,0.324095765000991,38.2336092172195,38.2836092172195,0.0254628889426101
24.925,2.91640226047095,-6.66195646183286,-0.227650582910862,0.323122755269617,0.322790778528956,38.3873060011051,38.4373060011051,0.641355291644651
25.025,3.05216235969647,-6.60076034614253,-0.227742288865477,0.321808931386918,0.321502613241939,38.5409999252917,38.5909999252917,0.346549027450016
25.125,3.18663718524857,-6.53679577149347,-0.227836944304406,0.3204901908579,0.320209752296304,38.694693081739,38.744693081739,0.0199420585458933
25.225,3.31979002035076,-6.47012484972525,-0.227894297368014,0.319138474510777,0.318884151406262,38.84838702681,38.89838702681,0.585325184350778
25.325,3.45156038370662,-6.40076253130845,-0.227928076223726,0.317764147782089,0.317536170409641,39.0020815106985,39.0520815106985,0.299443611281127
25.425,3.58188867274566,-6.32872751217812,-0.227949505995988,0.316377423252562,0.316176020629254,39.1557764006097,39.2057764006097,0.00781662935825198
25.525,3.71072278542011,-6.25405216111053,-0.227955444022139,0.314979546735977,0.314804950820856,39.3094719999246,39.3594719999246,0.582134230304631
25.625,3.83799807957256,-6.17674927464368,-0.227967212627968,0.313589154836836,0.313441595596783,39.4631681411861,39.5131681411861,0.303271069415595
25.725,3.96365267336103,-6.09683944788679,-0.227999328358766,0.31221984102185,0.312099552639267,39.6168645414639,39.6668645414639,0.000130437339912051
25.825,4.08763677978294,-6.01436281013979,-0.228044660792612,0.310868466876397,0.310775691383926,39.7705611351259,39.8205611351259,0.594181553081647
25.925,4.20988908915222,-5.92934333094828,-0.228117267225509,0.309545351824747,0.309480338242321,39.9242573583208,39.9742573583208,0.317670226294968
26.025,4.33035334964606,-5.84181369047238,-0.228222546929714,0.30825302746887,0.308216034648905,40.0779527158255,40.1279527158255,0.0182118031523691
26.125,4.44900756812546,-5.75184994352973,-0.228312017549122,0.306953851538251,0.306945142497941,40.2316475030851,40.2816475030851,0.564235249007502
26.225,4.56580967545927,-5.6594995413852,-0.228373424641724,0.305635750228182,0.305635750228182,40.382945026203,40.432945026203,0.250551023632488
26.325,4.68072376951175,-5.56481323878581,-0.228389353861273,0.304283287213664,0.304283287213664,40.5366365030952,40.5866365030952,0.0277452462535176
26.425,4.79369669851405,-5.46782211360874,-0.228369735512317,0.302901878238257,0.302901878238257,40.6903261273838,40.7403261273838,0.576725568922829
26.525,4.90467869637672,-5.36856162580926,-0.228320204739254,0.301495379415747,0.301495379415748,40.8440133893256,40.8940133893256,0.287826874639496
26.625,5.01360748328816,-5.26705403041357,-0.228265808228487,0.300083457285088,0.300083457285087,40.9976982816919,41.0476982816919,0.0166142800299211
26.725,5.12042660874567,-5.16332952601485,-0.228223019799951,0.298681034347464,0.298681034347465,41.1513815102438,41.2013815102438,0.621624730974284
26.825,5.22508946241979,-5.05742991662132,-0.228194360970128,0.297293681877052,0.297293681877052,41.3050637413307,41.3550637413307,0.322927123575772
26.925,5.32753857796186,-4.9493874184518,-0.228198083170793,0.2963281869263,0.295938672076351,41.4587455168955,41.5087455168955,0.0423322829884098
27.025,5.42772091757293,-4.83924031202752,-0.22824634929022,0.294989711314498,0.294628139814991,41.6124273880943,41.6624273880943,0.576122756828048
27.125,5.52563912003389,-4.72707550048259,-0.228278713254227,0.293650979668868,0.293317621927648,41.766110253128,41.816110253128,0.270933599338262
27.225,5.62124962264196,-4.61293844268596,-0.228298108691311,0.292313752099425,0.292008886095316,41.9197927296046,41.9697927296046,0.0496261316851355
27.325,5.71453079505045,-4.49689079704029,-0.228281561550559,0.290958524266624,0.290682437351055,42.07347455083,42.12347455083,0.528490877235455
27.425,5.80544208460741,-4.37897950697244,-0.22823134854969,0.289584348696234,0.289337335393217,42.2271539537489,42.2771539537489,0.261980024748101
27.525,5.89393756364946,-4.25924777687848,-0.228157617973112,0.288196300508838,0.287978660578304,42.3808293111848,42.4308293111848,0.0252142442404985
27.625,5.97996720068449,-4.13773576886447,-0.228076938374365,0.286805152175853,0.286617183849167,42.5345000745436,42.5845000745436,0.590456365968907
27.725,6.06349423981004,-4.01449283423688,-0.227990985130119,0.285411395624125,0.285253395137634,42.6881667560117,42.7381667560117,0.326579899173102
27.825,6.14447112322279,-3.889561934169,-0.227915194123815,0.284027604743098,0.283899866632994,42.8418297162846,42.8918297162846,0.036142405254888
27.925,6.22284842961858,-3.76298548420553,-0.22786810265738,0.282670224692542,0.282573037705358,42.9954901697713,43.0454901697713,0.645768579056385
28.025,6.29859072114131,-3.63481514439753,-0.227852710073248,0.281344635968699,0.281278282698334,43.1491498495255,43.1991498495255,0.368194489635311
28.125,6.37165406221568,-3.50509910403968,-0.227882342969875,0.280064953454181,0.280029715342021,43.3028097823141,43.3528097823141,0.0646661515773722
28.225,6.44202892354124,-3.37390401989634,-0.227932550696841,0.278814918634961,0.278811070339685,43.4564715732605,43.5064715732605,0.592427573443035
28.325,6.50970813039697,-3.24129734586036,-0.22797769343095,0.277576146778782,0.277576146778782,43.6077437998838,43.6577437998838,0.264933792225001
28.425,6.57467970767615,-3.10734169395518,-0.227999885759026,0.276334839481485,0.276334839481485,43.7614091365536,43.8114091365536,0.0248590495834233
28.525,6.63690830057258,-2.97208980953404,-0.228007863993161,0.275097427187252,0.275097427187252,43.9150750113117,43.9650750113117,0.558955916132905
28.625,6.69637176220536,-2.83560073585768,-0.227997090838184,0.273858605799573,0.273858605799573,44.0687399139673,44.1187399139673,0.266658438466332
28.725,6.75303224999378,-2.69792653254556,-0.227981563247428,0.272627734343366,0.272627734343366,44.2224026174595,44.2724026174595,0.00306069527768862
28.825,6.80685875833762,-2.55912227570888,-0.227969129741891,0.271409330448067,0.271409330448067,44.3760627150919,44.4260627150919,0.611852438004065
28.925,6.85783513134816,-2.41924859979198,-0.227953075209944,0.270196569461466,0.270196569461466,44.5297202301095,44.5797202301095,0.32531792902263
29.025,6.90591538992383,-2.27835544612494,-0.227959645898963,0.269431057888143,0.269010727546099,44.6833754383333,44.7333754383333,0.0533385356462364
29.125,6.95107418030761,-2.13650027266804,-0.227994384267174,0.26824655600767,0.267857283840472,44.8370297540539,44.8870297540539,0.608040463444677
29.225,6.99333759007476,-1.99375528057488,-0.22801053579057,0.267057102381166,0.266699174122565,44.9906850419775,45.0406850419775,0.30501472138976
29.325,7.03267767841322,-1.85017624114849,-0.228019014617688,0.265873977931721,0.265547674918926,45.1443414515161,45.1943414515161,0.0179981869936859
29.425,7.06909492116342,-1.70582571107058,-0.228002725456513,0.264685050083836,0.264390649720768,45.2980001484754,45.3480001484754,0.552679703741385
29.525,7.10256701847326,-1.56076196477552,-0.22796891077919,0.263498303076846,0.263236086532168,45.4516602425438,45.5016602425438,0.274404062491277
29.625,7.13306046248693,-1.41504212169008,-0.227937309975151,0.262331851161929,0.262102103949552,45.6053204826013,45.6553204826013,0.0266974168609934
29.725,7.16056864241506,-1.26872912677634,-0.22790148032437,0.261180561880955,0.260983574738431,45.7589802270116,45.8089802270116,0.571114289812543
29.825,7.18506410023797,-1.12188256036979,-0.227877434765668,0.260057661304496,0.259893728325739,45.9126385189946,45.9626385189946,0.300069597663806
29.925,7.20652780357517,-0.974564218022362,-0.227873873566857,0.258969479099945,0.258838897955183,46.0662947080461,46.1162947080461,0.00495843954788516
30.025,7.22496763593332,-0.826838949002935,-0.227873764305778,0.257899732814552,0.257802801147912,46.2199488532115,46.2699488532115,0.622794971282436
30.125,7.24035189943955,-0.678766889862445,-0.227901257649799,0.256868017452744,0.256805032333101,46.3736008083784,46.4236008083784,0.352246117928102
30.225,7.25266619918642,-0.53041036667872,-0.227964373443885,0.255880659031976,0.255851910658748,46.5272515021031,46.5772515021031,0.0555823308815843
30.325,7.26195098720397,-0.381834173277437,-0.22801750026616,0.254897937933995,0.254897937933995,46.6785109434763,46.7285109434763,0.607960172294756
30.425,7.26820586217978,-0.233099777644735,-0.228057208602189,0.253917600293659,0.253917600293659,46.8321625012099,46.8821625012099,0.287086775720251
30.525,7.27143977260537,-0.0842671569210893,-0.228071966777805,0.252930844493137,0.252930844493138,46.9858166479601,47.0358166479601,0.00123401072930252
30.625,7.27164150023678,0.0646025621256971,-0.228071535074142,0.251948088745359,0.251948088745359,47.1236737632423,0.0657993465591993,0.584293377732717
30.725,7.26880079719404,0.213447107454107,-0.228065958978362,0.252869514242474,0.250980241445206,47.1236737632423,0.219457550359667,0.282747310379522
30.825,7.26290793857219,0.362203619021609,-0.228066062882083,0.256621782331934,0.250038653809776,47.1236737632423,0.373117207620812,0.00450813057781321
30.925,7.2539449123149,0.510807445863756,-0.228092338481667,0.263279158998805,0.249142896452523,47.1236737632423,0.526777769843857,0.595835570774565
31.025,7.24192163752297,0.65919496677121,-0.228138683374117,0.27289627856596,0.248287771678957,47.1236737632423,0.68043900138909,0.296709042944634
31.125,7.22685578749729,0.807303983130298,-0.228192501553611,0.285518687795504,0.247461242350875,47.1236737632423,0.834100771001665,0.0256225505153804
31.225,7.20873414177346,0.95506843030887,-0.228273682725472,0.301213267913615,0.246680279600885,47.1236737632423,0.987762150263357,0.576996917722433
31.325,7.18760348591623,1.10243139630097,-0.228342771121201,0.319979754605814,0.24590752858592,47.1236737632423,1.14142388806177,0.27644087086483
31.425,7.16349931496332,1.24933640162066,-0.228372680073989,0.341815485773878,0.245116841865711,47.1236737632423,1.29508584372388,0.0344877796184845
31.525,7.13644409605666,1.39572690716332,-0.228350397913712,0.366718320525157,0.244295296097511,47.1236737632423,1.44874810836884,0.560822715553874
31.625,7.10641889015896,1.54153724762709,-0.228306488291069,0.39471640934762,0.243470761940643,47.1236737632423,1.60240965041821,0.289151857102042
31.725,7.0734191158606,1.68670357708727,-0.228258327912001,0.425817112493477,0.242659948215641,47.1236737632423,1.75607046715953,0.00824072855913899
31.825,7.03746762253503,1.83116833993726,-0.22819637040318,0.459995701962707,0.241855283562965,47.1236737632423,1.90973117874621,0.599313361959305
31.925,6.99854884543775,1.97486319888603,-0.228152188316071,0.497261240502748,0.241087759942768,47.1236737632423,2.06339183241349,0.3232728169992
32.025,6.95666259889628,2.11772223517814,-0.228143154582165,0.537605624981018,0.240375364440614,47.1236737632423,2.21705296388532,0.0198280066124297
32.125,6.91183882541305,2.25968813095651,-0.228156602506284,0.580989718090911,0.23970752131302,47.1236737632423,2.37071531567297,0.61788945882655
32.225,6.86408347108751,2.40069539815061,-0.228206528458176,0.627397541489536,0.239098101556478,47.1236737632423,2.52437895226428,0.339447312886742
32.325,6.81341080919404,2.54068029609621,-0.228299839665167,0.676805041978263,0.238553729328044,47.1236737632423,2.67804386185573,0.0373534181467496
32.425,6.7598860285049,2.67960040813564,-0.228389623635181,0.72913804960761,0.238012917919383,47.1236737632423,2.82931576110751,0.578681076734231
32.525,6.70355073779993,2.81740526162427,-0.228455122707,0.784346535218387,0.237450486082131,47.1236737632423,2.98298466744991,0.262953408149877
32.625,6.64444248852933,2.95404393202587,-0.228480795891914,0.8423854670352,0.236871023098287,47.1236737632423,3.13665496778748,0.0170859518801191
32.725,6.58257091363273,3.08945326103918,-0.228482875963969,0.9032386563291,0.236289144859018,47.1236737632423,3.29032520822498,0.580979291965244
32.825,6.51794872200289,3.22357102838506,-0.228475695034595,0.96688786117257,0.235718242393249,47.1236737632423,3.44399483192918,0.285430223739684
32.925,6.45060686248805,3.35634434885138,-0.228454340207677,1.0332975062687,0.235153822370453,47.1236737632423,3.59766444501918,0.0155430539645055
33.025,6.38055322201061,3.48770755800484,-0.228441471797527,1.10245577726666,0.234618351348258,47.1236737632423,3.75133408410383,0.624878952737712
33.125,6.30780560350606,3.6175990339009,-0.228450350736565,1.17434156904175,0.234125661265933,47.1236737632423,3.90500432633282,0.325147873536546
33.225,6.23239467091836,3.745964159532,-0.228480845202304,1.24892137743495,0.233676691780082,47.1236737632423,4.05867630637843,0.0476377965507774
33.325,6.15433599781783,3.87273789127226,-0.228552389755372,1.32617717734086,0.233291215344559,47.1236737632423,4.21235040536623,0.586083809667568
33.425,6.07370723083541,3.99789498116423,-0.228611975260812,1.40602906967829,0.232918090325274,47.1236737632423,4.36602780287607,0.279545278681921
33.525,5.99053928845982,4.12138074141071,-0.228663109011403,1.48844419903103,0.232560607030004,47.1236737632423,4.51970754938197,0.0436471020903
33.625,5.90488639708319,4.24315811722125,-0.228681400860044,1.57336658185717,0.232194367204976,47.1236737632423,4.67338973711552,0.53049347227014
33.725,5.81678263400226,4.36317508559719,-0.228668826218529,1.66076067206824,0.231820498843624,47.1236737632423,4.82707262423517,0.260649956162653
33.825,5.72625206016499,4.48137157495806,-0.228641540304461,1.75060120443969,0.231454051853736,47.1236737632423,4.980754554761,0.0311010800000598
33.925,5.63333276472588,4.59769858929254,-0.228599147611463,1.84284906472853,0.231094016411466,47.1236737632423,5.13443495002461,0.582653412475243
34.025,5.53805287244099,4.71209914087794,-0.228555306446011,1.937475334653,0.230753469518287,47.1236737632423,5.28811366172931,0.317656747765478
34.125,5.44044325019003,4.82451751194713,-0.228522022200522,2.03444852395258,0.230444206882858,47.1236737632423,5.44179086150364,0.0266168670346779
34.225,5.34053697564946,4.93489964661215,-0.228509801257252,2.13373506786128,0.230176843470564,47.1236737632423,5.59546749190478,0.63858770221782
34.325,5.23837016728259,5.0431938409049,-0.228526550525173,2.23529846188357,0.229959615698095,47.1236737632423,5.74914500040454,0.303626324338431
34.425,5.13402810370138,5.14939684863288,-0.228512361675511,2.33905289968525,0.229733627987206,47.1236737632423,5.90282460668496,0.00281625380433495
34.525,5.0275403831601,5.25345195957546,-0.228485728826984,2.44496855431418,0.229493092429963,47.1236737632423,6.05410957258355,0.561406001750148
34.625,4.91895350958749,5.35531877871268,-0.228442886759686,2.5529986628208,0.229244650985731,47.1236737632423,6.20779369916164,0.252921647573205
34.725,4.80831871678713,5.45496148134557,-0.228374759026064,2.66309174708062,0.22899301116172,47.1236737632423,6.36147930594282,0.0227352029614728
34.825,4.69566729160195,5.5523203095667,-0.228304727682319,2.77521643277477,0.228761097180529,47.1236737632423,6.51516463529255,0.573646192469897
34.925,4.58103854473839,5.64734345057916,-0.228246277741647,2.88933332239984,0.228561938778171,47.1236737632423,6.66884875164989,0.277595785180903
35.025,4.46449318166854,5.74000603693296,-0.228179823923605,3.00538152863761,0.228375598824654,47.1236737632423,6.82253164047874,0.0107976656266066
35.125,4.3460661489759,5.8302497406318,-0.228129332186155,3.12332613483717,0.228225612271425,47.1236737632423,6.97621226786324,0.626005104618638
35.225,4.2257997396256,5.91802515049061,-0.228108559579621,3.24312487419219,0.228125492789695,47.1236737632423,7.12989087999663,0.331644157737514
35.325,4.10375461686909,6.00330929440365,-0.228100355495295,3.36471700977114,0.228058030641415,47.1236737632423,7.28356870983034,0.0619947601187714
35.425,3.97996894351709,6.08604614249286,-0.228128821279028,3.48806450373732,0.228047292178262,47.1236737632423,7.4372463231054,0.618317271540185
35.525,3.85452029815287,6.16624173771401,-0.228145773133318,3.61308960111668,0.228045135559559,47.1236737632423,7.59092583078013,0.315203356751236
35.625,3.72745933824566,6.24386124382875,-0.228153167835462,3.73974169193673,0.228053438133985,47.1236737632423,7.74460754486883,0.00638761655030934
35.725,3.59884352110461,6.3188830944351,-0.2281392855381,3.86796330529671,0.228060294138163,47.1236737632423,7.89829264003536,0.566844179402677
35.825,3.46872244938073,6.39126964814014,-0.228111445705784,3.99770491575411,0.228072713813852,47.1236737632423,8.05198062968933,0.287903462659677
35.925,3.33714404070652,6.46097750788546,-0.228084110371958,4.12891872062581,0.228104746930317,47.1236737632423,8.20567057224427,0.0127520445545746
36.025,3.20415935757923,6.527967850245,-0.228067557891167,4.26155375820399,0.22816620118242,47.1236737632423,8.35936198102409,0.579617005781538
36.125,3.06982413378237,6.59221032426685,-0.228063726095844,4.39555436344855,0.228258555780741,47.1236737632423,8.51305460647107,0.306140776719885
36.225,2.93419454572683,6.65367383662393,-0.228076378540072,4.53086444749544,0.228385204961032,47.1236737632423,8.6667477214484,0.0112310594823334
36.325,2.79732564199676,6.71232493326315,-0.228113260158767,4.66742907757566,0.22855365875478,47.1236737632423,8.8204411211643,0.618569700485442
36.425,2.65927812028067,6.768144620879,-0.228167924784236,4.80518760827178,0.228757367275396,47.1236737632423,8.97413527007912,0.290274484682282
36.525,2.52012866547144,6.82115863099946,-0.228187738961535,4.94406317563582,0.228943705738639,47.1236737632423,9.12783041154726,0.00557564007170245
36.625,2.37993030507088,6.87133575897891,-0.228182938933555,5.0840028817999,0.229093705272697,47.1236737632423,9.27913298987803,0.567432819244566
36.725,2.23874233123297,6.91866246023802,-0.22814621541651,5.22494746975435,0.229220465475186,47.1236737632423,9.43283061972695,0.266947311555532
36.825,2.09662310122504,6.96312230856801,-0.228074483833869,5.36683862954229,0.229329576880002,47.1236737632423,9.58652954379108,0.00352110526990101
36.925,1.95362227900382,7.00466635968872,-0.22799953110735,5.50962691615137,0.229452368539939,47.1236737632423,9.74022887631688,0.598923149617368
37.025,1.80979459617213,7.04325826974981,-0.227940901317363,5.65325774608178,0.229607693851333,47.1236737632423,9.89392871686019,0.298296406964604
37.125,1.66520369031472,7.07889483417662,-0.227885080420537,5.79766745114425,0.229781312041023,47.1236737632423,10.0476298575544,0.0245402867206805
37.225,1.5199051851794,7.1115344498341,-0.227859049556831,5.9428005880426,0.229999262940154,47.1236737632423,10.2013317496012,0.623907026785833
37.325,1.37395947476464,7.14115168606411,-0.227874310652231,6.08859686620012,0.230272252975131,47.1236737632423,10.3550345587584,0.320872784561996
37.425,1.22743323397331,7.167754666387,-0.22790956454921,6.23498954622915,0.230578647266391,47.1236737632423,10.508738974547,0.0456569935723785
37.525,1.08038675102696,7.1913128418907,-0.227984053803468,6.38191849602048,0.230937338077929,47.1236737632423,10.6624445126095,0.592748206162628
37.625,0.932888894723439,7.21186059527112,-0.228052878662924,6.52931466194074,0.231303861921925,47.1236737632423,10.8161521714408,0.28929985434099
37.725,0.785003690289591,7.22941070062322,-0.228094481358151,6.67711395384037,0.231657121891893,47.1236737632423,10.9698617348065,0.0257931660814199
37.825,0.636793238140107,7.24397949401826,-0.228085222041038,6.82525418538937,0.231974019565267,47.1236737632423,11.123573459351,0.567700609481684
37.925,0.488315478237894,7.2555245170257,-0.228061604809366,6.97367764673233,0.232290846518815,47.1236737632423,11.2772859728333,0.293336829465346
38.025,0.339631224770817,7.2640309266257,-0.228033644755087,7.12232359562735,0.232617331340216,47.1236737632423,11.4309993829629,0.0042886935129344
38.125,0.190802354748368,7.26950237421995,-0.227994065777513,7.27113011577133,0.2329457542792,47.1236737632423,11.5847140688999,0.603810660777298
38.225,0.0418903466683857,7.27190818122704,-0.227971163606353,7.42003586982439,0.233303143030124,47.1236737632423,11.7384301666037,0.328369506022656
38.325,-0.107041475541999,7.2712284508047,-0.227983700425454,7.56897761229122,0.233706787118368,47.1236737632423,11.8921482037605,0.0249097295539484
38.425,-0.255929740811886,7.26747332492289,-0.228021688653236,7.71789188938913,0.234145664610973,47.1236737632423,12.0458691169724,0.622807446133598
38.525,-0.404710554052371,7.26063975680157,-0.228089638161853,7.86671480288674,0.234623174300202,47.1236737632423,12.1995933415532,0.2862660240296
38.625,-0.55332410642477,7.2507851892023,-0.228132741399477,8.01538622361184,0.235085073850287,47.1236737632423,12.3533209185926,0.0162431166427241
38.725,-0.701707916578799,7.2379045145935,-0.228160084094098,8.16384370158866,0.235512032864541,47.1236737632423,12.5046578156763,0.543306350943178
38.825,-0.849802059252757,7.22201905188877,-0.228155479814309,8.31202721036605,0.235908227126265,47.1236737632423,12.6583899513684,0.242835828165168
38.925,-0.997546116571877,7.20314253826343,-0.228111615183596,8.45987627724534,0.236275682667476,47.1236737632423,12.8121230876091,0.0252323364076501
39.025,-1.14487503059611,7.18125768787398,-0.228053849530271,8.60732596052029,0.236639696031397,47.1236737632423,12.9658555988537,0.585401339077074
39.125,-1.29172464040587,7.15635784405626,-0.227998202776819,8.75431215375873,0.237016239275992,47.1236737632423,13.119587062985,0.293248856692175
39.225,-1.43803654466424,7.12846637300417,-0.227931385441894,8.90077633558401,0.237392443307787,47.1236737632423,13.273318232775,0.027258143998362
39.325,-1.58374357031852,7.09756630226228,-0.227882625291704,9.04665142512563,0.237796270530284,47.1236737632423,13.4270489410377,0.641165998070335
39.425,-1.72878015188221,7.06365329402889,-0.227869729454301,9.1918718701928,0.238244058366168,47.1236737632423,13.5807801000168,0.340462054813857
39.525,-1.87308845094237,7.02675545095871,-0.227878403613455,9.33637965972654,0.238720739942269,47.1236737632423,13.7345133094503,0.0640937937022529
39.625,-2.01660009488658,6.98686431250918,-0.227933659260877,9.48010644758738,0.239248992581843,47.1236737632423,13.8882490282462,0.605716713399097
39.725,-2.15926808458786,6.94404352347257,-0.227986584376984,9.62300486892386,0.239780475437277,47.1236737632423,14.0419888650791,0.296805554264775
39.825,-2.30103318629914,6.8983138167408,-0.228034155836059,9.76501556708234,0.240311372067652,47.1236737632423,14.1957323835957,0.0280020668818601
39.925,-2.4418435379436,6.84971373475968,-0.228055410555418,9.90608647171625,0.24082121903725,47.1236737632423,14.3494798986634,0.543766042495516
40.025,-2.5816392903716,6.79826106316053,-0.228052880522651,10.0461576499918,0.241312535379073,47.1236737632423,14.5032299645973,0.270301406671195
40.125,-2.72035675138377,6.74396508906029,-0.228039743146063,10.1851653819747,0.241798347699934,47.1236737632423,14.6569810460696,0.0242398394908612
40.225,-2.85793548902113,6.68684343220544,-0.228021565884876,10.3230491673995,0.242284599179996,47.1236737632423,14.8107324752863,0.582671240589437
40.325,-2.99431426962164,6.62691182983685,-0.228007264463795,10.4597477142801,0.242780378430523,47.1236737632423,14.9644841615801,0.314503696974285
40.425,-3.12943303682085,6.56419011391628,-0.228002820161304,10.5952008802412,0.243291727680879,47.1236737632423,15.1182361062195,0.0223834631857371
40.525,-3.26323162229142,6.49869779231438,-0.228015840463175,10.7293484043319,0.243825821970581,47.1236737632423,15.2719889182628,0.635208189516932
40.625,-3.39564833744551,6.43045185540597,-0.228058120674335,10.8621285099826,0.244393308412945,47.1236737632423,15.4257437488918,0.300544913971516
40.725,-3.52666062666843,6.35954108881319,-0.22806091637199,10.993518141667,0.244928237585606,47.1236737632423,15.5795017927816,0.00219409628752573
40.825,-3.65620640194879,6.28597887676421,-0.228041825424377,11.1234551265199,0.24542621069215,47.1236737632423,15.730870721289,0.566787403369708
40.925,-3.78422843357582,6.20978898663178,-0.228008244230674,11.2518820919133,0.245898182534705,47.1236737632423,15.8846348381992,0.258055515983119
41.025,-3.91067567342545,6.13100675648234,-0.227955715842088,11.3787477871928,0.246353899311462,47.1236737632423,16.0384014728242,0.0203859738126342
41.125,-4.03548648902899,6.04965230005322,-0.227899605019551,11.5039904696851,0.246807003868504,47.1236737632423,16.192169440867,0.575523487821057
41.225,-4.15860775077526,5.96575979620592,-0.227840185279553,11.6275568327699,0.247257455066593,47.1236737632423,16.3459378845139,0.282202984491887
41.325,-4.27997959044503,5.87935392051,-0.227790719647686,11.7493868952839,0.247717814612898,47.1236737632423,16.4997061397404,0.00999897046681499
41.425,-4.39954456270596,5.79046373136279,-0.227760827402366,11.8694230838774,0.248197610127741,47.1236737632423,16.6534739965371,0.619470328579545
41.525,-4.51725728749442,5.69913447230878,-0.227741263205793,11.9876198043153,0.24868903218539,47.1236737632423,16.8072415374461,0.328697799304274
41.625,-4.63305689023405,5.60539125262885,-0.227749506294956,12.1039160791038,0.24920902765293,47.1236737632423,16.9610089802942,0.0551765208246892
41.725,-4.74689050925722,5.50926956818603,-0.227791210243138,12.2182588795919,0.249763219647712,47.1236737632423,17.1147773597898,0.60981206453705
41.825,-4.85874473982762,5.41084875726746,-0.227814309244749,12.3306343731918,0.250303273291537,47.1236737632423,17.2685483070026,0.308056287642219
41.925,-4.96856791612919,5.3101633078069,-0.227826907122807,12.4409907088078,0.250836122928419,47.1236737632423,17.4223218704663,0.0129167896984236
42.025,-5.0763275298923,5.2072667967013,-0.227811286636581,12.5492950755494,0.251344425188131,47.1236737632423,17.5760992038572,0.56432397547234
42.125,-5.18197269380365,5.10219524004033,-0.22777631897802,12.6554963782488,0.251835067285054,47.1236737632423,17.7298796872505,0.287297986519318
42.225,-5.28544593330827,4.99497991170423,-0.227740170190996,12.7595369607348,0.25232328266839,47.1236737632423,17.883662445628,0.0128635242547435
42.325,-5.38669831060799,4.88566116570281,-0.227709871329148,12.8613676584779,0.252814269397615,47.1236737632423,18.0374471717382,0.581714983993568
42.425,-5.48567772576755,4.77427732734643,-0.227697468518208,12.9609361669047,0.253318241484986,47.1236737632423,18.1912336768703,0.305786732176725
42.525,-5.5823395364756,4.6608745194907,-0.227705589916189,13.0581976079429,0.253837402654333,47.1236737632423,18.3450216046721,0.00757778561889992
42.625,-5.67665181060461,4.54550893175919,-0.227722005620026,13.1531197693917,0.254361123446599,47.1236737632423,18.4988109075626,0.618256505629914
42.725,-5.76855670120995,4.42821612520481,-0.227768948486428,13.2456446502565,0.2549105274712,47.1236737632423,18.6526013023727,0.344442303029191
42.825,-5.85800933595926,4.30904250230778,-0.227853090944821,13.3357271665093,0.255492739017625,47.1236737632423,18.8063933072634,0.0454335394922797
42.925,-5.94501196654904,4.1880671043299,-0.227925099891945,13.4233691635181,0.256058166806109,47.1236737632423,18.9577974138728,0.595315652467626
43.025,-6.02953371452859,4.06534392395874,-0.22797840798687,13.5085394908476,0.256579845359899,47.1236737632423,19.1115943546775,0.276140562383121
43.125,-6.11155124776453,3.94092948436887,-0.228000009982118,13.5912145172014,0.257073381874068,47.1236737632423,19.2653953469115,0.0097617820823111
43.225,-6.19102447713568,3.81487077618367,-0.227997310542758,13.6713538992854,0.257544792910819,47.1236737632423,19.4191998712632,0.582348439789989
43.325,-6.2679101842716,3.68721390501549,-0.227982091645044,13.7489141605323,0.258003432107516,47.1236737632423,19.5730072510215,0.28388330985706
43.425,-6.34216690283184,3.55800653745529,-0.227965102947445,13.8238535635463,0.258457404771334,47.1236737632423,19.7268173564344,0.00815754379797214
43.525,-6.41374304585023,3.42729220373424,-0.227969217063938,13.8961202767857,0.258925624910412,47.1236737632423,19.8806298700693,0.603617400982137
43.625,-6.48260958504059,3.29512775422697,-0.227992440272289,13.965684957664,0.259405076036985,47.1236737632423,20.034444845249,0.303190065767993
43.725,-6.54874455797767,3.16157322170441,-0.228026366807937,14.0325253240845,0.259887758721165,47.1236737632423,20.1882624426896,0.0292320194943723
43.825,-6.61210116489406,3.02667744625549,-0.228091159917845,14.0965943372481,0.260391857577156,47.1236737632423,20.3420819942745,0.574660213142576
43.925,-6.67269416933086,2.89051633434002,-0.228141079716381,14.157906372739,0.260877650434814,47.1236737632423,20.4959042381427,0.272289146874658
44.025,-6.73051291881345,2.75315282361992,-0.228160162619013,14.2164504712567,0.261332314738384,47.1236737632423,20.6497285178016,0.0428201240425008
44.125,-6.78555462590777,2.61465081279835,-0.228126069984067,14.2722235303862,0.261737432939135,47.1236737632423,20.8035548209146,0.547858331940136
44.225,-6.83777114898281,2.47505754625838,-0.22806599705744,14.3251771915306,0.262118259981409,47.1236737632423,20.9573815950235,0.277157144135322
44.325,-6.88712579783573,2.33442547587913,-0.227995870624944,14.3752745064812,0.262489400465309,47.1236737632423,21.1112083510553,0.018261157207559
44.425,-6.93361097125536,2.19281687388373,-0.227902163536167,14.4225075398506,0.262838571942622,47.1236737632423,21.2650353365177,0.595856883473986
44.525,-6.97717278770154,2.05027996466409,-0.227820956347002,14.46682215578,0.263196690457412,47.1236737632423,21.418862276526,0.322687797090711
44.625,-7.01777940032704,1.90687108577945,-0.227766158226467,14.5081861941063,0.263574463134045,47.1236737632423,21.5726898588807,0.0225330957662616
44.725,-7.05542718272694,1.76265463485086,-0.227723596251074,14.5465956604809,0.263957697211616,47.1236737632423,21.7265189148021,0.628786641581231
44.825,-7.09007230394848,1.61768554055685,-0.227721692389381,14.5820064237819,0.264369832334687,47.1236737632423,21.8803496045082,0.348433009105257
44.925,-7.1216921708213,1.47202500145688,-0.227768088072855,14.614395561245,0.264816549713638,47.1236737632423,22.034182596652,0.0430392110607221
45.025,-7.15032270395638,1.32574515092971,-0.227812229051852,14.6437986021441,0.26525346651924,47.1236737632423,22.1880188847801,0.580623417028946
45.125,-7.17596219816505,1.17890987187056,-0.22784337658438,14.6702135160236,0.265655728141949,47.1236737632423,22.3394675953044,0.258803824981086
45.225,-7.1986180450408,1.03158217510003,-0.227843267477586,14.6936473804838,0.266009113124561,47.1236737632423,22.4933089399472,0.026825347401035
45.325,-7.21827806948789,0.88382289127695,-0.227814551897421,14.7140877278263,0.266332758096584,47.1236737632423,22.6471520561668,0.568669676598145
45.425,-7.23492873294789,0.735692909397154,-0.227762529470577,14.7315207253474,0.266632463159644,47.1236737632423,22.8009957744779,0.277388379026483
45.525,-7.24854901696445,0.587252297835353,-0.22770131852045,14.7459250607716,0.26692128039939,47.1236737632423,22.9548396131366,0.00763698683081846
45.625,-7.25911451241233,0.438561667324277,-0.227649634378065,14.7572760199501,0.267215633259037,47.1236737632423,23.1086835714204,0.617469012260356
45.725,-7.2666215989536,0.289683639230314,-0.227606578765369,14.7655696470718,0.26751414095444,47.1236737632423,23.2625281337715,0.322467153444196
45.825,-7.27105742565623,0.140680454761611,-0.22758175862096,14.770792752249,0.267824015764591,47.1236737632423,23.4163739489738,0.0477818045553526
45.925,-7.27239687001668,-0.0083846933885448,-0.227598296428369,14.772919868759,0.268163838576386,47.1236737632423,23.5702215750095,0.649361589049925
46.025,-7.27064086932555,-0.1574475604062,-0.227654547191476,14.771951574806,0.268530686834745,47.1236737632423,23.7240719685806,0.344745766431023
46.125,-7.26581160833038,-0.306445192750089,-0.227728897798977,14.7679097022135,0.268904795952984,47.1236737632423,23.8779264066147,0.00879717989059605
46.225,-7.2579500923373,-0.455316229695497,-0.227782153161034,14.760834914285,0.26925183267602,47.1236737632423,24.0317848188885,0.554333620644713
46.325,-7.2470529930013,-0.603998813251178,-0.227820708358605,14.7507235647735,0.269577438356903,47.1236737632423,24.1856471295414,0.26402713675841
46.425,-7.23313662639558,-0.752431840344239,-0.227832569964505,14.7375916599471,0.269872004267435,47.1236737632423,24.3395125536809,0.039154425017635
46.525,-7.21620994692448,-0.900553720704689,-0.227814427425072,14.7214478511203,0.270133759897486,47.1236737632423,24.4933798035683,0.561740170187181
46.625,-7.19625935972851,-1.04829997782678,-0.227787020721146,14.7022782360333,0.270381702435475,47.1236737632423,24.6472478197579,0.292919291830189
46.725,-7.17327870273433,-1.19560619045057,-0.227765026503505,14.6800763411794,0.270629430129556,47.1236737632423,24.8011161556559,0.00182330939001612
46.825,-7.14728899035307,-1.34241266137325,-0.227736826472974,14.6548628766614,0.270867511780981,47.1236737632423,24.954985194792,0.613282160533956
46.925,-7.11827702538942,-1.48865306652366,-0.227726919136139,14.626624310955,0.271117011755728,47.1236737632423,25.1088550479101,0.34069473474154
47.025,-7.086238559306,-1.63426162759817,-0.227752205347029,14.5953560515613,0.271391889959219,47.1236737632423,25.2627264259637,0.0398756133126562
47.125,-7.05119751750152,-1.77917885472716,-0.227801994724849,14.5610816937491,0.271681996243472,47.1236737632423,25.4166005920249,0.645645856303094
47.225,-7.01316030364259,-1.92334089546544,-0.227884926325901,14.5238072914271,0.271993531336394,47.1236737632423,25.5704784941271,0.307946980000856
47.325,-6.9721958188501,-2.06670170504397,-0.227945924704459,14.4836014643371,0.272259687705136,47.1236737632423,25.7219698018255,0.00341941069175176
47.425,-6.92830703263239,-2.20919760048702,-0.227999424063484,14.4404668391521,0.272498735356223,47.1236737632423,25.8758557509555,0.558443548377337
47.525,-6.8815299217706,-2.35077516365605,-0.228026544720743,14.3944391007827,0.272706069677925,47.1236737632423,26.0297460320785,0.252796215264823
47.625,-6.83188648376282,-2.49137613622935,-0.228024478919483,14.3455399446036,0.272879472315853,47.1236737632423,26.1836393772867,0.0217489218930766
47.725,-6.7793763989749,-2.63093361449249,-0.2280156736387,14.2937687220007,0.273038698871763,47.1236737632423,26.3375342813169,0.578894375937816
47.825,-6.72402012245011,-2.76938793949527,-0.228001913742281,14.239145596674,0.273186254225497,47.1236737632423,26.4914300218658,0.286063478801681
47.925,-6.66583735876565,-2.90667945326475,-0.2279869955048,14.1816899846523,0.273326439424348,47.1236737632423,26.6453263799306,0.0161937417528655
48.025,-6.60483677769109,-3.0427430898981,-0.227988285827403,14.1214102424443,0.273474979524112,47.1236737632423,26.7992231932812,0.628172779126598
48.125,-6.54104740764495,-3.17752261768165,-0.228002256949112,14.0583351168338,0.273629454030165,47.1236737632423,26.9531208864817,0.334310255137607
48.225,-6.47448459442808,-3.31095533648398,-0.228041804047671,13.9924796360429,0.273800951219212,47.1236737632423,27.1070201024514,0.0585610612818904
48.325,-6.40516429645445,-3.4429780088082,-0.228120790764483,13.9238594294398,0.274000893838187,47.1236737632423,27.2609218576109,0.605603896428045
48.425,-6.33316970984923,-3.57356592234436,-0.228176846547167,13.8525575240827,0.27417539276745,47.1236737632423,27.4148288786287,0.302453160973813
48.525,-6.25852669441799,-3.70266290232341,-0.228214184054608,13.7785994669671,0.274326903093301,47.1236737632423,27.5687408807953,0.0177022822925187
48.625,-6.18127539153495,-3.83022175293448,-0.228221390701719,13.7020251287826,0.274444710374796,47.1236737632423,27.722658086271,0.556353002888119
48.725,-6.10143688907494,-3.95618219753218,-0.228211382924079,13.6228552723972,0.274538993035621,47.1236737632423,27.8765792526836,0.278453986651977
48.825,-6.01903632101797,-4.08048526815507,-0.228194291830666,13.5411147202274,0.274617949658242,47.1236737632423,28.0305030923651,0.0207322089599414
48.925,-5.93410516474485,-4.20307601427882,-0.228174088438489,13.456834668099,0.274685116433426,47.1236737632423,28.1844288263456,0.578310786100144
49.025,-5.84667083807159,-4.32389632771835,-0.228161213172211,13.3700422487253,0.274750005176872,47.1236737632423,28.3383559640055,0.306420239865753
49.125,-5.7567677418233,-4.44289234143288,-0.228159298302783,13.2807716054492,0.274816730064957,47.1236737632423,28.4922840161641,0.0118699361876553
49.225,-5.66443376815539,-4.56001320008598,-0.228168710786988,13.1890603911323,0.27488678745421,47.1236737632423,28.6462129997356,0.62374383904959
49.325,-5.56970270461236,-4.67520498065156,-0.22819624653722,13.0949421387616,0.274966991763815,47.1236737632423,28.800143336566,0.293438563830657
49.425,-5.4726555711594,-4.7884547036765,-0.228187471496279,12.9984977919589,0.275011769854907,47.1236737632423,28.9540754818551,0.00460832370159065
49.525,-5.37332091248865,-4.89970633408356,-0.228157056918348,12.8997556135959,0.275022348543845,47.1236737632423,29.10561606257,0.562196850397472
49.625,-5.27174786897147,-5.00892219821665,-0.228093291179211,12.7987645357424,0.274981366676365,47.1236737632423,29.2595523173832,0.259557221433004
49.725,-5.1679784012684,-5.11605749369143,-0.22799580344367,12.6955662690079,0.274906002860812,47.1236737632423,29.4134899421147,0.0131328785871808
49.825,-5.06203539803738,-5.22104720930298,-0.227893267233084,12.5901833537789,0.274819469323873,47.1236737632423,29.5674277336706,0.586969751060369
49.925,-4.95395296191892,-5.32383576694016,-0.22780107379779,12.4826495878789,0.274733731484897,47.1236737632423,29.7213652111967,0.287426002601727
50.025,-4.84377964466229,-5.42438279825349,-0.227714940403319,12.3730132963844,0.274644447838217,47.1236737632423,29.8753026488447,0.0129663707051206
50.125,-4.73155373508137,-5.52263547089992,-0.227648021966725,12.2613124933564,0.274562483206546,47.1236737632423,30.0292396625716,0.618845250497586
50.225,-4.61732597919046,-5.61855465394947,-0.227596298504571,12.1475977285657,0.274484811560925,47.1236737632423,30.1831761345562,0.324443385098066
50.325,-4.50113521201924,-5.71208678444799,-0.227575807892881,12.0319075858961,0.274425884382469,47.1236737632423,30.3371120622732,0.0481021511747902
50.425,-4.38302959710806,-5.80318935167674,-0.227589457371124,11.9142900389806,0.274389409972959,47.1236737632423,30.4910480720763,0.598626676599932
50.525,-4.26309194650619,-5.89186800519391,-0.227582139687409,11.794827935198,0.274329911402433,47.1236737632423,30.6449852716289,0.297660998257127
50.625,-4.14136909728099,-5.97808181720779,-0.227558854611172,11.673567922906,0.274252428654741,47.1236737632423,30.7989232524118,0.0211303802987083
50.725,-4.01792162567653,-6.06181191951386,-0.22749988397116,11.5505704836908,0.274140599753095,47.1236737632423,30.9528628018728,0.562115689373785
50.825,-3.89279546580935,-6.14301641147641,-0.227413997050679,11.4258813373544,0.274001660566986,47.1236737632423,31.1068031748054,0.289226206507029
50.925,-3.76603396997158,-6.22164742674238,-0.227317649885299,11.2995435816566,0.273848837294187,47.1236737632423,31.2607435491122,0.00691655851412262
51.025,-3.63768253139941,-6.29765918851805,-0.227225738827426,11.1716023573692,0.273693718190523,47.1236737632423,31.4146838147174,0.593360350159292
51.125,-3.50779215114319,-6.37101430151942,-0.227144370621209,11.0421084499456,0.273540362244251,47.1236737632423,31.5686242758381,0.319079835593827
51.225,-3.37641383636444,-6.44167309865109,-0.227082930193799,10.9111126429845,0.273395749277939,47.1236737632423,31.7225647545192,0.0208159297203965
51.325,-3.24360015538625,-6.509598035078,-0.227049529502272,10.7786673041475,0.273266313784593,47.1236737632423,31.8765054625319,0.621938002528099
51.425,-3.10940604059445,-6.57475550407467,-0.227049026451132,10.6448272001332,0.273156378106873,47.1236737632423,32.0304468829987,0.344601127858735
51.525,-2.97388879893485,-6.63711535376244,-0.227083473077723,10.5096495042183,0.273068475025847,47.1236737632423,32.1843891968147,0.0444202678844001
51.625,-2.83712151110844,-6.69668632992159,-0.227114309288718,10.3732073594805,0.272971084353992,47.1236737632423,32.3383332706265,0.58834747531249
51.725,-2.69916775900411,-6.75345776065467,-0.227125855881043,10.235564320954,0.272852067665002,47.1236737632423,32.4922785246982,0.268606713239304
51.825,-2.56008842061235,-6.80741879656331,-0.227104882293653,10.096781236854,0.272672724961383,47.1236737632423,32.6438433983358,0.0167810678384001
51.925,-2.41993934377037,-6.8585428508195,-0.227055859965994,9.95691384260686,0.272464612990877,47.1236737632423,32.7977919916249,0.578806187044376
52.025,-2.27877605870069,-6.90680094141774,-0.226986898810342,9.81601753197669,0.272235900865317,47.1236737632423,32.9517410126153,0.284251426318112
52.125,-2.13665271084742,-6.95215918235916,-0.226912477933984,9.67414627832854,0.271998470372078,47.1236737632423,33.1056901832168,0.0113581991167431
52.225,-1.99362283885413,-6.99457779058995,-0.226854154341813,9.5313534096207,0.271769849876702,47.1236737632423,33.2596394413124,0.614043483744398
52.325,-1.84974740061057,-7.03403923598001,-0.226811330690517,9.38769977044769,0.271548483745734,47.1236737632423,33.4135891278123,0.314921402107426
52.425,-1.70508798527721,-7.07052920676909,-0.226781434515289,9.24324685505411,0.271331267302611,47.1236737632423,33.5675397347399,0.0403722282604634
52.525,-1.55970166265858,-7.10401056468252,-0.226786447544603,9.09805154013514,0.271136363770769,47.1236737632423,33.721491076376,0.64332645216682
52.625,-1.41364968828792,-7.13446043216146,-0.226834863742331,8.95217497290099,0.270971062633138,47.1236737632423,33.8754435493587,0.339091657647589
52.725,-1.26700005932872,-7.16189438018954,-0.226897480213168,8.80568524261627,0.270811093365533,47.1236737632423,34.0293984024728,0.00466942779907112
52.825,-1.11982252907915,-7.18634597940853,-0.226928363312076,8.65865229090365,0.270618135538593,47.1236737632423,34.1833555294237,0.557828472120446
52.925,-0.972176508820265,-7.2078001656235,-0.226932532152334,8.51113549585395,0.270397464793956,47.1236737632423,34.337314792575,0.272678691633943
53.025,-0.824123060158462,-7.22624640802265,-0.226911524823507,8.36319591002021,0.270151377761383,47.1236737632423,34.4912754013463,0.0299271478768514
53.125,-0.675724201486544,-7.24168370709594,-0.226858580359282,8.21489558111004,0.269874763889708,47.1236737632423,34.6452366730012,0.573225686786199
53.225,-0.527039340891333,-7.25408034287553,-0.226799048029793,8.06629379335898,0.269589655446242,47.1236737632423,34.7991978455091,0.302101886479335
53.325,-0.37812980603541,-7.26341271369165,-0.226751317352755,7.91745177532404,0.269311700753673,47.1236737632423,34.9531588281134,0.00368373154328433
53.425,-0.229058686058795,-7.26968667785432,-0.226705541789775,7.76843264060511,0.26903188744239,47.1236737632423,35.1071202197259,0.611686146257998
53.525,-0.079888472340347,-7.27288322970149,-0.226678018890818,7.61929878171301,0.268763437399325,47.1236737632423,35.2610822537206,0.337461372976869
53.625,0.0693169984288689,-7.27298822591348,-0.226681460258513,7.47011395784735,0.26851650010541,47.1236737632423,35.4150451821128,0.037155724129525
53.725,0.218493652408266,-7.27000075603744,-0.22671666515544,7.32094223625269,0.268291268386311,47.1236737632423,35.5690096975622,0.638482135545993
53.825,0.367577088687255,-7.26391485418711,-0.226790809758876,7.17184800234584,0.268093828453362,47.1236737632423,35.722976574261,0.299106236759125
53.925,0.516508273617303,-7.25480625364361,-0.226830500076217,7.02289067209853,0.267861222990719,47.1236737632423,35.8769463970884,0.00192967436692183
54.025,0.665224807150615,-7.24266772811114,-0.226846635477071,6.87413265321703,0.267590898115448,47.1236737632423,36.0285388557275,0.563589090390839
54.125,0.813665049347054,-7.22750410171704,-0.226839314791289,6.7256356657432,0.267278523968369,47.1236737632423,36.1825124828606,0.258864174856384
54.225,0.961768566593425,-7.20933110406046,-0.226798934192674,6.57746028045448,0.266934153183571,47.1236737632423,36.336487308172,0.0140458399859559
54.325,1.10947038026959,-7.18813388970496,-0.226748090364218,6.42967147224235,0.266578041846395,47.1236737632423,36.490461986532,0.590777830680282
54.425,1.25670587271169,-7.16390566119206,-0.226702675335784,6.28233388792804,0.26622446787495,47.1236737632423,36.644436110447,0.294280019583219
54.525,1.4034157854466,-7.13666929447439,-0.22664970694149,6.13550693976901,0.265862303104735,47.1236737632423,36.7984102715238,0.0245044624544792
54.625,1.54953308494717,-7.10641125422296,-0.226614701839824,5.98925763725111,0.265513512291088,47.1236737632423,36.9523840982001,0.634372109725774
54.725,1.69499214897431,-7.07312971765487,-0.2266127294185,5.84365162508119,0.265190831112824,47.1236737632423,37.1063580763277,0.332909973780306
54.825,1.83973467032948,-7.03685332904643,-0.226628812460886,5.69874736846114,0.264880760111327,47.1236737632423,37.2603334221747,0.0567624876798607
54.925,1.98369292180698,-6.99757688973737,-0.2266843918462,5.5546126002679,0.264601528811108,47.1236737632423,37.4143102856898,0.601598784513808
55.025,2.1268194971151,-6.95536393430718,-0.226730540398631,5.41129505768646,0.264310242731801,47.1236737632423,37.5682900371135,0.294752792997565
55.125,2.26905536860647,-6.91023559630251,-0.226763563432836,5.26885391659191,0.264003531709587,47.1236737632423,37.72227218667,0.0280638528288923
55.225,2.41034811145197,-6.86222846403725,-0.226764302525111,5.12734184173541,0.26366483818419,47.1236737632423,37.8762570928561,0.547415891691251
55.325,2.55063745952327,-6.81135840751831,-0.226736990484005,4.9868192619499,0.2632982442474,47.1236737632423,38.0302435075641,0.27403217165774
55.425,2.6898596784706,-6.75763402844139,-0.226695197352792,4.84735005750138,0.262916201695496,47.1236737632423,38.1842300748092,0.0210925172591966
55.525,2.82795238560701,-6.70106810522796,-0.226649434671543,4.70899678874368,0.262528598459508,47.1236737632423,38.3382162492628,0.583250002440061
55.625,2.96485547671456,-6.64167938858315,-0.22660511875407,4.57181976947448,0.262140794196777,47.1236737632423,38.4922020557973,0.313341908979206
55.725,3.10050762382127,-6.57948575332471,-0.226570251691665,4.43588053126037,0.261760236365663,47.1236737632423,38.6461873006114,0.0193581120658057
55.825,3.23484656271412,-6.51450353975613,-0.226555929011448,4.3012415324929,0.261396924396618,47.1236737632423,38.8001723692582,0.62754108473683
55.925,3.36781252988032,-6.4467549246446,-0.226568189991171,4.16796275244659,0.261056221007639,47.1236737632423,38.9541581267075,0.351689376026207
56.025,3.49934525937468,-6.37626295658682,-0.22661381914522,4.03610467064159,0.260743954925037,47.1236737632423,39.1081451418047,0.0511199115821046
56.125,3.62938804619429,-6.30305729927522,-0.226693399298735,3.90572423606877,0.260460409511816,47.1236737632423,39.2621343646491,0.6548546731835
56.225,3.75788106296815,-6.22716210410407,-0.226815143679867,3.77688150408222,0.260212661622515,47.1236737632423,39.4161270641878,0.313903166038103
56.325,3.88480983431838,-6.14867262130465,-0.226904204343373,3.64959149939991,0.259912475259517,47.1236737632423,39.5677450620155,0.0115463039880585
56.425,4.01011473778439,-6.06761012887261,-0.226973608861784,3.52391408442661,0.259583775047042,47.1236737632423,39.7217471471622,0.574162529928789
56.525,4.13374030593652,-5.9840036562555,-0.22702889631731,3.39990503142394,0.25924047592378,47.1236737632423,39.8757535687678,0.264700046353804
56.625,4.25563932013935,-5.89789475097692,-0.227061906167688,3.277611949523,0.258875568448547,47.1236737632423,40.0297636728084,0.014023500676306
56.725,4.3757536568886,-5.80931028132247,-0.227084077864443,3.15709331612375,0.258499621464119,47.1236737632423,40.1837762424131,0.586530768215894
56.825,4.49403424911612,-5.71828972251176,-0.227092659547189,3.03839863442839,0.258110653902211,47.1236737632423,40.3377904482745,0.29480713368124
56.925,4.61041680081303,-5.62485336720952,-0.227110719952672,2.92159257926456,0.257729808222036,47.1236737632423,40.491805614186,0.0207060937472732
57.025,4.72484884866116,-5.52903711458534,-0.227143060862746,2.8067280824088,0.257361914075073,47.1236737632423,40.6458219436271,0.628942575529818
57.125,4.83728259723003,-5.43088297109986,-0.227188111105381,2.69385344616798,0.257005927437246,47.1236737632423,40.7998395300419,0.333277230099479
57.225,4.94766125107946,-5.33042269781221,-0.227259251644894,2.58302594311525,0.256674092155461,47.1236737632423,40.9538587525848,0.0558946610846463
57.325,5.05593014514812,-5.22769145966218,-0.227367214684739,2.47430074420391,0.256376186414826,47.1236737632423,41.1078803343957,0.601351240824615
57.425,5.16208458140409,-5.12277444374524,-0.227453319018216,2.36768327493305,0.256059204143355,47.1236737632423,41.2619056384325,0.296952099445656
57.525,5.26607371243136,-5.01570900507776,-0.227526612741805,2.26322492354538,0.255730914890162,47.1236737632423,41.415934006431,0.0260919833096356
57.625,5.36787022166195,-4.90655333971191,-0.227565992596204,2.16095367850422,0.255371935472556,47.1236737632423,41.5699660590382,0.548686433891332
57.725,5.46742840957707,-4.79534980449149,-0.227575840114452,2.06091588773996,0.254985939369829,47.1236737632423,41.7240005265271,0.273494155898737
57.825,5.56469036252963,-4.68213117177611,-0.22757735410354,1.963170130159,0.254592034821598,47.1236737632423,41.8780360683459,0.0253095046589664
57.925,5.65962327610587,-4.56695158387505,-0.227560079526387,1.86775004861575,0.254180903224685,47.1236737632423,42.0320722419229,0.580201655254538
58.025,5.75216723252982,-4.44984376030057,-0.22754942525728,1.77471638125596,0.253775952973518,47.1236737632423,42.1861082389067,0.307783269419386
58.125,5.84227287735759,-4.33085005458625,-0.227557867619861,1.68411943697931,0.253389106963355,47.1236737632423,42.340143945934,0.00938417807753277
58.225,5.92991580503319,-4.21003110443724,-0.22756826397721,1.59598475308748,0.253005379475902,47.1236737632423,42.4941797731814,0.621374377847097
58.325,6.01504014446771,-4.0874252000129,-0.227603372666023,1.51036930763563,0.252646114764631,47.1236737632423,42.6482157118678,0.346611697360366
58.425,6.09759899266349,-3.96307799825641,-0.227675701978436,1.42732122352209,0.25232330113892,47.1236737632423,42.8022523786106,0.0450233929778728
58.525,6.17759861296941,-3.83706817638225,-0.227736472516483,1.34683569613953,0.251992528681967,47.1236737632423,42.9562911820053,0.589426743538811
58.625,6.25501645670097,-3.70945509061341,-0.227772834758412,1.26893669711683,0.251619640333611,47.1236737632423,43.1079424065034,0.268785050782912
58.725,6.32982812489551,-3.58029461986357,-0.2277765672566,1.193650121774,0.251209718198027,47.1236737632423,43.2619850190814,0.0184491907459029
58.825,6.4019943991347,-3.44963573332517,-0.227756949937256,1.12101672697049,0.250779983321104,47.1236737632423,43.4160292424414,0.56948925294784
58.925,6.47148629557108,-3.31753365521049,-0.227712572565727,1.05106717234824,0.250328694544294,47.1236737632423,43.5700740973705,0.274205790959416
59.025,6.53825346800428,-3.1840330135365,-0.227667180116115,0.983853516013204,0.249877458988452,47.1236737632423,43.7241186379196,0.00132331891138317
59.125,6.60226156383653,-3.04918730998967,-0.227627552942903,0.919412021829623,0.249432532637623,47.1236737632423,43.8781626599858,0.601582331646217
59.225,6.66348613209826,-2.91305523327549,-0.227590617630247,0.857769244358963,0.248991303107457,47.1236737632423,44.0322058175457,0.307674809574974
59.325,6.72188544322706,-2.77568792622264,-0.227573487779613,0.798969061448188,0.248570095944373,47.1236737632423,44.1862479052251,0.0323644687329812
59.425,6.77742926075792,-2.63714198662001,-0.227581884808072,0.743043996577763,0.248174937375623,47.1236737632423,44.3402893049489,0.640479627872991
59.525,6.83010103896518,-2.49747960993962,-0.227608054804977,0.690012959849946,0.247799378285604,47.1236737632423,44.4943303869321,0.344925605588998
59.625,6.8798749278585,-2.3567588160416,-0.227655732848879,0.639903955772452,0.247447535577251,47.1236737632423,44.6483718543197,0.0104151305717812
59.725,6.92677749394687,-2.21505461487503,-0.227674828672188,0.592692668380892,0.247073041896124,47.1236737632423,44.8024145549589,0.562893534611528
59.825,6.97079984922601,-2.07242766122135,-0.227654645923043,0.548389471743119,0.246665809562656,47.1236737632423,44.9564588638228,0.279392487903216
59.925,7.01191258645421,-1.92893352466622,-0.227606813252176,0.507024172207091,0.246236378089938,47.1236737632423,45.1105037930762,0.0225102309319841
60.025,7.05008307329916,-1.78462774072878,-0.227547352275297,0.46862838056391,0.245799338071998,47.1236737632423,45.2645486336459,0.569687787807135
60.125,7.08529487206076,-1.63957042272437,-0.227476738083057,0.433215829781544,0.245354703096082,47.1236737632423,45.4185932372151,0.297250200674526
60.225,7.11752120419944,-1.49382024383108,-0.227407132727136,0.40080793080809,0.244913478213825,47.1236737632423,45.5726368620265,0.00167895750397056
60.325,7.14673239751212,-1.34743582650307,-0.227354864411899,0.371425724942956,0.244490861921339,47.1236737632423,45.7266793668393,0.602617769936673
60.425,7.17291914535928,-1.20048008318273,-0.22731676092103,0.34506650543583,0.244084046347166,47.1236737632423,45.8807211011829,0.329156049721943
60.525,7.19606162035732,-1.05301481559619,-0.227301529291568,0.321733522217485,0.243701655395641,47.1236737632423,46.0347618211843,0.0321138907122847
60.625,7.21614116894827,-0.905102128728966,-0.227318016466016,0.301424285409026,0.243352726082172,47.1236737632423,46.1888019131442,0.637200341179152
60.725,7.23315669368133,-0.756806178885175,-0.227358708987102,0.284115121637739,0.243030952635707,47.1236737632423,46.3428422696732,0.303654725480683
60.825,7.24715362754911,-0.608194728823391,-0.227370727895803,0.269734809621177,0.242686868553097,47.1236737632423,46.4968832735322,0.00268062556025948
60.925,7.25811703940015,-0.459328115331163,-0.227363251532189,0.258269625729474,0.242310566121171,47.1236737632423,46.6485399553815,0.568829134893116
61.025,7.26605285307337,-0.310268182634908,-0.227325773224042,0.249688024762164,0.24189733329704,47.1236737632423,46.8025825374495,0.264923227675437
61.125,7.27096298439792,-0.161076549472768,-0.227253037862881,0.243968190044954,0.241455521923417,47.1236737632423,46.9566254587459,0.00773209861524882
61.225,7.27281645886648,-0.0118149359071963,-0.227173944258693,0.241129034127151,0.241012243229072,47.1236737632423,47.1106674791951,0.594245876509962
61.325,7.27159554838552,0.137453629257906,-0.227105437345031,0.24118888026676,0.240583249489092,47.1236737632423,0.141034553305854,0.294564507116252
61.425,7.26731506540061,0.286666628775077,-0.227033203990826,0.24414790187965,0.240154546405903,47.1236737632423,0.295074713693371,0.0222150790231242
61.525,7.25995135268159,0.435759318317805,-0.226982756324302,0.25005438277144,0.239750261328809,47.1236737632423,0.449113547271345,0.627014669197927
61.625,7.24949495310716,0.584666707090235,-0.22696677901813,0.258951242987012,0.239382634813359,47.1236737632423,0.603151234931364,0.325122542782703
61.725,7.23597047550536,0.733326773499704,-0.226965084703857,0.270852065471405,0.239032740526512,47.1236737632423,0.757188638969939,0.0504259031878359
61.825,7.21936222704015,0.881673135658204,-0.226999348043792,0.28580823451934,0.238721901191205,47.1236737632423,0.91122550094391,0.598487408282472
61.925,7.19971900701674,1.02964818949547,-0.22702748704978,0.303803857003235,0.238410388191531,47.1236737632423,1.06526302225664,0.292161776292589
62.025,7.17707130063021,1.17719356518571,-0.227026939122873,0.324833709159777,0.238076960455011,47.1236737632423,1.21930113475791,0.0254862589948186
62.125,7.15144828266545,1.32425277365616,-0.226977385696193,0.348886455043328,0.237702286926101,47.1236737632423,1.37334001912523,0.562408201236006
62.225,7.12283114434018,1.47076040089355,-0.226908520607006,0.375991540209422,0.237315057332944,47.1236737632423,1.52737921155586,0.287313987268059
62.325,7.09121769891275,1.6166524792819,-0.226834685493405,0.406156885284551,0.236929063160713,47.1236737632423,1.68141848708482,0.0120015166155104
62.425,7.05663591553489,1.76187142553012,-0.226740664288362,0.439356406841841,0.236529345338371,47.1236737632423,1.83545771412188,0.597227740438234
62.525,7.01906729056735,1.90634757247561,-0.226660554009864,0.475607334904511,0.236148528417866,47.1236737632423,1.98949617155129,0.3224015355887
62.625,6.97851683301388,2.05001615554589,-0.226605783634628,0.514901848023241,0.235797417170473,47.1236737632423,2.14353406931023,0.0215519493662088
62.725,6.93501819359033,2.19282069152009,-0.226559278402858,0.557202541648432,0.235459311509272,47.1236737632423,2.29757180140531,0.629772927562134
62.825,6.88856338376341,2.33469124984733,-0.226549049849885,0.602513105303759,0.23516139266896,47.1236737632423,2.45160917870868,0.350926538138327
62.925,6.83916667620686,2.4755642645035,-0.226581322883635,0.650814984735927,0.234910006747791,47.1236737632423,2.6056467361579,0.0471126197201663
63.025,6.78687049425144,2.61538673025623,-0.22663359547031,0.702061586159612,0.234683732077216,47.1236737632423,2.75968518701774,0.656182922026291
63.125,6.73167729477009,2.75409051306697,-0.226727438416139,0.756246539661279,0.234504071120042,47.1236737632423,2.91372476342603,0.317182898370705
63.225,6.67366500358148,2.89163942726472,-0.226803786687721,0.813288187305105,0.234297915185471,47.1236737632423,3.06538739251555,0.0113730194972159
63.325,6.61286779032641,3.02798126005496,-0.226851374845934,0.873148972483026,0.234052910489089,47.1236737632423,3.21943063154507,0.579899533241719
63.425,6.54931739644077,3.16306309343599,-0.226862678844946,0.935794116465203,0.233779210835306,47.1236737632423,3.37347586631652,0.278463091373964
63.525,6.48301907452566,3.29681846396159,-0.226861179313185,1.00121576047024,0.233499674936988,47.1236737632423,3.5275219644848,0.000726114864302818
63.625,6.41399482623543,3.42918850461507,-0.226853264840655,1.06938958641858,0.233220373486586,47.1236737632423,3.68156867591377,0.598263714904665
63.725,6.34227302784419,3.56011703793566,-0.226839718284787,1.14028519041653,0.232941790418496,47.1236737632423,3.83561558120223,0.302298499279972
63.825,6.26786840307188,3.68953995888936,-0.226838416034733,1.21388616987881,0.232681204637867,47.1236737632423,3.98966243557368,0.0257265325425026
63.925,6.19080303485147,3.81739631579956,-0.226860591999752,1.29016901922825,0.232449520843115,47.1236737632423,4.14370938172202,0.627417968310206
64.025,6.11111500815155,3.94363427348935,-0.226900390762204,1.3690944189849,0.232241014765636,47.1236737632423,4.29775656626391,0.328967124182128
64.125,6.02882959350889,4.06819391962811,-0.226968442577217,1.45063612894043,0.232066322582743,47.1236737632423,4.45180415572371,0.0504089755447516
64.225,5.94397387714564,4.19101576820277,-0.22707496109619,1.53476627063242,0.231935846263522,47.1236737632423,4.60585256457064,0.594419559929076
64.325,5.85663496465627,4.31208432562071,-0.227157066146817,1.62139681857634,0.231788030312734,47.1236737632423,4.75990296176485,0.291897941958954
64.425,5.76684576017351,4.43134648909847,-0.22721912002867,1.71049429308998,0.231627397341405,47.1236737632423,4.91395452458186,0.0277874991256938
64.525,5.67465705381016,4.54876459718609,-0.227243161017208,1.80200733118421,0.23143638801895,47.1236737632423,5.06800769210697,0.552530883711974
64.625,5.58010240045189,4.66428655360562,-0.227234923794451,1.89590197143144,0.231220694072631,47.1236737632423,5.2220614571009,0.279972617155211
64.725,5.48321027707042,4.77785497382888,-0.227208713739126,1.99214942909825,0.230994379834701,47.1236737632423,5.37611471124221,0.014903970475599
64.825,5.38400969259267,4.88941230257917,-0.227179843104578,2.09072045051311,0.230772450001716,47.1236737632423,5.53016711773491,0.587353729434828
64.925,5.28253977987619,4.99890952643724,-0.227151659804852,2.19157566591985,0.230558035708729,47.1236737632423,5.68421888985867,0.315362976707949
65.025,5.17883588559438,5.10629270861756,-0.227134927966765,2.29467957681218,0.230361600434903,47.1236737632423,5.83826974893571,0.0191702785970735
65.125,5.07293263849241,5.21150655878913,-0.227143190809842,2.39999746798566,0.230196455059876,47.1236737632423,5.99231995249269,0.621037387091281
65.225,4.96487691108146,5.31450783349312,-0.227174121811421,2.50748236364301,0.230060296130887,47.1236737632423,6.14637015962895,0.345009286230903
65.325,4.8547108016338,5.41524717636101,-0.227234436021896,2.61709214268107,0.229959880522087,47.1236737632423,6.30042040155663,0.0456600483150035
65.425,4.74249529997642,5.51369769732232,-0.227302840915493,2.72876570445865,0.229874253220083,47.1236737632423,6.45447151631905,0.581694109535856
65.525,4.6283000588874,5.60984425721717,-0.227344774751822,2.84243324933873,0.22975889620289,47.1236737632423,6.60613861899587,0.261518724392581
65.625,4.51218641605325,5.70366624880883,-0.227336462408253,2.95803334859917,0.229576816649094,47.1236737632423,6.76019138379748,0.0197124027885795
65.725,4.39418653753809,5.79510442102299,-0.227303761517245,3.07553398051553,0.229377556965222,47.1236737632423,6.91424370019567,0.572416964214618
65.825,4.27434003000716,5.88410767395826,-0.227262839146727,3.19489564979498,0.229177248729894,47.1236737632423,7.06829476400357,0.273929846652636
65.925,4.15270564893099,5.97065139040676,-0.227198460536025,3.31605957502939,0.228960695134412,47.1236737632423,7.22234468347884,0.0042876813426779
66.025,4.02931839275232,6.0546759405906,-0.227138977284193,3.43899093739561,0.228756031503505,47.1236737632423,7.3763925950823,0.612173920559422
66.125,3.90422214037313,6.13613282151213,-0.227099854623459,3.56364598695912,0.228578566044813,47.1236737632423,7.53043857653747,0.312784323963918
66.225,3.77747685040672,6.21499878452534,-0.227067905788607,3.68996476802142,0.228415055010303,47.1236737632423,7.68448348539303,0.0391195142315719
66.325,3.64912531071523,6.29122118001503,-0.227065278089445,3.81790466992857,0.228287494873477,47.1236737632423,7.83852717237333,0.645123169931682
66.425,3.51921735855719,6.36475746634954,-0.227103161585306,3.94741599010701,0.228207033593188,47.1236737632423,7.99257013201965,0.341335109326189
66.525,3.38782187594598,6.43560102764797,-0.227153401163905,4.0784297983183,0.228145613894526,47.1236737632423,8.1466137554368,0.00679011530638289
66.625,3.25501409790919,6.50375994346602,-0.227173164455192,4.21087074228796,0.228060503489101,47.1236737632423,8.3006580212656,0.558078240342608
66.725,3.12084526452629,6.5691999367801,-0.227169534871046,4.34468770295112,0.227958797182975,47.1236737632423,8.45470288225294,0.270419694220521
66.825,2.98537139143466,6.63189412345845,-0.227142101652253,4.47982475166458,0.227840122620934,47.1236737632423,8.60874761078401,0.034140675183345
66.925,2.84865461660128,6.69182987707138,-0.227076225592016,4.61621976501018,0.22768987167284,47.1236737632423,8.76279143163928,0.569202181189498
67.025,2.71073846043719,6.74894984881713,-0.227007007927053,4.75382948057084,0.22754311797394,47.1236737632423,8.91683308488007,0.29665494855482
67.125,2.57167731110061,6.80322057399874,-0.22694463303699,4.89259964211177,0.227410026698941,47.1236737632423,9.07087253289656,0.000611905203875681
67.225,2.43153436721867,6.85463169617806,-0.226875838457422,5.03246706182596,0.227277289023108,47.1236737632423,9.22491000356556,0.61156454464835
67.325,2.29035953819365,6.90313463739574,-0.226829120926181,5.17338204845607,0.227173334296233,47.1236737632423,9.3789453663093,0.33680902740555
67.425,2.14820956960861,6.94869721878825,-0.226816557149577,5.31528799000855,0.227110180776806,47.1236737632423,9.53297918674386,0.0352536372567815
67.525,2.00514998492043,6.99131566612911,-0.226821794738648,5.45811934904545,0.227071415253579,47.1236737632423,9.68701237517666,0.643522711098537
67.625,1.86123665637511,7.03095236872209,-0.226864974285634,5.60182042273417,0.227077134620781,47.1236737632423,9.84104535326664,0.364215614675197
67.725,1.71652888433766,7.06757808170248,-0.226958589989554,5.74633203861158,0.227139803955674,47.1236737632423,9.99507889088654,0.0581485710879832
67.825,1.57109967125299,7.10122892634483,-0.227049674212822,5.89158097904425,0.227200319996004,47.1236737632423,10.146733635402,0.59835168267373
67.925,1.42501533270512,7.13191748136107,-0.227110913853536,6.03750084085356,0.227208844297819,47.1236737632423,10.3007721340335,0.279529262880455
68.025,1.27833505899977,7.15962785977962,-0.227145566313009,6.18403249890769,0.22719716769232,47.1236737632423,10.4548136172702,0.00819933839715355
68.125,1.13111772615502,7.18433395343624,-0.227168249923634,6.33111719766567,0.227179878029206,47.1236737632423,10.6088569891059,0.576052775496101
68.225,0.983426040760331,7.206029937764,-0.227174260193188,6.4786922451016,0.227152226809455,47.1236737632423,10.7629014496821,0.27763639209247
68.325,0.835321899515554,7.22470823431007,-0.227162056891547,6.62669576951087,0.227112627696105,47.1236737632423,10.9169464547189,0.00652151840691126
68.425,0.686865167639581,7.24033676409359,-0.227155974723384,6.77506806052342,0.22708537302136,47.1236737632423,11.0709910303041,0.61269171751379
68.525,0.538117947458609,7.25289578631689,-0.227169174760744,6.92374710655363,0.227083572573156,47.1236737632423,11.2250350024279,0.313292358670103
68.625,0.389144040772547,7.26239020743151,-0.227191422190059,7.07266906810395,0.227096932404063,47.1236737632423,11.3790790119837,0.0387993879550596
68.725,0.240006310944956,7.26879909582871,-0.227239635130712,7.22177118070539,0.227142309168882,47.1236737632423,11.5331229491571,0.646178744695289
68.825,0.0907687843506063,7.27211375883155,-0.22731978610364,7.370989453424,0.227225604729651,47.1236737632423,11.6871671736468,0.34473814748139
68.925,-0.0585050098539641,7.27235396928041,-0.227410702460468,7.52026024427984,0.227325578521139,47.1236737632423,11.8412128724534,0.0109445623691061
69.025,-0.207752615119035,7.26955736539478,-0.227474617586111,7.66952089158948,0.227404419051875,47.1236737632423,11.9952600659011,0.560400615282649
69.125,-0.356912632153042,7.26371745790447,-0.227519134761748,7.81871002273224,0.227469675557799,47.1236737632423,12.1493089142852,0.269930801527679
69.225,-0.505923804108992,7.25484919352486,-0.227531662746659,7.96776629607009,0.227508721062613,47.1236737632423,12.3033588947711,0.0334762946955939
69.325,-0.654723776581648,7.24295211004978,-0.227516346385103,8.11662735356379,0.227525658740105,47.1236737632423,12.4574088036922,0.563907459247842
69.425,-0.803248934088024,7.22801461219108,-0.22748983609089,8.26522963455796,0.227537074764958,47.1236737632423,12.6114578411658,0.292900526974247
69.525,-0.951435304120786,7.21003241137398,-0.227462855990995,8.41350918351518,0.227553624334029,47.1236737632423,12.7655053312149,0.00214544315407099
69.625,-1.09921913762704,7.18900513689773,-0.227443532644966,8.56140224811428,0.227583353735492,47.1236737632423,12.9195511700629,0.602893114307382
69.725,-1.24653637353646,7.16493270593153,-0.227441054822808,8.70884476264153,0.227635349962375,47.1236737632423,13.0735956328732,0.328827784260866
69.825,-1.39332301139225,7.13782032848595,-0.227460687227437,8.855772694564,0.227714767793198,47.1236737632423,13.2276388459237,0.0308424758908446
69.925,-1.53951706159442,7.1076827316279,-0.227499288661305,9.00212397277656,0.227818364166825,47.1236737632423,13.381681342137,0.639552077665502
70.025,-1.68505414062129,7.07452349131777,-0.22756642615198,9.14783419047214,0.227955553525275,47.1236737632423,13.5357237572992,0.304183629988452
70.125,-1.82988651307229,7.03841231746334,-0.227604754873158,9.292855245628,0.228067980458228,47.1236737632423,13.6873792609931,0.00209497346721638
70.225,-1.97395076776436,6.99935027329215,-0.22762859296966,9.4371237181614,0.228137580579776,47.1236737632423,13.8414222780339,0.562959393573221
70.325,-2.11719243210333,6.95737055710588,-0.227620137572609,9.58058495996223,0.228180007329271,47.1236737632423,13.9954660046435,0.259043141072196
70.425,-2.25955215530201,6.91249065862575,-0.227579285539223,9.72317952689885,0.228195142197835,47.1236737632423,14.1495094151824,0.0148405082628693
70.525,-2.40096253088256,6.86470545339633,-0.227531228214779,9.86484003675482,0.228208026540636,47.1236737632423,14.3035513035707,0.58618074734768
70.625,-2.54136301854605,6.81403253774197,-0.227478744105336,10.0055058555575,0.22822138887233,47.1236737632423,14.4575911889075,0.291224015374127
70.725,-2.68069165329517,6.76048577772643,-0.227429911586431,10.1451149438218,0.228243209133459,47.1236737632423,14.6116289113433,0.0183326078992826
70.825,-2.81888176040126,6.70406962913575,-0.227404591796455,10.2836006007305,0.228293132888332,47.1236737632423,14.7656643201315,0.623239238371908
70.925,-2.95587583727149,6.64481223815149,-0.227398564086356,10.4209051742366,0.228366842070206,47.1236737632423,14.9196977709651,0.3254171674989
71.025,-3.09161726595597,6.58274240309794,-0.227407967945629,10.5569718932119,0.228460358922419,47.1236737632423,15.0737298384704,0.0515410614421168
71.125,-3.22603949424673,6.51786918556489,-0.227452335077071,10.691734154244,0.228592885225806,47.1236737632423,15.2277606584869,0.600689397639374
71.225,-3.35910973016038,6.45026746217937,-0.22747853128586,10.825158773759,0.228711588150304,47.1236737632423,15.3817916169488,0.297493597169972
71.325,-3.49077340952903,6.3799669927971,-0.22748476619984,10.9571910304646,0.228814621022631,47.1236737632423,15.5358222586623,0.0222454783302804
71.425,-3.62098340978357,6.30700844493594,-0.227457364963678,11.087783588817,0.228888401990443,47.1236737632423,15.6898530439461,0.556164232752852
71.525,-3.74968112636414,6.23141395614086,-0.227405659450093,11.216877727693,0.228942167745074,47.1236737632423,15.8438830771704,0.281290275954638
71.625,-3.87680742627509,6.15320662242274,-0.227339719287809,11.3444141931517,0.228985900279536,47.1236737632423,15.9979113410116,0.0149670520478903
71.725,-4.00230136417968,6.0724073835076,-0.227273713318216,11.4703319301215,0.229033620617095,47.1236737632423,16.1519373965887,0.586058616866544
71.825,-4.12610779125049,5.98904681316955,-0.227211866460403,11.5945756300201,0.229089490409331,47.1236737632423,16.3059613267577,0.314054115485717
71.925,-4.24816912772645,5.90315352380333,-0.227162695112744,11.717087563016,0.229161880947824,47.1236737632423,16.4599828038532,0.0183954260839885
72.025,-4.36842681144515,5.81475522603259,-0.227137348634572,11.8378090204081,0.229261685969679,47.1236737632423,16.614002030497,0.623239740448468
72.125,-4.48682921805422,5.72388927852207,-0.227136402711452,11.9566881804264,0.22938929148571,47.1236737632423,16.7680196614286,0.348288402050892
72.225,-4.60332193150076,5.63059049057146,-0.227165471595708,12.0736704420395,0.229550009228692,47.1236737632423,16.9220359233492,0.0497257653180478
72.325,-4.71787298748317,5.53491930618743,-0.227197427949132,12.1887235237286,0.22971688408599,47.1236737632423,17.0760518655904,0.590912305936442
72.425,-4.83044952202651,5.43693369804595,-0.227208883668271,12.3018142578886,0.229866746567715,47.1236737632423,17.2300672994387,0.269486786359105
72.525,-4.94101421216896,5.33668291058506,-0.227187206246387,12.4129050636634,0.229952836171141,47.1236737632423,17.381699776442,0.0170549299824882
72.625,-5.04951584544484,5.23420268952131,-0.22714031013999,12.5219445409335,0.230017001359268,47.1236737632423,17.5357150105695,0.574554614601285
72.725,-5.15590662147956,5.12953319055661,-0.227071852242826,12.6288846799601,0.230063073502965,47.1236737632423,17.6897287554554,0.279510332150597
72.825,-5.26012899258045,5.02270523333581,-0.227000283269333,12.7336677720577,0.230109219169365,47.1236737632423,17.8437403804616,0.00544567898993129
72.925,-5.36212933242496,4.91375476545767,-0.226938961296274,12.8362400036665,0.230168584344193,47.1236737632423,17.9977497369308,0.609191974170103
73.025,-5.46186745953641,4.80273101048221,-0.226883659352739,12.9365609376966,0.230237045143508,47.1236737632423,18.1517567994311,0.314068103221605
73.125,-5.55928923756029,4.68967095315606,-0.226850030713702,13.0345762437901,0.230329900345194,47.1236737632423,18.3057615545699,0.0381767805927078
73.225,-5.65434495640247,4.57461640464085,-0.226848541684066,13.1302359915075,0.230457251639768,47.1236737632423,18.4597643921768,0.643395024925855
73.325,-5.74699947912122,4.45762156489097,-0.226871853954403,13.2235047587856,0.230611689430199,47.1236737632423,18.6137657928594,0.345128757063412
73.425,-5.83721868300665,4.33874026347152,-0.22691337690037,13.3143481388764,0.230786502964608,47.1236737632423,18.7677665740209,0.0112309906063786
73.525,-5.92500314751214,4.21805090729656,-0.22692528880845,13.4027663020566,0.230934750159675,47.1236737632423,18.9217671623085,0.564124548842101
73.625,-6.01031265758092,4.09559966886584,-0.22691297388163,13.4887187893112,0.231061560423513,47.1236737632423,19.0757677019838,0.277036952943207
73.725,-6.09310960883549,3.97143540047604,-0.226879359900751,13.5721677392577,0.231169698775231,47.1236737632423,19.2297680170475,0.0279572286586623
73.825,-6.1733700598516,3.8456151801134,-0.226812665042183,13.6530889129176,0.231247667690605,47.1236737632423,19.3837684534341,0.573367903750919
73.925,-6.25103696803668,3.71817707986163,-0.226740484970333,13.7314250675966,0.231322412809666,47.1236737632423,19.5377678971207,0.301240499954799
74.025,-6.32606156458989,3.58916577882679,-0.226681231591537,13.8071272013175,0.231411921184026,47.1236737632423,19.691765920517,0.00218219701274438
74.125,-6.39842312048113,3.45864211627736,-0.226622262167662,13.8801742701092,0.231503956141157,47.1236737632423,19.8457627320369,0.609764256712996
74.225,-6.46807389269134,3.32665250464042,-0.226582868558568,13.9505182884675,0.231617321589699,47.1236737632423,19.9997581018077,0.335693336836335
74.325,-6.53497127509752,3.19324738083382,-0.226577256782623,14.0181163858211,0.231765755966241,47.1236737632423,20.1537520927005,0.0348127414801608
74.425,-6.59909817043005,3.0584896154346,-0.226592587329205,14.082951135941,0.231936615405892,47.1236737632423,20.3077453511624,0.642134165701201
74.525,-6.66041412185216,2.92243119035862,-0.226643117724212,14.1449818065326,0.232143489849537,47.1236737632423,20.4617382022378,0.364519866685944
74.625,-6.71888380889961,2.78512731385824,-0.226738435069688,14.2041727841107,0.232395340995988,47.1236737632423,20.6157311829988,0.0611044808450965
74.725,-6.77452572107954,2.64665393622773,-0.226831790497492,14.2605421617879,0.232641502716468,47.1236737632423,20.7673463172728,0.603244905052804
74.825,-6.8273285243565,2.50707406032952,-0.226910207933011,14.3140782754471,0.232845207510957,47.1236737632423,20.9213409889115,0.280082737549819
74.925,-6.87728178060092,2.3664486168743,-0.226961862736342,14.3647703686766,0.233024143881517,47.1236737632423,21.07533773959,0.00926314282554191
75.025,-6.92436351278143,2.22483558287496,-0.22698800853695,14.4125961619891,0.233179572941935,47.1236737632423,21.2293357604597,0.580596429201534
75.125,-6.96854259267011,2.08229063422803,-0.227000608328693,14.457524237106,0.233323178845557,47.1236737632423,21.383333951119,0.282061011502377
75.225,-7.00979727337728,1.93887233764302,-0.227003110441693,14.4995325433092,0.233458442512699,47.1236737632423,21.5373320077091,0.00838515315673568
75.325,-7.04809080872061,1.79463604384735,-0.227015565955884,14.5385840459837,0.233604854464095,47.1236737632423,21.6913293427695,0.610977443368491
75.425,-7.08340536231674,1.64964283714001,-0.227039597452431,14.5746605911125,0.233764046135171,47.1236737632423,21.845325844313,0.313270974048367
75.525,-7.11572155718216,1.50395337920171,-0.227079744273343,14.6077424842,0.233940342823593,47.1236737632423,21.9993216787084,0.0374885735300763
75.625,-7.1450086545317,1.35762671939407,-0.227153309566767,14.6377986741873,0.2341502183417,47.1236737632423,22.153316893897,0.640564739755954
75.725,-7.1712597998262,1.21072701664497,-0.22725450566037,14.6648219677364,0.234387776600432,47.1236737632423,22.3073119921147,0.340369975955685
75.825,-7.19448347752251,1.06331979261901,-0.22736351178476,14.6888205038956,0.234633596202777,47.1236737632423,22.4613079374987,0.00829984526499187
75.925,-7.21470557725757,0.915472117676802,-0.227444344334305,14.70981982116,0.234852826279494,47.1236737632423,22.6153047306783,0.560129118266399
76.025,-7.2319130973737,0.767243710700873,-0.227501807523407,14.7278066020626,0.235049901721444,47.1236737632423,22.7693026447416,0.271677700285394
76.125,-7.24610703974433,0.618696659934662,-0.227527738901536,14.7427815232821,0.235216918378323,47.1236737632423,22.9233012194241,0.031163502757445
76.225,-7.25728110563039,0.469892421941564,-0.227522572442186,14.7547379653738,0.235354362230676,47.1236737632423,23.0772995349203,0.568394257683681
76.325,-7.26540777611426,0.32089149113289,-0.227509264199573,14.7636480928284,0.235484381876714,47.1236737632423,23.2312968334885,0.296154689735485
76.425,-7.2704678960793,0.171756134371875,-0.227503619965549,14.7694924266015,0.235622306291793,47.1236737632423,23.3852927407635,0.00213993657700567
76.525,-7.2724690826699,0.0225494005820851,-0.227495958484718,14.7722782585814,0.235759052194794,47.1236737632423,23.5392874810389,0.604479315689531
76.625,-7.27138904828515,-0.126665387760354,-0.227507799111935,14.7719829702685,0.235915332657926,47.1236737632423,23.6932808747008,0.329473845371443
76.725,-7.26721302053905,-0.275823717518472,-0.227554482222775,14.76859145067,0.236105776989753,47.1236737632423,23.8472730983981,0.0274009054126713
76.825,-7.25995651985123,-0.424862217096469,-0.227622357602256,14.7621188880916,0.236317134424942,47.1236737632423,24.0012649064024,0.632183996666571
76.925,-7.24961945486884,-0.573717032520028,-0.227714700741156,14.7525648530117,0.236552233120156,47.1236737632423,24.1552567922873,0.298130943941981
77.025,-7.23626116609578,-0.72233005646227,-0.22777638033492,14.7399883835799,0.236746508712061,47.1236737632423,24.3068598337136,0.00262324408341505
77.125,-7.21987522551792,-0.870638863944522,-0.22781942582157,14.7243827197646,0.236900689083198,47.1236737632423,24.4608517715829,0.561140541274932
77.225,-7.200483099106,-1.01858430294999,-0.227829014473923,14.7057690165554,0.237022632270734,47.1236737632423,24.6148441124256,0.258454355139136
77.325,-7.17809564317256,-1.16610578429299,-0.227802274229998,14.6841578123724,0.237109549120131,47.1236737632423,24.7688360038783,0.0136988212835076
77.425,-7.15269564140191,-1.31313748015388,-0.227766162978894,14.6595315439144,0.237187151419202,47.1236737632423,24.9228262232579,0.58936885995304
77.525,-7.12427914804138,-1.45961473217159,-0.227735665861045,14.6318859278089,0.237269830139025,47.1236737632423,25.0768143754466,0.291285903264807
77.625,-7.09286247569973,-1.60547695319519,-0.227706390248652,14.6012369637911,0.23735360265898,47.1236737632423,25.2308009154842,0.0177611388712364
77.725,-7.05844396390073,-1.75065882819465,-0.227693796032615,14.567582651757,0.237453371736721,47.1236737632423,25.3847856796741,0.624704577334221
77.825,-7.02103894833606,-1.8950985270889,-0.227697315057188,14.5309380068304,0.23756872622231,47.1236737632423,25.538768809574,0.328203686429422
77.925,-6.98065059377602,-2.03873083385116,-0.22773033191969,14.4913058516118,0.237712361275104,47.1236737632423,25.6927505981864,0.0502537070022991
78.025,-6.93728854995537,-2.18149167000686,-0.227800997521368,14.4486954977909,0.237891836353145,47.1236737632423,25.8467316537835,0.595214706437346
78.125,-6.89102726834549,-2.32333861310059,-0.227850446793241,14.4031811788596,0.238051074974907,47.1236737632423,26.0007131377767,0.29217328666553
78.225,-6.84187949641989,-2.46421019674848,-0.227885662526337,14.354775316268,0.238196480426829,47.1236737632423,26.1546943443096,0.0288307749977216
78.325,-6.78988631396903,-2.60405656770134,-0.227884299296906,14.3035187279119,0.238306649656226,47.1236737632423,26.3086758751003,0.550896493043172
78.425,-6.73506416198433,-2.74281789986033,-0.227851809964273,14.2494275382494,0.238386600345188,47.1236737632423,26.4626566007798,0.278428490104012
78.525,-6.67741763088291,-2.88042870080889,-0.227808052748506,14.1925059909971,0.238455055253656,47.1236737632423,26.6166354184498,0.0177325079489208
78.625,-6.61697087511736,-3.01683155375664,-0.227753016715325,14.1327779407478,0.238512034760356,47.1236737632423,26.7706121281084,0.588515758923979
78.725,-6.55373451795736,-3.15196251223642,-0.227702989398083,14.070253676219,0.23857306013647,47.1236737632423,26.9245866029061,0.317046727947803
78.825,-6.4877250432644,-3.28575911415049,-0.227669617431902,14.0049493563635,0.238649315813873,47.1236737632423,27.0785587927707,0.0201089620556236
78.925,-6.41896719115636,-3.41816272530908,-0.227656758799533,13.9368894173649,0.238744603041339,47.1236737632423,27.2325291437943,0.624855745967548
79.025,-6.34747916129689,-3.54911078457659,-0.227677189212784,13.8660917320709,0.238871067046642,47.1236737632423,27.3864982765039,0.346658597410247
79.125,-6.27328934490212,-3.67854536820954,-0.227733831133631,13.7925843889639,0.239031449400153,47.1236737632423,27.5404667329328,0.0447081234160942
79.225,-6.19646680319193,-3.8064340691011,-0.227782926405926,13.716436284943,0.239184358745864,47.1236737632423,27.6944355688974,0.587048286438257
79.325,-6.1170511240182,-3.93272757001981,-0.227815968098282,13.6376867495377,0.239299962354155,47.1236737632423,27.8460144710607,0.265043634862328
79.425,-6.0350875226216,-4.0573827112458,-0.227817667906058,13.5563807716469,0.239373436211345,47.1236737632423,27.9999833325472,0.0221087494510336
79.525,-5.9506076801952,-4.18034619834652,-0.227790837604549,13.4725497505591,0.239419250811829,47.1236737632423,28.1539517975423,0.570057243100442
79.625,-5.86363914986756,-4.30156120683645,-0.227744992368613,13.386220938663,0.239446249144332,47.1236737632423,28.3079186794488,0.275039803516541
79.725,-5.77421129940731,-4.42097214224463,-0.227688757162129,13.2974234105036,0.239462482886192,47.1236737632423,28.4618835172632,0.00347407794979368
79.825,-5.68234522939102,-4.53851594166543,-0.227643142781417,13.20617793376,0.239487721249472,47.1236737632423,28.6158459140307,0.608969584180043
79.925,-5.58808154373132,-4.65414408693522,-0.227606135436236,13.1125248606655,0.239520140924598,47.1236737632423,28.7698060290789,0.313312157634598
80.025,-5.49145687279227,-4.76780502032173,-0.227582018507015,13.016500553633,0.239563871864201,47.1236737632423,28.9237642012005,0.0398541490193991
80.125,-5.39249861656978,-4.87943810413525,-0.227589289527575,12.9181320948015,0.23963638913537,47.1236737632423,29.0777206204329,0.646522877753551
80.225,-5.29125177681185,-4.98899764385046,-0.227624675805021,12.8174642491462,0.23973466095575,47.1236737632423,29.2316758926482,0.347069312813524
80.325,-5.18776612692914,-5.09644350070215,-0.227678930110243,12.7145465823406,0.239849988586567,47.1236737632423,29.3856310206965,0.0122765805058754
80.425,-5.08211953594405,-5.20176446319279,-0.227703766473788,12.6094569136011,0.23993701836657,47.1236737632423,29.5395863942908,0.563462579544354
80.525,-4.97435129726774,-5.30491347076193,-0.227704780407998,12.5022342892879,0.240000977671267,47.1236737632423,29.69354205583,0.276125218600901
80.625,-4.86450421610822,-5.40584544276744,-0.227684947719593,12.3929212775291,0.240044588277732,47.1236737632423,29.8474972781135,0.0287822574959425
80.725,-4.75263007331326,-5.50452529088246,-0.227635096357842,12.2815694764652,0.24005917080424,47.1236737632423,30.0014513530775,0.570582134350829
80.825,-4.63875836613041,-5.60089160160944,-0.227581838733141,12.1682080567479,0.240069628889533,47.1236737632423,30.1554032970287,0.298004511021631
80.925,-4.52292799227738,-5.69489236061611,-0.22753985075683,12.0528756410095,0.240089666029022,47.1236737632423,30.3093528638625,0.000314422939444212
81.025,-4.40519699413416,-5.78649966283507,-0.227494317285208,11.9356301289664,0.240105371622767,47.1236737632423,30.463300371874,0.610085638658248
81.125,-4.28560069163526,-5.87565546091348,-0.227469464931276,11.8165065335109,0.240139463631722,47.1236737632423,30.617245674701,0.336157531593354
81.225,-4.16418179305059,-5.96230971273926,-0.227480002351393,11.6955472992788,0.240205714943147,47.1236737632423,30.7711891973893,0.0350528892288158
81.325,-4.04100043386026,-6.04643732030135,-0.227511514289498,11.5728124343558,0.240290610638158,47.1236737632423,30.9251318927178,0.642697044152016
81.425,-3.91610412879458,-6.12799479730114,-0.227573184740058,11.4483492255422,0.240402758124718,47.1236737632423,31.0790744006081,0.307219683964241
81.525,-3.7895751126826,-6.20699458157906,-0.227609659100028,11.3222399861256,0.240486440991379,47.1236737632423,31.2306298570841,0.00478536311040623
81.625,-3.66145861911567,-6.28339240528293,-0.227634543130847,11.1945297181875,0.240528564258821,47.1236737632423,31.3845728241568,0.565123673490233
81.725,-3.53181637058372,-6.35717206952964,-0.227630125115272,11.0652800657057,0.240542416620512,47.1236737632423,31.5385164388264,0.260961797388562
81.825,-3.40070263068513,-6.42830382450681,-0.227595415372045,10.9345451397327,0.240527119456665,47.1236737632423,31.6924597115341,0.0129265524163108
81.925,-3.26816072172205,-6.49673595227665,-0.227555257232217,10.8023679892626,0.240505953008464,47.1236737632423,31.8464014383736,0.58832207447622
82.025,-3.13424479683057,-6.56243605559236,-0.227513669301389,10.6688025991389,0.240482678434395,47.1236737632423,32.0003411639461,0.293200918389555
82.125,-2.99900944000492,-6.62537279248908,-0.227474836022005,10.5339033899697,0.240461182052867,47.1236737632423,32.1542788625333,0.0210800252741577
82.225,-2.86250476694684,-6.68550310955215,-0.227456746871495,10.3977202491043,0.240458237096157,47.1236737632423,32.308214380158,0.628554440532618
82.325,-2.7247904442778,-6.74280457752528,-0.227455979100334,10.2603127267874,0.24047055228181,47.1236737632423,32.4621480248313,0.332413751345617
82.425,-2.5859211441137,-6.79724274452545,-0.227483441642904,10.1217353121101,0.240508224633638,47.1236737632423,32.6160802461464,0.0554901257903018
82.525,-2.44595227777317,-6.84878311694299,-0.22755111891001,9.98204323270464,0.240582355858395,47.1236737632423,32.7700117476628,0.60160945334292
82.625,-2.30496312033966,-6.89746171704566,-0.227597843612033,9.84131596861557,0.240635712680813,47.1236737632423,32.9239440081823,0.298653489789873
82.725,-2.16301054451245,-6.94325271754626,-0.227629484453809,9.69961026050511,0.24067385129151,47.1236737632423,33.0778764461483,0.0220143023802424
82.825,-2.02015740925347,-6.98615338278301,-0.227629337971547,9.55698896258183,0.240681236656952,47.1236737632423,33.2318096676735,0.55548385832
82.925,-1.87646135596355,-7.02614056536893,-0.227602976683173,9.41350960063608,0.240663212374749,47.1236737632423,33.3857427319975,0.281241019396579
83.025,-1.73197898776717,-7.06318382386387,-0.227564579608891,9.2692286227839,0.240633199274623,47.1236737632423,33.5396745057647,0.0149963658213524
83.125,-1.58676802160087,-7.097255292766,-0.227526868728213,9.12420360421704,0.240603221814796,47.1236737632423,33.6936045691479,0.585668351175357
83.225,-1.44088882471094,-7.1283371662794,-0.227493460894165,8.97849482432876,0.240576733644469,47.1236737632423,33.8475329902147,0.313980441390451
83.325,-1.29440192089383,-7.15640817029215,-0.22747263789005,8.83216269848282,0.240561499790108,47.1236737632423,34.0014594341276,0.0188179689018663
83.425,-1.14736773517257,-7.18144511140701,-0.227475912183814,8.68526752952834,0.240568200101494,47.1236737632423,34.1553841182008,0.623957782761997
83.525,-0.999848995489046,-7.20343786553643,-0.227502829397285,8.53787199262913,0.240596239741423,47.1236737632423,34.3093077409133,0.349487648932043
83.625,-0.851908287669665,-7.22237085984401,-0.227559655265355,8.3900385898153,0.240651296652999,47.1236737632423,34.4632305462638,0.0513861732230651
83.725,-0.703610792051717,-7.23825959895439,-0.227622797974039,8.24183258966614,0.240711138716626,47.1236737632423,34.6171536263333,0.591090206491481
83.825,-0.555021278878557,-7.25112537943617,-0.227664206851331,8.09331888648183,0.240724574960331,47.1236737632423,34.7686889018113,0.270067870641801
83.925,-0.406201212558131,-7.26098040069352,-0.227666412743486,7.94455902154937,0.240691207590325,47.1236737632423,34.9226130070099,0.0143163589507011
84.025,-0.257211289456676,-7.2678021045893,-0.227647899139057,7.79561357811336,0.240637445042726,47.1236737632423,35.0765370183206,0.575535216519485
84.125,-0.108113512084104,-7.27157465922217,-0.227621671273067,7.64654448492421,0.240575646370647,47.1236737632423,35.2304600583883,0.275916532768472
84.225,0.04102988623523,-7.27230088653909,-0.227583370301061,7.49741400645708,0.240501954427425,47.1236737632423,35.3843821093485,0.00314379410769775
84.325,0.190155809273015,-7.26996120858058,-0.227552323593745,7.34828514608661,0.240434684698088,47.1236737632423,35.5383025008548,0.608299004061064
84.425,0.339200500623233,-7.26454743500749,-0.227537802429151,7.19922162823399,0.240382664045248,47.1236737632423,35.692221065651,0.310508301527173
84.525,0.488101178343067,-7.25606858934229,-0.227533146618015,7.05028629464217,0.240339670313996,47.1236737632423,35.8461383075264,0.0374467095172482
84.625,0.636792705620398,-7.24450866558106,-0.227558129788153,6.90154419853673,0.240324128764064,47.1236737632423,36.0000540370356,0.644516499162669
84.725,0.785210168023336,-7.22986347342219,-0.227622063431271,6.75306023185335,0.240344556498235,47.1236737632423,36.1539687268771,0.342585631835759
84.825,0.933293745993745,-7.21216722876072,-0.227696833057551,6.60489440539229,0.240374380512921,47.1236737632423,36.3078838125836,0.00965943448336132
84.925,1.08098686890778,-7.19146899678608,-0.227740451380567,6.45710356897855,0.240374111562022,47.1236737632423,36.4617994224596,0.563712420733734
85.025,1.22822811133388,-7.16776896108678,-0.227761268152021,6.30974915566269,0.240351474327419,47.1236737632423,36.6157157218179,0.276442799021197
85.125,1.3749564474511,-7.1410767231746,-0.227759492518591,6.16289225591718,0.240306676103052,47.1236737632423,36.7696322279916,0.0280562844417336
85.225,1.52111353418981,-7.11141517488414,-0.227723040651727,6.01659135873312,0.240228535951393,47.1236737632423,36.9235483507356,0.573406367635987
85.325,1.66663097128285,-7.0787628317256,-0.22768661138293,5.87091476291684,0.240149818627724,47.1236737632423,37.077463019188,0.299238118218695
85.425,1.81144479794586,-7.04312286455906,-0.227661178047345,5.72592646946145,0.240081094558718,47.1236737632423,37.2313762209604,0.000353109658142849
85.525,1.95549763669986,-7.00452452821041,-0.227632099966336,5.58168404549548,0.240008892827881,47.1236737632423,37.3852881624016,0.60900750805924
85.625,2.09872050181061,-6.96295674034697,-0.227628013318931,5.43825643440767,0.239960269073568,47.1236737632423,37.5391985532265,0.333243904302588
85.725,2.24104920324319,-6.91842858752005,-0.227658172777379,5.29570789221111,0.239943943058591,47.1236737632423,37.6931078252749,0.0319576622983778
85.825,2.3824291182739,-6.87097803572648,-0.227702723964383,5.15409326764963,0.239941159037301,47.1236737632423,37.8470166843787,0.641638731255397
85.925,2.52279265975445,-6.82060532454302,-0.227783020474735,5.01348015346647,0.239971775244637,47.1236737632423,38.0009253551998,0.304837492264929
86.025,2.66210118603019,-6.7673863101113,-0.227840747415856,4.87390763329514,0.239964954178004,47.1236737632423,38.1524448087499,0.00141907576420958
86.125,2.80029855422178,-6.71134576351624,-0.227872804313445,4.73543200259757,0.23991505176814,47.1236737632423,38.306354419192,0.5682762233576
86.225,2.93733103951081,-6.65251388681561,-0.227871381091489,4.59810717589617,0.239832977600792,47.1236737632423,38.4602646284696,0.266549661866815
86.325,3.07313714187752,-6.59090431164457,-0.22784821816526,4.46199475275397,0.239729770462497,47.1236737632423,38.6141744715002,0.0090728999469994
86.425,3.20765112583152,-6.52652371916668,-0.227824424431607,4.32716053424478,0.239625412333573,47.1236737632423,38.7680832552282,0.58962162319668
86.525,3.34081717102587,-6.45940084016931,-0.227798229958049,4.19366054536801,0.239518504653421,47.1236737632423,38.9219908473482,0.293708824101501
86.625,3.47257877035229,-6.38956252106384,-0.227771144491873,4.06155149287237,0.239410767133368,47.1236737632423,39.0758973072532,0.0221524191784401
86.725,3.60286910391326,-6.31701860215845,-0.22776583160659,3.93090029652887,0.239323812734807,47.1236737632423,39.2298023021223,0.628046819538431
86.825,3.73162734897093,-6.24179168332865,-0.227792213525623,3.80176795140089,0.239267168015939,47.1236737632423,39.3837060678117,0.326851400501268
86.925,3.85880216481437,-6.16391994030681,-0.227843292551518,3.67420605910298,0.239234274655172,47.1236737632423,39.5376095090125,0.049245476529927
87.025,3.98433299413824,-6.08342754897857,-0.227930132909195,3.54827534872558,0.239235484510722,47.1236737632423,39.6915129489389,0.596239515815719
87.125,4.1081977661493,-6.00039517645762,-0.227996757464284,3.42399840884776,0.239217841426377,47.1236737632423,39.8454175227394,0.293631584110611
87.225,4.23034107121848,-5.91485200490834,-0.228049792606786,3.30143085753594,0.23918739884515,47.1236737632423,39.9993225939116,0.0270564002232011
87.325,4.35072592839905,-5.82685072627403,-0.228067279579385,3.18061003719288,0.239123248622977,47.1236737632423,40.1532288028493,0.552587365892122
87.425,4.46929904308456,-5.73642303745293,-0.228055060636303,3.0615894847329,0.239030804602133,47.1236737632423,40.3071350762747,0.279794968648495
87.525,4.58599904406081,-5.64359159364028,-0.22803236338789,2.94443076828335,0.238928241250753,47.1236737632423,40.4610403454666,0.0164978239674875
87.625,4.70077587187157,-5.54839357174941,-0.228001304689333,2.82918425235566,0.238817697044762,47.1236737632423,40.6149444069977,0.58812761370015
87.725,4.8135724392491,-5.45085836065841,-0.227975763526484,2.71590729380465,0.238712510172662,47.1236737632423,40.7688472080398,0.316436398184108
87.825,4.92433444078035,-5.35102023336911,-0.227965400069864,2.60465451251305,0.238622091883949,47.1236737632423,40.9227486355265,0.020161630692797
87.925,5.03300911567659,-5.2489156160822,-0.22797855453965,2.49547900499544,0.238554563645027,47.1236737632423,41.0766490574683,0.623812743911661
88.025,5.13954609754223,-5.1445839469699,-0.22802103439635,2.38843149717421,0.238515564866439,47.1236737632423,41.230549146244,0.346886389048788
88.125,5.24389630922412,-5.03806706487552,-0.228097343055406,2.28356144471107,0.23850941327476,47.1236737632423,41.3844492681994,0.0464581362350513
88.225,5.34604444584547,-4.92943632592399,-0.228168476353827,2.18088474795151,0.238489960477349,47.1236737632423,41.5359578262784,0.588747782517996
88.325,5.4459624822378,-4.81875003618393,-0.228214849903472,2.08042995799717,0.238422232280528,47.1236737632423,41.6898610194364,0.269644351300814
88.425,5.54361772924524,-4.70606028545798,-0.228225736564215,1.98223026713368,0.238321272316131,47.1236737632423,41.8437665282567,0.0150023655500875
88.525,5.63895863655979,-4.59140472901073,-0.228215357258276,1.88633764109405,0.238200415517092,47.1236737632423,41.9976729898432,0.575073216160367
88.625,5.73194223276435,-4.47482889802002,-0.228187610622602,1.79279555447033,0.238063295328802,47.1236737632423,42.1515793946636,0.279094098905086
88.725,5.82252393460319,-4.35637696694593,-0.228149805780921,1.70164911899284,0.237916876205186,47.1236737632423,42.3054852258657,0.00700531370313503
88.825,5.91064899001938,-4.236086584104,-0.22812259239452,1.6129535961952,0.237780890389123,47.1236737632423,42.4593899826333,0.611944540145678
88.925,5.99628146714909,-4.11400986689118,-0.22810419366768,1.52674558963038,0.237653848369216,47.1236737632423,42.6132937059863,0.316303588630438
89.025,6.07937850006122,-3.99019406417191,-0.228102612332915,1.44306863535127,0.237543559287243,47.1236737632423,42.7671965920809,0.0416437218215472
89.125,6.15988765028072,-3.86468125832852,-0.228137989994816,1.36197582273156,0.237469360881359,47.1236737632423,42.9210988385792,0.586067014598959
89.225,6.23783020492233,-3.73755845134313,-0.228145433065383,1.28344700936201,0.237369603015108,47.1236737632423,43.0750017796982,0.285205347890678
89.325,6.31317393878541,-3.60887852766357,-0.228124766692543,1.20751530573074,0.237244149024218,47.1236737632423,43.2289044242194,0.0308884481386259
89.425,6.3858950889012,-3.47869792829784,-0.228067975923034,1.1342054518237,0.237085286543738,47.1236737632423,43.3828067393072,0.548819763916568
89.525,6.45595248477572,-3.34706468896719,-0.227987588169778,1.06355954675079,0.236904832371009,47.1236737632423,43.5367075408377,0.275441200973445
89.625,6.52330738526864,-3.21402917089778,-0.227894200846478,0.995617332980424,0.236712774825591,47.1236737632423,43.6906057324048,0.0198949696947751
89.725,6.58792430284168,-3.07964359255665,-0.22779598215594,0.930415377739787,0.236516813546652,47.1236737632423,43.8445008481341,0.5848392076668
89.825,6.6497645329371,-2.9439590756835,-0.227705768960707,0.867993500809452,0.236329154127754,47.1236737632423,43.9983928683593,0.313740605568208
89.925,6.70879604633365,-2.80703072810435,-0.227629966797338,0.808384954725384,0.236155942632721,47.1236737632423,44.1522817793663,0.0185345179633076
90.025,6.76499551894419,-2.66891722138197,-0.227566878552661,0.751614402362024,0.235995640416311,47.1236737632423,44.3061680059492,0.630260897145238
90.125,6.81832261890462,-2.52967085982201,-0.227534256216885,0.697723396996023,0.235865337408434,47.1236737632423,44.4600520078853,0.35516071296044
90.225,6.86874389405808,-2.38934771915745,-0.227543385815011,0.646746628189157,0.235776000850488,47.1236737632423,44.6139344535933,0.0534527200738729
90.325,6.91627961256267,-2.24802130106816,-0.227550381803512,0.598665506903051,0.235685823938553,47.1236737632423,44.7678167758131,0.595541541365536
90.425,6.96091917448534,-2.10575408623122,-0.2275453920016,0.553491970803116,0.235581578194151,47.1236737632423,44.9193117494975,0.272406188159102
90.525,7.00265601739982,-1.96260761273386,-0.227516246866769,0.511233717205796,0.235424598127113,47.1236737632423,45.0731941050389,0.016683443208043
90.625,7.04147407541866,-1.81864177106109,-0.227461581659307,0.471907455878134,0.235244694523365,47.1236737632423,45.2270760970328,0.573829122313411
90.725,7.07734124725736,-1.6739129513434,-0.227397735417843,0.435545044971629,0.235057560681905,47.1236737632423,45.3809564438159,0.276188544727619
90.825,7.11024702295946,-1.52848259417543,-0.227320179727339,0.402156039387243,0.23485883534564,47.1236737632423,45.5348349557179,0.00573653329310339
90.925,7.14015488916796,-1.38240735574367,-0.227252105392126,0.37177423016442,0.234670743267229,47.1236737632423,45.688710789786,0.61282305835957
91.025,7.16703890394787,-1.23574694487132,-0.227207059013632,0.344421127226693,0.234506249097578,47.1236737632423,45.8425839097282,0.314557088569959
91.125,7.19090127076714,-1.08856572184954,-0.227171360694223,0.320088469399939,0.234352159206393,47.1236737632423,45.9964551294873,0.0422208293039568
91.225,7.21171157225886,-0.940923538741715,-0.22716555205533,0.298797494963279,0.234228188580534,47.1236737632423,46.1503243669821,0.651875778873181
91.325,7.2294495585283,-0.792882438306665,-0.227201124719582,0.280556871817245,0.234145401676557,47.1236737632423,46.3041922528956,0.349824187769816
91.425,7.24413467788874,-0.644508012677434,-0.22725101424533,0.265334546895683,0.234077821373119,47.1236737632423,46.4580604313062,0.0162919464984836
91.525,7.25580215465054,-0.495866046058033,-0.227273685675732,0.253082291650606,0.233985581960006,47.1236737632423,46.6119292089474,0.569037211680976
91.625,7.26443801941923,-0.347016607068063,-0.227278345518465,0.243799905993393,0.233877662876942,47.1236737632423,46.7657988486812,0.280155551622896
91.725,7.27003940735811,-0.19802157009268,-0.227264233676452,0.237478422354887,0.233753473190507,47.1236737632423,46.9196689237851,0.0256234196550751
91.825,7.27261558004747,-0.048943077434149,-0.227219733830951,0.234101126091092,0.233601946487351,47.1236737632423,47.0735387947621,0.573618839585849
91.925,7.27213280931797,0.100156494476929,-0.22717751352717,0.233698302684315,0.233454724372389,47.1236737632423,0.103733582140322,0.299228798635329
92.025,7.26858078021936,0.249213815130507,-0.227148146412841,0.236283908516881,0.233322100556766,47.1236737632423,0.257600679757012,0.000304175402533368
92.125,7.26197797268966,0.398166563130085,-0.227114693065439,0.241849974692328,0.233187721532739,47.1236737632423,0.41146648106271,0.610416223690018
92.225,7.2522974654708,0.546949669567823,-0.227107008300306,0.25043696088417,0.233080398208059,47.1236737632423,0.565330605870717,0.335418766406026
92.325,7.23953577660807,0.695498737499894,-0.227132838099396,0.262065136635778,0.233007525319346,47.1236737632423,0.719193571535897,0.0351667001892588
92.425,7.22371755728321,0.843752332312639,-0.227172946805019,0.2767276128592,0.23295037601734,47.1236737632423,0.873056156797553,0.647071817630389
92.525,7.20482699974859,0.991644411444895,-0.227250125636368,0.294455399399121,0.232930925681519,47.1236737632423,1.02691873177499,0.310325842916473
92.625,7.18292875445712,1.13912087849139,-0.227307110332378,0.315198048131008,0.232888895179833,47.1236737632423,1.17839808401355,0.00628341805224379
92.725,7.15803692236658,1.28612203968052,-0.22733869323511,0.338951234112131,0.232793242908433,47.1236737632423,1.3322625893902,0.573060070132404
92.825,7.13016850439257,1.43258881924414,-0.227337927137337,0.365704739179947,0.232668123023477,47.1236737632423,1.48612831602181,0.270779199832352
92.925,7.0993183433584,1.57845702995446,-0.227321845718892,0.395467622975446,0.232530199906059,47.1236737632423,1.63999425776566,0.00695385887147693
93.025,7.06548598654058,1.72366260360816,-0.227304145155077,0.42824234176328,0.232392956337982,47.1236737632423,1.79385990265555,0.590511180898677
93.125,7.0286892022189,1.86814520523661,-0.227281223006275,0.464011803081569,0.232253091563576,47.1236737632423,1.94772491646022,0.295803993683551
93.225,6.98892738718468,2.01183951593525,-0.227269820678159,0.502776055464485,0.232127012652049,47.1236737632423,2.10158896094338,0.0211540357428516
93.325,6.94620589142958,2.15468096716174,-0.227282051641208,0.544528587172857,0.232026556622724,47.1236737632423,2.25545211572249,0.625270916899653
93.425,6.90054931948734,2.29661038963661,-0.227311350507023,0.589243340630135,0.231945300514175,47.1236737632423,2.40931459652331,0.329133033193731
93.525,6.85196652564458,2.43756361137035,-0.227369002346485,0.6369097488696,0.231894115333838,47.1236737632423,2.56317667019003,0.0524842102966442
93.625,6.80046844420992,2.57747654045926,-0.227465615254014,0.687515174955073,0.231883189100591,47.1236737632423,2.71703893970841,0.599383628463144
93.725,6.74613344688543,2.71631208466495,-0.227540455631048,0.740979774973342,0.231853222439685,47.1236737632423,2.87090280148652,0.297392190300321
93.825,6.68897760060254,2.85400987981609,-0.227600551712637,0.797285955936213,0.2318109740147,47.1236737632423,3.02476769163181,0.0227744527036914
93.925,6.62904149061686,2.9905213922675,-0.227626984131706,0.856391808720777,0.2317379712161,47.1236737632423,3.17863436320501,0.556533493717322
94.025,6.56634430488293,3.12578773467179,-0.227625800847898,0.918276971509101,0.231640178010322,47.1236737632423,3.33250191897004,0.282711777167712
94.125,6.50089540405135,3.25974433681934,-0.227615645756773,0.982931089059525,0.231535953628559,47.1236737632423,3.48636937319164,0.0144968675577286
94.225,6.4327172302403,3.39233261272425,-0.227602079122526,1.05033088229537,0.231430938245206,47.1236737632423,3.64023651687609,0.586647455177692
94.325,6.36182556965058,3.52348989439375,-0.22759973498744,1.12045985847539,0.231339642203276,47.1236737632423,3.79410334041593,0.312519871134632
94.425,6.28824490129007,3.65315704762339,-0.227615222418371,1.19329294027812,0.231268702282422,47.1236737632423,3.94796977569561,0.0145037602516681
94.525,6.21201141854511,3.78128181598931,-0.227642883076612,1.26879340509663,0.231212650948975,47.1236737632423,4.10183609827899,0.621738158569698
94.625,6.13314234923089,3.90780005347124,-0.22770075328035,1.34694360346729,0.231189117959138,47.1236737632423,4.25570242904195,0.345626636935016
94.725,6.05166188744296,4.0326507629738,-0.227800623192265,1.42771899348474,0.23120955227996,47.1236737632423,4.40956918163512,0.0431620425858784
94.825,5.96764615283394,4.1558093377999,-0.227892199810395,1.51104306373323,0.231217789071208,47.1236737632423,4.56104721415811,0.586392508539547
94.925,5.88114821291809,4.27723694331032,-0.227953508706903,1.5968624619908,0.23116968251038,47.1236737632423,4.71491614317863,0.269374835225416
95.025,5.79220807249779,4.39688816268441,-0.227978281780035,1.68513698062503,0.231088122310931,47.1236737632423,4.86878685994513,0.0142295646397036
95.125,5.70084912877496,4.5147032739374,-0.227983330550233,1.77584313727575,0.230989542619755,47.1236737632423,5.02265829033055,0.575835715914065
95.225,5.60710617545571,4.63063053191162,-0.22797285580522,1.86894608295673,0.230878120108029,47.1236737632423,5.17652975880322,0.278764871909302
95.325,5.5110145059123,4.74461870296108,-0.2279516282643,1.96441051224037,0.230758673068975,47.1236737632423,5.33040105526381,0.00628184916349718
95.425,5.41259891899232,4.85660631421813,-0.227940322770978,2.06221169352943,0.230651702700045,47.1236737632423,5.48427177292969,0.610279134556619
95.525,5.31190055782727,4.96654532308188,-0.227939770431478,2.16230852225799,0.230558228333836,47.1236737632423,5.63814197578301,0.313734554178308
95.625,5.20895521537288,5.07438255398251,-0.227959520195014,2.26466528266832,0.230487790331786,47.1236737632423,5.79201189498691,0.037615643959789
95.725,5.10379533588005,5.18006027623278,-0.228016000020644,2.36924964252417,0.230456635592792,47.1236737632423,5.94588179765003,0.580480406073812
95.825,4.99651039507051,5.28358035169668,-0.228044454145585,2.47597197819699,0.230400987278372,47.1236737632423,6.09975292161225,0.27974213831579
95.925,4.88714498429287,5.38489982250213,-0.228044816152779,2.58478776363529,0.230320664098784,47.1236737632423,6.25362424577798,0.0361850396193824
96.025,4.7757529215087,5.48398783505108,-0.228003125530982,2.69564320165278,0.230201737192437,47.1236737632423,6.4074957797999,0.546452460009611
96.125,4.66236766671163,5.58078869839855,-0.227938754674089,2.80850498514993,0.230063129378326,47.1236737632423,6.56136614670419,0.273321460059256
96.225,4.54702609192198,5.67524911233744,-0.227868347746571,2.92333640221895,0.229921135506401,47.1236737632423,6.71523447514599,0.0242133715300485
96.325,4.42978318002492,5.7673384633729,-0.227780808231083,3.04008253969397,0.229764769802409,47.1236737632423,6.86910074191297,0.585204677080533
96.425,4.31067527210131,5.85700162460776,-0.227697109432006,3.15870725778919,0.229614757011715,47.1236737632423,7.02296460533119,0.315705846101914
96.525,4.18974259564266,5.94418659901354,-0.22763468040592,3.27917052859369,0.229488410043842,47.1236737632423,7.17682614921442,0.0187498043105898
96.625,4.06704198160392,6.02886467315443,-0.227583639027659,3.40141561676869,0.229376120118205,47.1236737632423,7.33068613269924,0.629217755917439
96.725,3.94261390810211,6.11098231445586,-0.227565106791773,3.52540226638135,0.229298912684768,47.1236737632423,7.48454494332843,0.352753112330066
96.825,3.81650401824727,6.19049155368391,-0.227594029653641,3.6510850336283,0.229271715389254,47.1236737632423,7.63840328803887,0.0487631685268207
96.925,3.68879172920854,6.26740149520284,-0.2276203396998,3.77838441945987,0.229245115700439,47.1236737632423,7.79226270611043,0.589263561212564
97.025,3.55954293338482,6.34170096549103,-0.227619576072795,3.90723455024584,0.229186625554998,47.1236737632423,7.94373499861585,0.27100187023823
97.125,3.42881028789658,6.41335956711582,-0.227591806870204,4.03758288267597,0.229076645634617,47.1236737632423,8.0975957848767,0.015066496748781
97.225,3.29664082787957,6.48233320921229,-0.227553053937143,4.16938256616769,0.228958886444446,47.1236737632423,8.25145640038348,0.570785670908382
97.325,3.16309215326691,6.54859714838984,-0.227498602134321,4.30257609185642,0.228828594339809,47.1236737632423,8.40531616573286,0.274454567805941
97.425,3.02821909823952,6.61212200282619,-0.227430420600929,4.43710874361781,0.228687642207082,47.1236737632423,8.55917462068451,0.00449256613420536
97.525,2.89206923405099,6.67286072513926,-0.227370852872374,4.57293316164121,0.228558119296271,47.1236737632423,8.71303110472385,0.613141477325118
97.625,2.75469679821261,6.73077924341884,-0.227328986285662,4.70999525892031,0.228449028444535,47.1236737632423,8.86688565840039,0.316337071241702
97.725,2.61616194866242,6.78585854846912,-0.227299017458472,4.84823495549231,0.228354646913397,47.1236737632423,9.02073905628395,0.0436330150591239
97.825,2.47651688803405,6.83805720658947,-0.227300208498353,4.98760024366317,0.228294139317569,47.1236737632423,9.17459144754683,0.652322785445542
97.925,2.33581801796794,6.88734260047631,-0.227343407708607,5.12803487457164,0.228278358614703,47.1236737632423,9.32844351147036,0.349241653443438
98.025,2.19413234655397,6.93371568839225,-0.227405552235759,5.26947182315922,0.228284506691604,47.1236737632423,9.48229691910385,0.0136538043633131
98.125,2.05153558119081,6.9772093322372,-0.227431794286846,5.41183520281792,0.228258199703656,47.1236737632423,9.63615210840114,0.568174522389538
98.225,1.90808153760053,7.01779042320098,-0.227438032020399,5.5550713550128,0.228215245642341,47.1236737632423,9.79000882989586,0.280232987515191
98.325,1.76382710647374,7.05543094172903,-0.227435676802925,5.69912352040109,0.228166982961599,47.1236737632423,9.94386646753673,0.0281120622733405
98.425,1.61883573603831,7.09012803608104,-0.227411416263315,5.84392825310036,0.228100162054474,47.1236737632423,10.0977245881201,0.565928698651934
98.525,1.47316527944425,7.12185497072687,-0.227377765576774,5.98942782529554,0.228027184520029,47.1236737632423,10.2515823901613,0.295400771079236
98.625,1.32687492395124,7.15058657204672,-0.227346743578007,6.13556316778754,0.22795995895081,47.1236737632423,10.4054391478827,0.00120530973631401
98.725,1.18002475747218,7.17630079203979,-0.227328449181956,6.28227429539057,0.227908484342266,47.1236737632423,10.5592948095688,0.606995471630422
98.825,1.03267631622877,7.19898289664092,-0.227326824321863,6.42949973803166,0.227876643667249,47.1236737632423,10.7131498057456,0.334566955377375
98.925,0.88489164060677,7.21861662216037,-0.227348547239065,6.57717753080379,0.227871062841237,47.1236737632423,10.8670042732727,0.0381883006140778
99.025,0.736732893370273,7.23518608971146,-0.227401213532546,6.72524558574828,0.2278993001306,47.1236737632423,11.0208588829544,0.644709733255895
99.125,0.588263024470161,7.24868245848536,-0.227486626350412,6.87364099266578,0.227963169355353,47.1236737632423,11.1747147508921,0.308320154924263
99.225,0.439549116312702,7.25916245268138,-0.227542166497601,7.02229637090646,0.2279879634931,47.1236737632423,11.3261859024685,0.00710773053578845
99.325,0.290651464416748,7.26660628996672,-0.227583259524276,7.17115152286688,0.227977392399015,47.1236737632423,11.4800452525168,0.569383746967712
99.425,0.141631806963883,7.271019277599,-0.22760143391741,7.32014467859256,0.227947118968417,47.1236737632423,11.6339067203585,0.263131539312533
99.525,-0.00744804315394543,7.272408140713,-0.227588045328043,7.46921398597005,0.22788853976578,47.1236737632423,11.7877696978556,0.0110130399580055
99.625,-0.156525464634035,7.27074516444442,-0.227570181337545,7.61829696318653,0.227828651809392,47.1236737632423,11.9416327269231,0.588214944048501
99.725,-0.305537011101777,7.26601581917572,-0.227563080392874,7.76733023474798,0.22778264011522,47.1236737632423,12.0954953309532,0.289697436708
99.825,-0.454420754214741,7.25823908296146,-0.227549738410694,7.9162517687277,0.227733525065904,47.1236737632423,12.2493578580108,0.0191438561334594
99.925,-0.603111693166755,7.24739291283543,-0.227555586499698,8.0649966741176,0.227706630314866,47.1236737632423,12.4032195484761,0.626921414701507
100.025,-0.751545094773898,7.23346942117533,-0.227593252811194,8.21350025406887,0.2277145138695,47.1236737632423,12.5570806490238,0.327493405937263
100.125,-0.899659896768022,7.21649322051664,-0.227643962812651,8.3617013138578,0.22773841057938,47.1236737632423,12.7109421643875,0.0541477107908516
100.225,-1.04738984925771,7.19644932322385,-0.227730178406667,8.50953367811799,0.227800709812109,47.1236737632423,12.8648041334428,0.603888978147347
100.325,-1.19467954258359,7.17339071133687,-0.227806829644731,8.65694165820218,0.227856427622853,47.1236737632423,13.0186680475068,0.298664508570278
100.425,-1.34146949113231,7.14733686709505,-0.227863815399572,8.80386566468077,0.227895482522024,47.1236737632423,13.1725338652744,0.0214663093849647
100.525,-1.48770311717293,7.11831453025353,-0.227884605119043,8.95024897843793,0.227901377914905,47.1236737632423,13.3264021061208,0.558018366032091
100.625,-1.63331698356698,7.0863216573176,-0.227883458044911,9.09602817137423,0.227888360486603,47.1236737632423,13.4802717857387,0.282587683275517
100.725,-1.77824697767225,7.05135835720151,-0.227873970063767,9.24113912881783,0.227870022328954,47.1236737632423,13.6341419892992,0.015397363141883
100.825,-1.9224304106404,7.01343217812663,-0.227863477564725,9.38551912090586,0.227853698025895,47.1236737632423,13.7880123884863,0.583822058540285
100.925,-2.06580289839402,6.9725464247497,-0.227865151119452,9.52910374453985,0.22785253834533,47.1236737632423,13.9418829223389,0.309352001465003
101.025,-2.20830183339829,6.9287139418318,-0.22788381039435,9.67183032312178,0.227871341500965,47.1236737632423,14.095753454793,0.0116260949677154
101.125,-2.34986974174395,6.8819627824082,-0.227909548031225,9.81364123393296,0.227900176907435,47.1236737632423,14.2496241932436,0.621773300461174
101.225,-2.49043978009024,6.83229403295343,-0.227962317824051,9.95446962609399,0.227958950744977,47.1236737632423,14.4034951328916,0.287952097559546
101.325,-2.62997351029365,6.77978401709637,-0.227982949461572,10.094276660057,0.227988492606131,47.1236737632423,14.5573668766065,0.0120100143820185
101.425,-2.76841072335367,6.72444687182197,-0.227979395990693,10.2330020513828,0.227982520464986,47.1236737632423,14.7088476512732,0.554235103061263
101.525,-2.90569835591739,6.66631417894957,-0.227941992252464,10.3705925702117,0.227923375865385,47.1236737632423,14.8627203676506,0.252895862415907
101.625,-3.04178196765064,6.60541425047826,-0.227865859381731,10.5069936271064,0.227828352420359,47.1236737632423,15.0165928482709,0.0171624964598775
101.725,-3.17659286596009,6.54174628223848,-0.227779798627552,10.6421365333289,0.227726238965039,47.1236737632423,15.1704637442011,0.587756897331161
101.825,-3.3100667744741,6.47532133011131,-0.227701300161556,10.7759569543378,0.22763452798922,47.1236737632423,15.3243327449077,0.290896632330415
101.925,-3.44215436569097,6.40617976328465,-0.227616220470543,10.9084053505379,0.227539079049908,47.1236737632423,15.4782004368685,0.0211231751503337
102.025,-3.57278652507984,6.33432670285345,-0.227552108658711,11.0394125803051,0.227467430533244,47.1236737632423,15.6320662613808,0.628472459029636
102.125,-3.70190016311559,6.25978030268693,-0.227523512888993,11.1689154585968,0.227434118626668,47.1236737632423,15.785930597948,0.327553782452378
102.225,-3.82944960192148,6.18258807887545,-0.227512144615889,11.2968680577133,0.227420835097769,47.1236737632423,15.9397944805081,0.0529017194455321
102.325,-3.95536818973789,6.102764396001,-0.227540251779467,11.4232036504701,0.227449812131418,47.1236737632423,16.093657860153,0.599901732467854
102.425,-4.07962822633669,6.02038211248694,-0.227561121227914,11.5478941537323,0.227474312001317,47.1236737632423,16.2475220598838,0.294589135457773
102.525,-4.20218350623631,5.9354840384839,-0.227564576348468,11.6708931372255,0.227484141987967,47.1236737632423,16.4013868023652,0.0252806888041386
102.625,-4.32299459401325,5.84811968246989,-0.227532325244788,11.7921609055796,0.227460997500167,47.1236737632423,16.5552524668035,0.556074816447535
102.725,-4.44200450387711,5.75831579013724,-0.227476039818881,11.9116403330347,0.227416552382239,47.1236737632423,16.7091179911962,0.283283916361123
102.825,-4.55915557923201,5.6660997359718,-0.227408590218888,12.0292736198123,0.227363681257925,47.1236737632423,16.8629824319948,0.0119667841484414
102.925,-4.67439182822912,5.57150151952214,-0.227341053929956,12.1450046170325,0.227313460076611,47.1236737632423,17.0168455630271,0.591866822130448
103.025,-4.78765904512376,5.47455394205492,-0.227282488861232,12.2587789470556,0.227274933218198,47.1236737632423,17.1707076341771,0.319566985893119
103.125,-4.89890356177474,5.37529191733342,-0.227241286546124,12.3705427585789,0.227256465009071,47.1236737632423,17.324568679344,0.0229603542519088
103.225,-5.00807413344486,5.27375339001045,-0.227223271354599,12.4802446076876,0.227263842529355,47.1236737632423,17.4784291505402,0.628257571061433
103.325,-5.11511493994432,5.1699721522243,-0.227241726578809,12.5878284970564,0.227310312698866,47.1236737632423,17.6322897391581,0.349892995191803
103.425,-5.21997767346727,5.06399094895877,-0.227299590754946,12.6932458946845,0.227398775991418,47.1236737632423,17.7861510627983,0.0476145354332284
103.525,-5.32264958823885,4.9558850275378,-0.227352954710883,12.7964836590001,0.227485270821403,47.1236737632423,17.9400142528866,0.589452484706849
103.625,-5.42309390373593,4.84570588084582,-0.227392972777806,12.8975047393023,0.227544726288823,47.1236737632423,18.0914934814435,0.267128207961637
103.725,-5.52128104765629,4.73350856922527,-0.227404329805102,12.9962792744122,0.227557801374038,47.1236737632423,18.2453597024121,0.0203089445205152
103.825,-5.61716852053371,4.61933819496451,-0.227389220676467,13.0927645288428,0.227546931859443,47.1236737632423,18.3992271019876,0.571567994974527
103.925,-5.71070863696354,4.50323624469168,-0.227357439568838,13.1869126004133,0.227521915349072,47.1236737632423,18.553094507902,0.276363548309896
104.025,-5.80185656634653,4.38524651572888,-0.227316408630816,13.278678429504,0.227490175721316,47.1236737632423,18.7069615096182,0.00492006141586349
104.125,-5.89055767831256,4.26540647084391,-0.227286467690054,13.3680071902749,0.227472048236382,47.1236737632423,18.8608277209631,0.610893961317062
104.225,-5.97677597186413,4.14376801419276,-0.227265687975436,13.454862609508,0.227465576547111,47.1236737632423,19.014693309637,0.315625733371951
104.325,-6.0604681254092,4.02037785822506,-0.227262412130681,13.5392011208525,0.227479068270198,47.1236737632423,19.1685585963617,0.0412712536502641
104.425,-6.14158116885714,3.89527745756045,-0.227297220081161,13.6209695375051,0.22753306441285,47.1236737632423,19.3224239118648,0.644898715305159
104.525,-6.22008400036113,3.76852304278453,-0.227365615160728,13.7001364624889,0.227623021362674,47.1236737632423,19.4762900796385,0.343286342534132
104.625,-6.29596231410955,3.64017972253552,-0.22744543691514,13.7766872476506,0.227726734828831,47.1236737632423,19.6301583258174,0.0105001738725195
104.725,-6.36921386315887,3.51031855345816,-0.2275023835406,13.8506192719405,0.227809862414496,47.1236737632423,19.7840286800811,0.560055705483876
104.825,-6.43980424915719,3.37899029719222,-0.227541392625039,13.9218978711474,0.227877321418648,47.1236737632423,19.9379014101558,0.270568545947595
104.925,-6.50771219973138,3.24625365131274,-0.227553311079284,13.9905014649641,0.227919948441868,47.1236737632423,20.0917759928237,0.032852366973649
105.025,-6.57291018579768,3.1121641350112,-0.227537286873659,14.0564022334609,0.227936888945357,47.1236737632423,20.2456514017861,0.566129006695705
105.125,-6.63535131182458,2.97676844152249,-0.227515047401173,14.1195530376612,0.227949869516758,47.1236737632423,20.3995267684086,0.294879293563886
105.225,-6.69499584252843,2.84011783766518,-0.227501209123724,14.1799138745541,0.227973500878822,47.1236737632423,20.5534016682685,0.00208345323038286
105.325,-6.75182902988598,2.70227415725004,-0.227484556925813,14.2374696716734,0.227996560423884,47.1236737632423,20.7072763511883,0.608080204250798
105.425,-6.80580499543399,2.56328708585585,-0.227488582312878,14.2921742914047,0.228042515701143,47.1236737632423,20.8611506982484,0.334251540932934
105.525,-6.85688734764026,2.42321119040701,-0.227527478804553,14.3439910570502,0.228125530277389,47.1236737632423,21.0150251355093,0.0333480440616794
105.625,-6.90506771653871,2.28211091664264,-0.227587030026099,14.3929112601925,0.228231362361224,47.1236737632423,21.1689006182746,0.640725978473427
105.725,-6.95031701470117,2.14004358254204,-0.227676221452739,14.4389055134161,0.228368955896906,47.1236737632423,21.3227777936553,0.305401832034569
105.825,-6.99266890118256,1.99708491249371,-0.227739931130367,14.4820070756819,0.22846640908905,47.1236737632423,21.4742684397227,0.0031060486823502
105.925,-7.032092785671,1.85329020487205,-0.227791701982067,14.5221850671801,0.228534587832331,47.1236737632423,21.6281495685811,0.563107534843257
106.025,-7.06858917861419,1.70872308321316,-0.227814114647017,14.559439663597,0.228575483528712,47.1236737632423,21.7820332321276,0.258976600205279
106.125,-7.10214397544088,1.56344371621857,-0.227806018698721,14.5937564445481,0.228587909554229,47.1236737632423,21.9359184409593,0.0149108592451921
106.225,-7.1327188809842,1.4175075828831,-0.227792193378985,14.6250968252112,0.228596588665536,47.1236737632423,22.0898039688239,0.585805071063761
106.325,-7.16029667863564,1.2709753653964,-0.227777031366198,14.6534432710785,0.228605885689366,47.1236737632423,22.2436893383147,0.29067884812225
106.425,-7.18486291495868,1.1239081470252,-0.22776343689934,14.6787810088024,0.228618690324057,47.1236737632423,22.3975745284765,0.0188284346891519
106.525,-7.20638912546436,0.976365579992723,-0.227769669942685,14.7010812625615,0.228653235588185,47.1236737632423,22.5514593257071,0.626212262376419
106.625,-7.22486731105163,0.828410789915323,-0.227794550540358,14.7203357027789,0.22870834977324,47.1236737632423,22.7053440059177,0.329742000854198
106.725,-7.2402825251671,0.680105947079089,-0.227845220053934,14.7365290580271,0.228791175615416,47.1236737632423,22.859229094314,0.0533965169262806
106.825,-7.2526120358954,0.531513231685271,-0.2279378675185,14.7496382720461,0.228917884609229,47.1236737632423,23.0131151867286,0.598561691562048
106.925,-7.26191621712521,0.382699568625038,-0.228006731000648,14.7597233640233,0.229022812676946,47.1236737632423,23.1670039099007,0.296561423451515
107.025,-7.26819115258843,0.233726677186155,-0.228051788537464,14.7667800937177,0.229105902246822,47.1236737632423,23.3208946078629,0.0211440725442724
107.125,-7.27144434924635,0.0846554872922614,-0.228062880104409,14.7708156474751,0.229156970778024,47.1236737632423,23.4747875886314,0.557766523874441
107.225,-7.27165936590152,-0.0644523220883919,-0.228055003265913,14.7718132609503,0.229190932934843,47.1236737632423,23.6286818654939,0.281466377852571
107.325,-7.26882411065768,-0.213534024876399,-0.228040103833195,14.769760513259,0.229219641724601,47.1236737632423,23.7825765853435,0.0173182367852524
107.425,-7.26294212005242,-0.362527232989941,-0.228015798016963,14.764660612886,0.229240655201086,47.1236737632423,23.9364714743884,0.58569486801931
107.525,-7.25399883796181,-0.511368316865808,-0.227999127018383,14.7564986706708,0.229270925471481,47.1236737632423,24.0903662058848,0.313365288884213
107.625,-7.24198682527933,-0.659992997773749,-0.228001379632297,14.7452669111588,0.229321688163417,47.1236737632423,24.2442606238927,0.0158698127656862
107.725,-7.22691675513724,-0.8083386233774,-0.228016975011077,14.7309756791474,0.229387388093775,47.1236737632423,24.3981551089975,0.623766723803605
107.825,-7.2087845020789,-0.956340905306031,-0.228056523557513,14.7136205137753,0.229478643830151,47.1236737632423,24.5520500232279,0.290555274260414
107.925,-7.18765428016863,-1.10394553824536,-0.228062857626019,14.6932653414307,0.229538496543644,47.1236737632423,24.7059458297321,0.00912578469945386
108.025,-7.1635202119585,-1.25108956220226,-0.228050679509007,14.669903956333,0.229568575489246,47.1236737632423,24.8574500525988,0.554500836665721
108.125,-7.13640782369407,-1.39771537796837,-0.228004063264946,14.6435615821363,0.229543317057071,47.1236737632423,25.0113473752599,0.252918130226688
108.225,-7.10632874498426,-1.54376259909642,-0.227922498064361,14.6142495317411,0.229485027329119,47.1236737632423,25.1652445688706,0.0184693525789144
108.325,-7.07326941956953,-1.68916467500647,-0.227832676491339,14.5819539013821,0.229420276886056,47.1236737632423,25.3191404191492,0.585280226414759
108.425,-7.03723483930607,-1.83385829585245,-0.227743786636089,14.5466793506914,0.229358154597215,47.1236737632423,25.4730345187197,0.290052499380605
108.525,-6.99824306607081,-1.9777836362504,-0.227652777567068,14.5084436264576,0.229295538478056,47.1236737632423,25.6269271150119,0.0197470810014922
108.625,-6.95628859845781,-2.1208733006324,-0.227582614950552,14.4672408743872,0.229255220951305,47.1236737632423,25.7808178236622,0.627623885091985
108.725,-6.91137777379434,-2.26306237952237,-0.227545526735288,14.4230770916693,0.229249319624636,47.1236737632423,25.9347069371839,0.327225425023094
108.825,-6.86354084020399,-2.40429393919994,-0.227529841159768,14.3759822269684,0.229266186500623,47.1236737632423,26.0885954792842,0.0516295133682428
108.925,-6.81278378167096,-2.54450214945859,-0.227551028408774,14.3259619206848,0.229321233848299,47.1236737632423,26.2424836802179,0.600378388150397
109.025,-6.75917665026439,-2.68364626885801,-0.227557062043394,14.2730860080696,0.22936269035867,47.1236737632423,26.3963728201446,0.297300108551357
109.125,-6.70273851218173,-2.82166685421719,-0.227551485306196,14.2173732445213,0.229394120884487,47.1236737632423,26.5502624206786,0.0235999349174897
109.225,-6.64351102306061,-2.95851544211914,-0.227514019622642,14.1588650305837,0.229395376845246,47.1236737632423,26.7041531804208,0.555666989487027
109.325,-6.58151379628914,-3.09413312934612,-0.227449988287365,14.0975806713261,0.229371772110264,47.1236737632423,26.858044106982,0.282563145099515
109.425,-6.51675582722847,-3.22845511748132,-0.227378123585175,14.0335288234689,0.229341932310473,47.1236737632423,27.0119341617638,0.0139811226419751
109.525,-6.44926096377481,-3.36142349858558,-0.227302088240374,13.9667330307391,0.229309450181728,47.1236737632423,27.1658231467772,0.590356281768847
109.625,-6.37904535315277,-3.49297594403677,-0.227235700010658,13.8972091134985,0.22928799833845,47.1236737632423,27.3197110706382,0.318158640689789
109.725,-6.3061317021934,-3.62305246638386,-0.227187186543384,13.8249794633343,0.229285669183008,47.1236737632423,27.4735978993758,0.0214819724609828
109.825,-6.23054655517165,-3.75159502977065,-0.227161788987659,13.7500703196392,0.229307602105874,47.1236737632423,27.6274840247683,0.626933123664517
109.925,-6.15231155347624,-3.8785421996099,-0.22717200497688,13.6725030023259,0.229366185835186,47.1236737632423,27.7813700994346,0.349090901166194
110.025,-6.07145898931406,-4.00383824409521,-0.227219586444125,13.5923095117315,0.229463152428602,47.1236737632423,27.9352567276644,0.0476418489431291
110.125,-5.98805892230221,-4.12745410417664,-0.227261379710689,13.5095597520695,0.229555609577327,47.1236737632423,28.089145022817,0.591044651597103
110.225,-5.90215294310948,-4.24934235715366,-0.227289375194681,13.4242950651583,0.229626347379736,47.1236737632423,28.2406503190636,0.269104233727974
110.325,-5.81378924476471,-4.36946293512826,-0.227287182625625,13.3365634331656,0.229641855210683,47.1236737632423,28.3945416034494,0.0178409544883349
110.425,-5.72299978537702,-4.48776245162495,-0.227260601008709,13.2463965350937,0.229634483762478,47.1236737632423,28.5484340409173,0.573592426409251
110.525,-5.62981816237201,-4.60418810858042,-0.22721506707595,13.1538276918279,0.229609628272613,47.1236737632423,28.7023266004574,0.278644264171493
110.625,-5.53427189204127,-4.71868191272434,-0.227165314094519,13.0588841163518,0.229581899829305,47.1236737632423,28.8562187244758,0.00557867408036774
110.725,-5.43638844531429,-4.83118456809143,-0.227128238493992,12.9615929693238,0.229568032114249,47.1236737632423,29.0101101953337,0.6096426505434
110.825,-5.33621199800614,-4.94165064305511,-0.227100333039669,12.8619981868181,0.229564464296785,47.1236737632423,29.164001134907,0.314014522836347
110.925,-5.23377896667121,-5.05002771406269,-0.227089840732864,12.7601359102813,0.229579322086495,47.1236737632423,29.3178917593335,0.0396622060960091
111.025,-5.12911887803155,-5.15625543056219,-0.227116766358638,12.6560353514423,0.229632439986389,47.1236737632423,29.471782308154,0.643676662759549
111.125,-5.02227998666703,-5.26029123238846,-0.227176606432746,12.5497445415357,0.229719339404426,47.1236737632423,29.6256735138692,0.342559076652534
111.225,-4.91332271671892,-5.3621069837653,-0.22724732828272,12.4413237557526,0.229818160914311,47.1236737632423,29.7795665644926,0.010237183742471
111.325,-4.80231636039726,-5.46168561525666,-0.227294025932252,12.330842193902,0.229894262381035,47.1236737632423,29.9334614998003,0.561102922891829
111.425,-4.68930269493589,-5.55898225587614,-0.227322124149952,12.2183413991029,0.229953066061624,47.1236737632423,30.0873586147616,0.272014918132407
111.525,-4.57433439682447,-5.653963529604,-0.227322448501956,12.10387387231,0.229985484447962,47.1236737632423,30.2412574543612,0.0311621617737105
111.625,-4.45745904061178,-5.74658979254052,-0.227295183876731,11.9874869801142,0.229991700016435,47.1236737632423,30.3951570535846,0.568114468080388
111.725,-4.33871209562651,-5.83680523149518,-0.22726200395303,11.8692159010043,0.22999320815583,47.1236737632423,30.5490566301151,0.296532075226692
111.825,-4.21813522768071,-5.9245602181115,-0.227237211552242,11.7491020412763,0.230004158092751,47.1236737632423,30.7029557954323,0.00071714597602057
111.925,-4.09578537681708,-6.0098265488938,-0.227210095105358,11.627202191085,0.230013862296947,47.1236737632423,30.8568547854542,0.608758188249386
112.025,-3.9717002531028,-6.09254710516716,-0.227205961311875,11.5035537628964,0.230047384768968,47.1236737632423,31.0107534317164,0.333934242443723
112.125,-3.84592661438433,-6.17267641374503,-0.22723672652313,11.378203277331,0.230116524501037,47.1236737632423,31.1646521696203,0.0326694558413635
112.225,-3.71852693123207,-6.2501943984996,-0.227285750331308,11.251213098517,0.230204775135884,47.1236737632423,31.3185518455353,0.640849044617365
112.325,-3.58954853011878,-6.32505593506643,-0.227366967060902,11.1226303188809,0.230325986523547,47.1236737632423,31.4724529188446,0.304893838435094
112.425,-3.45907505997886,-6.39728189919843,-0.227420267306816,10.9925386912369,0.230416337661662,47.1236737632423,31.6239706164775,0.00328377710251243
112.525,-3.32715508008131,-6.46683277542122,-0.227456629749605,10.8609865695948,0.230459607722275,47.1236737632423,31.7778752818782,0.566375055676864
112.625,-3.19384686316859,-6.53368741384287,-0.227467497000752,10.7280321154842,0.230478708280874,47.1236737632423,31.9317819716328,0.261236718565352
112.725,-3.05920948337752,-6.59782648053817,-0.2274435766728,10.5937343006566,0.230464412886567,47.1236737632423,32.0856900706183,0.0115870078331615
112.825,-2.92328762764522,-6.65919789680324,-0.227412621168981,10.4581375417544,0.230444205771548,47.1236737632423,32.2395981288422,0.590076676223694
112.925,-2.78613196449675,-6.71776051044149,-0.227391279655037,10.3212922929702,0.230434549570705,47.1236737632423,32.3935057719703,0.292009789812653
113.025,-2.64780610185204,-6.77350436945489,-0.227363710728461,10.1832621075121,0.230419684446416,47.1236737632423,32.5474134605554,0.0212721798757259
113.125,-2.50835933556366,-6.82638142366491,-0.227356058649179,10.0440960318197,0.230425478000078,47.1236737632423,32.7013205935505,0.628507542011133
113.225,-2.3678470837978,-6.87635723803591,-0.227380892873696,9.90384930551307,0.230464378204157,47.1236737632423,32.8552274807074,0.32788542847892
113.325,-2.22633505735977,-6.92342804941914,-0.22741973278308,9.76258761876245,0.230518088183401,47.1236737632423,33.0091351598715,0.0536171740711712
113.425,-2.08387717020296,-6.96755213637826,-0.227495147224556,9.62036467145542,0.230609017655616,47.1236737632423,33.1630435779316,0.601342004844241
113.525,-1.94054535186445,-7.00875087344713,-0.227565396052805,9.47725250226999,0.230695849099472,47.1236737632423,33.3169541037378,0.29430933715635
113.625,-1.79640450417048,-7.04702643946958,-0.227610380267898,9.33331602336876,0.230758686852254,47.1236737632423,33.4708667362933,0.024792975943907
113.725,-1.65151841274607,-7.08238425571002,-0.227608384226787,9.18861904696956,0.230776017482373,47.1236737632423,33.6247816649273,0.559884475504848
113.825,-1.50593968882535,-7.11477658400213,-0.227593232866822,9.04321393921094,0.230781358107786,47.1236737632423,33.7786973137113,0.282230288010164
113.925,-1.35972751124942,-7.14418115078868,-0.227573773482965,8.89715976376926,0.230783448236988,47.1236737632423,33.9326132629726,0.017654035634054
114.025,-1.21294546049753,-7.17059863861494,-0.227536763499725,8.75052010244537,0.230769102959115,47.1236737632423,34.0865293263971,0.589108787009426
114.125,-1.06565056283343,-7.1939891130178,-0.227511397032939,8.60335177557025,0.230767180560488,47.1236737632423,34.2404449124014,0.315571675514293
114.225,-0.917903802705355,-7.21433031429776,-0.227510104866662,8.4557156528289,0.23078994801567,47.1236737632423,34.3943601815098,0.0159634499642564
114.325,-0.76977000982404,-7.23163052548116,-0.227515835349281,8.30767660611004,0.230820495104075,47.1236737632423,34.5482756885797,0.625660756724644
114.425,-0.621309909117834,-7.24585811137163,-0.227552972121554,8.15929520021497,0.230882996025194,47.1236737632423,34.7021914663805,0.348956955636455
114.525,-0.472586647604134,-7.25699690485895,-0.227631595097368,8.01063450278037,0.230987497146488,47.1236737632423,34.8561081682058,0.0462841028882575
114.625,-0.323666027099841,-7.26509150389758,-0.227702271145422,7.86176054637722,0.23108509533238,47.1236737632423,35.0100270908071,0.588959733624295
114.725,-0.174610938805353,-7.27014794141986,-0.227755499841746,7.71273625566314,0.2311354823899,47.1236737632423,35.1615586195436,0.267198539181571
114.825,-0.0254822355697909,-7.27217609753998,-0.22777925679085,7.56362253670196,0.23115332324083,47.1236737632423,35.3154812438499,0.0206063103524223
114.925,0.123658304966358,-7.27117421745097,-0.227774351898116,7.41448116032691,0.231143828673014,47.1236737632423,35.4694056018169,0.57077043098944
115.025,0.272748098059489,-7.26712900270217,-0.227754441239619,7.26537464507912,0.231120478107552,47.1236737632423,35.6233305008228,0.27399957682875
115.125,0.421725001403572,-7.26004039371357,-0.227721230923446,7.11636513405675,0.231084896751622,47.1236737632423,35.7772556588069,0.0025145927152617
115.225,0.570524932210242,-7.24989004220899,-0.227696078793562,6.96751661787755,0.231058156605861,47.1236737632423,35.931180441961,0.607754554033936
115.325,0.719084033476287,-7.23667508103209,-0.227686195189915,6.81889294080105,0.23104733077839,47.1236737632423,36.085104784856,0.310119834285872
115.425,0.867340127289405,-7.22040735050623,-0.22768529258732,6.67055634427661,0.23104616589512,47.1236737632423,36.2390292144968,0.037114692757313
115.525,1.01522728500068,-7.20107345193958,-0.227713887611488,6.52257269449596,0.231074991696535,47.1236737632423,36.3929535639564,0.643795473227687
115.625,1.16268044648536,-7.17867231281475,-0.227781494247271,6.37500705447301,0.231143300196537,47.1236737632423,36.5468783351354,0.34148938471912
115.725,1.30964167231057,-7.15324136665497,-0.22785978136586,6.22791756304937,0.231223132935838,47.1236737632423,36.7008049568804,0.00824556901304517
115.825,1.4560567579612,-7.12483144131243,-0.227907842338723,6.08135869091628,0.23127404338729,47.1236737632423,36.8547335076731,0.561051009616546
115.925,1.60186427690934,-7.09344595346389,-0.227933948570632,5.93539189146009,0.231304275913475,47.1236737632423,37.0086641273918,0.273171370933058
116.025,1.74700438395314,-7.0591004704042,-0.227935384719665,5.79007709765034,0.231311161734892,47.1236737632423,37.1625963050618,0.0309341499007398
116.125,1.89141911541922,-7.02181772109851,-0.22790330245078,5.64547239564683,0.231285909467271,47.1236737632423,37.3165293007858,0.569916789476559
116.225,2.03504002612414,-6.98158336221107,-0.227868665141571,5.5016461660306,0.231259123460077,47.1236737632423,37.470462086889,0.296685111962322
116.325,2.17780282581348,-6.93840203079065,-0.227844343731289,5.3586627300171,0.231243468472283,47.1236737632423,37.6243945196069,0.00184591915673398
116.425,2.31965253073639,-6.89230806093456,-0.227813377657632,5.21657725175343,0.231222062563999,47.1236737632423,37.7783268424609,0.60832784752219
116.525,2.4605188320809,-6.84329142566474,-0.227807039166154,5.07545999957736,0.231225811944324,47.1236737632423,37.9322586917659,0.332643038337462
116.625,2.60033860103165,-6.79136559408578,-0.227833371508371,4.93537418366035,0.231262681086491,47.1236737632423,38.0861905901865,0.0317620069755858
116.725,2.73905874462239,-6.73656987752398,-0.227874002655351,4.79637311103862,0.231314527395407,47.1236737632423,38.2401232316298,0.641482002039492
116.825,2.8766117885841,-6.67890797543065,-0.227950280251639,4.65852429529433,0.231402578604199,47.1236737632423,38.3940569004495,0.304409778415961
116.925,3.01296326428903,-6.61845803210956,-0.228003413453033,4.52186261731315,0.231450266117677,47.1236737632423,38.5456008579564,0.000865912131517427
117.025,3.14805709905297,-6.55524510974064,-0.228033144487221,4.38644429721888,0.231459106635597,47.1236737632423,38.699537881668,0.566116249331494
117.125,3.28184094480808,-6.48930194297141,-0.228031924295093,4.25232186893951,0.2314384152567,47.1236737632423,38.8534766910386,0.263057127550864
117.225,3.41425792036826,-6.42065278839293,-0.228003068214672,4.11955235702436,0.231391473051739,47.1236737632423,39.0074164315079,0.011336527654978
117.325,3.54524249908796,-6.34930726427248,-0.227968157833554,3.98820135883104,0.231339612997205,47.1236737632423,39.1613561124989,0.589879252218769
117.425,3.67473734132598,-6.27529152101166,-0.227931642138096,3.85832636584403,0.231287161231619,47.1236737632423,39.3152953649266,0.294357702144986
117.525,3.80268526202949,-6.19863200495183,-0.227898932573241,3.72998471733825,0.231239389469386,47.1236737632423,39.4692342215672,0.0214409055051321
117.625,3.92902190166417,-6.11934514611574,-0.227889018926694,3.60324088064733,0.231215033039175,47.1236737632423,39.6231725732143,0.626751995316486
117.725,4.05369493150864,-6.03746751744513,-0.22789874782096,3.47814739570945,0.231210938226144,47.1236737632423,39.7771107453082,0.32920668628207
117.825,4.17664743126927,-5.95302854617121,-0.227934774999782,3.35476136505629,0.231233722324196,47.1236737632423,39.9310491900575,0.0522881210252817
117.925,4.29781663505681,-5.86605067641049,-0.22801413871101,3.23314571006441,0.231300341798817,47.1236737632423,40.0849883799019,0.596276336192462
118.025,4.41719180300049,-5.77662505573168,-0.228069000671024,3.11331166370025,0.231343693859473,47.1236737632423,40.2389298541395,0.29454101038596
118.125,4.5347243230023,-5.68479012664212,-0.228097671888296,2.99530807633035,0.231362165784582,47.1236737632423,40.3928728148786,0.0222125169226696
118.225,4.65036918082881,-5.59058702601697,-0.228095379237176,2.87918021768239,0.231351092139481,47.1236737632423,40.5468174171428,0.556502243116741
118.325,4.76407146097218,-5.49404647634856,-0.228072912251691,2.76498321150606,0.231321197333448,47.1236737632423,40.7007628348104,0.280779354131339
118.425,4.87577835026482,-5.39520299213587,-0.228038101910668,2.65277009834892,0.231280223995416,47.1236737632423,40.8547082134352,0.0161870546687077
118.525,4.98543862289895,-5.29409307741157,-0.227997540223894,2.54259234264754,0.231234650653588,47.1236737632423,41.0086531989226,0.587012003555713
118.625,5.09299625012281,-5.19074877825109,-0.227965643461228,2.43450619439301,0.231198691836007,47.1236737632423,41.1625977604501,0.314073503611704
118.725,5.19840037138392,-5.08520895667423,-0.227949632033327,2.32856277257463,0.231179426788787,47.1236737632423,41.3165418468181,0.0170119827848947
118.825,5.3016070148323,-4.977519261781,-0.227948367818064,2.22480634817503,0.231175684464588,47.1236737632423,41.4704858009752,0.624423528088786
118.925,5.40256258600671,-4.86771663869809,-0.227974988328374,2.12329078600617,0.231200485773417,47.1236737632423,41.6244300108952,0.348707050431924
119.025,5.50121808283744,-4.75584349502192,-0.228036871375106,2.02406539794528,0.23126119135229,47.1236737632423,41.7783748636284,0.0481986865958515
119.125,5.59756035834735,-4.64197157309271,-0.228096394289695,1.92714378856388,0.231317584755694,47.1236737632423,41.9299288925733,0.589403200695667
119.225,5.69156228980697,-4.52615971512809,-0.228136204135756,1.83255348740411,0.231323440872683,47.1236737632423,42.0838764050142,0.268066034290725
119.325,5.78319450503566,-4.40846204763811,-0.228144919723698,1.74032426388287,0.231299646511807,47.1236737632423,42.2378261053827,0.0189777377505732
119.425,5.8724141087268,-4.28892368265499,-0.228128588869826,1.65049938196619,0.231252227887864,47.1236737632423,42.3917770123328,0.571747710020439
119.525,5.95918169383639,-4.16759290856686,-0.228089858112145,1.56311864238659,0.231183803255585,47.1236737632423,42.5457281152288,0.277297581570741
119.625,6.04344613248915,-4.04451004059498,-0.228046849382785,1.47823354507639,0.231112311645223,47.1236737632423,42.6996787431673,0.00374096414330034
119.725,6.12516136138756,-3.91971989451931,-0.228012255612253,1.39589056044732,0.231050292915176,47.1236737632423,42.8536287510638,0.608547622054913
119.825,6.20429635501868,-3.79327767045072,-0.227981796912348,1.31612118206324,0.230993441684416,47.1236737632423,43.0075781291769,0.314377940016153
119.925,6.28080244880536,-3.66522785260241,-0.22797314276055,1.23897452065214,0.230959238280794,47.1236737632423,43.1615268944932,0.0384826252476375
